employee_id,gender,age,years_experience,education_level,department,job_title,job_level,city,performance_rating,manager_rating,months_since_promotion,variable_pay_pct,ctc
EMP00001,Female,23,1,Central University,Customer Support,Customer Support Executive,1,Bangalore,4.9,2.5,74,5.2,5.19
EMP00002,Male,36,13,Central University,Product,Director of Product,5,Indore,3.1,4.6,16,11.2,35.26
EMP00003,Female,36,13,IIIT,Sales,Key Account Manager,4,Indore,4.3,3.0,27,22.6,22.06
EMP00004,Female,27,4,Central University,HR,HR Business Partner,2,Kochi,5.0,3.4,2,10.2,6.44
EMP00005,Male,33,8,IIM,Marketing,Content Strategist,4,Jaipur,3.2,3.8,1,14.7,20.54
EMP00006,Female,27,5,Tier-2 Private,Operations,Supply Chain Analyst,3,Pune,3.3,,21,6.8,9.04
EMP00007,Female,31,7,State University,Marketing,Digital Marketing Manager,3,Ranchi,3.2,2.9,15,16.3,7.5
EMP00008,Female,24,2,IIT,Sales,Sales Executive,1,Mumbai,3.7,3.0,16,25.9,7.2
EMP00009,Male,34,9,IIM,Customer Support,Customer Success Manager,2,Delhi,5.0,5.0,8,7.6,16.45
EMP00010,Male,27,1,NIT,Product,Product Manager,1,Hyderabad,3.6,2.6,1,17.3,7.07
EMP00011,Male,25,1,State University,Data Science,Data Analyst,1,Mumbai,3.1,3.1,2,9.6,7.1
EMP00012,Female,29,5,Tier-2 Private,Operations,Operations Executive,2,Vadodara,3.4,2.4,6,8.8,7.27
EMP00013,Female,29,5,Tier-2 Private,Customer Support,Support Team Lead,1,Vadodara,4.4,3.1,92,9.4,4.99
EMP00014,Female,30,7,Diploma,Legal,Senior Legal Counsel,2,Kochi,1.2,2.6,11,8.3,6.23
EMP00015,Male,27,3,Distance Learning,Marketing,Marketing Manager,1,Hyderabad,3.8,4.4,5,17.1,6.53
EMP00016,Male,49,22,Central University,Legal,Company Secretary,6,Bangalore,3.3,4.7,1,9.3,50.0
EMP00017,Male,28,6,State University,Customer Support,Customer Success Manager,2,Kochi,3.0,3.5,9,7.4,7.27
EMP00018,Male,33,7,Tier-2 Private,Product,Product Manager,3,Hyderabad,2.1,2.8,4,17.8,10.99
EMP00019,Female,28,6,IIM,Data Science,Senior Data Scientist,3,Chennai,4.0,4.5,33,11.5,13.98
EMP00020,Female,34,12,Distance Learning,Customer Support,Customer Success Manager,5,Thiruvananthapuram,3.3,2.7,11,5.8,14.32
EMP00021,Female,32,9,State University,Data Science,ML Engineer,3,Lucknow,3.9,3.4,5,8.9,10.39
EMP00022,Male,31,8,State University,Engineering,Lead Engineer,3,Thiruvananthapuram,2.6,,4,13.5,11.35
EMP00023,Female,33,10,Central University,Finance,Controller,3,Chandigarh,2.0,2.6,1,10.2,8.24
EMP00024,Female,28,1,State University,Sales,Sales Executive,1,Indore,2.5,3.0,30,34.4,4.64
EMP00025,Female,28,1,BITS,Sales,Senior Account Manager,2,Coimbatore,3.3,4.5,50,15.9,5.67
EMP00026,Male,31,5,Other,Finance,Senior Financial Analyst,2,Mysore,2.0,3.7,6,11.8,6.79
EMP00027,Male,27,5,Distance Learning,Operations,Supply Chain Analyst,2,Bangalore,3.6,3.9,32,6.9,9.45
EMP00028,Male,36,9,Tier-2 Private,Customer Support,Support Team Lead,3,Bangalore,4.8,4.1,19,8.6,15.11
EMP00029,Male,33,6,State University,Engineering,Senior Software Engineer,3,Nagpur,1.5,3.8,23,13.9,12.24
EMP00030,Female,31,9,IIIT,Legal,Legal Manager,3,Ahmedabad,2.9,4.0,5,9.0,15.49
EMP00031,Female,26,2,Tier-2 Private,Operations,Operations Executive,1,Nagpur,3.4,3.6,2,8.2,4.48
EMP00032,Female,32,6,State University,Legal,Legal Manager,2,Bhopal,3.3,3.2,71,10.1,4.82
EMP00033,Male,24,2,State University,Engineering,Software Engineer,1,Vadodara,4.5,5.0,5,14.4,8.56
EMP00034,Male,29,7,Central University,Product,Senior Product Manager,2,Hyderabad,3.2,3.1,40,15.9,9.74
EMP00035,Male,26,1,Central University,Finance,Financial Analyst,1,Coimbatore,3.3,,15,11.9,6.96
EMP00036,Male,31,7,Other,Sales,Account Manager,2,Nagpur,3.2,4.5,69,18.3,9.03
EMP00037,Male,26,2,IIM,Operations,Operations Executive,1,Nagpur,3.9,4.1,12,9.8,7.7
EMP00038,Male,30,4,Diploma,Finance,Financial Analyst,1,Surat,4.8,3.3,5,17.0,6.82
EMP00039,Male,36,11,Central University,Product,Associate Product Manager,2,Chennai,3.5,3.2,36,14.0,13.29
EMP00040,Female,33,7,Other,Marketing,Marketing Executive,2,Hyderabad,4.7,3.3,15,14.3,7.0
EMP00041,Male,23,1,State University,Data Science,Data Analyst,1,Coimbatore,3.6,3.8,27,13.4,6.65
EMP00042,Female,25,3,Tier-2 Private,Customer Support,Customer Support Executive,1,Chennai,2.5,3.3,12,6.2,4.3
EMP00043,Female,25,2,Other,Legal,Legal Associate,1,Hyderabad,4.4,2.9,13,14.0,6.01
EMP00044,Male,24,1,State University,Sales,Account Manager,1,Kolkata,3.5,4.0,96,34.2,9.2
EMP00045,Female,29,6,Diploma,Marketing,Brand Manager,2,Dehradun,4.6,3.3,19,19.0,7.21
EMP00046,Female,34,8,State University,Operations,Logistics Manager,4,Raipur,4.2,3.9,3,8.0,15.42
EMP00047,Male,30,8,NIT,Product,Group Product Manager,3,Coimbatore,4.2,3.7,31,10.9,12.75
EMP00048,Male,31,9,Central University,Data Science,Senior Data Scientist,3,Visakhapatnam,2.9,2.5,4,12.0,14.92
EMP00049,Female,28,5,Distance Learning,Product,Senior Product Manager,2,Delhi,2.7,3.6,34,15.1,7.5
EMP00050,Male,27,4,Central University,HR,HR Executive,2,Bhopal,3.5,4.3,6,9.2,7.62
EMP00051,Male,25,2,Tier-2 Private,Customer Support,Customer Support Executive,1,Bangalore,2.4,3.9,18,8.6,4.76
EMP00052,Male,27,4,IIT,Data Science,Data Analyst,1,Indore,2.6,2.5,10,11.0,9.06
EMP00053,Female,27,2,IIT,Finance,Financial Analyst,1,Visakhapatnam,2.9,3.5,46,12.8,6.59
EMP00054,Female,25,3,Tier-2 Private,Engineering,Senior Software Engineer,1,Pune,2.5,3.0,43,9.5,5.96
EMP00055,Female,28,6,IIIT,Marketing,Marketing Manager,2,Lucknow,3.4,3.3,23,14.4,6.49
EMP00056,Female,32,5,Central University,Customer Support,Customer Success Manager,3,Ahmedabad,3.5,3.6,5,9.3,7.44
EMP00057,Male,52,30,Central University,Engineering,Principal Engineer,6,Indore,3.1,3.4,7,8.9,50.0
EMP00058,Male,24,2,Diploma,HR,HR Executive,1,Chandigarh,2.5,,14,5.7,6.97
EMP00059,Male,27,5,Other,Data Science,Data Scientist,2,Bangalore,2.8,,12,13.0,9.07
EMP00060,Male,27,2,State University,Engineering,Senior Software Engineer,1,Patna,3.7,,18,12.7,7.55
EMP00061,Female,30,4,NIT,HR,HR Manager,2,Kochi,3.3,3.0,6,10.8,8.4
EMP00062,Male,30,4,IIT,Marketing,Marketing Executive,2,Dehradun,3.6,4.3,11,12.8,9.9
EMP00063,Male,36,10,State University,Customer Support,Customer Success Manager,3,Delhi,2.8,4.6,37,6.8,15.23
EMP00064,Female,26,4,IIIT,Product,Product Manager,2,Chandigarh,3.8,3.3,11,13.1,7.92
EMP00065,Female,29,5,Central University,Operations,Operations Manager,3,Ahmedabad,4.1,3.0,73,5.9,7.38
EMP00066,Male,29,4,"Top Private (ISB, XLRI, SP Jain)",Data Science,Data Scientist,3,Delhi,2.5,3.3,5,9.1,13.69
EMP00067,Male,28,2,Distance Learning,HR,HR Executive,1,Chennai,3.1,4.1,5,11.5,5.97
EMP00068,Male,27,3,IIT,Legal,Legal Associate,1,Kochi,2.2,3.7,1,8.9,8.74
EMP00069,Male,31,4,Distance Learning,Finance,Senior Financial Analyst,2,Bhopal,4.2,3.4,15,14.4,9.76
EMP00070,Male,33,6,Other,Data Science,Data Analyst,2,Delhi,5.0,3.1,8,8.3,12.51
EMP00071,Male,34,8,State University,HR,Talent Acquisition Specialist,3,Bhopal,4.2,3.9,2,11.6,12.1
EMP00072,Male,31,5,IIT,Data Science,Data Scientist,2,Raipur,3.4,4.0,16,8.5,12.47
EMP00073,Female,32,5,NIT,Operations,Operations Manager,2,Mysore,3.6,3.2,7,5.4,6.3
EMP00074,Male,27,1,Tier-2 Private,Product,Product Manager,1,Delhi,4.0,3.8,21,10.9,5.36
EMP00075,Male,33,8,NIT,Operations,Process Improvement Specialist,4,Chandigarh,2.5,3.9,5,9.1,14.28
EMP00076,Male,27,3,State University,Sales,Sales Executive,1,Thiruvananthapuram,3.5,4.2,42,28.0,6.23
EMP00077,Male,34,10,NIT,Customer Support,Support Manager,3,Mumbai,3.5,3.0,10,9.7,13.22
EMP00078,Female,41,15,Central University,Data Science,Senior Data Scientist,3,Bangalore,3.3,2.8,10,9.1,19.79
EMP00079,Male,28,5,Other,Customer Support,Support Manager,3,Kochi,3.2,3.3,52,6.1,8.32
EMP00080,Female,27,2,Distance Learning,Finance,Senior Financial Analyst,1,Bangalore,3.6,3.3,12,13.4,5.77
EMP00081,Female,30,5,NIT,Data Science,Data Analyst,1,Visakhapatnam,2.7,3.0,17,13.3,6.6
EMP00082,Male,31,7,Tier-2 Private,Customer Support,Customer Success Manager,2,Dehradun,2.9,3.4,6,8.2,7.3
EMP00083,Female,28,4,Central University,HR,Talent Acquisition Specialist,3,Delhi,3.7,3.8,14,6.4,9.38
EMP00084,Male,26,4,State University,HR,HR Manager,2,Raipur,3.5,2.6,41,10.5,6.75
EMP00085,Male,34,8,NIT,Finance,Financial Analyst,2,Visakhapatnam,3.5,3.0,22,16.9,11.65
EMP00086,Male,30,8,Distance Learning,Data Science,Lead Data Scientist,4,Indore,4.3,3.1,9,14.9,18.78
EMP00087,Female,26,4,State University,Engineering,Staff Engineer,2,Pune,3.4,,9,9.9,6.61
EMP00088,Male,24,1,Central University,Legal,Legal Associate,1,Ahmedabad,3.3,3.6,1,11.6,4.99
EMP00089,Male,33,8,Distance Learning,Engineering,Lead Engineer,3,Thiruvananthapuram,4.0,3.8,1,9.7,16.87
EMP00090,Male,26,3,IIIT,HR,HR Manager,1,Pune,4.9,3.0,15,6.6,8.73
EMP00091,Male,34,7,IIT,Product,Associate Product Manager,2,Bhopal,3.1,,23,15.5,10.6
EMP00092,Female,33,6,Diploma,Legal,Senior Legal Counsel,1,Kochi,3.9,1.5,40,8.2,5.55
EMP00093,Male,25,1,State University,Sales,Account Manager,1,Patna,3.3,3.6,12,17.8,5.47
EMP00094,Male,33,6,IIT,Engineering,Senior Software Engineer,2,Jaipur,2.7,3.1,24,11.3,13.33
EMP00095,Male,30,8,BITS,Data Science,Senior Data Scientist,3,Vadodara,3.5,2.5,17,11.2,13.55
EMP00096,Female,31,9,Other,Data Science,Data Scientist,3,Hyderabad,4.0,3.5,7,12.7,10.84
EMP00097,Male,30,6,Central University,Sales,Account Manager,1,Chandigarh,2.8,2.9,7,18.3,6.91
EMP00098,Male,28,1,Distance Learning,Engineering,Software Engineer,1,Mumbai,4.4,3.7,3,13.8,6.9
EMP00099,Male,39,14,NIT,Product,Product Manager,3,Bangalore,3.2,3.8,38,17.2,21.16
EMP00100,Female,34,8,State University,Marketing,Brand Manager,4,Hyderabad,3.1,5.0,3,14.3,17.38
EMP00101,Female,27,2,State University,Data Science,Data Analyst,1,Chandigarh,4.1,3.0,29,10.5,4.81
EMP00102,Female,27,3,Diploma,Finance,Financial Analyst,1,Chandigarh,3.7,3.4,8,17.8,4.6
EMP00103,Male,34,7,Central University,Finance,Finance Manager,2,Kolkata,2.9,3.6,2,17.1,11.98
EMP00104,Female,36,9,Central University,Marketing,Digital Marketing Manager,3,Mumbai,2.5,,2,13.9,9.5
EMP00105,Female,28,4,"Top Private (ISB, XLRI, SP Jain)",Engineering,Software Engineer,1,Mysore,4.9,3.4,3,13.7,7.7
EMP00106,Female,36,10,Other,Finance,Financial Analyst,2,Chennai,3.6,3.8,7,11.3,11.42
EMP00107,Male,26,1,State University,HR,HR Manager,2,Chennai,5.0,4.0,28,8.5,10.11
EMP00108,Male,27,2,IIIT,Marketing,Marketing Executive,1,Ranchi,3.1,4.1,10,22.0,7.67
EMP00109,Male,23,1,State University,Customer Support,Customer Support Executive,1,Hyderabad,3.8,3.0,24,9.3,7.1
EMP00110,Female,26,3,Tier-2 Private,Finance,Senior Financial Analyst,1,Pune,2.5,3.3,12,11.5,5.09
EMP00111,Male,44,17,"Top Private (ISB, XLRI, SP Jain)",Finance,Accounts Manager,6,Hyderabad,2.7,2.5,1,11.5,50.0
EMP00112,Male,48,25,Central University,Data Science,Lead Data Scientist,6,Raipur,3.2,2.4,26,12.9,45.54
EMP00113,Male,32,7,Central University,Operations,Supply Chain Analyst,3,Coimbatore,4.8,,5,9.2,13.86
EMP00114,Male,30,3,Central University,HR,HR Executive,1,Delhi,3.7,3.7,33,10.4,7.12
EMP00115,Male,30,5,Other,Engineering,Senior Software Engineer,2,Indore,4.4,4.0,31,14.8,13.33
EMP00116,Female,31,8,Tier-2 Private,Legal,Legal Manager,4,Bangalore,5.0,3.7,9,8.2,17.47
EMP00117,Female,29,2,Tier-2 Private,Customer Support,Support Team Lead,1,Delhi,4.3,3.3,1,5.3,5.9
EMP00118,Female,26,4,Diploma,Customer Support,Support Team Lead,1,Bhopal,4.2,4.2,25,10.0,5.48
EMP00119,Male,42,16,Other,Sales,Key Account Manager,4,Surat,3.6,3.5,5,23.5,19.71
EMP00120,Female,25,2,Tier-2 Private,Data Science,Data Scientist,1,Mysore,4.7,1.8,10,13.1,4.85
EMP00121,Female,28,3,Central University,Legal,Senior Legal Counsel,1,Nagpur,3.8,3.4,54,9.0,7.28
EMP00122,Female,30,6,State University,Marketing,Brand Manager,3,Nagpur,4.4,3.9,5,16.8,12.42
EMP00123,Male,32,7,"Top Private (ISB, XLRI, SP Jain)",Legal,Senior Legal Counsel,1,Delhi,3.2,2.6,39,15.0,9.22
EMP00124,Male,27,3,Central University,Product,Associate Product Manager,1,Ahmedabad,4.1,3.4,33,17.7,6.93
EMP00125,Male,31,6,Tier-2 Private,Operations,Operations Manager,2,Coimbatore,3.8,4.4,24,9.1,10.26
EMP00126,Male,36,9,Other,HR,Compensation Analyst,4,Patna,3.2,4.2,26,8.3,18.58
EMP00127,Male,49,23,Central University,Marketing,Content Strategist,6,Coimbatore,2.4,3.5,17,14.1,50.0
EMP00128,Male,29,5,"Top Private (ISB, XLRI, SP Jain)",Finance,Finance Manager,2,Pune,3.8,3.0,23,17.6,10.45
EMP00129,Male,32,5,Distance Learning,Engineering,Software Engineer,2,Coimbatore,3.9,3.6,7,8.0,10.32
EMP00130,Female,44,17,"Top Private (ISB, XLRI, SP Jain)",Legal,Compliance Officer,5,Vadodara,2.7,3.5,11,14.3,24.25
EMP00131,Male,29,4,IIT,Sales,Senior Account Manager,2,Jaipur,3.6,4.1,46,19.3,13.44
EMP00132,Female,27,2,Other,Customer Support,Customer Support Executive,1,Delhi,3.7,,1,9.9,4.39
EMP00133,Female,29,7,Other,HR,HR Business Partner,2,Chennai,4.4,4.4,4,5.7,9.14
EMP00134,Male,37,12,Central University,Finance,Finance Manager,4,Jaipur,3.7,3.7,2,10.2,23.23
EMP00135,Female,30,7,Tier-2 Private,Operations,Operations Manager,1,Kochi,4.1,3.0,1,5.3,5.43
EMP00136,Male,27,5,Distance Learning,Finance,Financial Analyst,2,Mumbai,3.4,,16,12.5,9.26
EMP00137,Female,29,2,IIIT,Customer Support,Customer Support Executive,1,Ranchi,3.3,,29,9.2,5.12
EMP00138,Male,28,5,Distance Learning,HR,HR Manager,2,Bhopal,3.4,4.3,22,8.7,8.91
EMP00139,Female,39,14,NIT,Operations,Logistics Manager,5,Bangalore,3.1,3.1,50,6.4,24.75
EMP00140,Male,29,2,State University,Operations,Operations Executive,1,Chandigarh,3.3,1.6,64,6.2,6.84
EMP00141,Male,30,5,"Top Private (ISB, XLRI, SP Jain)",Finance,Financial Analyst,1,Mumbai,3.9,,20,10.5,9.0
EMP00142,Male,30,4,Central University,Sales,Account Manager,2,Mumbai,3.9,4.4,29,33.4,13.29
EMP00143,Female,29,3,Other,Marketing,Marketing Manager,1,Coimbatore,3.9,3.0,1,18.9,6.43
EMP00144,Male,31,7,State University,Data Science,Data Scientist,2,Bangalore,3.7,2.6,23,13.6,12.03
EMP00145,Male,35,8,Tier-2 Private,Marketing,Digital Marketing Manager,4,Chandigarh,4.6,3.2,4,14.3,19.16
EMP00146,Male,35,8,Tier-2 Private,Engineering,Staff Engineer,4,Nagpur,4.6,4.0,22,14.5,20.79
EMP00147,Male,27,3,Tier-2 Private,Sales,Sales Executive,1,Mumbai,3.6,3.4,36,19.7,6.09
EMP00148,Male,27,1,Tier-2 Private,Operations,Operations Executive,1,Mumbai,4.7,2.9,1,5.8,8.47
EMP00149,Male,30,7,Central University,Legal,Legal Associate,2,Dehradun,4.6,4.0,77,12.0,9.49
EMP00150,Male,26,4,Diploma,Marketing,Marketing Executive,2,Surat,3.6,4.4,17,13.3,9.5
EMP00151,Female,46,21,Diploma,Customer Support,Customer Success Manager,6,Kolkata,3.0,4.3,15,8.6,35.15
EMP00152,Female,47,22,Central University,Operations,Logistics Manager,6,Dehradun,3.2,3.4,31,9.7,28.14
EMP00153,Male,49,24,Tier-2 Private,Finance,FP&A Analyst,6,Ranchi,3.6,3.5,4,14.7,50.0
EMP00154,Male,29,3,Tier-2 Private,Finance,Financial Analyst,2,Bangalore,3.3,,41,15.8,10.47
EMP00155,Male,33,9,Distance Learning,Customer Support,Support Manager,4,Kochi,2.7,4.5,33,7.0,14.16
EMP00156,Female,37,11,Other,Data Science,Senior Data Scientist,3,Kolkata,2.7,4.0,1,11.4,11.59
EMP00157,Male,37,10,State University,Engineering,Senior Software Engineer,3,Delhi,3.2,3.5,37,9.3,17.42
EMP00158,Female,26,4,Diploma,Data Science,Senior Data Scientist,2,Hyderabad,3.0,2.6,8,10.8,7.98
EMP00159,Female,38,14,State University,Operations,Logistics Manager,4,Kolkata,2.0,3.5,5,7.8,17.75
EMP00160,Female,29,6,IIM,Sales,Senior Account Manager,2,Ahmedabad,4.2,3.3,17,21.7,6.84
EMP00161,Male,31,6,Diploma,HR,HR Executive,1,Chennai,4.3,3.9,17,9.6,10.33
EMP00162,Female,26,2,State University,Marketing,Marketing Manager,1,Pune,4.0,,30,17.8,5.32
EMP00163,Male,32,9,Diploma,Data Science,Lead Data Scientist,4,Dehradun,1.8,3.1,47,11.9,17.07
EMP00164,Male,28,5,Tier-2 Private,Engineering,Software Engineer,1,Kochi,3.3,,19,8.2,8.29
EMP00165,Male,32,8,State University,Sales,Account Manager,3,Guwahati,3.9,,17,32.5,14.45
EMP00166,Male,29,7,Tier-2 Private,Product,Senior Product Manager,2,Pune,4.5,2.8,19,11.5,10.36
EMP00167,Female,28,6,Diploma,Customer Support,Support Team Lead,2,Indore,5.0,4.2,7,8.9,6.5
EMP00168,Female,30,5,Diploma,Legal,Legal Manager,2,Delhi,3.5,,20,13.1,8.46
EMP00169,Male,37,10,Tier-2 Private,Sales,Account Manager,3,Jaipur,3.6,3.8,7,24.4,17.86
EMP00170,Female,30,5,State University,Marketing,Marketing Executive,2,Lucknow,3.9,2.9,6,12.9,7.7
EMP00171,Male,29,2,Tier-2 Private,Finance,Financial Analyst,2,Chennai,3.0,3.8,33,14.5,7.85
EMP00172,Male,31,9,State University,Legal,Legal Manager,3,Visakhapatnam,2.9,4.5,4,9.2,17.27
EMP00173,Male,30,3,NIT,Engineering,Senior Software Engineer,1,Kochi,4.2,4.5,1,13.8,8.91
EMP00174,Female,27,2,Distance Learning,Customer Support,Customer Support Executive,2,Hyderabad,4.0,4.4,45,7.7,6.37
EMP00175,Male,28,2,Tier-2 Private,Legal,Senior Legal Counsel,2,Kolkata,3.3,3.3,38,11.0,9.59
EMP00176,Male,29,7,State University,Engineering,Staff Engineer,2,Hyderabad,2.2,4.0,18,12.9,11.53
EMP00177,Male,30,5,IIM,Product,Associate Product Manager,2,Vadodara,1.8,2.4,10,20.0,8.33
EMP00178,Female,25,1,Other,Customer Support,Customer Support Executive,1,Vadodara,3.4,3.5,18,7.6,4.31
EMP00179,Female,31,4,State University,Operations,Operations Manager,2,Kolkata,3.5,4.6,13,9.5,6.69
EMP00180,Female,39,13,Central University,Finance,Controller,5,Hyderabad,3.3,2.4,5,10.2,23.69
EMP00181,Female,31,4,Tier-2 Private,Legal,Legal Manager,2,Bangalore,4.2,2.7,19,11.6,7.87
EMP00182,Female,32,5,Central University,Operations,Supply Chain Analyst,2,Coimbatore,3.7,3.2,4,5.9,6.97
EMP00183,Male,38,12,Tier-2 Private,Customer Support,Support Manager,5,Mumbai,1.9,3.4,16,9.2,25.39
EMP00184,Male,33,10,Other,Marketing,Brand Manager,2,Ranchi,5.0,4.2,7,16.7,10.28
EMP00185,Female,35,12,Central University,HR,HR Business Partner,3,Mumbai,1.5,,7,8.5,11.5
EMP00186,Female,27,0,IIIT,Operations,Operations Manager,2,Visakhapatnam,3.1,1.9,7,9.2,6.17
EMP00187,Male,45,20,IIM,Engineering,Engineering Manager,6,Kolkata,2.7,2.9,15,14.6,50.0
EMP00188,Male,36,9,State University,Operations,Operations Manager,2,Mumbai,3.9,3.5,29,5.8,7.2
EMP00189,Female,56,30,Diploma,Sales,Business Development Manager,6,Delhi,2.5,2.9,47,19.1,50.0
EMP00190,Male,28,3,"Top Private (ISB, XLRI, SP Jain)",Data Science,Data Analyst,1,Hyderabad,4.0,3.8,1,12.5,10.3
EMP00191,Female,23,1,Diploma,Legal,Senior Legal Counsel,2,Raipur,3.3,3.6,5,14.5,6.08
EMP00192,Male,33,6,Central University,Marketing,Brand Manager,2,Visakhapatnam,4.1,2.0,7,15.8,10.21
EMP00193,Male,27,4,State University,Marketing,Marketing Executive,2,Indore,1.6,3.4,1,17.3,7.51
EMP00194,Female,32,9,IIT,Product,Group Product Manager,3,Chennai,3.3,2.7,2,11.7,12.72
EMP00195,Male,34,12,Other,Legal,Compliance Officer,4,Bangalore,4.1,3.7,31,14.3,24.49
EMP00196,Male,27,5,State University,Data Science,Senior Data Scientist,3,Mysore,2.6,4.1,1,13.9,11.92
EMP00197,Female,29,5,Central University,Customer Support,Support Manager,3,Kolkata,3.7,3.1,35,7.9,8.71
EMP00198,Female,35,8,Tier-2 Private,HR,Talent Acquisition Specialist,3,Visakhapatnam,3.7,2.4,8,6.0,9.29
EMP00199,Male,32,5,IIT,Product,Product Manager,1,Thiruvananthapuram,3.7,,1,16.1,9.42
EMP00200,Male,28,4,IIT,Operations,Operations Executive,2,Ahmedabad,3.2,3.0,8,7.8,9.94
EMP00201,Female,35,12,Central University,Sales,Key Account Manager,4,Bangalore,4.1,2.9,1,22.9,15.79
EMP00202,Female,38,14,Diploma,Product,Senior Product Manager,3,Bangalore,3.8,2.0,1,11.8,14.87
EMP00203,Male,39,12,IIM,Legal,Company Secretary,5,Bangalore,3.7,4.0,70,14.8,27.33
EMP00204,Male,27,5,Central University,Engineering,Software Engineer,1,Kolkata,3.0,,22,12.0,9.47
EMP00205,Male,23,1,Distance Learning,Data Science,Data Scientist,1,Kochi,2.7,3.9,89,11.4,6.89
EMP00206,Male,27,5,"Top Private (ISB, XLRI, SP Jain)",Customer Support,Customer Success Manager,2,Vadodara,3.9,3.0,30,6.0,8.96
EMP00207,Male,30,3,Tier-2 Private,Sales,Sales Executive,1,Surat,2.9,4.1,2,30.6,6.12
EMP00208,Female,27,5,Other,Marketing,Marketing Manager,2,Bangalore,4.7,4.3,26,24.5,10.4
EMP00209,Male,30,3,BITS,Finance,Senior Financial Analyst,2,Pune,5.0,2.0,11,17.1,9.84
EMP00210,Male,28,5,Tier-2 Private,Operations,Operations Executive,1,Kolkata,2.9,,1,9.5,6.25
EMP00211,Female,27,2,NIT,Operations,Operations Executive,1,Dehradun,2.8,2.3,6,6.5,4.22
EMP00212,Female,29,2,State University,Engineering,Software Engineer,1,Pune,3.9,3.6,3,9.5,5.32
EMP00213,Male,36,14,IIT,Marketing,Growth Manager,5,Indore,3.7,4.3,1,23.0,22.02
EMP00214,Female,26,3,"Top Private (ISB, XLRI, SP Jain)",Operations,Operations Manager,1,Raipur,3.5,2.6,2,5.9,6.33
EMP00215,Female,32,6,Distance Learning,HR,HR Business Partner,2,Vadodara,4.0,,34,6.0,6.2
EMP00216,Female,37,11,Central University,Sales,Sales Manager,3,Chennai,4.1,3.4,13,23.2,15.59
EMP00217,Male,38,11,"Top Private (ISB, XLRI, SP Jain)",Customer Support,Support Manager,4,Guwahati,2.9,,1,9.7,18.01
EMP00218,Male,32,10,Other,Engineering,Lead Engineer,3,Mumbai,2.8,2.6,1,14.2,18.35
EMP00219,Female,33,7,State University,HR,HR Manager,2,Guwahati,2.0,,1,7.3,5.75
EMP00220,Male,33,10,Central University,HR,Talent Acquisition Specialist,4,Kolkata,2.1,3.1,18,8.8,23.16
EMP00221,Male,40,15,IIIT,Product,Group Product Manager,4,Pune,2.7,,31,13.0,23.59
EMP00222,Male,35,8,IIIT,Data Science,ML Engineer,4,Guwahati,3.2,4.8,1,12.4,19.84
EMP00223,Female,28,1,Tier-2 Private,Customer Support,Customer Support Executive,1,Chandigarh,4.1,3.4,19,6.8,4.43
EMP00224,Female,27,4,Tier-2 Private,Data Science,Senior Data Scientist,2,Thiruvananthapuram,4.0,2.5,19,11.3,8.45
EMP00225,Male,33,9,State University,Marketing,Brand Manager,3,Delhi,3.9,,5,23.9,16.81
EMP00226,Female,26,3,Tier-2 Private,Operations,Operations Executive,1,Delhi,3.3,3.1,32,9.4,4.14
EMP00227,Male,43,18,BITS,Marketing,Digital Marketing Manager,5,Kochi,5.0,4.6,4,17.3,38.42
EMP00228,Male,31,5,State University,Operations,Operations Executive,2,Guwahati,2.5,3.3,13,7.2,9.38
EMP00229,Female,29,6,Distance Learning,Engineering,Staff Engineer,2,Chennai,3.3,,22,10.3,7.76
EMP00230,Male,35,13,IIT,HR,Talent Acquisition Specialist,4,Indore,3.8,4.4,17,9.3,23.87
EMP00231,Male,27,5,"Top Private (ISB, XLRI, SP Jain)",Legal,Senior Legal Counsel,2,Kolkata,2.6,3.0,25,14.4,10.45
EMP00232,Male,28,6,IIM,HR,HR Business Partner,3,Mumbai,3.3,2.8,4,5.3,13.63
EMP00233,Female,35,11,State University,Customer Support,Customer Success Manager,2,Mumbai,2.3,3.5,11,6.8,10.58
EMP00234,Female,29,2,NIT,Marketing,Marketing Manager,2,Hyderabad,3.2,3.4,35,24.9,6.62
EMP00235,Female,27,4,Central University,Finance,Senior Financial Analyst,1,Delhi,4.7,2.4,2,11.5,6.46
EMP00236,Female,34,10,Diploma,Marketing,Marketing Manager,3,Visakhapatnam,3.6,1.9,60,20.6,11.58
EMP00237,Male,32,6,Central University,Finance,Finance Manager,2,Bangalore,5.0,3.8,24,11.0,12.58
EMP00238,Female,41,16,State University,Finance,Controller,4,Chennai,4.6,3.5,28,11.8,24.81
EMP00239,Male,25,2,Central University,Marketing,Marketing Executive,1,Ahmedabad,2.3,,8,23.6,5.91
EMP00240,Male,23,1,Central University,Product,Product Manager,1,Surat,2.6,4.3,5,17.5,5.8
EMP00241,Female,32,10,Tier-2 Private,Engineering,Lead Engineer,3,Raipur,4.6,3.4,30,14.8,12.72
EMP00242,Female,34,11,Distance Learning,Product,Group Product Manager,3,Indore,3.4,,4,12.4,12.08
EMP00243,Male,27,5,IIM,Engineering,Staff Engineer,2,Kochi,2.3,4.1,22,10.8,11.55
EMP00244,Male,32,8,IIT,Customer Support,Customer Success Manager,3,Hyderabad,4.3,3.7,5,6.7,16.65
EMP00245,Female,35,10,State University,Legal,Legal Manager,2,Chandigarh,4.7,2.3,68,10.0,10.16
EMP00246,Female,29,3,Distance Learning,Product,Associate Product Manager,1,Vadodara,4.7,3.5,55,19.1,5.76
EMP00247,Female,30,3,Tier-2 Private,Legal,Legal Associate,1,Mumbai,3.9,3.8,44,8.8,6.74
EMP00248,Male,29,6,Distance Learning,Finance,Financial Analyst,2,Patna,4.5,3.0,11,17.8,9.06
EMP00249,Male,36,11,Other,Finance,Finance Manager,3,Indore,3.9,4.8,20,10.7,18.12
EMP00250,Male,29,2,Other,HR,HR Executive,1,Bangalore,2.7,,6,10.5,6.11
EMP00251,Female,27,5,NIT,Customer Support,Support Team Lead,1,Guwahati,4.4,,7,5.2,7.98
EMP00252,Female,31,5,Diploma,Sales,Sales Executive,2,Guwahati,3.3,2.6,3,21.3,7.47
EMP00253,Male,30,8,Central University,Operations,Operations Manager,2,Kolkata,5.0,4.2,18,7.3,15.97
EMP00254,Male,31,6,"Top Private (ISB, XLRI, SP Jain)",Sales,Account Manager,1,Lucknow,3.2,4.6,2,16.6,8.7
EMP00255,Male,30,4,Tier-2 Private,Legal,Legal Manager,2,Dehradun,3.3,3.0,8,8.9,7.46
EMP00256,Female,38,14,Tier-2 Private,Sales,Sales Manager,4,Chandigarh,2.6,,25,27.7,11.3
EMP00257,Female,29,4,Diploma,Marketing,Marketing Manager,2,Surat,4.1,3.1,4,13.4,5.58
EMP00258,Male,29,4,Central University,Finance,Finance Manager,3,Mumbai,5.0,2.9,15,17.4,13.45
EMP00259,Male,26,1,Other,Marketing,Marketing Manager,1,Surat,4.1,3.7,39,14.1,7.19
EMP00260,Female,29,3,IIM,Data Science,Data Analyst,1,Visakhapatnam,3.6,3.1,12,13.1,6.4
EMP00261,Male,35,8,State University,Operations,Supply Chain Analyst,3,Kolkata,3.1,3.4,7,9.0,12.74
EMP00262,Female,29,7,Diploma,Legal,Legal Associate,2,Delhi,3.0,2.5,4,10.6,8.92
EMP00263,Male,33,9,"Top Private (ISB, XLRI, SP Jain)",Engineering,Senior Software Engineer,3,Chandigarh,4.5,4.2,12,14.5,13.73
EMP00264,Male,35,8,Central University,Legal,Legal Manager,2,Chennai,3.0,,10,10.9,12.89
EMP00265,Female,50,26,NIT,Operations,Logistics Manager,6,Bangalore,1.8,3.1,35,6.5,50.0
EMP00266,Male,27,3,Diploma,Customer Support,Customer Support Executive,1,Bangalore,5.0,2.9,20,8.6,9.01
EMP00267,Male,27,1,NIT,Sales,Account Manager,1,Bangalore,3.7,,5,21.9,7.94
EMP00268,Male,29,2,IIIT,Legal,Senior Legal Counsel,2,Bangalore,3.2,2.7,39,13.2,9.44
EMP00269,Male,26,3,IIM,Sales,Account Manager,2,Chandigarh,3.0,2.5,7,19.7,9.96
EMP00270,Male,30,3,Tier-2 Private,Finance,Senior Financial Analyst,1,Jaipur,3.9,3.7,34,11.9,8.24
EMP00271,Male,32,6,Central University,HR,HR Business Partner,2,Hyderabad,2.6,3.3,24,7.5,11.22
EMP00272,Male,36,14,State University,Data Science,Senior Data Scientist,3,Visakhapatnam,3.0,4.0,2,12.7,19.71
EMP00273,Male,44,17,IIM,Legal,Compliance Officer,5,Delhi,3.8,4.7,2,14.5,40.55
EMP00274,Female,32,8,Central University,Operations,Supply Chain Analyst,3,Ranchi,2.8,4.2,2,8.8,8.19
EMP00275,Female,50,27,State University,HR,Compensation Analyst,6,Ranchi,2.6,4.0,2,7.5,44.1
EMP00276,Male,29,4,Tier-2 Private,Operations,Process Improvement Specialist,3,Dehradun,3.1,3.0,13,7.1,10.1
EMP00277,Male,26,1,"Top Private (ISB, XLRI, SP Jain)",Operations,Operations Executive,1,Mumbai,3.3,4.3,3,7.6,6.52
EMP00278,Male,37,12,BITS,Product,Director of Product,4,Patna,3.3,3.3,4,10.7,20.92
EMP00279,Female,23,1,Other,Operations,Operations Executive,1,Lucknow,3.3,,10,7.5,5.96
EMP00280,Female,29,3,Central University,Operations,Operations Manager,1,Indore,3.7,3.7,20,7.4,6.34
EMP00281,Male,32,8,IIM,Operations,Operations Manager,3,Dehradun,2.9,3.3,7,8.0,17.46
EMP00282,Male,27,5,Central University,Customer Support,Customer Support Executive,2,Mumbai,3.7,3.5,1,9.2,10.67
EMP00283,Male,30,5,BITS,Finance,Finance Manager,3,Kochi,3.0,4.1,31,17.4,15.78
EMP00284,Male,27,2,Central University,Data Science,Data Analyst,1,Chennai,3.4,4.1,4,14.2,7.46
EMP00285,Male,28,6,Central University,Customer Support,Customer Support Executive,2,Chennai,3.0,3.4,8,7.7,11.15
EMP00286,Male,39,12,State University,Finance,FP&A Analyst,5,Thiruvananthapuram,2.1,,9,17.5,23.52
EMP00287,Male,31,6,Tier-2 Private,Product,Senior Product Manager,3,Jaipur,3.7,4.2,13,19.8,15.93
EMP00288,Male,30,3,Distance Learning,Finance,Financial Analyst,1,Indore,4.4,3.1,7,10.9,7.23
EMP00289,Male,28,2,IIIT,Sales,Account Manager,1,Pune,3.7,2.5,1,17.7,6.45
EMP00290,Male,25,3,Distance Learning,Product,Product Manager,1,Bhopal,2.5,3.3,7,16.1,5.85
EMP00291,Female,30,7,Tier-2 Private,Engineering,Software Engineer,1,Coimbatore,2.4,3.1,1,13.6,8.06
EMP00292,Male,34,7,NIT,Sales,Sales Executive,1,Chennai,4.2,3.5,1,27.3,8.88
EMP00293,Female,28,3,State University,HR,HR Executive,1,Bangalore,3.8,4.9,4,8.4,6.4
EMP00294,Male,23,1,Central University,Sales,Sales Executive,1,Mumbai,3.6,3.1,23,27.5,6.58
EMP00295,Female,30,8,Other,Product,Group Product Manager,3,Thiruvananthapuram,4.2,,14,13.0,12.19
EMP00296,Female,28,3,Distance Learning,Product,Associate Product Manager,1,Kolkata,4.0,,15,17.0,4.98
EMP00297,Female,34,9,Central University,Marketing,Brand Manager,3,Pune,3.6,3.5,38,24.1,10.92
EMP00298,Female,26,3,IIIT,Legal,Legal Associate,1,Pune,4.6,3.7,4,14.5,5.68
EMP00299,Female,26,3,Central University,Sales,Sales Executive,1,Bangalore,4.9,3.8,21,31.3,5.95
EMP00300,Female,31,6,Distance Learning,Marketing,Marketing Manager,2,Jaipur,4.5,3.5,15,19.8,8.76
EMP00301,Female,54,30,Other,Data Science,Analytics Manager,6,Thiruvananthapuram,4.1,3.4,3,10.7,45.04
EMP00302,Male,32,10,IIT,HR,HR Manager,3,Thiruvananthapuram,3.6,1.9,6,8.5,12.85
EMP00303,Male,28,6,Central University,Engineering,Software Engineer,2,Thiruvananthapuram,3.5,4.1,41,9.9,9.26
EMP00304,Male,30,7,Tier-2 Private,Operations,Supply Chain Analyst,2,Visakhapatnam,4.1,4.6,10,7.8,10.21
EMP00305,Female,26,1,Other,Marketing,Marketing Executive,1,Surat,3.1,2.8,10,24.0,3.92
EMP00306,Male,25,2,Central University,Legal,Legal Manager,2,Delhi,3.5,3.0,7,12.1,9.18
EMP00307,Male,23,1,IIIT,Customer Support,Support Team Lead,1,Pune,3.0,,46,7.5,7.09
EMP00308,Female,47,20,Distance Learning,Product,Director of Product,6,Bhopal,3.4,,12,15.1,26.49
EMP00309,Male,43,17,Central University,Data Science,Lead Data Scientist,5,Dehradun,2.8,2.8,48,8.3,32.11
EMP00310,Male,32,7,BITS,HR,HR Manager,2,Bangalore,3.3,3.5,6,9.3,11.14
EMP00311,Male,29,6,State University,Engineering,Software Engineer,1,Bangalore,3.2,2.6,16,11.6,9.25
EMP00312,Male,28,2,Central University,Operations,Operations Manager,1,Mumbai,4.4,3.9,8,8.6,6.95
EMP00313,Male,32,5,State University,Legal,Legal Manager,2,Delhi,4.4,3.3,1,9.7,12.83
EMP00314,Male,47,21,Tier-2 Private,Legal,Company Secretary,6,Surat,4.0,,27,11.0,45.0
EMP00315,Male,29,6,IIM,Sales,Sales Executive,2,Mumbai,2.3,3.0,7,30.9,13.72
EMP00316,Male,28,4,Tier-2 Private,Sales,Sales Executive,1,Visakhapatnam,4.0,3.1,20,24.0,9.04
EMP00317,Male,28,1,BITS,Product,Senior Product Manager,2,Pune,4.2,3.2,4,19.4,9.8
EMP00318,Female,37,15,Diploma,Customer Support,Support Manager,5,Kochi,3.2,2.7,2,7.6,20.22
EMP00319,Male,28,5,Distance Learning,Sales,Senior Account Manager,3,Jaipur,4.1,3.0,1,28.1,11.96
EMP00320,Female,23,1,Central University,Engineering,Software Engineer,1,Kolkata,4.3,2.4,1,8.7,6.07
EMP00321,Female,28,3,Distance Learning,HR,HR Executive,1,Kolkata,2.2,3.6,16,8.0,3.87
EMP00322,Male,26,2,Diploma,Marketing,Marketing Executive,1,Delhi,4.3,3.8,7,15.7,4.92
EMP00323,Male,27,5,State University,Data Science,Data Analyst,1,Nagpur,3.3,3.3,13,8.8,8.44
EMP00324,Male,33,6,IIIT,Finance,Financial Analyst,1,Kolkata,2.4,4.1,38,16.3,10.35
EMP00325,Female,29,4,"Top Private (ISB, XLRI, SP Jain)",Customer Support,Support Team Lead,2,Nagpur,3.6,,6,9.3,7.64
EMP00326,Female,33,10,Tier-2 Private,Marketing,Content Strategist,4,Bangalore,3.2,,9,22.9,15.84
EMP00327,Female,33,6,IIIT,Data Science,Data Scientist,1,Vadodara,4.2,3.4,6,10.2,7.45
EMP00328,Male,38,12,Distance Learning,Legal,Legal Manager,4,Raipur,4.0,3.7,47,8.5,19.64
EMP00329,Female,26,4,Central University,Product,Product Manager,2,Indore,3.9,2.9,11,15.7,8.64
EMP00330,Male,56,30,BITS,Marketing,Growth Manager,6,Kolkata,2.9,2.7,13,24.0,50.0
EMP00331,Female,26,4,State University,Data Science,Data Scientist,1,Delhi,3.2,5.0,28,11.5,8.02
EMP00332,Male,30,3,NIT,Engineering,Staff Engineer,2,Bangalore,3.3,3.8,5,13.0,10.63
EMP00333,Female,26,2,State University,Customer Support,Support Team Lead,2,Kolkata,4.0,3.3,28,8.7,6.54
EMP00334,Female,28,5,Diploma,Operations,Operations Manager,2,Mumbai,4.6,3.5,8,7.4,9.42
EMP00335,Male,23,1,IIT,Operations,Operations Executive,2,Nagpur,3.9,5.0,13,8.3,9.7
EMP00336,Female,34,7,Central University,Engineering,Staff Engineer,3,Dehradun,2.8,3.1,43,13.8,10.3
EMP00337,Male,26,1,Tier-2 Private,Operations,Operations Executive,1,Delhi,3.2,3.6,2,5.6,7.3
EMP00338,Female,31,6,Other,Engineering,Staff Engineer,3,Mysore,3.8,,8,10.0,6.88
EMP00339,Male,29,2,Diploma,Data Science,Data Analyst,1,Bangalore,4.4,4.4,44,12.2,8.97
EMP00340,Female,29,4,Central University,Sales,Sales Executive,2,Kolkata,3.4,3.5,23,25.8,7.69
EMP00341,Male,32,9,Central University,HR,HR Business Partner,2,Bangalore,4.0,2.5,5,8.0,9.66
EMP00342,Female,56,30,"Top Private (ISB, XLRI, SP Jain)",Legal,Company Secretary,5,Chennai,2.3,2.1,2,10.6,43.8
EMP00343,Female,27,2,Central University,Finance,Financial Analyst,1,Lucknow,3.1,4.0,10,16.1,5.48
EMP00344,Female,28,5,IIT,Finance,Controller,3,Chennai,4.1,3.5,55,15.7,10.68
EMP00345,Female,30,3,Other,Legal,Legal Associate,1,Nagpur,1.6,3.1,33,9.6,4.9
EMP00346,Female,29,3,Diploma,HR,HR Executive,1,Indore,4.4,2.7,5,11.2,4.67
EMP00347,Female,26,3,State University,Customer Support,Support Team Lead,1,Chennai,3.8,4.5,8,9.9,5.17
EMP00348,Male,35,10,Distance Learning,HR,HR Business Partner,3,Bangalore,3.6,3.8,17,8.5,14.13
EMP00349,Female,31,4,State University,Data Science,Senior Data Scientist,2,Surat,1.9,3.7,56,13.2,7.44
EMP00350,Male,55,29,IIT,Engineering,Principal Engineer,6,Chennai,4.3,4.2,4,12.9,50.0
EMP00351,Female,31,8,Tier-2 Private,Product,Senior Product Manager,4,Lucknow,5.0,,37,10.9,16.66
EMP00352,Male,29,2,State University,HR,HR Manager,1,Lucknow,3.3,3.3,7,10.6,5.86
EMP00353,Male,26,4,State University,Operations,Operations Executive,2,Bhopal,3.1,3.5,2,6.2,8.37
EMP00354,Male,28,3,State University,Engineering,Software Engineer,1,Pune,3.3,,12,9.3,9.22
EMP00355,Male,35,10,Tier-2 Private,Product,Group Product Manager,3,Bhopal,4.1,4.2,14,10.2,15.49
EMP00356,Male,23,1,Distance Learning,Legal,Legal Associate,1,Chennai,4.3,4.3,14,9.9,6.54
EMP00357,Female,28,2,IIT,Finance,Senior Financial Analyst,1,Chandigarh,4.0,2.7,7,12.8,7.74
EMP00358,Female,26,3,State University,Sales,Account Manager,1,Coimbatore,3.3,3.4,6,22.8,5.1
EMP00359,Male,36,9,Diploma,Finance,Finance Manager,2,Bhopal,4.4,3.0,4,14.1,10.7
EMP00360,Female,41,14,Tier-2 Private,Product,Senior Product Manager,4,Jaipur,2.6,3.2,8,14.9,15.87
EMP00361,Female,40,15,Central University,Operations,Process Improvement Specialist,5,Coimbatore,4.4,3.1,18,6.9,27.8
EMP00362,Male,33,8,Tier-2 Private,Product,Group Product Manager,3,Thiruvananthapuram,4.6,,2,16.1,17.24
EMP00363,Male,27,5,Distance Learning,Operations,Operations Executive,2,Kolkata,3.2,4.2,3,9.2,10.02
EMP00364,Male,37,10,Other,Data Science,ML Engineer,4,Jaipur,4.9,,12,8.4,24.33
EMP00365,Female,28,2,Diploma,Sales,Sales Executive,1,Ahmedabad,4.3,4.7,31,24.7,5.41
EMP00366,Male,25,1,Distance Learning,Customer Support,Customer Support Executive,1,Bangalore,3.5,4.5,25,5.1,7.35
EMP00367,Female,30,8,BITS,Customer Support,Customer Success Manager,3,Delhi,3.2,2.2,22,7.5,10.48
EMP00368,Female,27,2,State University,Legal,Senior Legal Counsel,1,Nagpur,4.1,3.5,21,8.4,5.7
EMP00369,Male,32,5,IIT,Engineering,Senior Software Engineer,3,Chennai,3.0,,31,9.8,14.03
EMP00370,Female,33,6,Other,Legal,Legal Manager,2,Mysore,4.7,,52,10.1,5.93
EMP00371,Female,29,7,Other,Operations,Supply Chain Analyst,2,Visakhapatnam,3.1,2.3,11,7.0,6.29
EMP00372,Male,37,11,NIT,Marketing,Digital Marketing Manager,4,Ahmedabad,5.0,4.4,8,24.9,23.19
EMP00373,Male,32,10,State University,Legal,Compliance Officer,3,Pune,3.7,4.4,9,13.2,15.68
EMP00374,Male,30,6,IIT,Legal,Legal Associate,1,Guwahati,2.4,3.3,40,14.0,11.49
EMP00375,Male,28,4,State University,Customer Support,Customer Success Manager,3,Bhopal,4.5,3.7,15,9.6,11.71
EMP00376,Male,28,6,Diploma,HR,HR Manager,2,Ahmedabad,3.2,2.7,20,7.0,9.28
EMP00377,Female,25,3,Diploma,Sales,Account Manager,1,Delhi,2.0,,30,16.4,5.13
EMP00378,Male,32,5,Central University,Product,Product Manager,3,Kochi,5.0,3.5,1,12.4,14.36
EMP00379,Male,55,30,BITS,Operations,Logistics Manager,6,Bangalore,5.0,2.5,65,9.7,50.0
EMP00380,Female,32,6,Distance Learning,Marketing,Brand Manager,2,Hyderabad,3.9,4.4,2,21.5,8.52
EMP00381,Male,33,8,Tier-2 Private,Operations,Process Improvement Specialist,3,Pune,4.0,3.7,61,8.0,13.32
EMP00382,Female,27,3,Distance Learning,Marketing,Marketing Executive,1,Bangalore,3.9,4.2,1,24.7,5.57
EMP00383,Female,34,12,Distance Learning,Data Science,ML Engineer,5,Raipur,4.0,3.2,32,11.0,17.12
EMP00384,Male,35,10,Other,Finance,Controller,4,Ahmedabad,3.3,3.1,5,16.4,15.72
EMP00385,Male,36,10,State University,Finance,Finance Manager,3,Jaipur,3.5,3.7,1,14.2,16.94
EMP00386,Female,30,7,State University,Product,Product Manager,1,Ranchi,3.3,3.9,12,18.3,7.18
EMP00387,Female,36,12,IIIT,Data Science,Analytics Manager,5,Mumbai,3.5,2.8,8,14.0,27.5
EMP00388,Female,38,14,IIT,Finance,Controller,4,Patna,2.5,3.5,2,10.9,15.29
EMP00389,Male,34,7,Tier-2 Private,HR,HR Executive,1,Ahmedabad,4.3,,12,8.0,9.59
EMP00390,Female,27,5,Distance Learning,HR,HR Executive,2,Delhi,3.6,,20,7.5,6.69
EMP00391,Female,33,11,Diploma,Operations,Supply Chain Analyst,3,Chandigarh,4.1,3.0,27,8.3,10.7
EMP00392,Male,26,3,Tier-2 Private,Data Science,Data Analyst,1,Jaipur,3.9,3.7,5,10.8,7.03
EMP00393,Female,25,3,Central University,Data Science,Data Analyst,1,Kochi,1.7,3.3,20,13.3,4.45
EMP00394,Female,32,5,State University,Data Science,Senior Data Scientist,2,Pune,3.9,3.1,30,10.7,7.84
EMP00395,Male,24,1,State University,Operations,Operations Executive,1,Kochi,4.2,3.6,4,6.8,5.59
EMP00396,Male,34,10,Tier-2 Private,Operations,Process Improvement Specialist,4,Mumbai,2.8,,18,6.3,16.75
EMP00397,Female,26,3,Distance Learning,HR,HR Executive,1,Thiruvananthapuram,3.5,3.6,1,8.4,5.37
EMP00398,Male,30,4,State University,HR,HR Manager,2,Lucknow,3.2,3.3,13,9.4,9.58
EMP00399,Male,30,5,Central University,Operations,Supply Chain Analyst,2,Nagpur,3.8,4.2,1,8.1,10.52
EMP00400,Male,30,6,Diploma,Finance,Senior Financial Analyst,2,Indore,3.4,2.6,15,13.9,8.77
EMP00401,Male,30,4,Central University,Sales,Account Manager,2,Ranchi,2.1,,26,32.5,7.24
EMP00402,Female,27,5,Central University,Customer Support,Customer Success Manager,3,Mumbai,2.7,3.6,2,6.2,10.07
EMP00403,Female,31,5,Tier-2 Private,Product,Senior Product Manager,3,Chandigarh,4.0,4.2,33,13.2,8.49
EMP00404,Male,28,4,State University,Marketing,Marketing Manager,2,Kochi,3.9,3.2,2,18.3,6.84
EMP00405,Female,27,3,"Top Private (ISB, XLRI, SP Jain)",Finance,Senior Financial Analyst,1,Ahmedabad,5.0,4.1,57,13.6,5.57
EMP00406,Female,34,12,BITS,Finance,FP&A Analyst,4,Kochi,3.5,,10,14.8,17.86
EMP00407,Male,23,1,Tier-2 Private,Finance,Financial Analyst,1,Surat,2.1,4.8,9,11.7,5.79
EMP00408,Female,31,5,State University,Product,Associate Product Manager,2,Nagpur,4.7,2.2,5,12.4,6.78
EMP00409,Male,31,4,NIT,Finance,Finance Manager,2,Surat,4.3,3.7,15,15.2,9.94
EMP00410,Female,35,8,Distance Learning,Finance,Senior Financial Analyst,3,Jaipur,2.9,3.2,18,17.6,10.78
EMP00411,Female,25,2,Other,Legal,Senior Legal Counsel,2,Lucknow,4.2,3.4,2,13.2,9.43
EMP00412,Female,30,4,State University,Product,Senior Product Manager,2,Ahmedabad,3.8,3.9,20,17.1,9.33
EMP00413,Male,27,5,Diploma,Engineering,Senior Software Engineer,1,Kochi,2.8,4.5,4,11.0,8.34
EMP00414,Female,38,12,State University,Legal,Compliance Officer,5,Patna,3.8,3.5,15,9.5,21.57
EMP00415,Male,32,7,State University,Customer Support,Support Team Lead,2,Ahmedabad,3.1,2.4,2,8.4,12.58
EMP00416,Male,29,2,Central University,Legal,Senior Legal Counsel,1,Kochi,2.4,3.3,1,13.5,5.64
EMP00417,Male,26,4,Distance Learning,Data Science,Data Scientist,2,Coimbatore,3.4,5.0,20,10.0,8.55
EMP00418,Female,37,11,IIM,Marketing,Digital Marketing Manager,3,Mumbai,4.0,2.6,13,13.1,17.38
EMP00419,Male,26,2,NIT,Product,Product Manager,1,Delhi,3.5,3.7,5,19.6,8.11
EMP00420,Female,30,5,Tier-2 Private,Product,Senior Product Manager,2,Chennai,3.0,3.8,4,19.1,7.28
EMP00421,Female,31,6,Tier-2 Private,Customer Support,Customer Success Manager,3,Kochi,4.0,,17,9.5,9.17
EMP00422,Male,30,4,Distance Learning,Data Science,Data Scientist,3,Surat,3.3,3.1,30,10.6,9.84
EMP00423,Male,55,30,NIT,Operations,Process Improvement Specialist,6,Mumbai,2.8,4.6,15,7.3,50.0
EMP00424,Male,28,4,Tier-2 Private,Sales,Sales Executive,1,Kochi,3.7,4.4,29,19.7,8.32
EMP00425,Female,32,8,Tier-2 Private,Engineering,Lead Engineer,4,Mysore,3.3,3.6,39,12.9,12.22
EMP00426,Female,25,3,State University,Legal,Legal Associate,1,Bangalore,5.0,2.6,26,14.7,5.19
EMP00427,Male,34,8,Tier-2 Private,Product,Senior Product Manager,3,Chennai,4.2,3.2,1,11.3,16.22
EMP00428,Female,37,11,Tier-2 Private,Marketing,Digital Marketing Manager,4,Hyderabad,4.2,,49,20.0,15.44
EMP00429,Male,29,4,State University,HR,Talent Acquisition Specialist,3,Visakhapatnam,2.1,3.4,16,8.4,10.57
EMP00430,Female,31,5,"Top Private (ISB, XLRI, SP Jain)",Legal,Compliance Officer,3,Lucknow,4.1,4.2,8,8.2,10.47
EMP00431,Female,26,3,NIT,Customer Support,Customer Support Executive,1,Pune,4.2,3.5,7,6.8,5.59
EMP00432,Female,25,2,Central University,Product,Associate Product Manager,1,Guwahati,2.2,3.7,18,18.5,5.7
EMP00433,Female,39,12,Tier-2 Private,Marketing,Brand Manager,3,Kolkata,2.8,3.4,16,15.5,11.04
EMP00434,Female,31,4,State University,Operations,Operations Executive,2,Bangalore,2.9,4.3,3,9.9,8.38
EMP00435,Male,28,1,Other,Marketing,Marketing Manager,1,Dehradun,4.4,2.5,20,22.3,5.79
EMP00436,Male,42,20,Other,Engineering,Engineering Manager,6,Kolkata,4.5,1.0,1,9.8,50.0
EMP00437,Male,28,3,Central University,Sales,Account Manager,1,Coimbatore,2.9,3.5,12,17.8,6.71
EMP00438,Male,31,5,Distance Learning,HR,HR Business Partner,3,Kolkata,2.6,,1,6.6,11.89
EMP00439,Female,41,19,Central University,Data Science,Lead Data Scientist,5,Bangalore,1.8,3.2,2,13.6,30.31
EMP00440,Female,32,5,State University,Operations,Operations Executive,2,Delhi,2.2,2.8,1,6.2,8.26
EMP00441,Female,31,5,Tier-2 Private,Customer Support,Support Team Lead,2,Vadodara,2.9,2.3,4,6.6,6.1
EMP00442,Male,25,2,Other,Operations,Operations Manager,1,Kolkata,3.0,3.5,3,5.6,5.42
EMP00443,Female,26,1,Central University,Marketing,Marketing Executive,1,Raipur,3.5,3.0,8,21.1,4.6
EMP00444,Male,32,5,BITS,Sales,Account Manager,3,Nagpur,4.0,3.7,19,24.4,15.19
EMP00445,Male,34,7,Other,Product,Senior Product Manager,2,Visakhapatnam,3.7,4.0,13,17.4,13.02
EMP00446,Female,33,7,Central University,Engineering,Staff Engineer,3,Indore,3.0,4.1,4,10.4,10.37
EMP00447,Female,31,4,Other,Marketing,Marketing Manager,2,Bhopal,3.4,3.8,2,23.5,5.86
EMP00448,Female,32,6,Central University,Product,Product Manager,1,Pune,2.8,3.2,78,14.4,5.82
EMP00449,Male,28,1,State University,Marketing,Marketing Executive,1,Bangalore,3.1,3.9,12,19.6,7.58
EMP00450,Female,35,8,Other,Operations,Operations Manager,2,Mysore,3.3,2.4,5,7.4,7.62
EMP00451,Male,28,6,Central University,Legal,Senior Legal Counsel,1,Pune,4.1,3.0,33,8.3,11.01
EMP00452,Female,49,24,IIM,HR,Learning & Development Manager,6,Indore,4.2,4.5,3,5.9,46.97
EMP00453,Female,30,6,Distance Learning,Operations,Operations Manager,1,Vadodara,2.8,4.0,3,7.0,5.35
EMP00454,Male,27,3,Other,Customer Support,Customer Success Manager,2,Mysore,3.5,,9,5.1,6.78
EMP00455,Male,28,5,IIT,Customer Support,Support Team Lead,3,Ranchi,4.1,3.1,1,9.9,11.18
EMP00456,Male,30,4,IIT,Sales,Sales Executive,2,Kolkata,3.4,4.9,15,29.2,11.88
EMP00457,Female,35,8,IIT,Customer Support,Support Team Lead,3,Coimbatore,3.2,2.7,7,8.6,9.17
EMP00458,Male,30,6,Distance Learning,Marketing,Marketing Executive,2,Kochi,4.3,2.3,15,12.8,10.49
EMP00459,Female,28,2,Distance Learning,Sales,Account Manager,2,Bangalore,4.0,2.9,17,29.8,7.76
EMP00460,Female,24,1,IIM,HR,HR Manager,1,Lucknow,3.5,,8,7.5,5.96
EMP00461,Male,33,7,Tier-2 Private,Operations,Operations Executive,2,Vadodara,2.8,4.4,6,8.3,9.12
EMP00462,Male,37,15,State University,Operations,Process Improvement Specialist,4,Coimbatore,2.2,,14,7.7,23.43
EMP00463,Female,33,6,IIIT,Engineering,Staff Engineer,2,Nagpur,3.6,2.9,4,10.8,8.42
EMP00464,Male,34,10,NIT,Engineering,Lead Engineer,3,Surat,4.0,3.5,22,14.9,13.79
EMP00465,Male,37,12,Tier-2 Private,Customer Support,Support Manager,4,Hyderabad,2.7,3.8,21,9.0,18.62
EMP00466,Female,33,7,State University,Finance,Senior Financial Analyst,3,Nagpur,4.3,3.8,40,13.4,10.04
EMP00467,Female,25,3,State University,Engineering,Software Engineer,2,Indore,3.2,3.0,12,14.2,9.8
EMP00468,Female,33,6,State University,Data Science,Senior Data Scientist,2,Ahmedabad,2.1,,21,10.6,8.79
EMP00469,Male,39,14,NIT,Engineering,Senior Software Engineer,3,Jaipur,3.9,4.6,4,9.0,22.25
EMP00470,Male,35,8,Other,Product,Director of Product,4,Pune,3.4,3.5,39,11.8,22.03
EMP00471,Male,35,10,Central University,Sales,Senior Account Manager,2,Kolkata,3.4,,5,25.0,14.06
EMP00472,Male,27,4,State University,Legal,Legal Associate,1,Kochi,4.2,4.0,8,9.6,8.06
EMP00473,Male,30,5,State University,Engineering,Lead Engineer,3,Raipur,4.7,3.2,3,10.1,12.53
EMP00474,Male,30,5,IIM,HR,HR Executive,2,Pune,4.0,3.0,2,8.3,10.44
EMP00475,Male,32,5,IIIT,Operations,Operations Executive,2,Nagpur,3.2,3.9,1,5.3,10.14
EMP00476,Male,38,13,Tier-2 Private,Legal,Legal Manager,3,Kochi,2.1,4.0,1,11.8,18.5
EMP00477,Male,25,1,Central University,Customer Support,Customer Support Executive,1,Coimbatore,4.0,,4,7.0,5.05
EMP00478,Female,29,6,Tier-2 Private,Legal,Senior Legal Counsel,2,Dehradun,3.5,2.9,96,10.5,7.71
EMP00479,Female,28,5,IIM,Sales,Sales Executive,2,Raipur,2.9,3.0,15,18.5,7.99
EMP00480,Male,27,2,Other,Legal,Legal Associate,1,Bhopal,3.1,3.8,45,14.6,5.49
EMP00481,Male,33,9,"Top Private (ISB, XLRI, SP Jain)",Sales,Senior Account Manager,3,Mumbai,4.7,2.8,16,16.3,17.14
EMP00482,Male,27,3,IIIT,Sales,Sales Executive,1,Bangalore,4.3,4.3,3,30.5,7.17
EMP00483,Female,26,4,Tier-2 Private,Customer Support,Support Manager,3,Delhi,4.4,4.4,38,8.8,9.87
EMP00484,Male,49,22,Other,Data Science,Data Engineer,6,Indore,4.3,,17,13.3,50.0
EMP00485,Male,39,12,State University,Engineering,Lead Engineer,4,Pune,3.7,4.0,50,10.5,27.08
EMP00486,Male,32,9,Tier-2 Private,Product,Associate Product Manager,2,Bhopal,2.7,4.2,25,18.0,11.73
EMP00487,Male,29,7,State University,Customer Support,Customer Success Manager,2,Ranchi,3.6,4.2,14,7.9,10.65
EMP00488,Male,32,5,IIT,Sales,Sales Manager,3,Visakhapatnam,4.0,2.4,57,18.7,12.32
EMP00489,Male,51,24,"Top Private (ISB, XLRI, SP Jain)",Marketing,Growth Manager,6,Indore,3.4,3.4,16,19.5,50.0
EMP00490,Male,37,10,IIIT,Finance,Financial Analyst,2,Bangalore,3.7,3.2,8,13.3,13.38
EMP00491,Female,28,3,Central University,Data Science,Data Scientist,1,Dehradun,3.9,3.1,13,12.4,5.08
EMP00492,Female,28,2,Tier-2 Private,Finance,Senior Financial Analyst,1,Mumbai,4.3,2.4,27,15.2,5.33
EMP00493,Female,34,8,NIT,Customer Support,Customer Support Executive,2,Hyderabad,4.3,4.5,11,8.0,8.47
EMP00494,Male,28,5,Other,Customer Support,Support Team Lead,3,Guwahati,3.2,,31,8.3,10.27
EMP00495,Female,27,2,State University,Customer Support,Support Team Lead,1,Thiruvananthapuram,2.4,2.6,46,6.0,3.45
EMP00496,Male,31,8,Diploma,Sales,Senior Account Manager,4,Delhi,4.7,3.2,4,27.8,21.07
EMP00497,Male,31,5,NIT,HR,HR Executive,1,Visakhapatnam,3.8,4.6,1,10.0,8.85
EMP00498,Female,35,8,Central University,Data Science,ML Engineer,3,Ahmedabad,3.3,3.2,1,14.1,12.19
EMP00499,Male,30,8,IIM,HR,Talent Acquisition Specialist,3,Bhopal,2.0,4.5,7,11.3,13.07
EMP00500,Male,25,3,"Top Private (ISB, XLRI, SP Jain)",Sales,Sales Executive,1,Ahmedabad,4.1,4.1,58,34.7,5.95
EMP00501,Female,32,9,Diploma,Marketing,Digital Marketing Manager,3,Mumbai,3.9,2.3,38,18.7,10.66
EMP00502,Female,26,4,Other,Sales,Sales Executive,2,Kochi,3.3,2.6,27,29.9,6.58
EMP00503,Female,26,4,Diploma,HR,HR Executive,2,Guwahati,3.8,2.5,4,11.4,5.69
EMP00504,Male,31,4,Distance Learning,Customer Support,Support Team Lead,2,Bangalore,4.6,3.9,18,9.8,10.63
EMP00505,Male,38,13,IIT,Data Science,ML Engineer,4,Coimbatore,2.5,4.9,1,11.8,26.0
EMP00506,Female,30,4,BITS,Operations,Supply Chain Analyst,3,Pune,4.4,3.4,4,7.0,11.01
EMP00507,Male,40,15,IIT,Finance,Senior Financial Analyst,3,Chennai,2.8,3.5,14,12.2,20.59
EMP00508,Female,47,21,State University,Engineering,Principal Engineer,6,Kochi,2.6,,3,12.7,43.16
EMP00509,Male,29,3,State University,Finance,Financial Analyst,1,Ahmedabad,3.3,,18,12.6,8.24
EMP00510,Male,22,0,IIM,Sales,Sales Executive,1,Ranchi,4.6,3.4,24,28.7,6.39
EMP00511,Male,34,12,Tier-2 Private,Data Science,Senior Data Scientist,4,Visakhapatnam,2.9,3.7,27,13.3,24.83
EMP00512,Female,28,4,NIT,Operations,Process Improvement Specialist,3,Thiruvananthapuram,3.4,3.8,17,8.9,8.69
EMP00513,Male,27,3,Distance Learning,Product,Senior Product Manager,2,Kochi,2.3,3.2,1,16.6,7.25
EMP00514,Male,31,4,"Top Private (ISB, XLRI, SP Jain)",Marketing,Marketing Executive,1,Kolkata,3.9,2.9,1,15.8,8.52
EMP00515,Male,27,4,Other,Data Science,Data Analyst,1,Chennai,2.8,4.3,2,8.1,8.96
EMP00516,Male,37,14,Central University,Sales,Key Account Manager,4,Kolkata,3.1,2.0,15,15.8,17.38
EMP00517,Male,31,6,Other,Legal,Legal Associate,1,Jaipur,4.2,2.7,54,10.0,7.29
EMP00518,Female,37,14,State University,HR,Talent Acquisition Specialist,3,Jaipur,3.0,3.3,11,5.8,13.31
EMP00519,Male,35,8,Tier-2 Private,Finance,Finance Manager,4,Kolkata,3.8,4.2,37,11.7,16.37
EMP00520,Female,26,4,State University,Customer Support,Customer Support Executive,2,Nagpur,3.8,3.4,1,5.6,5.31
EMP00521,Female,31,4,IIIT,Customer Support,Support Team Lead,3,Lucknow,3.7,2.9,11,5.3,9.86
EMP00522,Male,33,8,IIM,Customer Support,Customer Success Manager,3,Bangalore,2.7,4.2,21,9.9,20.11
EMP00523,Male,37,10,State University,Sales,Senior Account Manager,3,Delhi,3.6,3.1,9,21.5,17.29
EMP00524,Female,35,12,Central University,Product,Group Product Manager,4,Dehradun,3.4,3.8,43,15.0,15.44
EMP00525,Male,32,5,Other,Data Science,Senior Data Scientist,2,Bhopal,3.3,3.3,9,10.3,8.73
EMP00526,Male,33,6,IIIT,Marketing,Marketing Manager,1,Hyderabad,4.1,,1,17.2,10.4
EMP00527,Female,33,9,State University,HR,Talent Acquisition Specialist,3,Coimbatore,2.5,3.8,4,5.1,9.51
EMP00528,Female,27,4,Central University,Data Science,ML Engineer,3,Pune,3.0,,6,14.3,12.89
EMP00529,Female,25,2,Other,Data Science,Data Analyst,1,Thiruvananthapuram,3.5,3.0,17,10.6,5.39
EMP00530,Male,25,3,IIM,Finance,Financial Analyst,1,Chandigarh,4.7,4.3,23,15.4,10.08
EMP00531,Female,30,5,Diploma,Finance,Controller,3,Jaipur,2.1,1.9,11,13.4,8.52
EMP00532,Female,36,9,State University,Product,Group Product Manager,3,Chennai,3.7,2.3,23,14.5,11.24
EMP00533,Male,39,14,Central University,Marketing,Brand Manager,4,Hyderabad,3.4,,62,18.1,26.97
EMP00534,Female,29,2,Diploma,HR,HR Executive,1,Patna,4.1,3.2,8,5.8,5.0
EMP00535,Male,29,3,Distance Learning,Engineering,Software Engineer,1,Hyderabad,2.9,3.9,3,12.4,6.6
EMP00536,Male,30,4,IIT,Engineering,Lead Engineer,3,Bangalore,3.3,2.7,1,11.4,12.81
EMP00537,Male,36,10,State University,Engineering,Lead Engineer,4,Ahmedabad,2.8,,51,10.7,14.03
EMP00538,Male,31,4,Central University,Sales,Account Manager,2,Visakhapatnam,3.2,4.2,70,31.2,9.02
EMP00539,Male,31,4,Diploma,Legal,Compliance Officer,3,Pune,4.0,3.0,17,9.6,12.05
EMP00540,Female,24,2,Tier-2 Private,Data Science,Senior Data Scientist,2,Bangalore,3.8,4.2,2,9.6,9.26
EMP00541,Female,33,8,State University,Customer Support,Support Team Lead,3,Kolkata,3.3,,14,9.6,12.74
EMP00542,Male,29,5,IIT,Product,Senior Product Manager,2,Pune,4.2,,2,10.9,14.89
EMP00543,Female,30,3,State University,Legal,Senior Legal Counsel,1,Mysore,5.0,,8,14.7,4.51
EMP00544,Female,28,5,IIIT,Data Science,Data Analyst,2,Ahmedabad,2.9,3.3,4,12.8,9.18
EMP00545,Male,39,13,Central University,Legal,Company Secretary,4,Raipur,3.9,,5,13.2,19.52
EMP00546,Male,26,2,Diploma,Finance,Senior Financial Analyst,1,Mumbai,3.5,3.7,1,10.4,7.35
EMP00547,Male,30,3,Central University,Sales,Sales Executive,1,Raipur,4.4,4.4,19,34.7,8.57
EMP00548,Male,40,14,State University,Engineering,Lead Engineer,4,Ahmedabad,3.1,2.0,1,11.1,19.96
EMP00549,Female,30,6,BITS,HR,HR Manager,3,Pune,4.3,3.0,39,5.4,9.23
EMP00550,Male,36,9,State University,Legal,Company Secretary,4,Coimbatore,3.4,3.7,12,12.0,18.07
EMP00551,Male,31,8,Other,Data Science,Data Scientist,2,Pune,3.3,4.4,96,10.6,10.61
EMP00552,Male,27,5,Distance Learning,Marketing,Marketing Executive,2,Bhopal,3.6,3.2,58,21.0,8.33
EMP00553,Male,29,4,Central University,Legal,Legal Manager,2,Raipur,3.6,2.1,4,9.4,8.33
EMP00554,Female,34,10,Diploma,Customer Support,Customer Success Manager,2,Chennai,2.8,1.5,31,5.1,6.27
EMP00555,Male,35,13,Distance Learning,HR,Talent Acquisition Specialist,4,Kolkata,3.5,3.6,3,5.4,19.72
EMP00556,Male,39,12,Tier-2 Private,Engineering,Staff Engineer,4,Delhi,4.6,,38,10.8,28.23
EMP00557,Male,24,2,State University,Customer Support,Customer Success Manager,2,Hyderabad,2.6,,42,6.0,9.46
EMP00558,Male,40,15,State University,Data Science,Lead Data Scientist,4,Mumbai,3.9,2.7,13,13.8,32.79
EMP00559,Female,27,4,BITS,Marketing,Brand Manager,2,Coimbatore,4.3,3.0,9,14.4,8.97
EMP00560,Male,26,3,IIT,Legal,Legal Associate,1,Vadodara,3.5,4.9,6,8.9,8.48
EMP00561,Male,28,5,Central University,Data Science,Data Scientist,2,Patna,3.3,,6,9.8,8.15
EMP00562,Male,34,10,Other,Marketing,Marketing Manager,3,Hyderabad,3.5,3.6,1,23.6,17.14
EMP00563,Female,34,8,State University,Operations,Operations Manager,3,Chennai,2.8,3.1,56,8.4,9.93
EMP00564,Female,28,5,State University,Engineering,Staff Engineer,2,Visakhapatnam,3.3,2.7,4,9.6,5.62
EMP00565,Female,36,10,Central University,Marketing,Content Strategist,4,Mumbai,4.9,,16,17.5,17.64
EMP00566,Female,30,6,Distance Learning,Engineering,Staff Engineer,3,Coimbatore,3.4,3.0,5,9.3,9.76
EMP00567,Female,30,4,Diploma,Operations,Supply Chain Analyst,2,Indore,3.5,4.2,28,5.2,6.75
EMP00568,Male,27,3,Tier-2 Private,Legal,Legal Associate,1,Bangalore,2.8,3.7,2,8.6,6.71
EMP00569,Male,32,8,Central University,Product,Senior Product Manager,2,Delhi,3.8,3.7,1,14.1,11.53
EMP00570,Male,30,5,State University,Product,Senior Product Manager,2,Mumbai,2.7,,16,10.6,10.26
EMP00571,Male,28,2,Central University,Data Science,Data Analyst,1,Mumbai,3.3,3.2,3,10.2,7.54
EMP00572,Female,34,10,State University,Marketing,Brand Manager,3,Indore,1.3,4.6,8,20.0,10.04
EMP00573,Male,31,4,IIIT,Engineering,Lead Engineer,3,Pune,3.5,2.5,15,12.4,12.05
EMP00574,Female,43,18,"Top Private (ISB, XLRI, SP Jain)",Legal,Compliance Officer,6,Chandigarh,3.6,3.1,8,9.3,29.56
EMP00575,Female,25,2,Other,Engineering,Senior Software Engineer,1,Visakhapatnam,2.9,3.1,2,14.1,4.72
EMP00576,Male,27,5,State University,Operations,Operations Manager,2,Delhi,3.1,3.8,2,5.7,10.67
EMP00577,Female,27,3,State University,Finance,Financial Analyst,1,Delhi,3.0,,3,16.1,6.34
EMP00578,Female,25,3,State University,Sales,Sales Executive,1,Thiruvananthapuram,4.0,2.9,2,31.1,4.0
EMP00579,Female,26,4,Diploma,Engineering,Software Engineer,2,Pune,3.1,3.9,2,9.2,8.02
EMP00580,Male,44,20,Central University,Marketing,Content Strategist,6,Chennai,4.6,3.1,7,20.1,46.46
EMP00581,Male,29,6,State University,Engineering,Software Engineer,2,Visakhapatnam,4.6,4.0,4,14.1,15.45
EMP00582,Male,30,3,NIT,Operations,Operations Executive,1,Delhi,3.5,2.5,8,6.0,6.64
EMP00583,Male,27,1,Central University,Data Science,Data Scientist,1,Chandigarh,4.7,3.0,17,8.6,6.56
EMP00584,Male,27,1,Tier-2 Private,HR,HR Executive,1,Pune,4.7,2.5,20,6.5,6.13
EMP00585,Female,29,4,Other,Marketing,Marketing Manager,3,Delhi,3.8,3.4,9,22.5,11.0
EMP00586,Female,25,3,Tier-2 Private,Data Science,Data Scientist,2,Ahmedabad,2.8,3.5,2,10.1,5.66
EMP00587,Male,32,5,Tier-2 Private,Data Science,Data Scientist,2,Pune,3.8,3.3,7,13.4,9.95
EMP00588,Male,25,1,Tier-2 Private,HR,HR Executive,1,Pune,3.7,3.7,6,7.5,6.85
EMP00589,Male,29,5,Central University,Product,Product Manager,2,Ranchi,3.1,2.7,1,18.5,9.52
EMP00590,Male,37,12,State University,Customer Support,Support Manager,4,Mumbai,5.0,,31,7.0,24.55
EMP00591,Female,40,18,Other,Sales,Key Account Manager,5,Ahmedabad,4.0,3.9,2,29.2,18.94
EMP00592,Male,25,1,Tier-2 Private,Finance,Financial Analyst,1,Vadodara,2.5,2.9,26,15.6,5.0
EMP00593,Male,28,3,Distance Learning,Finance,Financial Analyst,1,Ahmedabad,3.8,2.7,3,10.2,7.21
EMP00594,Female,29,3,Distance Learning,Marketing,Marketing Manager,1,Mysore,3.5,2.9,5,14.7,4.21
EMP00595,Male,31,6,Central University,Legal,Legal Manager,3,Ahmedabad,3.9,,36,8.0,11.13
EMP00596,Male,29,2,Distance Learning,Marketing,Marketing Executive,1,Delhi,3.4,3.6,29,23.3,7.55
EMP00597,Female,46,19,NIT,Marketing,Content Strategist,6,Guwahati,2.5,,5,23.9,34.91
EMP00598,Female,28,6,Other,Operations,Operations Manager,1,Mumbai,4.4,3.0,2,6.5,5.93
EMP00599,Female,27,5,Central University,Product,Group Product Manager,3,Visakhapatnam,4.9,3.5,8,12.7,10.26
EMP00600,Female,43,18,Tier-2 Private,Operations,Logistics Manager,6,Nagpur,3.2,3.0,13,6.5,25.69
EMP00601,Male,31,5,Central University,Finance,Senior Financial Analyst,2,Indore,3.4,,26,10.2,10.64
EMP00602,Female,33,8,Distance Learning,Marketing,Marketing Manager,3,Nagpur,4.4,4.0,31,16.4,13.86
EMP00603,Female,26,3,State University,Sales,Account Manager,1,Nagpur,3.1,2.8,3,23.9,5.18
EMP00604,Female,27,2,IIIT,Engineering,Senior Software Engineer,2,Chandigarh,4.2,3.9,4,8.6,7.84
EMP00605,Female,30,3,Tier-2 Private,Operations,Operations Manager,1,Kochi,3.4,3.2,1,5.6,4.97
EMP00606,Female,50,27,Central University,Product,Product Analyst,5,Indore,2.9,3.2,13,13.3,39.77
EMP00607,Female,33,9,IIM,Engineering,Lead Engineer,3,Pune,3.0,2.3,8,10.8,9.95
EMP00608,Male,32,7,State University,Finance,Financial Analyst,2,Nagpur,3.5,4.1,39,16.6,8.6
EMP00609,Female,27,3,Tier-2 Private,Sales,Sales Executive,2,Ranchi,3.5,4.7,28,31.9,7.91
EMP00610,Male,33,11,State University,Sales,Senior Account Manager,4,Mumbai,2.6,2.9,19,31.3,24.58
EMP00611,Male,28,2,Central University,Product,Associate Product Manager,1,Hyderabad,3.7,2.9,5,16.4,7.19
EMP00612,Female,28,2,Distance Learning,Finance,Senior Financial Analyst,1,Thiruvananthapuram,1.7,4.4,36,17.7,3.97
EMP00613,Female,29,4,BITS,Legal,Legal Associate,2,Kolkata,4.0,3.7,1,11.0,10.22
EMP00614,Female,48,23,Central University,Finance,Accounts Manager,6,Chandigarh,4.1,2.8,26,15.7,46.47
EMP00615,Male,47,22,Tier-2 Private,Product,Director of Product,6,Lucknow,2.9,4.8,15,16.9,50.0
EMP00616,Female,27,4,Other,Marketing,Marketing Manager,2,Jaipur,3.5,3.0,21,13.0,5.6
EMP00617,Female,25,3,State University,Sales,Sales Executive,1,Mumbai,3.1,3.3,16,30.4,4.57
EMP00618,Male,28,1,Tier-2 Private,Marketing,Marketing Manager,1,Ranchi,3.2,3.8,37,18.7,4.75
EMP00619,Male,29,6,Distance Learning,HR,HR Manager,3,Chandigarh,3.3,4.1,15,10.2,10.96
EMP00620,Male,32,6,IIIT,Sales,Senior Account Manager,2,Visakhapatnam,3.4,3.9,8,27.5,9.95
EMP00621,Female,35,10,"Top Private (ISB, XLRI, SP Jain)",Legal,Compliance Officer,3,Coimbatore,3.1,4.7,9,12.3,13.64
EMP00622,Male,36,11,Diploma,Operations,Supply Chain Analyst,3,Vadodara,3.7,4.6,1,9.6,16.35
EMP00623,Female,27,5,Central University,Marketing,Marketing Executive,2,Bhopal,4.7,4.4,11,19.0,6.41
EMP00624,Male,35,8,IIIT,Sales,Sales Manager,3,Chennai,3.9,,1,19.8,17.62
EMP00625,Female,28,3,IIM,Sales,Account Manager,1,Mumbai,3.3,3.5,8,15.4,7.8
EMP00626,Male,34,8,BITS,Product,Product Manager,3,Chennai,4.5,4.8,24,13.6,26.93
EMP00627,Female,30,4,Other,Operations,Supply Chain Analyst,3,Mysore,4.4,3.0,32,6.7,7.98
EMP00628,Male,30,8,Other,Sales,Senior Account Manager,4,Bangalore,4.2,,2,32.6,18.23
EMP00629,Male,34,7,Other,Finance,Financial Analyst,2,Dehradun,3.8,4.2,8,10.9,9.67
EMP00630,Female,31,6,BITS,Product,Product Manager,2,Nagpur,3.8,3.6,52,10.7,9.23
EMP00631,Female,33,10,State University,Operations,Operations Manager,2,Bhopal,4.0,3.3,35,5.8,11.24
EMP00632,Female,27,2,Other,Engineering,Senior Software Engineer,2,Coimbatore,4.4,,8,10.9,8.03
EMP00633,Male,27,2,Distance Learning,Product,Associate Product Manager,1,Bangalore,3.0,2.3,13,13.8,7.09
EMP00634,Male,30,5,NIT,Operations,Operations Executive,2,Chandigarh,3.4,,9,8.9,7.6
EMP00635,Male,25,2,Tier-2 Private,Marketing,Marketing Executive,1,Chennai,4.2,3.0,11,24.3,7.65
EMP00636,Male,31,4,Tier-2 Private,Engineering,Staff Engineer,3,Delhi,3.6,4.7,2,8.5,12.21
EMP00637,Female,27,4,Tier-2 Private,Data Science,Senior Data Scientist,3,Delhi,3.6,,44,9.6,12.64
EMP00638,Female,39,15,Central University,Engineering,Staff Engineer,4,Bhopal,4.2,3.4,38,12.3,18.27
EMP00639,Female,33,6,Distance Learning,HR,HR Executive,2,Delhi,2.7,4.1,2,9.8,5.98
EMP00640,Female,34,12,State University,Engineering,Engineering Manager,4,Pune,4.3,4.4,9,8.6,16.76
EMP00641,Female,31,7,Central University,Sales,Senior Account Manager,2,Mumbai,2.8,3.5,5,33.8,7.61
EMP00642,Female,28,4,Central University,Operations,Operations Manager,2,Chennai,3.2,2.7,13,6.1,6.81
EMP00643,Male,32,6,Tier-2 Private,HR,HR Business Partner,2,Hyderabad,2.2,3.2,27,10.1,9.12
EMP00644,Male,36,10,Diploma,Product,Senior Product Manager,3,Kochi,3.1,3.8,96,11.1,14.27
EMP00645,Female,39,13,NIT,Data Science,Lead Data Scientist,5,Nagpur,4.0,3.5,3,13.7,31.66
EMP00646,Female,29,5,Diploma,Legal,Senior Legal Counsel,1,Jaipur,3.7,2.7,3,11.1,5.38
EMP00647,Male,25,1,NIT,Operations,Operations Executive,1,Bhopal,3.3,,17,9.1,5.15
EMP00648,Male,23,1,Central University,Finance,Financial Analyst,1,Pune,3.9,2.5,31,11.0,6.9
EMP00649,Female,30,4,IIIT,Product,Associate Product Manager,2,Jaipur,3.9,,26,19.9,7.51
EMP00650,Male,24,1,BITS,Finance,Financial Analyst,1,Chandigarh,2.6,3.4,1,16.4,6.69
EMP00651,Male,45,21,Central University,Finance,FP&A Analyst,6,Coimbatore,4.4,3.4,4,17.1,43.76
EMP00652,Female,35,9,Central University,HR,HR Business Partner,4,Pune,4.0,2.1,22,7.1,14.27
EMP00653,Female,29,3,Tier-2 Private,Product,Product Manager,2,Chennai,2.3,3.1,19,10.6,5.56
EMP00654,Male,24,2,Central University,Sales,Sales Executive,2,Chennai,4.8,4.8,19,22.5,8.97
EMP00655,Female,38,12,Tier-2 Private,Engineering,Engineering Manager,4,Bangalore,3.3,3.5,11,9.7,17.21
EMP00656,Male,26,2,NIT,Operations,Operations Manager,1,Visakhapatnam,2.7,5.0,6,5.8,6.37
EMP00657,Female,26,2,Diploma,Engineering,Staff Engineer,2,Delhi,2.5,,44,14.7,6.9
EMP00658,Male,25,3,Distance Learning,Product,Product Manager,1,Bhopal,2.2,3.6,4,16.3,5.44
EMP00659,Female,32,6,Central University,Customer Support,Customer Success Manager,2,Guwahati,3.1,3.5,22,7.2,6.42
EMP00660,Male,33,9,Central University,Sales,Sales Manager,3,Chennai,2.9,4.9,6,34.0,16.33
EMP00661,Male,35,13,State University,Customer Support,Support Team Lead,3,Thiruvananthapuram,2.6,4.7,20,7.3,13.83
EMP00662,Female,34,12,IIIT,HR,Compensation Analyst,4,Nagpur,3.2,3.8,4,10.4,16.37
EMP00663,Male,32,6,BITS,Data Science,Data Scientist,3,Pune,4.7,3.9,4,12.0,16.42
EMP00664,Male,34,12,BITS,Customer Support,Customer Success Manager,4,Ranchi,2.9,,27,5.4,17.2
EMP00665,Male,28,3,State University,Sales,Senior Account Manager,2,Mumbai,3.2,2.7,70,32.6,8.43
EMP00666,Female,27,1,Diploma,HR,HR Manager,1,Pune,4.0,3.0,36,6.4,7.29
EMP00667,Female,30,3,IIM,Sales,Sales Executive,1,Pune,4.9,4.4,29,19.5,7.63
EMP00668,Female,25,3,Central University,Product,Associate Product Manager,2,Lucknow,3.6,4.6,1,14.3,6.54
EMP00669,Male,26,3,State University,Sales,Sales Executive,1,Bangalore,3.9,,15,24.8,7.09
EMP00670,Male,25,3,State University,Sales,Sales Executive,1,Indore,4.2,4.5,27,22.5,6.29
EMP00671,Male,31,4,Tier-2 Private,Data Science,ML Engineer,3,Bhopal,3.9,4.9,12,10.0,9.29
EMP00672,Male,34,9,Diploma,Engineering,Lead Engineer,3,Vadodara,2.2,4.5,4,12.9,13.53
EMP00673,Female,47,20,BITS,Legal,Compliance Officer,6,Patna,2.9,3.0,51,10.7,38.88
EMP00674,Female,23,1,Central University,Sales,Senior Account Manager,2,Kolkata,4.1,3.9,16,16.3,7.48
EMP00675,Female,28,2,IIT,Product,Associate Product Manager,1,Jaipur,3.1,2.2,20,17.3,6.03
EMP00676,Male,25,3,IIIT,HR,HR Executive,1,Raipur,2.5,2.6,23,11.3,6.86
EMP00677,Female,32,10,Tier-2 Private,Engineering,Staff Engineer,4,Hyderabad,3.3,5.0,5,9.8,16.68
EMP00678,Male,29,5,State University,Data Science,ML Engineer,3,Raipur,3.9,3.3,24,10.0,8.89
EMP00679,Male,27,3,"Top Private (ISB, XLRI, SP Jain)",Engineering,Software Engineer,1,Nagpur,3.9,2.8,15,9.4,8.64
EMP00680,Male,33,9,BITS,Engineering,Staff Engineer,3,Vadodara,3.5,3.4,13,14.1,14.62
EMP00681,Male,33,11,State University,Data Science,Data Scientist,3,Delhi,2.0,4.9,2,8.4,19.22
EMP00682,Male,30,5,Central University,Engineering,Staff Engineer,2,Chennai,3.7,4.4,2,9.7,12.51
EMP00683,Male,27,3,Diploma,Customer Support,Customer Support Executive,1,Ranchi,2.5,3.1,24,8.0,5.37
EMP00684,Male,34,7,BITS,Engineering,Staff Engineer,3,Chennai,3.9,,14,11.4,17.16
EMP00685,Female,31,5,State University,Data Science,Data Scientist,2,Dehradun,3.8,3.7,1,13.0,8.44
EMP00686,Male,29,5,Tier-2 Private,Marketing,Marketing Executive,1,Pune,3.1,4.1,3,13.1,7.75
EMP00687,Male,30,4,Distance Learning,Operations,Operations Manager,3,Bangalore,2.4,4.0,15,6.3,11.84
EMP00688,Female,36,11,Other,Sales,Sales Manager,3,Nagpur,4.4,2.6,3,17.8,16.1
EMP00689,Female,31,7,State University,Engineering,Software Engineer,1,Mysore,3.7,3.1,56,8.9,6.74
EMP00690,Male,39,12,State University,Data Science,Lead Data Scientist,4,Lucknow,2.8,2.8,11,13.3,21.95
EMP00691,Male,40,15,State University,Engineering,Lead Engineer,5,Visakhapatnam,4.7,4.3,2,14.7,41.48
EMP00692,Female,32,8,Tier-2 Private,Data Science,Senior Data Scientist,4,Chennai,3.5,3.2,16,8.2,18.16
EMP00693,Male,29,4,Tier-2 Private,Data Science,Data Scientist,1,Delhi,3.0,3.8,11,10.3,8.46
EMP00694,Male,38,12,"Top Private (ISB, XLRI, SP Jain)",Legal,Legal Manager,3,Jaipur,4.3,3.1,1,13.9,14.54
EMP00695,Female,34,8,IIT,HR,Compensation Analyst,4,Nagpur,4.1,3.8,33,8.3,13.61
EMP00696,Male,55,30,Tier-2 Private,Product,Group Product Manager,5,Patna,4.0,,23,11.7,50.0
EMP00697,Female,30,7,BITS,Data Science,Data Analyst,2,Mumbai,3.7,2.3,65,8.2,9.52
EMP00698,Female,34,9,State University,Legal,Compliance Officer,3,Pune,2.6,3.9,13,9.5,10.57
EMP00699,Female,31,7,State University,Sales,Sales Executive,1,Jaipur,2.6,2.5,39,22.1,6.15
EMP00700,Male,32,5,Other,Engineering,Senior Software Engineer,2,Indore,3.2,3.1,33,8.0,8.84
EMP00701,Male,32,5,Central University,HR,HR Executive,1,Visakhapatnam,1.9,4.3,96,8.2,8.23
EMP00702,Male,29,7,State University,Legal,Legal Associate,2,Hyderabad,3.7,3.2,3,14.2,10.44
EMP00703,Male,35,8,Tier-2 Private,Product,Senior Product Manager,3,Raipur,3.4,3.7,17,11.2,13.52
EMP00704,Female,40,13,Distance Learning,Sales,Senior Account Manager,4,Bangalore,3.5,3.2,2,18.3,16.2
EMP00705,Male,34,7,State University,Finance,Controller,3,Coimbatore,4.8,2.6,55,11.2,12.98
EMP00706,Male,28,4,Central University,Data Science,Data Analyst,2,Delhi,2.6,,66,14.8,11.23
EMP00707,Female,27,4,"Top Private (ISB, XLRI, SP Jain)",Product,Product Manager,1,Bangalore,3.6,4.3,58,18.8,5.23
EMP00708,Female,27,2,State University,Finance,Financial Analyst,1,Chennai,2.6,3.6,16,11.0,5.41
EMP00709,Male,46,19,State University,Engineering,Principal Engineer,5,Bangalore,4.5,3.4,3,11.2,47.88
EMP00710,Male,28,4,Diploma,Finance,Finance Manager,2,Mumbai,2.7,3.7,14,15.1,10.45
EMP00711,Female,38,11,IIM,Customer Support,Support Manager,4,Bangalore,5.0,,43,9.9,20.89
EMP00712,Female,30,7,State University,Data Science,Senior Data Scientist,2,Coimbatore,2.7,3.0,9,9.0,9.01
EMP00713,Female,34,7,IIT,Engineering,Staff Engineer,2,Kochi,3.7,3.0,22,13.6,10.87
EMP00714,Female,27,5,Central University,Finance,Senior Financial Analyst,2,Hyderabad,3.9,3.2,1,16.5,9.86
EMP00715,Female,30,3,State University,Customer Support,Support Team Lead,1,Delhi,4.2,1.8,2,8.4,5.44
EMP00716,Male,30,3,Central University,Operations,Supply Chain Analyst,2,Indore,2.6,4.1,1,7.1,7.8
EMP00717,Male,46,20,"Top Private (ISB, XLRI, SP Jain)",HR,Learning & Development Manager,6,Hyderabad,2.5,3.8,14,12.0,43.42
EMP00718,Male,31,6,Distance Learning,Sales,Senior Account Manager,2,Mumbai,3.1,4.2,6,33.1,10.07
EMP00719,Female,37,13,Diploma,Engineering,Senior Software Engineer,3,Chennai,4.1,,1,10.7,16.64
EMP00720,Female,42,15,Distance Learning,Product,Director of Product,4,Bangalore,3.5,2.3,35,15.3,21.39
EMP00721,Male,26,4,"Top Private (ISB, XLRI, SP Jain)",Legal,Legal Associate,1,Ahmedabad,4.4,3.7,13,8.3,7.98
EMP00722,Male,31,8,State University,Sales,Account Manager,3,Chandigarh,2.8,2.8,56,15.8,11.75
EMP00723,Male,28,6,NIT,Marketing,Brand Manager,2,Hyderabad,3.3,4.0,17,22.2,12.28
EMP00724,Female,25,2,Central University,Product,Senior Product Manager,2,Chennai,3.4,3.8,21,13.6,8.84
EMP00725,Male,30,5,Distance Learning,Product,Associate Product Manager,1,Hyderabad,3.4,5.0,5,16.6,12.18
EMP00726,Male,33,9,Central University,Engineering,Engineering Manager,4,Raipur,4.0,4.6,1,12.0,20.76
EMP00727,Male,28,4,Distance Learning,Legal,Legal Manager,2,Hyderabad,4.5,3.8,15,14.1,9.77
EMP00728,Male,27,4,Diploma,Data Science,Senior Data Scientist,2,Pune,3.0,3.4,1,12.0,9.02
EMP00729,Male,29,5,Other,Legal,Compliance Officer,3,Vadodara,3.1,4.2,5,11.4,13.75
EMP00730,Male,50,26,Tier-2 Private,Finance,Accounts Manager,6,Pune,3.7,3.8,33,15.2,50.0
EMP00731,Male,24,1,Diploma,Customer Support,Customer Support Executive,1,Kolkata,3.8,3.3,22,5.5,5.96
EMP00732,Male,35,8,Central University,Engineering,Software Engineer,2,Surat,4.4,2.2,73,9.1,10.27
EMP00733,Male,32,5,BITS,HR,HR Business Partner,2,Visakhapatnam,3.6,5.0,20,9.8,12.88
EMP00734,Male,30,3,Distance Learning,Engineering,Senior Software Engineer,2,Delhi,3.3,4.4,66,12.0,9.79
EMP00735,Male,26,4,Central University,Engineering,Senior Software Engineer,2,Pune,4.9,4.1,1,10.8,14.07
EMP00736,Female,33,9,IIIT,Finance,Senior Financial Analyst,2,Thiruvananthapuram,3.8,3.4,32,10.7,10.12
EMP00737,Male,36,10,State University,Operations,Operations Manager,2,Bangalore,4.1,,22,5.6,12.92
EMP00738,Male,30,6,Tier-2 Private,Customer Support,Customer Support Executive,2,Coimbatore,2.2,4.2,3,5.8,10.99
EMP00739,Male,35,12,Tier-2 Private,Data Science,Lead Data Scientist,4,Kolkata,3.4,2.6,15,8.7,23.29
EMP00740,Male,39,14,Central University,Operations,Process Improvement Specialist,4,Hyderabad,4.4,3.4,9,9.1,22.42
EMP00741,Male,32,10,State University,Legal,Compliance Officer,3,Pune,3.6,,14,13.9,20.64
EMP00742,Male,29,4,Other,Customer Support,Customer Success Manager,2,Kolkata,3.4,4.5,12,6.4,10.13
EMP00743,Female,32,8,NIT,Product,Associate Product Manager,2,Ahmedabad,2.0,3.1,17,11.6,8.23
EMP00744,Male,34,8,IIT,Engineering,Lead Engineer,3,Kochi,3.4,4.7,17,11.0,20.04
EMP00745,Male,29,3,State University,Customer Support,Support Team Lead,1,Kolkata,4.5,2.7,13,10.0,8.29
EMP00746,Male,27,2,IIT,Legal,Senior Legal Counsel,1,Hyderabad,3.5,3.4,3,8.4,9.37
EMP00747,Male,26,1,Central University,Product,Senior Product Manager,2,Patna,3.9,,2,19.1,7.53
EMP00748,Male,28,6,NIT,Data Science,Data Analyst,1,Mumbai,3.2,4.3,59,11.4,10.89
EMP00749,Female,34,7,Diploma,HR,HR Executive,1,Lucknow,3.2,4.2,1,8.3,5.33
EMP00750,Female,24,2,"Top Private (ISB, XLRI, SP Jain)",Product,Associate Product Manager,1,Mumbai,3.6,4.2,10,11.1,6.33
EMP00751,Male,39,12,IIIT,HR,Talent Acquisition Specialist,3,Jaipur,3.9,2.6,58,7.3,15.89
EMP00752,Male,33,6,Central University,Data Science,Senior Data Scientist,2,Mumbai,4.1,3.7,5,9.2,13.96
EMP00753,Male,41,15,Central University,Customer Support,Support Manager,4,Bangalore,4.1,2.5,14,9.3,26.01
EMP00754,Male,33,7,BITS,Marketing,Brand Manager,2,Jaipur,3.2,,29,20.0,9.02
EMP00755,Female,24,2,Other,Data Science,Data Analyst,1,Delhi,3.7,4.5,5,13.5,6.77
EMP00756,Male,35,8,NIT,Product,Senior Product Manager,3,Chennai,2.5,5.0,16,18.1,16.68
EMP00757,Male,34,9,State University,Operations,Operations Executive,2,Mumbai,3.7,,9,8.1,12.66
EMP00758,Female,28,4,Central University,Sales,Sales Manager,3,Delhi,1.9,3.5,73,28.5,10.64
EMP00759,Male,28,2,State University,Data Science,Data Analyst,1,Mysore,2.3,3.5,7,13.2,6.08
EMP00760,Male,31,6,Tier-2 Private,Sales,Sales Executive,1,Mumbai,3.7,3.6,7,28.8,8.42
EMP00761,Female,27,3,Central University,Customer Support,Customer Support Executive,1,Mumbai,3.9,4.3,27,7.3,6.29
EMP00762,Male,36,13,Other,Product,Group Product Manager,4,Chennai,2.5,3.0,3,15.2,22.16
EMP00763,Male,26,4,Central University,Operations,Operations Manager,2,Surat,3.9,,1,10.0,6.66
EMP00764,Male,47,20,State University,Sales,Business Development Manager,6,Guwahati,3.4,3.6,1,34.9,50.0
EMP00765,Female,26,1,BITS,Customer Support,Customer Support Executive,1,Bhopal,4.4,2.8,18,8.0,4.85
EMP00766,Male,29,6,Tier-2 Private,Data Science,Data Scientist,1,Bhopal,4.7,,40,9.2,10.34
EMP00767,Male,42,16,State University,Legal,Compliance Officer,4,Bhopal,1.7,4.7,1,8.8,20.6
EMP00768,Male,29,3,"Top Private (ISB, XLRI, SP Jain)",Engineering,Senior Software Engineer,2,Thiruvananthapuram,5.0,4.1,13,10.5,8.81
EMP00769,Male,27,5,State University,HR,HR Manager,2,Pune,4.2,3.1,25,10.5,10.1
EMP00770,Female,27,4,Tier-2 Private,Data Science,Data Analyst,1,Jaipur,4.0,2.8,18,10.2,6.54
EMP00771,Male,26,3,IIM,Data Science,Data Analyst,1,Kolkata,3.2,,6,9.9,10.9
EMP00772,Male,29,7,Central University,Product,Senior Product Manager,2,Raipur,3.9,,2,16.6,10.0
EMP00773,Female,28,2,State University,Data Science,Data Analyst,1,Pune,3.8,2.7,12,10.8,7.06
EMP00774,Female,27,5,IIIT,Engineering,Software Engineer,1,Chandigarh,4.2,3.5,1,11.9,6.06
EMP00775,Male,34,8,State University,Finance,Senior Financial Analyst,3,Bangalore,3.8,3.1,83,16.1,14.27
EMP00776,Female,30,5,Tier-2 Private,Data Science,Data Analyst,2,Indore,4.0,2.3,38,13.5,8.35
EMP00777,Female,25,3,Tier-2 Private,Finance,Financial Analyst,1,Raipur,4.1,,36,14.3,4.32
EMP00778,Male,39,12,IIM,Finance,Controller,4,Chandigarh,2.0,4.0,14,17.2,27.55
EMP00779,Female,33,10,Central University,HR,HR Manager,3,Mysore,3.3,2.3,25,11.0,9.52
EMP00780,Female,29,2,Central University,Legal,Legal Associate,1,Pune,3.5,,30,8.7,5.26
EMP00781,Male,24,2,State University,Data Science,Data Analyst,1,Nagpur,3.2,3.1,6,12.7,6.25
EMP00782,Female,28,3,Distance Learning,Legal,Senior Legal Counsel,1,Mysore,4.4,3.5,6,12.8,4.53
EMP00783,Male,31,8,Tier-2 Private,HR,Talent Acquisition Specialist,4,Visakhapatnam,4.8,,17,6.7,19.57
EMP00784,Female,32,7,State University,Customer Support,Customer Support Executive,2,Visakhapatnam,3.6,3.4,4,6.4,6.71
EMP00785,Female,37,10,"Top Private (ISB, XLRI, SP Jain)",Marketing,Digital Marketing Manager,3,Chennai,3.6,4.0,16,19.5,14.26
EMP00786,Male,30,4,Central University,Engineering,Software Engineer,1,Dehradun,3.6,3.1,20,14.7,6.94
EMP00787,Female,26,3,Tier-2 Private,Product,Associate Product Manager,1,Kolkata,2.3,4.3,23,12.1,6.85
EMP00788,Male,33,11,Diploma,Engineering,Staff Engineer,3,Pune,2.8,4.1,25,14.1,18.36
EMP00789,Female,27,4,State University,Legal,Legal Manager,3,Bangalore,2.8,,61,9.9,10.18
EMP00790,Female,32,6,Tier-2 Private,HR,HR Manager,1,Mumbai,4.2,3.1,38,9.5,9.41
EMP00791,Male,27,2,Diploma,Legal,Senior Legal Counsel,1,Chennai,3.2,3.7,16,10.3,6.72
EMP00792,Male,30,4,Other,Operations,Operations Executive,2,Patna,3.4,3.3,35,9.0,7.85
EMP00793,Male,36,12,Tier-2 Private,Customer Support,Support Manager,4,Lucknow,3.4,,9,8.7,18.16
EMP00794,Male,28,3,State University,Product,Senior Product Manager,2,Thiruvananthapuram,3.3,,31,18.5,8.82
EMP00795,Male,32,10,IIM,Finance,Finance Manager,4,Nagpur,5.0,,9,17.4,22.06
EMP00796,Male,23,1,Distance Learning,Sales,Account Manager,1,Ranchi,3.6,3.5,3,17.3,6.33
EMP00797,Male,30,4,Tier-2 Private,Legal,Legal Manager,3,Pune,4.6,2.7,13,10.1,17.39
EMP00798,Male,28,5,Tier-2 Private,Customer Support,Customer Support Executive,2,Ahmedabad,2.9,,1,5.5,8.59
EMP00799,Female,44,20,State University,Legal,Company Secretary,6,Chennai,2.6,3.4,32,13.6,36.82
EMP00800,Female,26,2,State University,Finance,Finance Manager,2,Delhi,4.2,3.0,4,12.6,6.4
EMP00801,Female,34,9,State University,Operations,Supply Chain Analyst,3,Chennai,3.6,2.7,22,8.9,8.89
EMP00802,Male,39,12,BITS,Customer Support,Support Manager,5,Lucknow,4.0,3.6,29,9.8,22.57
EMP00803,Female,29,3,Central University,Product,Product Manager,2,Kochi,4.9,4.0,36,16.0,6.73
EMP00804,Female,29,4,Tier-2 Private,Data Science,Data Analyst,1,Chennai,3.7,2.0,3,11.3,5.55
EMP00805,Male,33,6,Tier-2 Private,HR,HR Executive,2,Bhopal,3.8,,11,6.1,8.03
EMP00806,Male,27,2,BITS,Marketing,Brand Manager,2,Patna,3.2,2.9,1,19.0,6.87
EMP00807,Female,26,4,State University,Operations,Operations Manager,2,Guwahati,3.6,,11,6.4,5.35
EMP00808,Male,38,14,Central University,Data Science,Senior Data Scientist,4,Visakhapatnam,3.7,2.6,24,14.4,20.98
EMP00809,Male,35,8,Tier-2 Private,Marketing,Brand Manager,4,Kochi,3.9,3.6,36,22.2,14.95
EMP00810,Female,31,5,Distance Learning,HR,HR Manager,2,Bangalore,3.7,3.3,64,11.6,10.33
EMP00811,Male,30,6,Central University,HR,HR Business Partner,2,Lucknow,2.3,3.3,35,11.7,7.93
EMP00812,Male,32,9,Tier-2 Private,Engineering,Lead Engineer,3,Kolkata,4.7,3.7,15,13.1,16.78
EMP00813,Female,37,10,Central University,Data Science,Data Analyst,2,Surat,3.6,3.2,5,10.2,10.05
EMP00814,Female,26,4,State University,HR,HR Manager,3,Chandigarh,4.8,2.8,26,7.1,7.51
EMP00815,Male,44,17,Tier-2 Private,Finance,Accounts Manager,6,Hyderabad,2.8,3.3,1,11.7,32.97
EMP00816,Female,41,15,IIT,Data Science,Lead Data Scientist,4,Pune,3.1,,13,14.3,20.99
EMP00817,Female,35,9,Diploma,Legal,Senior Legal Counsel,3,Hyderabad,3.3,2.4,16,12.3,11.01
EMP00818,Male,26,3,Diploma,Marketing,Marketing Executive,1,Chennai,3.2,,7,17.4,7.27
EMP00819,Female,27,2,Central University,HR,HR Manager,1,Surat,3.8,1.0,3,7.2,4.68
EMP00820,Male,27,4,Central University,Operations,Operations Executive,2,Lucknow,4.4,3.6,2,8.9,9.64
EMP00821,Male,28,6,IIM,Sales,Sales Executive,1,Coimbatore,4.6,3.8,11,30.6,12.43
EMP00822,Female,25,1,Diploma,Finance,Financial Analyst,1,Chandigarh,3.1,2.6,29,15.4,4.63
EMP00823,Male,35,8,Distance Learning,Engineering,Lead Engineer,3,Raipur,3.0,4.3,5,9.0,13.42
EMP00824,Female,37,14,Central University,HR,HR Business Partner,4,Delhi,4.1,4.1,5,6.5,16.89
EMP00825,Female,31,9,Diploma,Product,Associate Product Manager,2,Chandigarh,2.7,,16,19.8,8.69
EMP00826,Male,30,3,Central University,Customer Support,Support Team Lead,1,Nagpur,4.0,,11,9.0,6.24
EMP00827,Female,30,3,BITS,Legal,Legal Associate,2,Thiruvananthapuram,3.3,2.7,38,10.1,5.63
EMP00828,Male,34,7,IIM,Legal,Legal Associate,2,Kolkata,3.1,4.2,4,9.5,17.19
EMP00829,Female,32,5,Distance Learning,Sales,Account Manager,2,Mumbai,1.2,4.3,52,33.7,5.87
EMP00830,Male,35,8,Tier-2 Private,Customer Support,Customer Success Manager,3,Bangalore,3.7,2.8,9,6.7,16.97
EMP00831,Female,36,9,Central University,Customer Support,Support Manager,3,Raipur,4.4,3.4,18,7.5,11.62
EMP00832,Male,39,12,BITS,Data Science,Lead Data Scientist,4,Bangalore,2.6,2.6,37,14.3,23.54
EMP00833,Male,28,2,Other,Operations,Operations Manager,1,Bangalore,3.7,4.2,20,8.5,5.73
EMP00834,Female,30,7,BITS,Marketing,Marketing Manager,1,Dehradun,3.9,4.5,2,21.0,6.66
EMP00835,Female,28,4,Tier-2 Private,Engineering,Senior Software Engineer,2,Raipur,3.1,2.9,13,9.7,5.98
EMP00836,Male,29,5,NIT,Sales,Senior Account Manager,2,Lucknow,3.8,3.6,35,30.5,12.87
EMP00837,Female,36,11,"Top Private (ISB, XLRI, SP Jain)",Data Science,ML Engineer,3,Mumbai,4.2,2.9,10,13.2,17.26
EMP00838,Female,37,11,Tier-2 Private,Customer Support,Support Team Lead,2,Ahmedabad,3.6,,1,7.2,10.9
EMP00839,Male,39,16,IIM,Operations,Logistics Manager,4,Kolkata,3.9,3.0,70,7.1,27.85
EMP00840,Male,30,8,Distance Learning,Product,Product Manager,3,Chennai,3.3,3.0,11,15.5,14.57
EMP00841,Male,30,5,Distance Learning,Engineering,Senior Software Engineer,2,Visakhapatnam,4.1,4.0,2,14.4,11.49
EMP00842,Female,32,5,Distance Learning,Customer Support,Support Team Lead,2,Surat,2.1,3.2,10,7.2,5.31
EMP00843,Male,28,1,State University,Legal,Legal Associate,1,Hyderabad,4.1,5.0,17,14.4,9.54
EMP00844,Male,37,15,Tier-2 Private,Marketing,Brand Manager,3,Chandigarh,4.5,5.0,3,20.9,19.08
EMP00845,Male,29,4,Diploma,Legal,Legal Associate,1,Delhi,2.9,4.0,96,9.3,9.28
EMP00846,Female,33,8,State University,Sales,Senior Account Manager,2,Hyderabad,2.9,4.0,51,25.6,7.94
EMP00847,Male,33,9,Central University,Operations,Logistics Manager,4,Mumbai,4.8,4.1,48,5.5,18.61
EMP00848,Female,28,2,Distance Learning,HR,HR Manager,1,Mumbai,3.8,4.0,2,10.1,5.26
EMP00849,Male,27,3,IIT,Engineering,Software Engineer,1,Pune,2.3,4.0,7,8.5,8.57
EMP00850,Female,44,17,Central University,Product,Group Product Manager,5,Chennai,3.3,2.6,1,11.5,24.38
EMP00851,Male,34,7,Tier-2 Private,Finance,Finance Manager,3,Pune,2.1,3.0,23,14.5,9.7
EMP00852,Male,29,4,State University,Data Science,Senior Data Scientist,3,Bangalore,3.3,4.3,22,13.7,14.13
EMP00853,Female,29,5,State University,Sales,Account Manager,2,Hyderabad,3.5,2.9,25,25.3,7.04
EMP00854,Female,37,12,Tier-2 Private,Data Science,ML Engineer,5,Delhi,4.0,4.2,24,14.1,23.56
EMP00855,Male,38,11,State University,Product,Product Manager,3,Thiruvananthapuram,3.5,4.1,1,19.5,17.19
EMP00856,Male,25,2,IIIT,Operations,Operations Executive,1,Bhopal,4.8,2.8,11,9.9,5.98
EMP00857,Female,45,18,Tier-2 Private,HR,Compensation Analyst,4,Hyderabad,3.6,2.5,39,8.6,20.61
EMP00858,Female,36,11,Distance Learning,HR,HR Manager,3,Mysore,2.0,2.4,3,9.3,8.32
EMP00859,Male,27,5,IIIT,Legal,Legal Associate,2,Bangalore,4.0,4.1,17,12.2,14.94
EMP00860,Male,28,2,Tier-2 Private,Marketing,Marketing Manager,1,Coimbatore,3.6,,27,23.0,7.65
EMP00861,Female,35,12,State University,Operations,Process Improvement Specialist,4,Chennai,3.4,3.0,28,7.0,15.62
EMP00862,Female,33,8,State University,Operations,Supply Chain Analyst,3,Delhi,4.3,3.3,1,7.8,11.32
EMP00863,Female,29,2,State University,Data Science,Data Scientist,1,Mumbai,4.2,,12,12.7,5.16
EMP00864,Male,31,5,Central University,HR,HR Business Partner,3,Delhi,2.8,4.2,14,7.9,11.15
EMP00865,Male,56,30,Other,HR,Learning & Development Manager,5,Nagpur,3.7,3.4,5,11.5,50.0
EMP00866,Female,28,6,IIM,Data Science,Data Analyst,2,Chennai,4.7,3.6,13,10.9,10.76
EMP00867,Female,30,3,Tier-2 Private,Data Science,Data Scientist,1,Vadodara,3.6,3.2,2,12.1,5.46
EMP00868,Female,26,2,Distance Learning,Product,Associate Product Manager,1,Chennai,2.5,2.2,1,15.8,4.13
EMP00869,Male,42,20,Other,Marketing,Content Strategist,6,Nagpur,3.8,,31,20.0,48.72
EMP00870,Male,37,10,Tier-2 Private,Marketing,Digital Marketing Manager,4,Bangalore,3.3,3.8,1,18.2,19.31
EMP00871,Female,39,16,Diploma,Product,Director of Product,5,Mysore,3.5,3.2,5,10.4,19.26
EMP00872,Male,30,7,Central University,Finance,Financial Analyst,2,Pune,2.7,3.1,5,10.6,8.9
EMP00873,Female,36,14,Distance Learning,Product,Group Product Manager,4,Mumbai,3.8,2.8,35,17.3,25.14
EMP00874,Male,28,3,BITS,Customer Support,Customer Support Executive,1,Indore,3.0,2.6,10,5.5,5.99
EMP00875,Female,33,6,IIM,Operations,Operations Manager,2,Pune,4.1,2.5,7,6.0,8.34
EMP00876,Female,32,7,Central University,Customer Support,Customer Success Manager,3,Nagpur,4.6,2.6,4,6.7,10.51
EMP00877,Male,42,15,IIM,Operations,Operations Manager,3,Bangalore,3.6,3.2,2,6.7,16.57
EMP00878,Male,34,7,Tier-2 Private,HR,HR Manager,2,Raipur,2.7,4.5,30,7.6,11.35
EMP00879,Female,30,3,NIT,Marketing,Marketing Executive,1,Ranchi,2.9,3.7,15,17.4,4.84
EMP00880,Female,28,6,State University,Product,Senior Product Manager,3,Chennai,3.6,2.7,13,11.3,10.39
EMP00881,Male,24,1,Other,Data Science,Data Analyst,1,Jaipur,3.8,2.5,14,8.6,5.95
EMP00882,Female,24,1,Tier-2 Private,Sales,Account Manager,1,Bangalore,3.1,2.7,18,29.6,5.04
EMP00883,Female,35,10,Tier-2 Private,Finance,Finance Manager,3,Thiruvananthapuram,3.3,4.3,9,11.3,10.06
EMP00884,Male,31,4,NIT,Data Science,Senior Data Scientist,2,Chennai,4.0,4.1,58,14.2,12.0
EMP00885,Male,28,5,Tier-2 Private,Marketing,Marketing Manager,3,Delhi,4.4,3.5,68,13.8,11.49
EMP00886,Male,35,10,NIT,Marketing,Brand Manager,2,Mysore,3.5,3.6,36,19.1,11.86
EMP00887,Male,39,16,Central University,Operations,Process Improvement Specialist,5,Bangalore,4.0,4.4,22,9.5,30.95
EMP00888,Male,33,8,Other,Customer Support,Support Team Lead,3,Patna,3.5,3.6,3,6.7,11.42
EMP00889,Male,49,23,BITS,Customer Support,Customer Success Manager,6,Indore,3.8,5.0,17,9.2,50.0
EMP00890,Female,32,8,Distance Learning,Legal,Legal Associate,2,Jaipur,3.0,3.4,3,9.3,10.04
EMP00891,Male,29,7,BITS,Legal,Legal Manager,2,Hyderabad,3.8,,95,11.3,11.91
EMP00892,Female,31,7,Distance Learning,Customer Support,Customer Success Manager,2,Jaipur,4.6,1.9,9,5.9,7.85
EMP00893,Male,28,2,IIT,Sales,Sales Executive,1,Indore,3.8,,6,32.1,7.8
EMP00894,Male,38,11,Central University,Engineering,Lead Engineer,3,Hyderabad,3.8,3.5,7,11.2,20.61
EMP00895,Female,26,1,Tier-2 Private,Product,Associate Product Manager,1,Kolkata,2.8,2.6,25,16.6,4.86
EMP00896,Female,30,4,Diploma,Marketing,Brand Manager,2,Indore,3.8,3.8,15,20.5,6.59
EMP00897,Male,30,6,Central University,Sales,Sales Executive,2,Chennai,1.9,3.8,7,25.7,9.79
EMP00898,Male,30,3,Distance Learning,Sales,Senior Account Manager,2,Visakhapatnam,4.0,,6,31.0,6.41
EMP00899,Male,31,4,BITS,Legal,Senior Legal Counsel,2,Bangalore,4.7,3.8,3,10.3,12.22
EMP00900,Male,48,21,IIIT,Data Science,Data Engineer,6,Vadodara,3.1,,36,12.2,45.68
EMP00901,Male,40,13,State University,HR,HR Business Partner,3,Lucknow,3.3,4.2,57,11.7,15.68
EMP00902,Male,28,3,Diploma,Sales,Sales Executive,1,Delhi,4.3,3.7,3,30.3,8.59
EMP00903,Male,31,4,Tier-2 Private,Finance,Finance Manager,2,Bhopal,2.8,3.3,13,15.8,8.1
EMP00904,Male,27,2,Tier-2 Private,Finance,Financial Analyst,1,Guwahati,3.9,4.5,1,11.2,6.23
EMP00905,Female,34,9,BITS,Operations,Process Improvement Specialist,3,Thiruvananthapuram,2.9,2.6,5,5.4,9.96
EMP00906,Female,30,5,Diploma,Legal,Legal Associate,1,Kolkata,4.0,2.3,3,10.4,5.75
EMP00907,Male,24,1,IIT,Marketing,Marketing Manager,1,Mumbai,3.3,3.2,29,15.3,7.63
EMP00908,Male,33,6,"Top Private (ISB, XLRI, SP Jain)",Marketing,Marketing Executive,2,Bangalore,1.3,2.4,6,19.3,8.34
EMP00909,Male,32,8,Central University,Engineering,Staff Engineer,2,Raipur,2.7,2.5,21,12.2,11.41
EMP00910,Male,36,11,Tier-2 Private,Product,Group Product Manager,3,Nagpur,3.4,3.4,22,16.2,13.85
EMP00911,Female,32,5,Distance Learning,Engineering,Senior Software Engineer,1,Pune,5.0,3.3,13,12.8,7.77
EMP00912,Female,26,4,Other,Customer Support,Customer Support Executive,2,Pune,3.3,3.1,1,5.4,5.07
EMP00913,Female,47,24,Diploma,Legal,Company Secretary,6,Patna,2.9,3.7,9,11.1,37.27
EMP00914,Female,33,6,"Top Private (ISB, XLRI, SP Jain)",Sales,Account Manager,1,Bangalore,3.7,3.0,6,33.9,7.46
EMP00915,Female,34,10,Other,Product,Group Product Manager,3,Coimbatore,1.0,2.0,4,15.4,8.45
EMP00916,Female,29,4,Tier-2 Private,Marketing,Brand Manager,2,Mumbai,4.5,,19,20.4,8.57
EMP00917,Male,34,9,Diploma,Engineering,Senior Software Engineer,3,Kolkata,4.0,3.5,29,13.1,16.62
EMP00918,Male,29,2,Tier-2 Private,Customer Support,Support Team Lead,1,Chennai,3.1,4.1,23,8.7,6.25
EMP00919,Male,29,4,Tier-2 Private,Engineering,Senior Software Engineer,3,Kolkata,4.1,4.0,10,14.3,14.32
EMP00920,Male,26,2,Tier-2 Private,Operations,Operations Manager,1,Kolkata,3.7,4.4,10,9.0,8.5
EMP00921,Male,25,3,Diploma,Marketing,Marketing Manager,1,Chennai,3.4,3.0,6,14.6,7.25
EMP00922,Female,38,14,"Top Private (ISB, XLRI, SP Jain)",HR,Talent Acquisition Specialist,3,Mumbai,3.9,2.5,5,5.3,13.01
EMP00923,Female,28,3,Other,Engineering,Software Engineer,1,Patna,3.4,3.2,12,13.7,4.61
EMP00924,Male,36,10,NIT,Finance,Controller,3,Visakhapatnam,3.6,3.5,20,13.7,14.36
EMP00925,Male,43,17,Diploma,Legal,Company Secretary,5,Hyderabad,3.9,4.5,12,12.3,33.96
EMP00926,Male,31,5,Tier-2 Private,Legal,Legal Manager,2,Delhi,3.2,4.0,27,11.8,11.12
EMP00927,Male,36,12,Tier-2 Private,Marketing,Content Strategist,4,Mumbai,3.4,3.7,1,24.7,23.44
EMP00928,Female,30,8,Central University,HR,HR Manager,3,Hyderabad,2.6,2.4,6,11.1,10.61
EMP00929,Female,29,6,Central University,Legal,Legal Manager,2,Indore,2.5,2.8,44,12.4,4.71
EMP00930,Female,34,10,Other,Operations,Logistics Manager,4,Thiruvananthapuram,2.1,2.2,12,6.0,11.25
EMP00931,Male,48,21,Central University,Marketing,Growth Manager,6,Chandigarh,3.8,3.0,5,20.0,43.69
EMP00932,Male,29,3,IIIT,Customer Support,Support Team Lead,1,Delhi,3.2,3.7,1,9.7,7.96
EMP00933,Male,30,3,"Top Private (ISB, XLRI, SP Jain)",Customer Support,Support Team Lead,1,Mumbai,2.6,3.9,25,5.7,8.3
EMP00934,Female,29,2,Diploma,Product,Associate Product Manager,1,Mumbai,3.2,3.7,1,16.2,4.67
EMP00935,Female,34,12,Diploma,Engineering,Staff Engineer,4,Delhi,2.7,,6,14.4,16.85
EMP00936,Male,35,13,NIT,Sales,Senior Account Manager,4,Delhi,3.6,,6,15.9,27.74
EMP00937,Female,29,4,Other,Data Science,Data Scientist,2,Delhi,4.3,2.9,24,10.8,8.85
EMP00938,Male,24,1,Diploma,Legal,Legal Associate,1,Bangalore,4.6,3.1,22,10.2,8.34
EMP00939,Female,30,3,IIIT,Sales,Sales Executive,1,Hyderabad,3.4,4.2,5,21.4,7.46
EMP00940,Male,32,8,Distance Learning,Engineering,Senior Software Engineer,3,Patna,3.4,3.3,40,8.5,12.63
EMP00941,Male,27,5,Tier-2 Private,HR,HR Manager,3,Hyderabad,2.1,3.4,4,10.1,10.17
EMP00942,Female,29,6,Central University,Sales,Account Manager,2,Coimbatore,2.3,3.2,18,21.8,6.32
EMP00943,Male,28,4,Central University,Engineering,Lead Engineer,3,Mysore,4.6,2.6,22,9.0,13.32
EMP00944,Male,34,12,State University,Legal,Company Secretary,4,Mysore,3.6,3.5,39,14.9,21.19
EMP00945,Male,30,7,Diploma,Data Science,Data Scientist,2,Thiruvananthapuram,4.4,2.5,7,13.3,10.97
EMP00946,Male,34,9,NIT,HR,HR Manager,3,Chandigarh,2.0,4.0,17,7.2,13.6
EMP00947,Female,33,6,State University,Engineering,Senior Software Engineer,1,Bangalore,3.4,3.0,10,9.1,7.61
EMP00948,Female,33,8,Diploma,Data Science,Senior Data Scientist,3,Delhi,2.1,2.9,2,14.4,11.21
EMP00949,Female,30,8,Other,Sales,Account Manager,3,Chennai,1.8,2.0,1,31.1,8.86
EMP00950,Male,27,3,"Top Private (ISB, XLRI, SP Jain)",Engineering,Senior Software Engineer,1,Indore,2.8,3.8,15,10.8,9.28
EMP00951,Male,33,7,State University,Legal,Compliance Officer,3,Hyderabad,5.0,5.0,5,13.9,14.21
EMP00952,Male,34,10,BITS,Engineering,Staff Engineer,2,Kolkata,2.9,3.2,1,13.1,16.04
EMP00953,Male,38,13,Other,Operations,Process Improvement Specialist,3,Delhi,4.5,3.6,31,5.1,15.4
EMP00954,Male,35,8,NIT,Finance,Senior Financial Analyst,3,Chennai,3.3,4.7,12,15.2,17.22
EMP00955,Female,25,3,Other,Operations,Operations Executive,1,Ranchi,4.5,5.0,24,9.0,6.1
EMP00956,Female,27,3,IIIT,Operations,Operations Manager,2,Chandigarh,4.0,2.5,12,8.3,7.54
EMP00957,Female,29,4,Tier-2 Private,Operations,Operations Manager,2,Delhi,4.6,4.1,29,8.0,8.03
EMP00958,Male,32,6,State University,HR,HR Executive,2,Bhopal,3.1,1.7,11,8.9,6.38
EMP00959,Male,32,5,Tier-2 Private,Customer Support,Customer Support Executive,1,Kochi,3.7,,21,6.1,5.65
EMP00960,Male,25,2,IIIT,HR,HR Executive,1,Surat,3.6,2.3,3,9.4,6.5
EMP00961,Male,26,2,State University,Legal,Senior Legal Counsel,2,Raipur,5.0,3.3,2,9.8,8.26
EMP00962,Male,27,1,Tier-2 Private,Marketing,Marketing Executive,1,Kochi,4.2,2.2,2,15.2,5.74
EMP00963,Male,27,0,State University,Operations,Supply Chain Analyst,2,Surat,3.4,4.5,28,6.2,4.77
EMP00964,Male,31,5,NIT,Operations,Operations Manager,3,Mumbai,5.0,3.6,30,7.3,13.6
EMP00965,Female,56,30,Tier-2 Private,Finance,Accounts Manager,6,Bhopal,5.0,3.7,8,13.7,50.0
EMP00966,Male,44,21,Other,Legal,Compliance Officer,5,Pune,3.0,3.4,1,12.9,36.22
EMP00967,Female,27,3,State University,Product,Product Manager,1,Mysore,3.7,2.9,24,14.0,5.31
EMP00968,Male,31,6,Other,Legal,Senior Legal Counsel,2,Lucknow,3.2,3.5,14,11.5,9.13
EMP00969,Male,25,2,Tier-2 Private,Data Science,Data Scientist,1,Hyderabad,2.2,5.0,20,9.8,8.56
EMP00970,Male,28,2,IIT,Sales,Sales Executive,1,Lucknow,3.6,3.7,40,30.3,7.6
EMP00971,Male,27,2,State University,Legal,Senior Legal Counsel,1,Delhi,1.1,3.7,16,8.4,6.21
EMP00972,Male,29,5,NIT,Product,Group Product Manager,3,Indore,3.6,2.9,4,11.2,13.0
EMP00973,Male,29,5,State University,Product,Associate Product Manager,2,Vadodara,3.5,2.9,14,14.0,8.53
EMP00974,Female,33,7,State University,Customer Support,Customer Success Manager,2,Delhi,3.4,2.8,23,6.7,8.86
EMP00975,Male,33,9,Other,Operations,Process Improvement Specialist,3,Nagpur,3.3,4.0,20,7.6,11.97
EMP00976,Female,27,4,Diploma,Legal,Legal Manager,2,Lucknow,3.2,3.5,45,8.5,7.55
EMP00977,Male,30,6,IIM,Customer Support,Customer Success Manager,2,Vadodara,2.1,2.2,5,7.0,7.67
EMP00978,Male,26,2,Distance Learning,Customer Support,Customer Support Executive,1,Vadodara,2.4,3.9,3,8.9,6.52
EMP00979,Male,27,2,BITS,Legal,Legal Associate,1,Hyderabad,3.5,4.1,9,11.6,11.2
EMP00980,Male,29,2,IIM,Operations,Operations Executive,1,Bangalore,3.5,4.0,2,5.4,8.53
EMP00981,Female,33,9,Diploma,Customer Support,Support Manager,3,Kolkata,4.2,3.7,7,6.7,12.01
EMP00982,Female,27,4,State University,Finance,Finance Manager,3,Mumbai,3.1,3.7,15,14.5,9.41
EMP00983,Female,28,1,State University,HR,HR Executive,1,Bangalore,2.6,3.6,2,7.6,4.97
EMP00984,Male,27,5,Tier-2 Private,Marketing,Marketing Manager,3,Ahmedabad,3.3,2.7,13,15.0,9.98
EMP00985,Male,29,2,"Top Private (ISB, XLRI, SP Jain)",Finance,Senior Financial Analyst,1,Thiruvananthapuram,1.7,4.3,32,12.2,5.45
EMP00986,Female,41,19,Central University,Finance,Accounts Manager,5,Kochi,3.6,4.5,13,11.2,30.29
EMP00987,Male,28,4,Central University,Customer Support,Customer Success Manager,2,Kochi,4.0,4.5,4,7.2,7.94
EMP00988,Male,36,9,Central University,Finance,Controller,3,Kolkata,4.6,3.8,13,10.1,18.18
EMP00989,Male,34,12,Central University,Data Science,Senior Data Scientist,4,Pune,3.7,3.5,3,13.5,27.48
EMP00990,Female,25,3,Tier-2 Private,Marketing,Marketing Executive,1,Hyderabad,2.6,2.9,21,15.9,6.31
EMP00991,Female,31,6,NIT,Finance,Controller,3,Pune,2.9,2.0,34,17.5,9.15
EMP00992,Female,31,8,Other,Customer Support,Support Team Lead,3,Raipur,3.4,4.0,13,5.3,7.63
EMP00993,Female,28,6,Tier-2 Private,Sales,Senior Account Manager,2,Vadodara,2.9,2.3,1,32.6,7.17
EMP00994,Male,33,7,Tier-2 Private,Marketing,Marketing Manager,2,Raipur,2.6,3.3,23,12.9,9.81
EMP00995,Female,29,2,Distance Learning,Legal,Legal Associate,1,Thiruvananthapuram,3.0,3.0,34,13.3,4.97
EMP00996,Male,34,8,State University,Marketing,Brand Manager,2,Kolkata,4.3,4.5,18,19.9,13.97
EMP00997,Female,31,4,Distance Learning,Product,Product Manager,1,Bangalore,3.8,3.8,4,16.6,5.78
EMP00998,Male,32,7,BITS,Operations,Operations Executive,1,Hyderabad,4.2,3.2,84,6.8,9.38
EMP00999,Female,36,11,Distance Learning,Operations,Supply Chain Analyst,2,Pune,2.9,3.2,1,5.1,8.84
EMP01000,Male,36,9,NIT,Product,Product Manager,3,Hyderabad,4.6,3.5,15,15.4,20.73
EMP01001,Male,32,7,NIT,Data Science,Data Scientist,1,Chandigarh,3.8,4.0,50,11.0,11.05
EMP01002,Male,31,9,State University,Engineering,Staff Engineer,3,Indore,3.8,2.9,10,10.3,16.4
EMP01003,Male,32,9,Other,Finance,Finance Manager,3,Patna,3.5,,3,12.9,13.59
EMP01004,Male,42,17,NIT,Sales,Sales Manager,4,Mumbai,1.5,,8,32.0,26.23
EMP01005,Female,32,5,Central University,Legal,Legal Manager,2,Kochi,4.6,5.0,1,9.1,8.2
EMP01006,Male,31,6,IIM,Finance,Controller,3,Ahmedabad,3.7,3.0,16,16.7,14.8
EMP01007,Female,35,11,Central University,Operations,Supply Chain Analyst,2,Ahmedabad,2.7,,12,5.3,9.65
EMP01008,Male,27,4,State University,Product,Product Manager,2,Visakhapatnam,5.0,,11,17.4,11.97
EMP01009,Female,28,2,Diploma,Data Science,Data Scientist,1,Bangalore,3.5,3.2,2,10.6,7.01
EMP01010,Male,35,8,Tier-2 Private,HR,Talent Acquisition Specialist,3,Hyderabad,3.2,4.5,8,6.1,15.6
EMP01011,Female,28,5,Central University,Finance,Finance Manager,3,Bangalore,2.7,3.7,1,12.1,11.48
EMP01012,Female,27,2,"Top Private (ISB, XLRI, SP Jain)",Data Science,Data Analyst,1,Pune,3.0,3.2,10,12.1,7.01
EMP01013,Male,32,8,Tier-2 Private,Product,Group Product Manager,3,Bangalore,2.2,,29,17.9,11.71
EMP01014,Female,39,16,BITS,Product,Director of Product,6,Jaipur,3.1,4.3,5,16.9,37.69
EMP01015,Male,25,1,Other,Finance,Finance Manager,2,Surat,3.4,,6,13.2,6.28
EMP01016,Male,34,12,Central University,HR,Learning & Development Manager,5,Delhi,3.9,3.4,15,10.5,32.57
EMP01017,Female,26,1,Tier-2 Private,Legal,Legal Associate,1,Bangalore,2.0,2.8,26,9.5,3.73
EMP01018,Female,26,4,Other,Customer Support,Customer Success Manager,2,Mumbai,2.9,4.6,36,8.7,5.2
EMP01019,Male,45,21,State University,HR,Compensation Analyst,6,Kolkata,2.5,2.7,1,9.1,50.0
EMP01020,Male,31,4,State University,Product,Senior Product Manager,2,Pune,4.2,3.8,1,19.2,14.29
EMP01021,Female,28,6,Other,Data Science,Data Analyst,2,Bhopal,4.0,3.5,1,13.3,9.37
EMP01022,Female,33,10,BITS,Marketing,Digital Marketing Manager,3,Delhi,2.0,2.5,1,20.3,14.02
EMP01023,Female,27,1,Tier-2 Private,Operations,Operations Executive,1,Kolkata,3.3,3.1,15,6.4,4.16
EMP01024,Male,33,6,Diploma,HR,HR Business Partner,2,Surat,4.6,3.3,6,6.5,10.59
EMP01025,Female,33,6,Central University,Data Science,Data Scientist,2,Chandigarh,4.1,2.9,62,8.5,7.73
EMP01026,Male,44,22,State University,Sales,Business Development Manager,6,Pune,3.2,3.7,2,20.9,50.0
EMP01027,Female,25,2,Diploma,Finance,Financial Analyst,2,Bangalore,3.8,3.5,2,12.6,6.62
EMP01028,Male,31,4,IIIT,HR,HR Manager,1,Patna,4.1,3.4,9,10.8,7.16
EMP01029,Female,28,3,BITS,Legal,Legal Associate,1,Thiruvananthapuram,4.9,4.7,11,8.5,7.27
EMP01030,Male,29,2,IIT,Sales,Account Manager,2,Lucknow,3.2,,17,16.5,9.22
EMP01031,Male,35,13,Distance Learning,HR,HR Business Partner,4,Kolkata,4.6,3.8,7,8.1,24.8
EMP01032,Female,28,6,BITS,Legal,Legal Manager,2,Kochi,3.1,3.4,67,11.7,7.54
EMP01033,Male,27,4,NIT,Product,Associate Product Manager,2,Lucknow,3.0,4.0,22,13.1,9.32
EMP01034,Female,26,4,Tier-2 Private,Product,Product Manager,2,Pune,3.4,3.4,2,10.1,7.8
EMP01035,Male,31,4,State University,Product,Product Manager,2,Kolkata,3.6,3.0,19,14.6,8.94
EMP01036,Female,30,4,Distance Learning,Legal,Legal Manager,2,Pune,4.1,3.8,7,13.2,8.75
EMP01037,Male,26,2,Other,Legal,Legal Associate,1,Kolkata,3.4,3.6,6,12.0,7.48
EMP01038,Male,27,5,BITS,Product,Senior Product Manager,2,Kochi,3.1,4.3,1,10.4,9.13
EMP01039,Male,26,4,State University,Data Science,Data Scientist,3,Chandigarh,2.8,4.2,2,8.2,15.08
EMP01040,Male,26,3,NIT,Legal,Legal Associate,2,Vadodara,4.0,4.0,27,14.6,11.42
EMP01041,Male,32,6,IIIT,Marketing,Marketing Manager,2,Patna,3.5,4.3,21,24.4,10.03
EMP01042,Female,33,7,State University,Operations,Operations Manager,1,Raipur,3.7,2.9,4,5.1,5.28
EMP01043,Female,29,4,State University,Data Science,Data Scientist,2,Pune,3.8,3.4,4,12.6,10.22
EMP01044,Female,32,5,Distance Learning,HR,HR Executive,1,Chandigarh,4.6,4.1,16,8.7,5.39
EMP01045,Male,54,27,Diploma,Operations,Logistics Manager,6,Bangalore,4.4,3.8,22,8.6,50.0
EMP01046,Male,52,26,Central University,Marketing,Content Strategist,6,Jaipur,4.1,3.1,5,14.9,50.0
EMP01047,Male,24,2,IIIT,Legal,Legal Associate,1,Hyderabad,3.4,2.9,36,9.0,9.22
EMP01048,Female,30,3,Tier-2 Private,HR,HR Executive,1,Jaipur,2.5,3.8,19,10.5,5.53
EMP01049,Female,29,2,BITS,HR,HR Manager,1,Delhi,3.1,2.9,11,8.3,7.97
EMP01050,Male,37,12,IIT,Product,Senior Product Manager,3,Chandigarh,3.4,3.6,3,12.4,22.3
EMP01051,Female,29,4,Diploma,Operations,Supply Chain Analyst,2,Coimbatore,3.0,4.3,3,7.0,8.46
EMP01052,Male,33,7,Tier-2 Private,Marketing,Marketing Manager,1,Mumbai,4.0,3.0,16,14.1,8.43
EMP01053,Male,49,24,NIT,Operations,Logistics Manager,6,Patna,3.6,4.4,7,9.7,46.74
EMP01054,Male,30,6,State University,Operations,Operations Manager,2,Kolkata,2.8,2.9,3,7.8,9.26
EMP01055,Male,35,9,Tier-2 Private,Finance,Controller,3,Kolkata,4.6,4.4,18,13.9,17.54
EMP01056,Female,34,8,Distance Learning,Finance,FP&A Analyst,4,Kochi,3.9,,96,15.6,13.4
EMP01057,Female,26,4,NIT,Finance,Senior Financial Analyst,2,Delhi,3.6,2.1,7,10.4,7.95
EMP01058,Male,38,12,Tier-2 Private,Finance,Finance Manager,4,Surat,4.4,2.7,2,11.1,20.48
EMP01059,Male,26,3,Tier-2 Private,Legal,Legal Associate,2,Jaipur,2.9,3.0,2,14.4,9.38
EMP01060,Female,40,15,Other,Finance,Controller,4,Kolkata,3.0,3.4,4,13.7,15.63
EMP01061,Female,26,4,Other,Data Science,Data Scientist,2,Ahmedabad,3.2,4.1,3,14.8,7.52
EMP01062,Female,31,4,Central University,Legal,Compliance Officer,3,Mysore,3.9,3.6,27,11.5,8.18
EMP01063,Male,28,2,Tier-2 Private,Product,Associate Product Manager,1,Bangalore,3.8,3.0,9,14.4,7.92
EMP01064,Female,27,3,Diploma,Finance,Financial Analyst,2,Pune,5.0,,10,11.7,8.07
EMP01065,Male,29,4,Diploma,Product,Associate Product Manager,2,Raipur,2.7,3.6,11,14.9,10.08
EMP01066,Female,26,1,Central University,HR,HR Executive,1,Surat,3.6,2.7,8,7.6,4.64
EMP01067,Male,27,5,BITS,Product,Associate Product Manager,2,Patna,3.3,,11,11.4,11.57
EMP01068,Female,29,4,"Top Private (ISB, XLRI, SP Jain)",Customer Support,Customer Support Executive,1,Delhi,3.9,3.3,18,5.2,5.96
EMP01069,Male,36,10,Other,Marketing,Content Strategist,4,Bhopal,4.2,,8,21.7,18.98
EMP01070,Male,31,8,State University,Engineering,Senior Software Engineer,3,Mumbai,3.7,,1,8.3,15.55
EMP01071,Female,27,3,BITS,HR,HR Executive,2,Lucknow,3.8,3.0,16,5.3,6.13
EMP01072,Female,27,4,Diploma,Product,Senior Product Manager,3,Mumbai,3.2,2.7,19,16.0,11.27
EMP01073,Male,27,5,Other,Finance,Senior Financial Analyst,2,Delhi,4.8,,45,13.4,11.09
EMP01074,Female,44,17,Central University,Customer Support,Customer Success Manager,6,Guwahati,3.1,3.6,11,9.1,25.56
EMP01075,Female,28,3,Central University,Data Science,Data Scientist,1,Delhi,1.0,3.9,4,12.1,5.13
EMP01076,Male,27,3,Tier-2 Private,Sales,Sales Executive,1,Kolkata,3.0,4.1,36,17.2,6.56
EMP01077,Male,26,2,Central University,Operations,Operations Manager,1,Lucknow,5.0,3.1,32,7.7,8.44
EMP01078,Male,28,2,Central University,Finance,Finance Manager,2,Dehradun,2.6,3.5,13,16.3,8.55
EMP01079,Female,29,7,Other,Marketing,Brand Manager,2,Chennai,3.9,1.7,10,20.9,7.09
EMP01080,Male,31,6,Diploma,Engineering,Senior Software Engineer,1,Thiruvananthapuram,2.9,3.7,26,12.6,6.91
EMP01081,Male,37,14,Central University,Marketing,Digital Marketing Manager,4,Patna,3.9,3.8,1,24.3,21.64
EMP01082,Female,39,12,IIM,HR,Talent Acquisition Specialist,4,Jaipur,4.4,3.2,3,9.3,17.41
EMP01083,Female,56,30,Other,HR,Learning & Development Manager,6,Delhi,3.1,2.6,28,6.8,47.29
EMP01084,Female,31,5,Tier-2 Private,Sales,Senior Account Manager,3,Coimbatore,4.5,4.0,3,15.4,8.98
EMP01085,Female,27,5,NIT,Customer Support,Customer Support Executive,1,Chennai,4.4,2.5,21,7.2,6.25
EMP01086,Female,24,2,Distance Learning,Marketing,Marketing Manager,1,Mumbai,3.8,4.4,12,17.9,4.69
EMP01087,Female,33,9,Central University,Legal,Compliance Officer,3,Delhi,3.4,2.2,96,8.5,10.37
EMP01088,Female,30,6,State University,Legal,Legal Associate,2,Mumbai,3.3,3.1,33,12.9,9.67
EMP01089,Male,35,9,Distance Learning,Finance,FP&A Analyst,4,Pune,2.8,2.0,9,13.1,14.69
EMP01090,Male,28,2,Diploma,Product,Product Manager,1,Kolkata,2.6,3.1,1,14.4,6.88
EMP01091,Male,31,7,Central University,HR,HR Manager,3,Mumbai,4.0,3.8,1,5.4,14.64
EMP01092,Female,28,6,Central University,Marketing,Brand Manager,3,Dehradun,3.8,,3,13.8,10.35
EMP01093,Male,29,6,Tier-2 Private,Finance,Controller,3,Kolkata,3.8,3.4,17,14.0,11.57
EMP01094,Male,28,3,Other,Engineering,Senior Software Engineer,1,Thiruvananthapuram,4.3,,1,9.2,6.33
EMP01095,Female,36,13,IIM,Sales,Sales Manager,4,Hyderabad,3.5,5.0,12,33.1,21.67
EMP01096,Male,48,25,BITS,HR,Learning & Development Manager,6,Kochi,4.6,3.5,68,7.4,50.0
EMP01097,Male,25,2,"Top Private (ISB, XLRI, SP Jain)",Data Science,Data Analyst,1,Patna,2.2,5.0,14,13.4,7.91
EMP01098,Female,32,10,Diploma,Legal,Legal Associate,2,Delhi,4.9,,42,12.6,13.98
EMP01099,Female,25,0,State University,Customer Support,Customer Support Executive,1,Chandigarh,3.5,2.8,1,5.7,3.88
EMP01100,Male,36,9,Tier-2 Private,Data Science,Senior Data Scientist,2,Surat,2.9,3.3,36,12.0,10.17
EMP01101,Male,28,1,"Top Private (ISB, XLRI, SP Jain)",HR,HR Executive,1,Coimbatore,3.4,4.7,11,9.2,6.27
EMP01102,Male,31,4,Distance Learning,Operations,Operations Executive,2,Kolkata,4.8,2.6,24,9.2,8.57
EMP01103,Female,27,2,IIM,Product,Associate Product Manager,1,Indore,3.0,,3,15.1,5.7
EMP01104,Female,31,5,Tier-2 Private,Finance,Senior Financial Analyst,1,Hyderabad,3.6,3.2,13,12.3,6.86
EMP01105,Male,32,10,Tier-2 Private,Finance,Controller,3,Bangalore,2.7,1.9,12,14.3,11.54
EMP01106,Female,24,1,Central University,Finance,Financial Analyst,1,Delhi,3.8,2.5,6,16.7,6.27
EMP01107,Male,30,4,Tier-2 Private,Operations,Operations Manager,2,Vadodara,4.5,3.4,23,5.8,8.29
EMP01108,Male,31,4,Distance Learning,Engineering,Software Engineer,1,Guwahati,3.7,3.2,7,10.6,7.57
EMP01109,Female,45,18,State University,Operations,Supply Chain Analyst,4,Pune,3.2,,5,7.7,16.77
EMP01110,Male,33,8,State University,HR,Talent Acquisition Specialist,4,Lucknow,3.2,2.6,40,8.9,13.84
EMP01111,Male,24,2,Tier-2 Private,Sales,Account Manager,2,Mysore,3.6,3.6,5,34.2,7.15
EMP01112,Male,31,4,State University,Customer Support,Customer Support Executive,1,Pune,3.9,4.7,24,9.8,7.26
EMP01113,Female,40,17,Diploma,Marketing,Content Strategist,5,Ranchi,4.2,,39,17.1,21.96
EMP01114,Female,31,9,Tier-2 Private,Data Science,Data Scientist,3,Kolkata,2.7,4.1,41,13.6,12.92
EMP01115,Female,29,3,Central University,Marketing,Marketing Manager,1,Delhi,3.1,3.2,14,12.8,5.17
EMP01116,Male,28,5,Tier-2 Private,Product,Senior Product Manager,2,Pune,4.7,4.5,10,15.5,13.42
EMP01117,Male,28,5,IIM,HR,HR Manager,3,Guwahati,3.9,2.5,1,6.3,13.55
EMP01118,Female,30,4,Central University,Product,Product Manager,3,Coimbatore,3.6,,2,10.3,12.08
EMP01119,Male,28,1,Central University,Engineering,Software Engineer,1,Delhi,4.1,4.7,13,14.4,8.41
EMP01120,Female,30,3,Distance Learning,HR,HR Executive,1,Kolkata,1.6,3.8,38,11.8,4.84
EMP01121,Female,37,15,Distance Learning,Finance,Controller,4,Pune,4.0,2.2,18,17.7,19.06
EMP01122,Male,27,4,Diploma,Data Science,Data Analyst,1,Guwahati,5.0,3.0,6,14.0,8.31
EMP01123,Female,31,5,State University,Engineering,Senior Software Engineer,2,Chennai,3.6,2.8,1,9.2,7.75
EMP01124,Male,29,6,Tier-2 Private,Customer Support,Support Team Lead,1,Kolkata,3.7,2.8,18,5.6,8.74
EMP01125,Male,50,28,Tier-2 Private,Legal,Compliance Officer,5,Delhi,3.2,3.4,52,8.5,50.0
EMP01126,Male,31,6,State University,Operations,Operations Executive,1,Chandigarh,2.7,3.5,5,7.5,5.73
EMP01127,Male,38,13,State University,Finance,Finance Manager,4,Mumbai,3.1,3.4,1,17.7,29.16
EMP01128,Female,30,3,Distance Learning,Operations,Operations Manager,1,Ranchi,4.2,2.7,17,9.5,4.88
EMP01129,Female,29,5,State University,HR,HR Business Partner,2,Bhopal,4.0,4.1,22,10.0,6.22
EMP01130,Female,32,6,BITS,Engineering,Staff Engineer,2,Visakhapatnam,2.8,3.2,6,14.0,7.51
EMP01131,Female,28,3,Tier-2 Private,Customer Support,Support Team Lead,1,Jaipur,3.0,2.3,10,9.7,4.75
EMP01132,Male,32,5,Distance Learning,Marketing,Marketing Manager,2,Mumbai,3.0,3.3,10,22.2,8.48
EMP01133,Male,35,11,Tier-2 Private,Marketing,Marketing Manager,3,Mumbai,3.6,,4,24.3,14.53
EMP01134,Female,29,3,Central University,Legal,Senior Legal Counsel,2,Chennai,3.3,2.0,30,14.6,6.62
EMP01135,Female,33,6,Tier-2 Private,Sales,Senior Account Manager,2,Visakhapatnam,3.4,3.0,6,23.0,8.02
EMP01136,Male,36,9,Other,HR,Talent Acquisition Specialist,4,Chennai,2.6,4.5,14,5.3,16.87
EMP01137,Male,27,3,Central University,Legal,Legal Associate,1,Nagpur,4.8,3.4,3,9.7,6.87
EMP01138,Male,38,13,Other,Sales,Account Manager,3,Chandigarh,3.7,3.5,3,34.2,20.43
EMP01139,Male,31,6,Diploma,HR,HR Manager,2,Patna,3.1,4.0,40,6.8,9.24
EMP01140,Female,27,5,Tier-2 Private,Operations,Supply Chain Analyst,2,Ranchi,2.9,2.9,27,6.0,5.47
EMP01141,Male,24,1,Other,Data Science,Data Scientist,2,Coimbatore,3.2,2.8,21,12.5,8.41
EMP01142,Female,30,4,Central University,Customer Support,Customer Support Executive,1,Delhi,4.4,3.8,8,5.4,6.14
EMP01143,Female,29,7,IIT,Legal,Compliance Officer,3,Mysore,4.7,3.3,12,14.1,11.93
EMP01144,Female,45,20,State University,Finance,FP&A Analyst,6,Mumbai,3.0,2.1,47,12.4,35.53
EMP01145,Male,33,9,State University,Engineering,Lead Engineer,3,Mumbai,3.1,3.9,71,14.1,16.22
EMP01146,Male,37,13,Tier-2 Private,Legal,Legal Manager,4,Visakhapatnam,2.2,3.8,2,11.4,21.58
EMP01147,Female,29,2,State University,HR,HR Executive,1,Mysore,2.2,2.1,12,8.4,4.07
EMP01148,Female,28,5,NIT,Product,Associate Product Manager,2,Hyderabad,3.6,1.6,4,15.4,8.79
EMP01149,Male,40,14,Other,Customer Support,Support Manager,4,Ranchi,3.2,3.1,13,7.2,18.86
EMP01150,Female,29,3,Other,HR,HR Executive,1,Bangalore,3.2,5.0,22,5.0,5.71
EMP01151,Male,38,11,State University,Product,Product Manager,3,Coimbatore,3.1,5.0,32,18.3,18.94
EMP01152,Female,36,10,State University,Operations,Supply Chain Analyst,3,Jaipur,3.8,4.4,3,8.3,13.8
EMP01153,Male,32,7,Other,Sales,Account Manager,1,Kochi,3.6,3.1,28,19.8,7.7
EMP01154,Male,28,4,Tier-2 Private,Marketing,Brand Manager,2,Ranchi,4.3,3.0,28,18.0,7.98
EMP01155,Male,29,3,Tier-2 Private,Operations,Supply Chain Analyst,2,Mumbai,5.0,2.7,8,9.0,7.86
EMP01156,Male,47,20,Tier-2 Private,Data Science,Data Engineer,6,Kochi,2.6,2.7,23,14.9,50.0
EMP01157,Male,32,9,Tier-2 Private,Product,Senior Product Manager,3,Jaipur,2.5,4.0,11,13.7,14.24
EMP01158,Male,31,7,Central University,Marketing,Marketing Executive,2,Ranchi,4.8,4.8,3,20.4,9.32
EMP01159,Male,28,4,State University,Data Science,Data Scientist,2,Guwahati,3.5,3.4,17,13.0,8.72
EMP01160,Female,28,6,Other,Data Science,Data Scientist,2,Delhi,4.1,2.9,4,8.8,9.72
EMP01161,Male,29,6,Diploma,HR,HR Manager,1,Chennai,2.6,3.0,26,7.0,8.37
EMP01162,Female,30,8,State University,Marketing,Brand Manager,3,Raipur,2.7,3.1,5,24.0,9.8
EMP01163,Female,36,10,Central University,Finance,Controller,3,Bangalore,4.2,2.7,89,13.6,12.75
EMP01164,Male,27,3,Distance Learning,Engineering,Software Engineer,1,Chennai,2.5,2.6,8,9.8,8.0
EMP01165,Male,27,2,Central University,Finance,Finance Manager,2,Ahmedabad,4.6,3.7,33,14.6,9.21
EMP01166,Female,28,6,Central University,Marketing,Marketing Executive,2,Mumbai,4.2,2.7,21,15.1,8.59
EMP01167,Female,26,1,Other,Customer Support,Customer Success Manager,2,Surat,3.0,2.9,24,9.0,4.38
EMP01168,Male,30,4,IIM,Finance,Financial Analyst,1,Pune,4.7,3.6,1,17.4,11.64
EMP01169,Female,30,4,"Top Private (ISB, XLRI, SP Jain)",HR,HR Executive,1,Delhi,3.9,1.9,3,9.6,6.71
EMP01170,Male,34,8,Distance Learning,Engineering,Staff Engineer,3,Ahmedabad,3.3,2.5,12,12.6,12.94
EMP01171,Male,46,24,Central University,Data Science,Lead Data Scientist,6,Bangalore,3.6,3.7,17,10.3,50.0
EMP01172,Female,26,1,Diploma,Operations,Operations Executive,1,Lucknow,2.0,2.5,55,7.6,3.38
EMP01173,Male,53,29,Tier-2 Private,Marketing,Growth Manager,5,Bangalore,2.4,3.6,14,22.7,48.86
EMP01174,Female,32,5,State University,Finance,Financial Analyst,2,Chandigarh,4.1,2.8,18,14.4,6.43
EMP01175,Male,33,7,State University,Finance,Financial Analyst,1,Kolkata,3.7,3.8,4,10.8,8.91
EMP01176,Female,29,2,"Top Private (ISB, XLRI, SP Jain)",HR,HR Executive,1,Vadodara,4.7,2.2,9,8.8,4.64
EMP01177,Male,34,12,Tier-2 Private,Marketing,Marketing Manager,3,Delhi,3.8,3.0,19,13.1,19.65
EMP01178,Male,30,6,Tier-2 Private,Legal,Legal Associate,1,Bhopal,2.5,4.7,28,10.5,7.67
EMP01179,Male,31,5,State University,Product,Associate Product Manager,2,Kolkata,2.7,3.9,5,19.5,10.26
EMP01180,Male,23,1,Other,Legal,Legal Associate,1,Chennai,2.8,,23,11.1,7.18
EMP01181,Female,31,6,Central University,Customer Support,Customer Support Executive,2,Delhi,3.0,3.3,1,9.5,8.25
EMP01182,Male,33,10,Diploma,HR,Compensation Analyst,4,Hyderabad,3.6,2.7,26,8.3,21.8
EMP01183,Male,27,5,Diploma,Data Science,Data Analyst,1,Delhi,4.5,3.1,60,10.8,9.21
EMP01184,Male,38,13,Tier-2 Private,Marketing,Marketing Manager,3,Bangalore,4.0,3.1,69,19.2,18.37
EMP01185,Male,37,13,IIM,Customer Support,Support Manager,4,Chandigarh,4.5,,16,8.1,20.57
EMP01186,Female,27,3,BITS,HR,HR Executive,1,Kochi,3.8,4.2,8,10.0,6.05
EMP01187,Male,41,18,Distance Learning,Operations,Process Improvement Specialist,5,Chennai,3.2,3.4,18,6.4,33.31
EMP01188,Female,32,6,IIIT,Finance,Finance Manager,3,Hyderabad,2.4,,5,10.9,9.42
EMP01189,Male,31,6,BITS,HR,HR Executive,2,Delhi,4.0,3.1,33,8.3,11.39
EMP01190,Female,32,6,Tier-2 Private,Product,Associate Product Manager,1,Visakhapatnam,3.4,3.6,2,16.4,6.42
EMP01191,Male,32,6,Diploma,Product,Associate Product Manager,1,Bangalore,4.1,2.5,19,11.5,9.37
EMP01192,Male,25,0,BITS,Data Science,Data Scientist,2,Chennai,3.0,4.4,19,8.2,9.58
EMP01193,Female,27,5,Central University,Operations,Operations Manager,1,Bangalore,4.8,4.3,17,8.8,7.0
EMP01194,Female,24,2,Central University,Customer Support,Customer Success Manager,2,Lucknow,4.8,2.7,10,7.1,5.79
EMP01195,Female,45,18,BITS,Finance,Controller,4,Chennai,2.8,3.7,1,15.4,26.11
EMP01196,Male,41,18,State University,Engineering,Principal Engineer,5,Surat,3.8,4.3,9,8.1,37.63
EMP01197,Male,34,10,State University,Marketing,Brand Manager,2,Kochi,2.2,2.9,12,22.8,12.25
EMP01198,Female,29,5,Distance Learning,Finance,Senior Financial Analyst,2,Mysore,2.8,3.0,22,17.3,6.49
EMP01199,Male,29,2,Tier-2 Private,Operations,Operations Executive,2,Hyderabad,2.8,3.4,16,5.6,8.06
EMP01200,Female,29,3,State University,Data Science,Data Analyst,2,Mumbai,3.0,3.6,1,9.0,6.55
EMP01201,Male,47,23,IIIT,Sales,Key Account Manager,6,Patna,3.3,4.6,47,25.9,50.0
EMP01202,Male,29,3,IIT,Engineering,Software Engineer,1,Jaipur,2.9,3.4,53,9.1,8.56
EMP01203,Female,26,1,State University,Finance,Financial Analyst,1,Bangalore,3.6,2.2,30,12.1,5.04
EMP01204,Female,37,12,State University,Data Science,Lead Data Scientist,4,Indore,2.3,,22,13.7,17.17
EMP01205,Male,44,17,Other,Legal,Company Secretary,6,Kochi,4.3,3.1,1,13.3,44.72
EMP01206,Male,45,19,State University,Marketing,Digital Marketing Manager,4,Patna,2.6,3.4,1,24.4,22.78
EMP01207,Female,34,12,IIIT,Customer Support,Customer Success Manager,3,Coimbatore,3.4,4.1,19,9.5,13.25
EMP01208,Male,39,14,Central University,HR,HR Business Partner,4,Nagpur,3.2,2.4,20,7.1,20.19
EMP01209,Male,32,6,Tier-2 Private,Sales,Account Manager,2,Pune,4.3,3.5,14,34.7,13.1
EMP01210,Male,23,1,Central University,Legal,Senior Legal Counsel,1,Jaipur,3.2,4.6,1,11.0,5.84
EMP01211,Female,30,6,"Top Private (ISB, XLRI, SP Jain)",Legal,Legal Associate,2,Bangalore,4.7,3.6,9,11.9,11.88
EMP01212,Female,32,9,Tier-2 Private,Operations,Process Improvement Specialist,4,Dehradun,3.8,2.4,13,6.8,13.62
EMP01213,Male,31,5,State University,Sales,Account Manager,2,Jaipur,2.8,3.7,3,26.6,8.66
EMP01214,Male,27,5,Distance Learning,Legal,Legal Associate,1,Indore,3.3,3.5,4,11.5,6.98
EMP01215,Male,28,3,Central University,Operations,Operations Manager,2,Visakhapatnam,3.5,4.4,16,6.5,8.98
EMP01216,Male,25,3,Central University,HR,HR Executive,1,Kolkata,4.1,4.1,1,8.6,6.46
EMP01217,Male,48,21,IIT,HR,Learning & Development Manager,5,Hyderabad,3.6,3.8,11,10.0,48.18
EMP01218,Male,45,22,Tier-2 Private,Product,Product Analyst,6,Ahmedabad,3.3,4.0,15,15.1,50.0
EMP01219,Female,30,6,IIIT,HR,HR Executive,2,Nagpur,2.9,3.3,8,10.8,8.22
EMP01220,Male,33,7,Distance Learning,Legal,Legal Manager,2,Vadodara,3.9,3.0,32,14.2,8.85
EMP01221,Male,27,3,BITS,Legal,Legal Associate,1,Nagpur,3.2,4.1,53,10.9,10.68
EMP01222,Male,31,9,Tier-2 Private,Marketing,Content Strategist,4,Hyderabad,2.9,,2,21.8,18.33
EMP01223,Female,47,20,Other,Marketing,Content Strategist,6,Indore,2.7,3.5,1,23.9,37.41
EMP01224,Female,24,2,IIM,Sales,Sales Executive,1,Kochi,4.3,,1,30.2,6.74
EMP01225,Male,32,8,Central University,Customer Support,Support Team Lead,3,Lucknow,2.3,2.7,11,7.4,12.58
EMP01226,Female,30,8,"Top Private (ISB, XLRI, SP Jain)",Engineering,Senior Software Engineer,2,Ranchi,3.9,3.1,24,12.9,7.95
EMP01227,Male,34,8,Tier-2 Private,Sales,Sales Manager,4,Coimbatore,3.5,4.6,1,23.4,22.26
EMP01228,Male,42,19,Diploma,Marketing,Growth Manager,5,Bhopal,3.1,4.5,9,16.2,33.53
EMP01229,Female,52,25,Diploma,Product,Director of Product,5,Pune,2.9,3.6,5,16.3,40.67
EMP01230,Male,28,5,State University,Finance,Finance Manager,2,Guwahati,3.5,,14,10.5,9.7
EMP01231,Male,35,9,Diploma,Customer Support,Customer Success Manager,4,Pune,3.1,3.4,17,5.8,17.66
EMP01232,Female,28,6,IIT,Product,Associate Product Manager,2,Surat,3.0,2.8,14,15.6,8.66
EMP01233,Male,25,3,NIT,HR,HR Business Partner,2,Pune,4.3,3.5,19,7.9,9.91
EMP01234,Female,30,7,Other,Operations,Operations Manager,3,Jaipur,3.4,,43,5.9,8.19
EMP01235,Male,36,9,Central University,Product,Group Product Manager,3,Kochi,3.5,3.1,9,19.4,18.71
EMP01236,Male,34,7,Tier-2 Private,Legal,Senior Legal Counsel,2,Hyderabad,2.9,2.7,5,15.0,9.43
EMP01237,Male,28,3,"Top Private (ISB, XLRI, SP Jain)",Engineering,Software Engineer,1,Hyderabad,4.3,,39,10.7,10.91
EMP01238,Male,28,4,NIT,Legal,Senior Legal Counsel,3,Dehradun,4.5,3.3,86,13.0,13.02
EMP01239,Male,27,4,IIT,Operations,Operations Executive,2,Kolkata,3.7,2.9,18,9.1,9.79
EMP01240,Male,26,3,Central University,Legal,Legal Associate,1,Mumbai,4.6,3.6,15,9.8,9.15
EMP01241,Female,31,7,State University,Engineering,Lead Engineer,3,Chandigarh,3.1,3.0,13,9.6,9.95
EMP01242,Male,32,8,Distance Learning,Legal,Compliance Officer,4,Kochi,4.2,,31,12.6,22.64
EMP01243,Male,38,12,Distance Learning,Product,Product Manager,3,Delhi,3.2,3.9,36,13.6,18.03
EMP01244,Male,26,3,Tier-2 Private,Legal,Legal Associate,2,Ahmedabad,3.1,3.8,7,10.1,9.87
EMP01245,Male,26,4,Diploma,Finance,Finance Manager,2,Guwahati,4.6,3.9,11,16.1,8.5
EMP01246,Male,42,17,Diploma,Operations,Logistics Manager,5,Hyderabad,3.2,3.6,3,9.3,27.44
EMP01247,Female,28,5,State University,Customer Support,Customer Support Executive,2,Mumbai,2.7,2.0,44,5.3,6.56
EMP01248,Male,30,6,State University,Sales,Sales Executive,1,Jaipur,2.0,3.6,10,22.7,8.96
EMP01249,Female,31,5,Tier-2 Private,Engineering,Staff Engineer,2,Delhi,3.5,2.3,1,13.9,6.78
EMP01250,Female,40,13,Central University,Product,Group Product Manager,5,Dehradun,2.7,,11,17.3,17.42
EMP01251,Male,38,13,Tier-2 Private,Data Science,Lead Data Scientist,4,Delhi,5.0,3.0,10,14.6,27.11
EMP01252,Male,40,13,IIT,Customer Support,Support Manager,4,Chandigarh,4.9,3.9,6,7.8,22.16
EMP01253,Male,29,6,Tier-2 Private,Finance,Financial Analyst,1,Lucknow,1.1,2.3,1,16.2,5.75
EMP01254,Female,29,3,Other,HR,HR Executive,1,Ahmedabad,4.8,3.1,17,6.7,6.12
EMP01255,Male,50,23,Tier-2 Private,HR,Learning & Development Manager,6,Raipur,2.9,,23,6.0,40.88
EMP01256,Female,34,11,Central University,Product,Group Product Manager,3,Indore,4.5,3.8,8,10.9,12.53
EMP01257,Female,30,4,Tier-2 Private,Finance,Senior Financial Analyst,2,Patna,4.3,,25,17.0,6.45
EMP01258,Female,40,16,Distance Learning,Marketing,Digital Marketing Manager,5,Kochi,4.6,3.6,26,20.9,23.48
EMP01259,Male,31,4,Tier-2 Private,Engineering,Software Engineer,2,Mysore,4.9,3.6,22,10.8,10.72
EMP01260,Female,39,16,Tier-2 Private,Legal,Company Secretary,5,Chennai,2.6,,60,13.2,22.02
EMP01261,Male,44,17,Tier-2 Private,Customer Support,Support Manager,4,Thiruvananthapuram,2.7,3.2,1,9.3,19.84
EMP01262,Male,29,3,State University,Operations,Operations Executive,1,Nagpur,4.1,,14,8.5,6.7
EMP01263,Male,35,9,Other,Marketing,Content Strategist,4,Patna,3.6,,23,12.5,13.27
EMP01264,Female,32,10,State University,Data Science,ML Engineer,3,Bangalore,4.0,,44,10.0,13.57
EMP01265,Male,52,30,Distance Learning,Finance,FP&A Analyst,6,Indore,3.2,4.6,16,10.6,50.0
EMP01266,Female,28,3,Tier-2 Private,Marketing,Marketing Executive,2,Kochi,4.2,3.1,7,21.5,7.11
EMP01267,Male,40,16,Diploma,Data Science,Data Engineer,6,Dehradun,2.5,3.5,18,14.4,38.89
EMP01268,Female,29,6,Tier-2 Private,Sales,Account Manager,2,Coimbatore,5.0,,9,24.5,5.95
EMP01269,Male,29,2,State University,Marketing,Marketing Executive,1,Dehradun,5.0,5.0,4,19.6,6.5
EMP01270,Male,29,5,State University,Operations,Operations Executive,2,Bangalore,2.1,3.4,26,8.7,9.45
EMP01271,Female,30,6,Diploma,HR,HR Business Partner,3,Kochi,4.8,4.2,8,5.0,9.54
EMP01272,Male,25,2,Other,Data Science,Data Scientist,1,Thiruvananthapuram,2.1,,8,10.6,6.08
EMP01273,Male,34,7,IIM,Operations,Operations Manager,3,Jaipur,4.0,2.6,12,5.6,14.23
EMP01274,Female,35,11,Central University,Sales,Senior Account Manager,3,Hyderabad,2.7,2.8,33,25.5,9.9
EMP01275,Male,30,7,NIT,Marketing,Marketing Manager,2,Lucknow,3.9,,13,13.6,10.7
EMP01276,Male,30,4,Central University,Operations,Operations Executive,1,Ranchi,2.5,3.7,62,9.7,5.41
EMP01277,Male,27,5,Tier-2 Private,Customer Support,Support Team Lead,3,Vadodara,3.8,3.1,16,7.6,10.54
EMP01278,Male,31,6,Tier-2 Private,Product,Senior Product Manager,2,Hyderabad,3.4,,12,18.9,10.74
EMP01279,Female,32,7,Tier-2 Private,Legal,Senior Legal Counsel,3,Kolkata,3.3,3.4,31,11.8,9.38
EMP01280,Female,36,13,State University,Finance,Finance Manager,4,Delhi,3.8,2.7,22,16.6,17.59
EMP01281,Male,33,7,Tier-2 Private,Engineering,Senior Software Engineer,2,Hyderabad,2.1,,10,9.0,13.44
EMP01282,Male,24,2,Central University,Marketing,Marketing Executive,1,Delhi,4.0,2.8,19,15.6,5.7
EMP01283,Male,31,4,Central University,Legal,Compliance Officer,3,Dehradun,3.2,4.1,6,8.3,12.37
EMP01284,Female,33,6,BITS,Operations,Operations Manager,2,Pune,2.3,,38,10.0,6.91
EMP01285,Female,36,13,Other,Finance,FP&A Analyst,4,Hyderabad,4.0,,9,10.3,17.72
EMP01286,Female,39,15,Central University,Customer Support,Support Manager,4,Guwahati,3.0,3.7,25,5.0,12.18
EMP01287,Male,43,20,State University,Customer Support,Customer Success Manager,5,Vadodara,3.5,4.0,24,7.5,32.52
EMP01288,Male,31,6,BITS,Customer Support,Customer Success Manager,3,Nagpur,3.8,2.8,9,9.6,12.57
EMP01289,Male,34,10,Diploma,HR,HR Business Partner,3,Mumbai,3.4,4.1,6,9.6,19.28
EMP01290,Male,26,2,Other,Operations,Operations Executive,1,Indore,3.5,3.9,8,5.8,6.58
EMP01291,Male,35,8,Tier-2 Private,HR,HR Business Partner,3,Guwahati,4.0,4.1,30,7.9,10.1
EMP01292,Female,27,2,Central University,Marketing,Brand Manager,2,Bhopal,3.3,3.2,4,17.1,5.88
EMP01293,Male,32,5,Tier-2 Private,HR,HR Business Partner,2,Mumbai,4.3,3.9,33,11.2,10.94
EMP01294,Male,55,30,Tier-2 Private,Engineering,DevOps Engineer,6,Thiruvananthapuram,4.4,4.0,87,10.8,50.0
EMP01295,Male,31,7,Central University,Data Science,Data Analyst,1,Pune,3.0,5.0,4,9.6,7.77
EMP01296,Male,25,3,State University,HR,HR Business Partner,2,Raipur,3.1,2.4,4,7.0,5.72
EMP01297,Male,30,8,Tier-2 Private,Marketing,Digital Marketing Manager,3,Thiruvananthapuram,4.0,3.9,5,23.0,13.42
EMP01298,Male,29,4,Distance Learning,Marketing,Marketing Manager,2,Kolkata,4.8,4.1,1,19.1,10.04
EMP01299,Female,28,3,State University,Customer Support,Customer Support Executive,1,Hyderabad,4.4,3.5,6,5.3,6.45
EMP01300,Male,51,26,Tier-2 Private,Operations,Logistics Manager,6,Nagpur,2.8,4.3,1,8.7,50.0
EMP01301,Male,39,12,Diploma,Engineering,Staff Engineer,3,Mumbai,3.3,4.3,15,14.4,20.82
EMP01302,Male,29,7,State University,Customer Support,Support Team Lead,2,Vadodara,2.8,3.9,11,9.5,9.61
EMP01303,Female,29,4,Tier-2 Private,Legal,Legal Manager,2,Bangalore,4.7,3.2,6,10.0,9.7
EMP01304,Male,30,4,Tier-2 Private,Data Science,Senior Data Scientist,2,Thiruvananthapuram,3.8,2.2,10,10.0,9.55
EMP01305,Female,42,17,NIT,Legal,Compliance Officer,6,Kolkata,2.7,4.8,7,11.7,38.73
EMP01306,Female,30,7,Central University,Finance,Financial Analyst,1,Mysore,3.2,1.7,6,12.1,4.3
EMP01307,Female,24,0,BITS,Finance,Senior Financial Analyst,1,Ahmedabad,2.7,3.8,1,15.6,4.59
EMP01308,Female,52,30,Other,HR,Learning & Development Manager,6,Chennai,3.2,3.6,44,10.5,47.44
EMP01309,Male,29,6,Other,Customer Support,Support Manager,3,Mumbai,4.0,2.7,29,9.2,14.03
EMP01310,Female,33,7,State University,Finance,Senior Financial Analyst,2,Hyderabad,3.0,4.9,11,15.5,7.98
EMP01311,Male,37,12,NIT,HR,Talent Acquisition Specialist,4,Jaipur,3.6,4.3,37,10.9,18.93
EMP01312,Female,35,8,Central University,Data Science,Senior Data Scientist,3,Mysore,3.7,3.6,1,13.8,10.56
EMP01313,Male,36,10,State University,Engineering,Lead Engineer,3,Vadodara,2.0,2.7,11,9.2,16.18
EMP01314,Male,27,4,BITS,HR,HR Executive,1,Indore,2.1,4.7,42,10.8,9.13
EMP01315,Male,28,2,NIT,Product,Associate Product Manager,2,Lucknow,3.1,,5,13.9,9.56
EMP01316,Female,33,7,Tier-2 Private,Engineering,Staff Engineer,2,Raipur,2.8,3.5,1,9.0,8.29
EMP01317,Male,39,16,Tier-2 Private,Engineering,Engineering Manager,6,Jaipur,3.8,4.9,22,13.1,43.56
EMP01318,Male,25,3,NIT,Finance,Financial Analyst,1,Ranchi,3.2,3.8,9,15.4,7.56
EMP01319,Female,29,3,Distance Learning,Product,Associate Product Manager,1,Chennai,4.1,,15,18.2,4.86
EMP01320,Female,40,14,Tier-2 Private,Customer Support,Customer Success Manager,4,Mumbai,3.9,3.3,25,5.5,20.33
EMP01321,Male,26,4,IIM,Marketing,Marketing Executive,2,Kolkata,4.2,4.2,1,23.9,12.02
EMP01322,Male,28,4,Central University,Marketing,Marketing Manager,2,Patna,3.1,4.0,45,15.1,7.7
EMP01323,Male,31,4,Central University,Data Science,Data Analyst,2,Dehradun,3.3,3.3,45,8.6,8.49
EMP01324,Female,31,5,Tier-2 Private,Data Science,Senior Data Scientist,2,Vadodara,5.0,2.5,1,11.6,8.46
EMP01325,Male,28,2,State University,Product,Product Manager,1,Pune,2.7,,22,14.2,8.87
EMP01326,Female,28,4,"Top Private (ISB, XLRI, SP Jain)",Legal,Senior Legal Counsel,2,Kolkata,4.0,3.8,16,10.0,10.51
EMP01327,Male,29,7,State University,Operations,Supply Chain Analyst,2,Hyderabad,4.3,3.5,11,9.5,10.14
EMP01328,Male,31,7,Other,Data Science,Data Analyst,2,Pune,3.9,3.0,41,8.2,13.36
EMP01329,Male,39,13,Other,Engineering,Lead Engineer,4,Vadodara,4.2,3.6,21,13.9,19.53
EMP01330,Male,48,21,State University,Product,Director of Product,6,Bangalore,3.5,2.8,14,11.0,48.09
EMP01331,Female,42,17,Central University,Product,Product Analyst,5,Patna,3.9,2.9,3,18.2,23.99
EMP01332,Male,33,11,IIM,Customer Support,Support Manager,3,Hyderabad,3.7,2.3,15,6.3,18.3
EMP01333,Male,30,5,BITS,Data Science,Data Analyst,1,Pune,2.4,3.7,19,9.6,9.92
EMP01334,Female,26,3,Central University,Sales,Account Manager,1,Mumbai,3.3,3.9,15,22.4,6.03
EMP01335,Female,31,6,"Top Private (ISB, XLRI, SP Jain)",Finance,Financial Analyst,1,Chennai,2.3,3.3,16,13.8,5.56
EMP01336,Female,33,9,Central University,Finance,Finance Manager,3,Kochi,4.0,3.6,33,11.5,12.52
EMP01337,Male,35,10,"Top Private (ISB, XLRI, SP Jain)",Product,Product Manager,3,Raipur,3.7,3.7,2,19.2,21.44
EMP01338,Female,34,9,State University,Operations,Process Improvement Specialist,4,Surat,4.3,3.6,1,6.5,13.85
EMP01339,Female,30,5,Distance Learning,Operations,Operations Manager,2,Pune,2.6,,2,6.0,8.22
EMP01340,Male,32,10,"Top Private (ISB, XLRI, SP Jain)",Marketing,Marketing Manager,3,Nagpur,3.6,4.0,1,22.7,17.55
EMP01341,Male,41,14,Diploma,Customer Support,Customer Success Manager,4,Bangalore,3.6,4.4,2,6.4,24.97
EMP01342,Female,36,11,Central University,Legal,Senior Legal Counsel,3,Chennai,5.0,2.2,8,14.4,11.53
EMP01343,Male,30,5,Central University,Sales,Sales Manager,3,Lucknow,3.3,4.2,45,31.7,10.71
EMP01344,Male,27,3,Tier-2 Private,HR,HR Executive,1,Pune,3.1,3.4,54,7.4,8.32
EMP01345,Female,25,3,"Top Private (ISB, XLRI, SP Jain)",HR,HR Executive,2,Bangalore,3.5,3.0,1,10.9,8.35
EMP01346,Female,28,3,Distance Learning,Operations,Operations Executive,1,Dehradun,4.8,1.9,2,7.3,4.52
EMP01347,Male,31,7,Other,HR,HR Manager,2,Nagpur,4.2,2.5,90,6.6,10.02
EMP01348,Male,35,8,Distance Learning,Data Science,Senior Data Scientist,3,Bhopal,4.0,3.2,8,9.5,15.77
EMP01349,Male,27,2,Central University,Operations,Operations Executive,1,Nagpur,3.3,3.0,18,6.6,6.37
EMP01350,Male,28,4,State University,Product,Associate Product Manager,1,Hyderabad,3.3,4.3,17,18.7,9.83
EMP01351,Female,29,7,State University,Sales,Account Manager,2,Mumbai,4.7,3.8,45,29.3,9.07
EMP01352,Female,28,3,NIT,Engineering,Software Engineer,1,Kolkata,3.2,4.4,4,12.6,8.1
EMP01353,Male,35,8,IIT,Engineering,Lead Engineer,3,Guwahati,3.1,3.5,63,11.3,16.29
EMP01354,Male,28,4,Other,HR,HR Manager,2,Visakhapatnam,2.2,4.1,31,10.6,7.09
EMP01355,Female,28,3,BITS,Sales,Sales Executive,1,Nagpur,2.3,2.2,2,22.0,6.65
EMP01356,Male,28,6,Tier-2 Private,HR,HR Business Partner,2,Nagpur,4.4,5.0,2,6.2,14.2
EMP01357,Male,31,7,Central University,Data Science,Data Scientist,2,Bhopal,1.9,4.9,17,8.5,9.63
EMP01358,Male,29,3,State University,Finance,Financial Analyst,1,Chennai,4.8,3.0,1,17.0,7.71
EMP01359,Female,29,5,Tier-2 Private,Marketing,Brand Manager,2,Thiruvananthapuram,3.3,4.4,18,12.1,7.66
EMP01360,Male,35,8,Central University,Product,Senior Product Manager,2,Kolkata,3.8,2.8,22,19.8,12.21
EMP01361,Female,27,3,"Top Private (ISB, XLRI, SP Jain)",Customer Support,Support Team Lead,1,Delhi,4.3,,9,10.0,5.88
EMP01362,Male,27,1,"Top Private (ISB, XLRI, SP Jain)",Marketing,Marketing Executive,1,Thiruvananthapuram,3.0,3.6,6,15.2,7.36
EMP01363,Female,27,2,Other,Legal,Legal Associate,1,Delhi,4.0,2.7,14,14.0,4.74
EMP01364,Male,31,4,IIIT,Data Science,Data Analyst,2,Chandigarh,2.7,4.0,44,11.1,9.72
EMP01365,Male,27,2,State University,Marketing,Marketing Manager,1,Jaipur,3.0,4.4,1,23.8,6.6
EMP01366,Male,28,4,Distance Learning,Legal,Legal Associate,1,Chennai,3.9,,39,10.7,7.9
EMP01367,Male,43,19,Tier-2 Private,Product,Director of Product,4,Patna,3.8,3.7,20,15.2,34.31
EMP01368,Male,27,2,Tier-2 Private,Legal,Legal Associate,1,Hyderabad,3.8,,20,13.2,8.39
EMP01369,Male,31,4,Central University,Sales,Sales Executive,2,Chennai,4.7,3.8,36,27.4,9.73
EMP01370,Male,49,26,Diploma,HR,Compensation Analyst,6,Chennai,3.4,3.8,14,6.5,50.0
EMP01371,Male,35,8,Other,Engineering,Senior Software Engineer,3,Patna,4.8,3.2,2,10.8,13.15
EMP01372,Female,31,4,Distance Learning,Customer Support,Support Team Lead,2,Dehradun,3.5,3.2,3,7.4,7.03
EMP01373,Male,31,5,IIIT,Marketing,Digital Marketing Manager,3,Bangalore,4.0,3.7,22,21.5,13.37
EMP01374,Female,33,8,IIT,Operations,Process Improvement Specialist,4,Visakhapatnam,4.1,2.8,26,5.2,12.76
EMP01375,Female,46,19,BITS,Operations,Logistics Manager,6,Lucknow,3.1,2.1,1,9.9,36.37
EMP01376,Male,27,4,IIIT,Marketing,Brand Manager,2,Raipur,3.7,4.1,2,17.5,7.25
EMP01377,Female,28,3,Distance Learning,Data Science,Data Scientist,1,Lucknow,2.3,3.8,18,10.8,5.11
EMP01378,Female,28,2,Diploma,HR,HR Manager,1,Guwahati,3.6,3.8,22,11.1,3.26
EMP01379,Female,32,6,Distance Learning,HR,HR Manager,2,Pune,3.6,2.6,18,8.4,8.18
EMP01380,Male,27,2,NIT,Engineering,Senior Software Engineer,2,Ahmedabad,3.9,3.4,34,12.1,8.7
EMP01381,Male,28,4,Diploma,Data Science,Data Analyst,1,Vadodara,3.4,2.5,14,13.0,8.33
EMP01382,Male,30,3,Other,Product,Associate Product Manager,2,Delhi,4.9,5.0,55,13.0,13.08
EMP01383,Male,38,12,BITS,Finance,Controller,5,Mumbai,2.1,2.7,20,17.8,24.53
EMP01384,Female,30,4,IIM,HR,HR Business Partner,3,Raipur,2.6,4.2,8,10.8,12.07
EMP01385,Female,32,7,Distance Learning,Operations,Operations Manager,2,Surat,2.7,2.8,15,9.0,5.67
EMP01386,Male,28,1,Other,Data Science,Data Analyst,1,Pune,3.5,3.8,25,8.6,6.49
EMP01387,Female,30,6,Distance Learning,Legal,Senior Legal Counsel,2,Indore,2.9,3.1,7,11.3,6.8
EMP01388,Male,27,2,Tier-2 Private,Legal,Senior Legal Counsel,1,Lucknow,2.6,3.3,37,11.5,6.54
EMP01389,Female,30,4,Central University,Engineering,Senior Software Engineer,1,Chennai,3.1,,19,8.5,7.22
EMP01390,Male,53,28,Diploma,Data Science,Data Engineer,6,Chennai,2.3,3.2,2,13.0,50.0
EMP01391,Female,34,11,Central University,Legal,Compliance Officer,4,Chennai,3.8,2.2,11,10.5,16.45
EMP01392,Female,31,5,Distance Learning,Marketing,Marketing Executive,2,Bhopal,3.7,3.2,3,17.1,6.3
EMP01393,Male,54,30,Diploma,Marketing,Growth Manager,6,Kochi,2.5,4.4,11,20.3,50.0
EMP01394,Male,25,3,Central University,Marketing,Marketing Executive,1,Pune,4.2,3.6,36,20.1,8.58
EMP01395,Female,37,13,IIT,Customer Support,Support Manager,4,Chandigarh,2.4,,16,9.2,13.9
EMP01396,Male,24,2,Central University,Data Science,Data Analyst,1,Hyderabad,3.1,5.0,22,14.2,7.59
EMP01397,Male,32,5,State University,Customer Support,Customer Support Executive,2,Raipur,3.7,3.6,13,7.5,10.64
EMP01398,Female,29,2,State University,Product,Associate Product Manager,1,Kochi,3.6,2.7,58,18.0,4.83
EMP01399,Male,30,7,Central University,Legal,Legal Associate,2,Kochi,2.2,5.0,13,12.4,8.87
EMP01400,Male,33,6,State University,Marketing,Marketing Manager,2,Jaipur,3.9,2.4,11,14.6,12.02
EMP01401,Male,30,4,Diploma,Sales,Sales Executive,2,Hyderabad,3.5,2.9,9,15.3,9.79
EMP01402,Male,39,12,NIT,Data Science,ML Engineer,3,Mumbai,5.0,4.3,8,8.7,27.95
EMP01403,Female,26,4,Distance Learning,Finance,Financial Analyst,1,Pune,4.0,2.6,52,12.5,4.88
EMP01404,Male,29,7,State University,Data Science,Data Analyst,1,Kolkata,4.7,,69,10.9,13.48
EMP01405,Male,37,10,Diploma,HR,HR Manager,3,Hyderabad,2.7,4.2,1,9.5,9.15
EMP01406,Male,25,2,Other,Engineering,Software Engineer,1,Pune,2.2,5.0,1,11.3,7.44
EMP01407,Female,28,3,Central University,Finance,Senior Financial Analyst,1,Indore,4.6,4.0,19,17.3,7.56
EMP01408,Male,33,6,Other,HR,HR Manager,3,Delhi,3.8,3.3,39,6.0,15.2
EMP01409,Female,33,9,IIT,Marketing,Digital Marketing Manager,3,Delhi,5.0,2.8,26,13.1,16.36
EMP01410,Female,38,16,Distance Learning,Legal,Compliance Officer,5,Mumbai,4.4,2.6,3,14.6,32.11
EMP01411,Female,31,5,State University,Operations,Operations Manager,1,Pune,4.4,2.5,16,5.9,6.07
EMP01412,Female,28,4,Diploma,Legal,Legal Manager,3,Chennai,3.9,3.6,50,13.4,8.32
EMP01413,Female,25,3,Tier-2 Private,HR,HR Manager,1,Delhi,2.8,2.1,4,8.0,4.83
EMP01414,Female,31,7,NIT,Finance,Financial Analyst,2,Guwahati,2.7,3.4,2,11.9,6.54
EMP01415,Male,29,4,IIT,Product,Senior Product Manager,2,Mumbai,1.9,2.2,10,12.3,10.19
EMP01416,Female,31,4,Tier-2 Private,Operations,Supply Chain Analyst,3,Kochi,3.1,3.5,9,9.5,6.69
EMP01417,Male,28,5,"Top Private (ISB, XLRI, SP Jain)",Customer Support,Customer Support Executive,2,Bhopal,3.5,3.2,42,7.8,9.72
EMP01418,Male,33,8,Central University,Customer Support,Support Manager,4,Vadodara,3.4,4.0,13,8.9,11.41
EMP01419,Female,27,4,Central University,Product,Product Manager,2,Hyderabad,3.5,1.4,28,15.4,7.11
EMP01420,Female,26,3,Distance Learning,Marketing,Marketing Manager,1,Kolkata,1.8,4.0,24,13.1,4.72
EMP01421,Female,31,8,State University,Operations,Operations Manager,3,Chennai,3.7,3.3,1,6.7,10.34
EMP01422,Male,25,0,State University,Customer Support,Customer Support Executive,1,Kochi,4.7,3.3,12,7.7,5.76
EMP01423,Male,28,3,Other,Finance,Senior Financial Analyst,1,Hyderabad,2.9,4.0,15,14.0,9.03
EMP01424,Male,24,2,Tier-2 Private,Sales,Sales Executive,1,Pune,2.4,,22,30.7,6.43
EMP01425,Male,36,14,NIT,Legal,Legal Manager,4,Guwahati,2.2,2.6,7,13.2,17.32
EMP01426,Male,30,4,Central University,Data Science,Data Scientist,1,Bangalore,3.0,3.7,22,12.5,9.09
EMP01427,Male,27,4,"Top Private (ISB, XLRI, SP Jain)",Finance,Financial Analyst,2,Kolkata,3.2,4.1,21,17.3,10.61
EMP01428,Male,30,5,Diploma,Marketing,Marketing Executive,1,Bhopal,3.6,2.5,7,24.7,6.43
EMP01429,Female,25,3,Diploma,Legal,Legal Associate,1,Nagpur,4.1,3.4,2,8.4,5.32
EMP01430,Male,29,4,Tier-2 Private,Customer Support,Customer Support Executive,2,Guwahati,2.7,4.4,5,9.7,7.3
EMP01431,Female,33,6,Tier-2 Private,Data Science,ML Engineer,3,Bangalore,3.1,3.4,5,10.6,11.45
EMP01432,Female,28,4,Central University,Data Science,Senior Data Scientist,3,Kolkata,2.2,3.0,3,13.4,8.63
EMP01433,Male,29,4,Central University,Finance,Controller,3,Hyderabad,4.0,2.6,38,15.3,13.65
EMP01434,Male,25,2,State University,Engineering,Software Engineer,1,Bhopal,3.2,2.8,18,10.5,8.88
EMP01435,Male,25,2,State University,HR,HR Executive,1,Dehradun,3.3,3.3,13,10.8,5.39
EMP01436,Female,28,6,Central University,Product,Product Manager,2,Vadodara,4.5,3.8,36,10.9,8.13
EMP01437,Male,31,7,State University,Finance,Senior Financial Analyst,2,Kochi,3.6,4.0,8,11.9,11.58
EMP01438,Male,29,2,Central University,Engineering,Staff Engineer,2,Coimbatore,4.8,3.3,22,13.5,10.83
EMP01439,Female,32,10,Tier-2 Private,Product,Product Manager,3,Pune,4.1,2.7,10,15.2,14.41
EMP01440,Female,34,10,Other,Data Science,ML Engineer,3,Kolkata,3.1,2.9,4,8.7,11.28
EMP01441,Male,38,11,Central University,Product,Group Product Manager,4,Chennai,2.6,4.4,29,16.4,17.47
EMP01442,Male,31,7,State University,Marketing,Digital Marketing Manager,3,Coimbatore,3.4,2.5,1,17.3,9.96
EMP01443,Male,35,9,Tier-2 Private,Product,Senior Product Manager,3,Patna,4.3,3.6,3,10.7,16.41
EMP01444,Male,51,27,Other,Sales,Business Development Manager,5,Nagpur,2.4,3.2,2,16.0,41.7
EMP01445,Male,29,4,IIIT,Marketing,Marketing Manager,2,Chennai,3.0,4.0,21,13.4,9.34
EMP01446,Male,29,2,Tier-2 Private,Product,Associate Product Manager,1,Pune,2.8,3.4,7,13.5,6.97
EMP01447,Female,27,2,Distance Learning,Operations,Operations Executive,1,Chandigarh,3.2,2.4,26,7.9,4.83
EMP01448,Male,46,20,Other,Legal,Compliance Officer,5,Bangalore,3.8,4.7,33,12.9,50.0
EMP01449,Female,46,20,Distance Learning,Marketing,Growth Manager,6,Surat,3.7,3.4,5,20.5,28.59
EMP01450,Male,25,3,NIT,Customer Support,Support Team Lead,1,Jaipur,3.6,3.7,1,5.5,6.03
EMP01451,Female,25,3,Diploma,Finance,Financial Analyst,1,Delhi,2.4,2.3,25,16.4,5.41
EMP01452,Female,29,4,State University,Marketing,Brand Manager,2,Kolkata,4.1,3.0,8,22.4,7.99
EMP01453,Female,38,14,"Top Private (ISB, XLRI, SP Jain)",Marketing,Digital Marketing Manager,4,Hyderabad,4.3,2.8,31,16.3,18.71
EMP01454,Female,26,2,Tier-2 Private,Customer Support,Support Team Lead,1,Kolkata,3.3,,1,8.8,5.53
EMP01455,Male,25,1,Central University,Sales,Sales Executive,2,Hyderabad,2.8,2.2,13,18.9,8.14
EMP01456,Male,53,27,Central University,HR,Compensation Analyst,6,Mumbai,4.1,3.7,29,6.1,50.0
EMP01457,Male,34,7,Other,Finance,Finance Manager,2,Chennai,4.6,4.1,4,14.0,11.75
EMP01458,Male,35,8,Tier-2 Private,Engineering,Staff Engineer,4,Chennai,3.8,3.2,46,8.7,23.18
EMP01459,Female,27,5,IIM,Customer Support,Customer Success Manager,2,Pune,2.9,3.5,8,7.9,9.38
EMP01460,Male,34,8,Distance Learning,Data Science,ML Engineer,3,Mumbai,2.6,2.8,3,11.8,14.96
EMP01461,Female,28,2,Central University,Sales,Sales Executive,1,Hyderabad,4.0,4.4,15,17.5,8.39
EMP01462,Male,30,3,Distance Learning,HR,HR Executive,1,Coimbatore,2.2,2.9,23,9.7,6.17
EMP01463,Male,30,6,Tier-2 Private,Operations,Process Improvement Specialist,3,Ahmedabad,2.4,,6,7.5,11.41
EMP01464,Male,26,1,"Top Private (ISB, XLRI, SP Jain)",Customer Support,Support Team Lead,1,Delhi,3.7,3.0,66,5.4,6.47
EMP01465,Female,28,4,Central University,Data Science,Data Scientist,2,Guwahati,4.8,,14,12.2,7.44
EMP01466,Female,28,4,Other,Engineering,Software Engineer,1,Visakhapatnam,4.4,4.4,25,11.0,7.01
EMP01467,Male,27,4,Diploma,Finance,Senior Financial Analyst,2,Jaipur,3.8,4.6,26,14.7,8.76
EMP01468,Male,29,4,Distance Learning,HR,HR Business Partner,2,Coimbatore,1.8,,19,9.3,8.36
EMP01469,Female,25,3,State University,Engineering,Software Engineer,1,Vadodara,1.5,5.0,13,10.8,5.72
EMP01470,Male,27,1,IIM,Legal,Legal Associate,1,Coimbatore,3.4,4.4,11,8.9,6.45
EMP01471,Female,33,6,State University,Operations,Supply Chain Analyst,2,Indore,4.9,4.0,1,8.1,6.63
EMP01472,Male,27,4,BITS,Customer Support,Support Manager,3,Jaipur,2.8,3.6,3,9.9,10.31
EMP01473,Male,25,2,Central University,Product,Associate Product Manager,2,Bhopal,4.2,4.4,32,14.8,11.33
EMP01474,Male,31,6,Central University,Customer Support,Support Team Lead,2,Ranchi,3.7,3.7,17,9.0,11.14
EMP01475,Male,31,4,Central University,Finance,Finance Manager,3,Dehradun,3.0,2.9,1,17.3,5.99
EMP01476,Male,26,4,State University,Data Science,Data Scientist,1,Hyderabad,3.2,3.6,6,12.5,8.93
EMP01477,Male,25,1,Other,Legal,Legal Associate,1,Chandigarh,2.2,3.3,14,9.4,5.83
EMP01478,Female,32,9,Tier-2 Private,Engineering,Senior Software Engineer,3,Jaipur,3.9,2.4,23,12.7,10.35
EMP01479,Male,29,2,State University,Sales,Account Manager,2,Kolkata,3.0,4.3,1,21.3,8.76
EMP01480,Male,33,6,Tier-2 Private,Product,Associate Product Manager,1,Bangalore,4.2,3.7,57,11.8,8.83
EMP01481,Male,25,3,"Top Private (ISB, XLRI, SP Jain)",Operations,Operations Executive,1,Mysore,3.3,3.5,12,8.3,6.32
EMP01482,Male,26,4,Tier-2 Private,Product,Product Manager,3,Kolkata,3.3,4.8,15,17.0,13.28
EMP01483,Female,35,13,Central University,Engineering,Principal Engineer,5,Indore,1.8,3.4,14,14.4,17.28
EMP01484,Male,34,8,Central University,Legal,Compliance Officer,3,Kochi,3.7,4.5,1,13.0,14.16
EMP01485,Female,40,13,IIIT,Finance,Controller,3,Jaipur,3.9,2.6,2,14.2,13.69
EMP01486,Male,31,7,Other,Operations,Operations Executive,2,Dehradun,4.5,,3,8.2,10.15
EMP01487,Female,29,7,Other,Engineering,Senior Software Engineer,2,Raipur,2.8,3.3,1,14.8,7.75
EMP01488,Male,26,1,IIT,Customer Support,Support Team Lead,1,Nagpur,3.7,3.7,12,8.0,7.7
EMP01489,Female,31,4,Tier-2 Private,Operations,Operations Manager,2,Bangalore,3.8,3.5,11,7.2,7.86
EMP01490,Male,32,5,Distance Learning,Marketing,Marketing Executive,2,Chennai,2.5,4.3,9,20.0,11.53
EMP01491,Male,38,14,IIM,Customer Support,Support Manager,4,Delhi,3.0,5.0,33,8.6,25.26
EMP01492,Female,30,4,Tier-2 Private,Marketing,Marketing Manager,2,Kochi,2.6,2.2,3,23.3,7.09
EMP01493,Female,34,7,Central University,Finance,Finance Manager,2,Hyderabad,2.6,2.9,11,11.6,8.31
EMP01494,Female,33,7,State University,Product,Associate Product Manager,2,Pune,3.2,3.6,27,11.2,11.33
EMP01495,Male,37,13,Tier-2 Private,Operations,Process Improvement Specialist,4,Bangalore,2.9,5.0,25,7.4,23.3
EMP01496,Female,28,5,NIT,Marketing,Brand Manager,2,Delhi,3.5,3.1,45,21.8,7.31
EMP01497,Female,34,10,Central University,HR,Talent Acquisition Specialist,3,Ranchi,4.0,3.3,16,5.7,10.53
EMP01498,Female,25,1,Central University,Sales,Sales Executive,1,Patna,4.0,3.0,33,33.0,4.52
EMP01499,Male,28,1,Diploma,Operations,Operations Manager,1,Bangalore,4.1,4.0,5,9.8,5.99
EMP01500,Female,27,1,Tier-2 Private,Operations,Supply Chain Analyst,2,Bangalore,3.3,3.3,19,10.0,5.82
EMP01501,Female,37,10,Central University,Operations,Operations Executive,2,Kolkata,3.1,3.9,4,8.2,7.1
EMP01502,Female,35,9,Central University,Sales,Senior Account Manager,3,Bangalore,2.5,4.2,42,29.7,10.63
EMP01503,Male,35,11,NIT,Sales,Key Account Manager,4,Indore,4.1,3.3,8,22.3,23.22
EMP01504,Male,29,3,Other,Legal,Legal Associate,1,Visakhapatnam,4.3,4.3,47,14.4,8.09
EMP01505,Female,29,4,IIT,Operations,Operations Executive,1,Patna,4.5,2.8,6,5.6,5.6
EMP01506,Male,31,5,Other,Engineering,Staff Engineer,2,Visakhapatnam,3.8,3.8,53,10.3,10.85
EMP01507,Female,39,16,State University,Customer Support,Customer Success Manager,4,Chennai,3.1,2.8,4,9.7,21.1
EMP01508,Male,42,19,NIT,Product,Senior Product Manager,4,Bhopal,2.6,2.4,10,15.2,24.23
EMP01509,Male,33,10,State University,Sales,Sales Manager,3,Bhopal,2.4,4.2,1,29.3,10.86
EMP01510,Female,30,7,"Top Private (ISB, XLRI, SP Jain)",Operations,Operations Manager,2,Guwahati,1.9,2.6,22,7.6,6.72
EMP01511,Male,42,15,Other,Operations,Process Improvement Specialist,4,Mysore,4.3,,1,5.0,24.47
EMP01512,Male,32,5,Central University,Marketing,Brand Manager,3,Guwahati,3.8,3.3,26,15.3,13.03
EMP01513,Female,26,4,Tier-2 Private,Marketing,Marketing Manager,2,Lucknow,5.0,,26,14.7,7.75
EMP01514,Female,30,5,Central University,Data Science,Senior Data Scientist,2,Patna,3.4,4.4,12,9.3,8.72
EMP01515,Female,30,3,"Top Private (ISB, XLRI, SP Jain)",Product,Associate Product Manager,2,Nagpur,3.5,2.1,1,14.4,7.29
EMP01516,Male,31,5,State University,Engineering,Software Engineer,2,Kochi,3.8,2.7,30,13.4,13.31
EMP01517,Male,27,2,IIIT,Customer Support,Customer Support Executive,1,Mumbai,4.0,4.9,47,7.4,8.33
EMP01518,Female,37,12,Central University,Customer Support,Customer Success Manager,4,Kochi,3.0,4.8,5,9.2,11.98
EMP01519,Male,31,8,Central University,Data Science,ML Engineer,4,Bangalore,3.5,3.9,9,10.0,19.56
EMP01520,Male,43,16,Tier-2 Private,Legal,Company Secretary,5,Jaipur,4.1,3.7,11,10.5,32.6
EMP01521,Male,23,1,"Top Private (ISB, XLRI, SP Jain)",Operations,Operations Manager,1,Chennai,4.8,,1,9.1,6.66
EMP01522,Male,49,22,Central University,Finance,FP&A Analyst,6,Bangalore,2.8,3.4,12,15.8,50.0
EMP01523,Female,29,2,"Top Private (ISB, XLRI, SP Jain)",Data Science,Data Analyst,1,Lucknow,3.7,2.4,9,8.3,5.58
EMP01524,Female,25,2,NIT,Operations,Operations Executive,1,Patna,3.6,,23,7.5,5.48
EMP01525,Female,28,3,Diploma,Engineering,Senior Software Engineer,2,Guwahati,3.3,,51,8.4,5.53
EMP01526,Male,42,15,NIT,Data Science,ML Engineer,3,Thiruvananthapuram,4.3,4.1,9,13.4,21.36
EMP01527,Male,31,7,NIT,Data Science,Senior Data Scientist,3,Visakhapatnam,5.0,3.6,5,11.3,19.93
EMP01528,Male,28,5,"Top Private (ISB, XLRI, SP Jain)",Data Science,Data Analyst,2,Dehradun,3.8,4.4,30,12.5,11.27
EMP01529,Male,25,3,Central University,Engineering,Staff Engineer,2,Mumbai,2.9,3.1,1,10.8,10.02
EMP01530,Male,26,2,Central University,Finance,Financial Analyst,1,Kochi,2.4,2.7,41,10.3,5.39
EMP01531,Male,36,13,Central University,Legal,Compliance Officer,3,Bangalore,3.4,2.9,36,9.0,17.52
EMP01532,Male,37,10,State University,Product,Associate Product Manager,2,Hyderabad,4.3,3.6,3,12.3,13.46
EMP01533,Male,42,15,Central University,Product,Product Analyst,5,Kochi,3.3,3.5,3,10.4,29.8
EMP01534,Female,30,7,Tier-2 Private,Customer Support,Customer Success Manager,2,Hyderabad,3.7,2.4,28,6.6,10.69
EMP01535,Male,23,0,IIT,Marketing,Marketing Executive,2,Surat,5.0,3.2,4,16.0,9.61
EMP01536,Male,25,2,State University,Engineering,Senior Software Engineer,1,Patna,4.0,3.7,6,13.5,7.3
EMP01537,Female,32,8,Other,HR,HR Business Partner,2,Kolkata,3.5,3.8,7,7.0,8.22
EMP01538,Female,30,4,Tier-2 Private,HR,Talent Acquisition Specialist,3,Mumbai,2.4,3.3,16,11.2,7.96
EMP01539,Female,26,4,State University,Marketing,Marketing Manager,3,Thiruvananthapuram,4.1,3.8,41,15.4,8.63
EMP01540,Male,29,2,Diploma,Legal,Legal Associate,1,Thiruvananthapuram,3.9,3.6,5,10.7,6.87
EMP01541,Female,37,11,Other,Operations,Process Improvement Specialist,4,Surat,4.2,3.3,50,6.0,13.52
EMP01542,Male,30,8,State University,Engineering,Senior Software Engineer,2,Lucknow,2.5,,18,12.9,10.39
EMP01543,Male,31,8,"Top Private (ISB, XLRI, SP Jain)",Finance,Controller,3,Surat,3.5,2.8,13,11.7,13.63
EMP01544,Male,29,3,Distance Learning,HR,HR Manager,1,Bhopal,4.0,4.9,13,7.2,7.31
EMP01545,Male,31,6,"Top Private (ISB, XLRI, SP Jain)",Operations,Supply Chain Analyst,2,Hyderabad,2.3,3.7,22,8.8,12.09
EMP01546,Male,27,2,IIM,Finance,Senior Financial Analyst,1,Dehradun,3.6,3.5,31,14.5,8.54
EMP01547,Male,27,5,NIT,Marketing,Marketing Executive,2,Raipur,4.4,3.8,5,17.4,9.46
EMP01548,Female,25,1,Other,Product,Associate Product Manager,1,Visakhapatnam,3.0,4.1,6,19.4,3.57
EMP01549,Male,27,2,Other,Operations,Operations Executive,1,Kolkata,4.3,3.9,9,6.9,6.0
EMP01550,Male,30,4,State University,Product,Associate Product Manager,2,Vadodara,3.5,4.0,35,16.7,7.79
EMP01551,Male,54,30,IIM,Marketing,Growth Manager,6,Mumbai,3.6,,17,21.6,50.0
EMP01552,Male,26,1,Tier-2 Private,Legal,Senior Legal Counsel,2,Surat,4.3,2.8,6,14.3,6.73
EMP01553,Male,25,2,State University,Customer Support,Support Team Lead,2,Delhi,3.0,1.8,8,6.8,6.79
EMP01554,Male,33,7,IIM,Marketing,Marketing Manager,1,Nagpur,2.5,,32,16.4,8.78
EMP01555,Male,46,20,Tier-2 Private,Product,Director of Product,6,Chandigarh,3.3,4.3,3,10.7,50.0
EMP01556,Female,32,6,Central University,Engineering,Senior Software Engineer,2,Chennai,3.8,2.5,10,9.2,11.01
EMP01557,Female,35,9,Tier-2 Private,Legal,Legal Manager,3,Hyderabad,3.8,2.4,1,10.3,11.34
EMP01558,Male,31,4,Central University,Marketing,Marketing Executive,1,Hyderabad,3.8,2.8,4,16.1,9.86
EMP01559,Female,31,4,State University,Data Science,Data Analyst,2,Chennai,2.9,2.9,4,8.4,8.14
EMP01560,Female,32,6,Central University,Legal,Legal Manager,2,Kolkata,3.9,2.6,25,8.7,7.68
EMP01561,Female,27,3,Distance Learning,Marketing,Marketing Manager,1,Coimbatore,3.4,3.4,31,15.6,5.45
EMP01562,Female,32,10,NIT,Operations,Supply Chain Analyst,3,Lucknow,4.7,3.4,43,6.5,11.02
EMP01563,Female,23,1,Central University,Engineering,Senior Software Engineer,1,Jaipur,4.2,3.3,55,8.2,4.28
EMP01564,Female,37,11,Tier-2 Private,Customer Support,Customer Success Manager,4,Delhi,3.9,2.9,10,8.0,11.3
EMP01565,Female,33,6,Other,Finance,Finance Manager,2,Kochi,3.4,2.6,1,11.9,8.49
EMP01566,Male,30,5,IIIT,Sales,Account Manager,2,Lucknow,3.2,2.5,8,23.4,9.36
EMP01567,Male,27,1,BITS,Product,Associate Product Manager,1,Nagpur,3.3,3.1,25,17.3,6.11
EMP01568,Male,25,3,Tier-2 Private,Data Science,Data Scientist,1,Dehradun,3.7,4.0,11,9.6,7.81
EMP01569,Male,38,13,"Top Private (ISB, XLRI, SP Jain)",Marketing,Brand Manager,4,Patna,4.3,,4,20.8,17.08
EMP01570,Male,30,5,Tier-2 Private,Engineering,Software Engineer,1,Surat,2.3,3.5,1,13.9,6.21
EMP01571,Male,29,7,Tier-2 Private,HR,HR Manager,2,Coimbatore,3.1,2.8,14,11.8,10.1
EMP01572,Male,29,3,Other,Marketing,Brand Manager,2,Mumbai,4.5,2.6,36,19.3,11.85
EMP01573,Male,29,5,Central University,Engineering,Software Engineer,2,Hyderabad,3.0,4.2,76,10.7,9.31
EMP01574,Female,25,2,Other,Marketing,Marketing Manager,1,Kochi,2.8,4.1,22,16.6,4.19
EMP01575,Male,32,6,Distance Learning,HR,HR Executive,2,Chandigarh,4.4,,9,7.5,9.72
EMP01576,Male,31,7,Other,HR,HR Executive,2,Indore,3.9,2.7,33,7.0,10.51
EMP01577,Female,32,7,Other,Engineering,Senior Software Engineer,3,Kochi,3.7,3.8,10,11.8,11.37
EMP01578,Female,28,3,Central University,Operations,Operations Executive,2,Visakhapatnam,4.0,3.8,45,6.1,6.26
EMP01579,Female,29,4,Tier-2 Private,Finance,Controller,3,Mumbai,3.3,4.6,16,11.4,9.78
EMP01580,Female,32,8,"Top Private (ISB, XLRI, SP Jain)",Product,Product Manager,3,Dehradun,3.5,2.9,37,10.8,11.3
EMP01581,Female,31,5,Distance Learning,Legal,Legal Associate,2,Mysore,3.6,3.5,12,13.0,8.72
EMP01582,Male,31,4,IIM,Customer Support,Support Team Lead,2,Hyderabad,3.2,2.9,41,7.8,11.33
EMP01583,Male,46,22,Tier-2 Private,Data Science,Lead Data Scientist,6,Coimbatore,3.2,2.2,16,12.5,45.48
EMP01584,Male,26,3,BITS,Marketing,Marketing Executive,1,Vadodara,2.8,2.3,11,22.8,5.1
EMP01585,Female,35,12,State University,Product,Director of Product,4,Visakhapatnam,3.1,3.3,27,17.3,17.72
EMP01586,Female,28,2,IIIT,Sales,Senior Account Manager,2,Jaipur,3.1,2.7,5,24.2,5.49
EMP01587,Male,32,9,State University,Operations,Operations Manager,3,Ranchi,2.0,3.9,17,6.0,12.26
EMP01588,Male,35,9,Tier-2 Private,Marketing,Brand Manager,3,Mysore,4.0,4.0,24,12.8,15.1
EMP01589,Male,29,4,IIIT,Sales,Sales Executive,2,Coimbatore,3.7,3.6,34,25.4,11.31
EMP01590,Male,26,2,State University,Operations,Operations Executive,1,Mumbai,4.7,2.5,11,5.9,6.07
EMP01591,Male,23,1,Diploma,Customer Support,Customer Support Executive,1,Ranchi,2.4,2.9,22,8.1,5.39
EMP01592,Male,28,3,Distance Learning,Customer Support,Customer Support Executive,1,Bhopal,2.7,3.7,10,7.1,6.44
EMP01593,Female,34,8,Tier-2 Private,Marketing,Digital Marketing Manager,3,Mumbai,4.2,3.5,4,14.9,11.34
EMP01594,Male,24,2,State University,Data Science,Data Analyst,1,Chandigarh,2.5,3.8,25,12.3,6.23
EMP01595,Female,32,6,Central University,Customer Support,Customer Support Executive,1,Lucknow,3.5,3.9,18,8.5,5.77
EMP01596,Female,25,2,IIT,Marketing,Marketing Executive,1,Pune,3.3,3.1,3,17.1,6.32
EMP01597,Male,29,5,Central University,Legal,Legal Associate,2,Patna,4.7,3.7,85,10.6,11.15
EMP01598,Male,27,2,Central University,Operations,Operations Executive,1,Dehradun,3.5,3.9,14,6.7,6.02
EMP01599,Female,31,5,State University,HR,HR Business Partner,2,Mumbai,3.5,3.9,1,5.8,8.18
EMP01600,Male,27,4,BITS,Legal,Compliance Officer,3,Kochi,3.7,3.5,2,13.7,13.78
EMP01601,Female,26,2,Distance Learning,Sales,Sales Executive,1,Chennai,2.8,3.2,2,19.1,5.01
EMP01602,Male,29,3,Other,Operations,Operations Executive,1,Hyderabad,3.1,3.8,1,6.2,6.95
EMP01603,Female,26,3,BITS,HR,HR Manager,1,Mumbai,2.6,3.3,4,6.2,5.07
EMP01604,Female,27,2,Central University,Product,Associate Product Manager,1,Chandigarh,4.0,3.1,9,17.9,5.61
EMP01605,Male,36,12,BITS,Product,Group Product Manager,4,Guwahati,4.1,3.1,23,14.6,21.36
EMP01606,Male,26,4,BITS,Operations,Operations Executive,2,Indore,2.8,2.4,16,5.0,8.3
EMP01607,Female,26,1,IIT,Finance,Financial Analyst,1,Chennai,3.3,3.6,1,11.8,5.4
EMP01608,Male,27,3,State University,Operations,Operations Manager,1,Kolkata,3.6,3.9,8,6.3,7.26
EMP01609,Male,34,11,Distance Learning,Sales,Senior Account Manager,3,Delhi,2.4,3.7,69,18.5,13.93
EMP01610,Male,30,3,Diploma,Engineering,Senior Software Engineer,1,Hyderabad,3.9,3.8,13,10.9,8.15
EMP01611,Male,43,17,Tier-2 Private,Engineering,Engineering Manager,4,Lucknow,2.6,3.4,15,14.2,26.27
EMP01612,Female,26,3,IIIT,Operations,Operations Manager,2,Guwahati,2.1,4.6,65,5.0,7.77
EMP01613,Female,33,8,Diploma,Customer Support,Support Manager,3,Surat,3.5,3.9,10,5.8,8.22
EMP01614,Male,38,12,Tier-2 Private,HR,HR Business Partner,4,Bangalore,4.0,4.9,13,7.4,20.76
EMP01615,Female,30,8,Central University,Operations,Process Improvement Specialist,3,Pune,4.2,2.8,25,7.2,10.67
EMP01616,Male,24,2,Central University,Product,Product Manager,1,Lucknow,3.9,3.5,21,11.8,6.4
EMP01617,Male,28,3,State University,Product,Associate Product Manager,1,Chandigarh,3.0,3.5,15,15.0,5.41
EMP01618,Male,40,13,State University,Product,Director of Product,5,Mumbai,5.0,,70,13.9,33.25
EMP01619,Female,30,3,NIT,Customer Support,Support Team Lead,2,Mysore,3.6,1.8,10,9.6,5.74
EMP01620,Male,35,11,Central University,Sales,Sales Manager,3,Indore,2.8,4.0,10,15.5,15.36
EMP01621,Male,30,4,Tier-2 Private,Finance,Finance Manager,3,Indore,4.3,3.7,18,17.3,11.71
EMP01622,Male,30,6,Tier-2 Private,Engineering,Software Engineer,1,Surat,3.7,4.3,24,13.0,7.63
EMP01623,Female,29,2,Tier-2 Private,Legal,Senior Legal Counsel,2,Pune,5.0,2.9,36,9.1,7.99
EMP01624,Male,28,3,Tier-2 Private,Product,Product Manager,1,Indore,4.7,2.4,52,14.8,7.18
EMP01625,Male,30,3,Tier-2 Private,Product,Associate Product Manager,1,Dehradun,3.2,4.9,21,18.9,6.67
EMP01626,Female,31,7,IIIT,Sales,Account Manager,1,Guwahati,2.5,3.3,2,19.6,6.54
EMP01627,Male,33,6,Central University,Data Science,Data Scientist,2,Bangalore,3.1,4.3,1,11.7,11.83
EMP01628,Male,34,8,IIT,Product,Product Manager,2,Delhi,1.6,3.4,1,18.6,15.47
EMP01629,Male,30,4,IIIT,HR,HR Manager,2,Lucknow,3.5,4.4,4,5.7,8.45
EMP01630,Male,25,3,NIT,Data Science,Data Scientist,1,Chennai,4.3,4.1,14,12.5,12.24
EMP01631,Male,32,6,State University,Customer Support,Support Team Lead,2,Indore,3.5,4.5,2,5.9,10.11
EMP01632,Female,24,2,IIT,Customer Support,Customer Support Executive,1,Mysore,3.9,3.1,96,5.3,4.51
EMP01633,Female,39,12,Distance Learning,Legal,Company Secretary,5,Kolkata,4.1,4.2,79,13.6,21.8
EMP01634,Female,28,5,Distance Learning,HR,HR Manager,2,Bangalore,4.7,,27,9.4,7.5
EMP01635,Female,30,4,Other,HR,HR Business Partner,2,Jaipur,3.6,2.0,1,11.0,6.76
EMP01636,Male,33,8,Other,Product,Senior Product Manager,3,Mysore,3.3,4.6,6,19.7,12.45
EMP01637,Male,29,5,State University,Data Science,ML Engineer,3,Lucknow,3.0,4.0,21,9.2,11.58
EMP01638,Female,28,1,State University,Data Science,Data Analyst,1,Surat,4.8,3.1,10,9.8,5.82
EMP01639,Male,26,2,State University,Data Science,Data Analyst,1,Kochi,3.0,3.5,37,8.2,6.98
EMP01640,Female,34,12,"Top Private (ISB, XLRI, SP Jain)",Engineering,Principal Engineer,5,Kolkata,5.0,2.6,11,12.2,19.45
EMP01641,Female,28,6,State University,Sales,Senior Account Manager,2,Pune,3.2,3.4,1,22.3,9.51
EMP01642,Male,28,1,Tier-2 Private,Sales,Sales Executive,2,Indore,2.8,4.0,18,17.4,7.53
EMP01643,Male,31,7,Other,Sales,Sales Manager,3,Bangalore,3.8,3.7,5,20.1,13.58
EMP01644,Male,30,4,Tier-2 Private,Finance,Financial Analyst,1,Chennai,3.7,3.8,8,15.0,9.36
EMP01645,Male,25,3,Tier-2 Private,Data Science,Data Scientist,1,Bangalore,2.2,3.2,16,10.0,8.24
EMP01646,Male,24,2,IIM,Data Science,Data Analyst,1,Visakhapatnam,4.1,3.0,4,10.7,11.75
EMP01647,Male,39,12,State University,Legal,Compliance Officer,4,Thiruvananthapuram,2.0,3.6,23,8.4,16.19
EMP01648,Female,23,1,Distance Learning,Customer Support,Customer Support Executive,1,Surat,5.0,3.5,9,6.0,5.01
EMP01649,Female,29,3,Central University,Engineering,Software Engineer,1,Jaipur,2.4,3.0,2,11.4,4.96
EMP01650,Female,30,6,IIIT,Operations,Operations Executive,1,Delhi,3.7,3.6,7,7.6,7.32
EMP01651,Male,43,18,IIT,Legal,Compliance Officer,5,Kochi,3.9,4.2,30,9.7,47.86
EMP01652,Male,30,8,"Top Private (ISB, XLRI, SP Jain)",Legal,Compliance Officer,3,Pune,4.3,4.3,16,13.9,16.33
EMP01653,Male,26,3,IIM,Product,Associate Product Manager,1,Visakhapatnam,2.4,3.3,9,19.7,11.12
EMP01654,Male,43,17,State University,Operations,Process Improvement Specialist,4,Jaipur,3.9,2.4,25,8.8,25.46
EMP01655,Female,27,2,State University,Legal,Legal Manager,2,Mumbai,2.6,3.6,56,8.0,6.52
EMP01656,Male,32,7,NIT,Customer Support,Customer Success Manager,2,Mumbai,3.7,3.4,15,7.3,7.64
EMP01657,Male,35,8,Distance Learning,Operations,Supply Chain Analyst,3,Bhopal,2.0,3.6,10,5.9,10.74
EMP01658,Female,27,3,BITS,Finance,Senior Financial Analyst,1,Kolkata,3.9,3.0,6,15.6,7.86
EMP01659,Male,35,9,State University,Operations,Supply Chain Analyst,4,Jaipur,4.5,,7,5.5,19.57
EMP01660,Male,30,4,Distance Learning,Data Science,Senior Data Scientist,3,Jaipur,3.3,3.3,10,9.0,13.09
EMP01661,Male,33,9,Diploma,Engineering,Lead Engineer,4,Lucknow,3.6,4.9,18,8.5,19.46
EMP01662,Female,24,1,Central University,Engineering,Software Engineer,1,Pune,4.0,3.8,43,11.7,6.03
EMP01663,Female,31,7,Distance Learning,HR,HR Executive,1,Raipur,3.8,,7,5.9,5.86
EMP01664,Male,31,4,State University,Engineering,Software Engineer,2,Coimbatore,2.2,3.5,1,12.8,8.65
EMP01665,Female,36,13,Central University,Data Science,Senior Data Scientist,3,Indore,2.5,2.7,13,8.7,13.25
EMP01666,Female,30,5,Central University,Legal,Senior Legal Counsel,2,Coimbatore,3.2,3.8,1,10.7,7.44
EMP01667,Female,36,14,Tier-2 Private,Marketing,Brand Manager,4,Mumbai,3.6,3.5,5,23.3,19.85
EMP01668,Male,32,8,Distance Learning,Operations,Supply Chain Analyst,3,Indore,3.1,3.2,1,6.6,11.85
EMP01669,Male,32,5,State University,Marketing,Marketing Manager,3,Bhopal,3.6,,1,19.0,12.84
EMP01670,Female,35,10,Other,Engineering,Staff Engineer,3,Pune,4.3,3.7,6,11.9,18.64
EMP01671,Male,36,10,State University,HR,Compensation Analyst,4,Kochi,3.2,2.4,6,9.2,15.86
EMP01672,Female,31,8,Diploma,Data Science,Senior Data Scientist,3,Kolkata,2.6,3.7,31,10.0,14.82
EMP01673,Female,27,1,Tier-2 Private,Operations,Operations Executive,1,Vadodara,3.9,4.0,10,5.9,4.99
EMP01674,Male,30,3,Tier-2 Private,Operations,Operations Executive,1,Surat,4.5,2.5,8,9.2,5.84
EMP01675,Female,42,15,NIT,Sales,Key Account Manager,4,Bhopal,3.7,4.7,1,34.1,23.09
EMP01676,Female,26,2,Tier-2 Private,Finance,Financial Analyst,1,Lucknow,3.1,4.3,18,17.3,5.78
EMP01677,Female,37,11,Central University,Marketing,Marketing Manager,3,Kochi,3.4,,23,12.8,12.37
EMP01678,Male,36,9,Distance Learning,Sales,Sales Executive,2,Guwahati,3.1,3.3,19,19.2,7.26
EMP01679,Female,29,3,Other,Marketing,Brand Manager,2,Chennai,3.7,2.7,23,20.7,7.5
EMP01680,Male,28,1,Central University,Customer Support,Customer Support Executive,1,Mysore,1.8,2.8,3,5.8,4.75
EMP01681,Female,26,4,Other,Operations,Operations Executive,1,Vadodara,3.6,3.5,13,9.3,5.17
EMP01682,Female,50,25,Diploma,Sales,Business Development Manager,6,Delhi,3.4,3.4,14,31.9,49.38
EMP01683,Female,29,3,Distance Learning,Operations,Operations Executive,1,Chennai,4.2,2.7,3,5.9,5.77
EMP01684,Male,29,3,Tier-2 Private,Data Science,Data Scientist,1,Raipur,2.4,3.0,10,13.2,7.06
EMP01685,Male,25,3,State University,Marketing,Marketing Executive,1,Bangalore,2.6,,15,16.5,7.87
EMP01686,Male,39,14,Tier-2 Private,Operations,Logistics Manager,4,Bangalore,3.8,3.9,54,8.6,22.62
EMP01687,Male,27,5,Central University,HR,HR Executive,2,Kolkata,4.5,,7,9.3,13.09
EMP01688,Male,25,3,State University,HR,HR Business Partner,2,Ranchi,3.4,3.6,10,6.4,8.48
EMP01689,Female,38,16,Central University,Customer Support,Customer Success Manager,4,Chennai,3.3,,22,8.5,16.9
EMP01690,Male,36,9,"Top Private (ISB, XLRI, SP Jain)",Legal,Company Secretary,4,Chennai,2.9,4.2,8,10.4,21.87
EMP01691,Female,26,3,"Top Private (ISB, XLRI, SP Jain)",Product,Associate Product Manager,1,Delhi,3.5,3.5,3,14.9,5.84
EMP01692,Female,26,2,State University,Product,Associate Product Manager,1,Visakhapatnam,2.7,,6,12.7,5.85
EMP01693,Male,36,13,Central University,Data Science,Analytics Manager,5,Kolkata,2.4,3.4,6,8.1,25.75
EMP01694,Female,33,6,Tier-2 Private,Sales,Senior Account Manager,2,Pune,3.9,3.0,9,23.1,8.19
EMP01695,Female,29,2,State University,Marketing,Marketing Executive,2,Indore,2.8,3.4,9,12.3,5.84
EMP01696,Male,26,1,Central University,HR,HR Executive,1,Lucknow,4.0,3.7,1,6.4,7.13
EMP01697,Male,28,2,Central University,Legal,Legal Associate,1,Mumbai,3.4,3.9,13,14.3,6.73
EMP01698,Female,24,2,Central University,Marketing,Marketing Manager,1,Coimbatore,4.3,2.8,24,23.4,5.52
EMP01699,Female,28,1,BITS,Operations,Operations Executive,1,Coimbatore,2.6,,5,7.5,4.01
EMP01700,Female,26,2,Other,Product,Associate Product Manager,1,Lucknow,4.1,2.2,17,15.5,6.1
EMP01701,Female,27,3,Central University,Legal,Legal Associate,1,Mumbai,3.5,3.8,34,11.8,6.07
EMP01702,Female,27,4,Central University,Engineering,Senior Software Engineer,3,Hyderabad,2.3,3.2,9,13.6,9.05
EMP01703,Male,46,19,Tier-2 Private,HR,Talent Acquisition Specialist,5,Raipur,2.9,2.8,7,8.9,29.96
EMP01704,Female,28,5,State University,Legal,Legal Manager,2,Mumbai,2.9,2.5,5,12.0,7.91
EMP01705,Male,32,5,Tier-2 Private,Sales,Senior Account Manager,2,Dehradun,3.8,4.0,6,26.0,8.56
EMP01706,Female,34,8,Other,Data Science,Senior Data Scientist,4,Bangalore,2.7,,1,11.4,18.08
EMP01707,Male,31,5,Diploma,Legal,Senior Legal Counsel,2,Jaipur,2.5,,4,11.9,10.35
EMP01708,Male,30,8,Diploma,Finance,Finance Manager,3,Kolkata,3.2,,4,17.4,11.4
EMP01709,Female,33,7,Central University,HR,HR Manager,3,Nagpur,4.2,3.0,17,7.1,10.06
EMP01710,Male,33,6,Tier-2 Private,Marketing,Marketing Executive,1,Hyderabad,3.6,,38,24.2,8.34
EMP01711,Female,54,30,Tier-2 Private,Finance,Accounts Manager,5,Dehradun,3.3,3.3,42,14.4,28.31
EMP01712,Male,35,11,State University,Finance,Financial Analyst,2,Pune,4.0,3.1,18,12.9,14.16
EMP01713,Female,24,2,Central University,Customer Support,Customer Support Executive,1,Kolkata,2.7,2.1,6,5.6,4.19
EMP01714,Female,31,7,BITS,Operations,Operations Manager,1,Hyderabad,4.9,2.8,6,9.9,7.41
EMP01715,Male,29,3,Tier-2 Private,Customer Support,Customer Support Executive,1,Guwahati,4.8,3.7,7,7.2,6.83
EMP01716,Female,31,8,Central University,Finance,Finance Manager,3,Bhopal,3.1,3.9,33,16.3,10.94
EMP01717,Male,28,2,IIM,Product,Associate Product Manager,1,Chennai,3.6,2.2,56,16.4,8.91
EMP01718,Female,24,2,Central University,HR,HR Executive,1,Chennai,3.4,2.9,34,5.8,3.9
EMP01719,Female,33,7,State University,Operations,Operations Manager,3,Mysore,3.1,3.4,2,5.8,8.63
EMP01720,Female,37,12,Central University,Engineering,Lead Engineer,5,Bangalore,4.2,,8,13.2,18.91
EMP01721,Male,31,8,Diploma,Finance,Finance Manager,3,Delhi,2.3,3.6,13,14.3,11.69
EMP01722,Male,34,10,Central University,Marketing,Marketing Manager,3,Delhi,3.2,3.2,9,16.1,19.86
EMP01723,Female,30,7,Distance Learning,Engineering,Senior Software Engineer,2,Chennai,3.9,2.8,5,9.5,9.39
EMP01724,Male,31,6,Tier-2 Private,HR,HR Manager,2,Patna,4.7,3.9,15,11.3,7.69
EMP01725,Male,29,4,Other,Data Science,Senior Data Scientist,2,Lucknow,4.6,,26,9.3,10.33
EMP01726,Male,35,10,State University,Legal,Senior Legal Counsel,3,Hyderabad,2.9,3.5,48,14.5,21.31
EMP01727,Male,35,12,Central University,HR,HR Manager,3,Patna,2.9,5.0,10,9.9,13.91
EMP01728,Female,28,5,Tier-2 Private,Data Science,Data Scientist,3,Guwahati,3.1,,27,10.1,7.27
EMP01729,Male,31,5,IIT,HR,Talent Acquisition Specialist,3,Kolkata,4.6,3.9,1,9.1,15.42
EMP01730,Male,42,18,NIT,Finance,Controller,4,Bangalore,3.8,4.2,13,15.4,44.02
EMP01731,Female,29,5,Tier-2 Private,Marketing,Marketing Executive,2,Delhi,5.0,3.8,28,16.6,8.21
EMP01732,Male,29,6,Tier-2 Private,Product,Associate Product Manager,2,Hyderabad,4.0,3.4,8,16.7,14.54
EMP01733,Female,35,8,Tier-2 Private,Marketing,Digital Marketing Manager,3,Kolkata,4.8,2.5,16,17.9,11.65
EMP01734,Male,28,5,IIIT,Data Science,Senior Data Scientist,2,Mumbai,3.4,4.3,22,9.5,17.43
EMP01735,Female,29,3,State University,Product,Associate Product Manager,1,Mumbai,2.8,3.3,3,18.9,5.83
EMP01736,Female,33,7,Other,Finance,Finance Manager,3,Surat,5.0,,32,11.6,9.99
EMP01737,Female,28,5,Other,Sales,Senior Account Manager,2,Chennai,2.4,3.9,26,29.9,7.99
EMP01738,Male,43,21,State University,Customer Support,Customer Success Manager,6,Nagpur,3.7,2.5,25,7.2,38.54
EMP01739,Male,33,10,Central University,Legal,Senior Legal Counsel,3,Indore,3.6,4.0,24,10.5,14.78
EMP01740,Female,26,3,Other,Finance,Senior Financial Analyst,2,Dehradun,3.0,4.5,1,10.8,6.15
EMP01741,Male,36,10,State University,Finance,Senior Financial Analyst,3,Ahmedabad,3.8,,6,14.8,19.28
EMP01742,Male,32,7,Other,Product,Product Manager,2,Hyderabad,3.4,3.8,6,16.1,9.1
EMP01743,Male,39,15,NIT,HR,Talent Acquisition Specialist,3,Mumbai,2.8,4.3,11,10.7,17.55
EMP01744,Female,28,4,"Top Private (ISB, XLRI, SP Jain)",Customer Support,Customer Success Manager,3,Mumbai,2.5,2.3,34,9.9,10.47
EMP01745,Female,33,6,Diploma,Product,Product Manager,1,Chennai,3.8,1.9,17,10.1,6.71
EMP01746,Female,32,5,State University,Sales,Senior Account Manager,2,Kolkata,2.9,3.2,2,27.7,6.56
EMP01747,Female,28,6,BITS,Product,Group Product Manager,3,Coimbatore,3.1,2.2,13,11.9,10.97
EMP01748,Male,30,3,Other,Finance,Financial Analyst,1,Thiruvananthapuram,2.8,4.5,14,16.0,6.31
EMP01749,Male,33,9,State University,HR,HR Executive,2,Jaipur,2.8,4.2,6,10.0,9.99
EMP01750,Male,34,8,Central University,Sales,Senior Account Manager,4,Patna,3.4,4.5,48,16.1,14.25
EMP01751,Female,41,14,Distance Learning,Legal,Company Secretary,4,Mumbai,2.5,3.3,8,8.3,16.47
EMP01752,Male,31,6,Tier-2 Private,Operations,Operations Manager,2,Coimbatore,3.2,4.4,13,9.8,7.08
EMP01753,Female,29,4,BITS,Operations,Operations Manager,2,Nagpur,3.9,3.4,8,5.1,6.78
EMP01754,Female,34,10,BITS,Legal,Company Secretary,4,Pune,4.0,3.6,1,10.0,20.32
EMP01755,Male,25,3,NIT,Operations,Operations Executive,1,Ahmedabad,3.1,,15,8.9,7.99
EMP01756,Male,34,12,State University,Data Science,Senior Data Scientist,4,Ranchi,2.9,2.7,24,11.7,18.41
EMP01757,Male,36,12,State University,Engineering,Lead Engineer,4,Hyderabad,4.4,4.8,41,9.7,21.97
EMP01758,Female,40,14,Tier-2 Private,HR,Learning & Development Manager,5,Hyderabad,3.8,,6,11.9,19.96
EMP01759,Female,31,7,BITS,Engineering,Senior Software Engineer,2,Mumbai,3.9,,6,12.8,7.56
EMP01760,Female,28,4,State University,Sales,Sales Executive,2,Chandigarh,4.5,3.7,32,23.7,7.94
EMP01761,Male,31,6,State University,Sales,Sales Executive,1,Chennai,4.3,3.3,3,32.4,9.56
EMP01762,Male,30,7,Tier-2 Private,Customer Support,Customer Support Executive,2,Chandigarh,4.2,,5,9.2,11.13
EMP01763,Male,28,4,Central University,Engineering,Senior Software Engineer,2,Hyderabad,2.1,3.9,34,11.4,11.45
EMP01764,Male,40,15,State University,Operations,Logistics Manager,4,Kolkata,3.0,4.0,31,8.7,26.05
EMP01765,Male,36,9,Diploma,Customer Support,Customer Success Manager,4,Delhi,2.4,3.5,6,6.3,16.04
EMP01766,Male,29,3,Other,Data Science,Data Analyst,1,Chennai,4.6,3.1,4,8.9,7.95
EMP01767,Female,48,22,State University,Sales,Business Development Manager,6,Coimbatore,3.2,3.4,6,19.5,34.45
EMP01768,Male,31,6,Central University,Customer Support,Customer Support Executive,1,Kolkata,2.9,,2,9.2,7.51
EMP01769,Male,28,2,Tier-2 Private,Engineering,Software Engineer,1,Ranchi,3.7,,8,9.4,7.56
EMP01770,Female,25,3,State University,Marketing,Marketing Executive,1,Hyderabad,4.0,3.1,5,12.4,5.13
EMP01771,Female,39,17,NIT,Engineering,Engineering Manager,4,Hyderabad,3.9,3.4,18,11.8,26.18
EMP01772,Female,48,21,"Top Private (ISB, XLRI, SP Jain)",Marketing,Growth Manager,6,Pune,3.5,2.9,7,14.6,35.5
EMP01773,Female,37,12,Tier-2 Private,Legal,Senior Legal Counsel,3,Patna,4.4,3.0,1,11.0,13.22
EMP01774,Female,37,15,Diploma,Product,Director of Product,5,Delhi,3.2,,25,19.4,21.49
EMP01775,Female,38,14,Distance Learning,Sales,Senior Account Manager,4,Delhi,2.3,3.4,40,30.0,21.44
EMP01776,Male,35,8,NIT,Legal,Compliance Officer,3,Ranchi,3.2,3.0,38,8.8,12.73
EMP01777,Female,29,7,Tier-2 Private,Engineering,Software Engineer,1,Pune,3.1,3.5,30,14.2,7.66
EMP01778,Male,32,8,Tier-2 Private,HR,HR Business Partner,3,Mysore,4.0,4.3,18,5.2,10.86
EMP01779,Male,37,10,Tier-2 Private,Product,Senior Product Manager,3,Chennai,4.2,,6,13.7,19.99
EMP01780,Male,30,3,State University,Customer Support,Support Team Lead,1,Hyderabad,2.9,3.5,3,7.8,7.64
EMP01781,Male,34,10,Tier-2 Private,Operations,Process Improvement Specialist,3,Surat,1.8,5.0,3,8.3,11.14
EMP01782,Female,43,16,State University,HR,Compensation Analyst,4,Ahmedabad,5.0,,9,11.5,19.73
EMP01783,Male,31,5,State University,Operations,Operations Executive,2,Delhi,3.6,3.7,23,7.1,8.64
EMP01784,Male,28,4,IIIT,Data Science,Data Scientist,1,Indore,1.8,5.0,28,11.0,8.07
EMP01785,Male,34,8,Tier-2 Private,HR,HR Business Partner,4,Ranchi,2.2,3.0,5,9.5,15.52
EMP01786,Female,29,3,State University,Sales,Sales Executive,2,Ahmedabad,3.7,3.3,21,15.4,8.84
EMP01787,Male,25,2,BITS,Customer Support,Support Team Lead,1,Coimbatore,3.1,,11,8.4,7.03
EMP01788,Female,35,13,Other,Data Science,ML Engineer,3,Delhi,4.5,2.4,8,10.6,13.22
EMP01789,Female,30,4,BITS,Customer Support,Support Manager,3,Kolkata,3.1,4.0,19,6.0,9.22
EMP01790,Male,28,6,Tier-2 Private,Product,Associate Product Manager,1,Bangalore,3.4,3.8,78,12.3,10.23
EMP01791,Female,29,3,Tier-2 Private,Legal,Legal Associate,1,Thiruvananthapuram,3.0,3.8,15,8.8,3.35
EMP01792,Male,38,14,Tier-2 Private,Customer Support,Support Manager,3,Pune,3.4,4.1,15,6.7,18.73
EMP01793,Male,36,10,Central University,Sales,Sales Executive,2,Dehradun,3.5,2.4,47,28.1,10.79
EMP01794,Female,30,5,Tier-2 Private,Customer Support,Customer Success Manager,3,Delhi,4.6,4.1,67,9.1,13.36
EMP01795,Female,24,2,Tier-2 Private,HR,HR Executive,1,Chandigarh,3.7,2.8,6,7.0,4.92
EMP01796,Male,26,4,Tier-2 Private,Sales,Sales Executive,2,Chandigarh,3.6,4.3,5,24.9,11.45
EMP01797,Male,34,9,Other,Customer Support,Support Team Lead,2,Chennai,4.1,2.7,7,7.9,10.64
EMP01798,Male,31,6,Central University,Product,Senior Product Manager,2,Chennai,4.5,3.9,10,15.1,13.55
EMP01799,Male,28,6,Tier-2 Private,Sales,Sales Executive,2,Kolkata,2.4,3.2,36,33.2,10.35
EMP01800,Female,34,7,Tier-2 Private,Sales,Account Manager,1,Jaipur,3.0,3.5,19,27.4,7.89
EMP01801,Female,33,10,State University,Marketing,Digital Marketing Manager,3,Delhi,3.7,3.2,1,24.1,14.87
EMP01802,Female,32,5,Other,HR,HR Business Partner,2,Mumbai,3.5,3.5,6,10.3,7.06
EMP01803,Male,30,8,Tier-2 Private,Operations,Logistics Manager,4,Mumbai,3.0,3.4,96,5.7,13.58
EMP01804,Female,26,3,IIIT,Marketing,Marketing Executive,1,Bhopal,1.9,3.0,6,13.8,5.35
EMP01805,Female,55,30,IIT,HR,Learning & Development Manager,6,Chandigarh,3.3,4.2,27,10.6,50.0
EMP01806,Female,29,4,Other,Marketing,Marketing Manager,1,Raipur,3.8,4.2,2,23.5,4.3
EMP01807,Male,31,6,Other,Marketing,Brand Manager,2,Mumbai,4.7,4.9,1,21.7,14.82
EMP01808,Male,31,8,Tier-2 Private,Marketing,Brand Manager,3,Mumbai,3.5,3.6,1,15.3,12.95
EMP01809,Male,27,4,Distance Learning,Marketing,Digital Marketing Manager,3,Bangalore,3.5,3.5,1,18.2,14.1
EMP01810,Male,29,6,State University,Finance,Senior Financial Analyst,2,Chennai,2.9,3.7,12,12.0,10.56
EMP01811,Male,30,6,Tier-2 Private,Data Science,Senior Data Scientist,2,Chennai,3.5,3.1,21,9.8,13.96
EMP01812,Male,30,3,Distance Learning,HR,HR Manager,2,Mumbai,3.1,2.8,11,11.0,8.85
EMP01813,Female,32,8,State University,Marketing,Marketing Executive,2,Ahmedabad,4.0,3.0,1,24.5,9.74
EMP01814,Male,28,1,State University,Engineering,Software Engineer,1,Pune,3.9,3.1,4,10.3,7.23
EMP01815,Female,43,20,Tier-2 Private,HR,Learning & Development Manager,6,Guwahati,4.6,3.7,17,6.2,28.24
EMP01816,Male,33,10,Other,Legal,Company Secretary,4,Vadodara,3.7,4.2,3,8.7,20.66
EMP01817,Female,31,9,Distance Learning,Product,Group Product Manager,3,Jaipur,3.9,,11,13.0,12.82
EMP01818,Male,24,1,"Top Private (ISB, XLRI, SP Jain)",Legal,Legal Associate,1,Kolkata,2.4,3.1,68,12.4,6.63
EMP01819,Male,26,3,Central University,HR,HR Executive,1,Coimbatore,3.8,3.9,6,7.4,7.37
EMP01820,Female,39,15,Central University,Finance,FP&A Analyst,4,Kolkata,4.1,3.4,34,17.6,18.96
EMP01821,Female,56,30,Central University,Legal,Company Secretary,6,Indore,3.6,3.2,46,8.8,46.25
EMP01822,Male,37,13,State University,Customer Support,Support Manager,4,Kolkata,3.5,3.5,1,7.2,22.1
EMP01823,Male,38,12,Diploma,Customer Support,Customer Success Manager,4,Patna,3.4,3.9,1,8.4,18.5
EMP01824,Female,30,8,Distance Learning,Sales,Sales Manager,3,Ahmedabad,4.8,,29,22.9,10.5
EMP01825,Female,30,3,Distance Learning,Operations,Operations Executive,1,Visakhapatnam,2.2,2.4,24,8.6,5.26
EMP01826,Male,34,12,State University,Legal,Company Secretary,4,Thiruvananthapuram,4.5,2.4,5,11.2,17.61
EMP01827,Male,24,2,Central University,Legal,Senior Legal Counsel,1,Vadodara,3.8,3.6,15,13.4,7.67
EMP01828,Male,26,2,Central University,Legal,Senior Legal Counsel,1,Pune,3.1,4.1,1,9.9,6.36
EMP01829,Female,27,2,Central University,Legal,Legal Associate,1,Visakhapatnam,3.9,3.0,78,14.1,5.69
EMP01830,Male,34,11,Tier-2 Private,Finance,Senior Financial Analyst,2,Patna,3.8,5.0,30,11.4,12.91
EMP01831,Male,27,5,State University,Customer Support,Support Team Lead,3,Delhi,2.7,4.2,81,6.2,13.19
EMP01832,Female,33,6,Central University,Legal,Legal Manager,3,Delhi,4.3,3.0,1,9.7,11.64
EMP01833,Male,31,5,Central University,Legal,Compliance Officer,3,Ranchi,3.7,2.4,13,8.5,11.62
EMP01834,Male,28,2,Tier-2 Private,Data Science,Senior Data Scientist,2,Mysore,2.9,4.1,14,10.5,8.46
EMP01835,Male,26,3,Distance Learning,Engineering,Software Engineer,2,Hyderabad,4.7,3.0,5,13.6,11.28
EMP01836,Male,28,3,IIM,Customer Support,Support Team Lead,2,Pune,4.0,3.2,26,8.5,8.63
EMP01837,Male,28,2,IIM,Operations,Operations Executive,1,Delhi,3.8,3.1,3,9.8,5.78
EMP01838,Male,28,4,Tier-2 Private,HR,HR Executive,1,Guwahati,4.3,2.7,5,8.2,8.71
EMP01839,Female,25,2,NIT,Sales,Account Manager,1,Thiruvananthapuram,3.5,3.0,13,25.2,4.04
EMP01840,Female,35,9,State University,Operations,Operations Executive,2,Pune,4.2,,6,5.7,11.78
EMP01841,Male,36,9,Distance Learning,Engineering,Senior Software Engineer,3,Guwahati,4.1,3.0,7,9.6,12.87
EMP01842,Male,24,2,NIT,Finance,Financial Analyst,1,Delhi,3.1,3.2,38,17.3,9.28
EMP01843,Male,30,4,State University,HR,HR Executive,1,Pune,3.4,4.9,38,12.0,9.69
EMP01844,Female,49,22,NIT,Engineering,DevOps Engineer,6,Pune,3.1,3.8,2,12.8,47.12
EMP01845,Male,28,3,State University,Legal,Legal Associate,1,Thiruvananthapuram,4.6,3.5,24,10.2,7.01
EMP01846,Female,30,8,State University,Data Science,Senior Data Scientist,2,Mumbai,2.3,2.1,13,14.1,8.17
EMP01847,Male,32,6,Other,Marketing,Brand Manager,2,Raipur,3.8,4.0,7,20.7,9.24
EMP01848,Female,40,13,State University,Data Science,Lead Data Scientist,4,Raipur,4.6,4.6,46,9.7,19.9
EMP01849,Male,30,7,"Top Private (ISB, XLRI, SP Jain)",Engineering,Software Engineer,1,Dehradun,2.5,,96,11.3,12.03
EMP01850,Female,26,4,Distance Learning,Marketing,Brand Manager,2,Kochi,3.6,3.2,19,18.3,5.26
EMP01851,Male,29,6,Other,Sales,Sales Executive,2,Chandigarh,4.5,3.8,26,34.1,10.11
EMP01852,Female,32,6,Tier-2 Private,Product,Senior Product Manager,2,Pune,3.2,2.5,2,10.0,9.33
EMP01853,Male,30,5,NIT,Marketing,Marketing Manager,2,Bangalore,3.6,3.8,1,12.5,9.28
EMP01854,Female,24,2,State University,Customer Support,Customer Support Executive,1,Visakhapatnam,3.3,3.8,7,5.5,5.58
EMP01855,Female,39,14,Tier-2 Private,Finance,FP&A Analyst,4,Mumbai,2.7,3.7,45,16.7,21.62
EMP01856,Female,38,12,Central University,Legal,Legal Manager,4,Chandigarh,3.2,4.1,3,9.1,18.21
EMP01857,Male,25,2,Distance Learning,Customer Support,Customer Support Executive,2,Hyderabad,3.0,4.1,11,6.1,7.54
EMP01858,Male,29,4,Central University,HR,HR Manager,2,Lucknow,2.3,2.5,48,7.2,8.83
EMP01859,Male,28,5,Distance Learning,Operations,Process Improvement Specialist,3,Hyderabad,4.7,3.3,1,6.2,12.32
EMP01860,Male,24,2,State University,Legal,Legal Manager,2,Bangalore,3.9,4.3,9,14.3,9.26
EMP01861,Female,25,1,Tier-2 Private,Operations,Operations Manager,1,Bangalore,3.2,2.2,22,9.9,5.29
EMP01862,Female,29,3,NIT,HR,HR Executive,1,Mumbai,3.1,3.3,29,7.5,5.52
EMP01863,Female,30,4,Other,Legal,Senior Legal Counsel,2,Chandigarh,3.2,3.0,24,12.0,7.69
EMP01864,Male,24,2,State University,Customer Support,Support Team Lead,1,Chennai,2.9,2.7,34,6.5,7.01
EMP01865,Female,29,6,Central University,Finance,Financial Analyst,2,Visakhapatnam,3.2,4.0,79,17.7,9.15
EMP01866,Female,38,13,Central University,Sales,Key Account Manager,4,Visakhapatnam,2.8,2.8,27,22.1,13.83
EMP01867,Female,33,10,"Top Private (ISB, XLRI, SP Jain)",Product,Group Product Manager,3,Pune,4.1,,8,19.4,16.94
EMP01868,Male,28,5,Central University,Sales,Sales Executive,2,Nagpur,2.0,3.4,16,18.1,8.28
EMP01869,Male,25,1,Central University,Engineering,Software Engineer,1,Bangalore,3.7,4.4,2,10.2,10.5
EMP01870,Female,35,9,State University,Product,Senior Product Manager,3,Kolkata,2.8,4.5,25,10.4,10.67
EMP01871,Male,31,6,Tier-2 Private,Sales,Senior Account Manager,2,Guwahati,4.2,3.8,22,24.4,9.93
EMP01872,Male,35,8,State University,Sales,Senior Account Manager,3,Jaipur,3.4,3.7,7,15.4,13.37
EMP01873,Female,45,23,Central University,Marketing,Growth Manager,6,Surat,3.8,3.8,5,14.0,38.15
EMP01874,Female,27,3,Diploma,Sales,Sales Executive,1,Bhopal,3.0,4.5,8,22.5,4.15
EMP01875,Female,25,0,BITS,Marketing,Marketing Manager,2,Bangalore,4.5,3.5,12,24.1,6.49
EMP01876,Female,28,2,Diploma,Engineering,Software Engineer,1,Ranchi,2.5,2.8,21,9.5,3.88
EMP01877,Male,33,8,Other,Legal,Company Secretary,4,Pune,3.0,2.6,15,8.5,14.06
EMP01878,Male,33,6,IIIT,Engineering,Staff Engineer,3,Chennai,2.7,3.8,1,13.3,14.43
EMP01879,Male,29,2,Other,Legal,Senior Legal Counsel,2,Lucknow,3.4,,6,12.7,10.98
EMP01880,Male,28,2,IIIT,Legal,Senior Legal Counsel,1,Coimbatore,3.6,4.2,6,14.5,8.53
EMP01881,Male,28,4,State University,Engineering,Senior Software Engineer,1,Patna,2.5,4.5,30,13.9,6.64
EMP01882,Female,25,2,Tier-2 Private,Customer Support,Customer Success Manager,2,Surat,2.7,3.7,7,9.6,5.21
EMP01883,Male,33,8,State University,Operations,Operations Manager,3,Kolkata,2.6,3.6,3,8.7,11.3
EMP01884,Female,28,4,IIIT,Operations,Supply Chain Analyst,2,Bhopal,2.3,3.7,4,9.4,4.39
EMP01885,Male,25,3,IIM,Finance,Senior Financial Analyst,1,Surat,3.0,3.6,24,15.9,7.51
EMP01886,Male,26,3,BITS,Data Science,Data Scientist,1,Indore,4.9,3.4,11,11.9,8.73
EMP01887,Male,34,7,IIT,Engineering,Senior Software Engineer,2,Lucknow,3.6,3.3,40,8.5,12.8
EMP01888,Male,30,6,State University,Marketing,Marketing Manager,1,Lucknow,3.0,3.7,25,18.2,7.25
EMP01889,Female,33,6,BITS,Sales,Senior Account Manager,2,Jaipur,3.3,3.3,35,29.6,7.58
EMP01890,Male,29,6,IIM,Engineering,Software Engineer,2,Delhi,2.3,4.5,18,11.2,14.11
EMP01891,Male,32,5,State University,Product,Product Manager,2,Bangalore,2.3,4.0,96,19.1,8.98
EMP01892,Female,28,2,Tier-2 Private,Legal,Legal Associate,1,Pune,2.8,2.4,8,14.5,5.35
EMP01893,Male,27,3,Diploma,Marketing,Marketing Executive,2,Ranchi,2.5,4.0,21,16.9,5.88
EMP01894,Male,29,4,Tier-2 Private,Data Science,Data Scientist,2,Kolkata,4.2,3.7,10,12.0,14.86
EMP01895,Male,52,25,Other,Customer Support,Support Manager,6,Hyderabad,5.0,3.8,41,6.4,50.0
EMP01896,Male,27,2,Tier-2 Private,Finance,Senior Financial Analyst,1,Indore,4.2,3.4,45,14.5,6.43
EMP01897,Female,31,4,Diploma,Data Science,Senior Data Scientist,2,Kolkata,2.9,3.3,17,9.1,7.54
EMP01898,Male,28,6,Central University,HR,HR Manager,2,Bhopal,3.5,4.8,15,9.8,10.48
EMP01899,Male,26,4,Tier-2 Private,Engineering,Senior Software Engineer,2,Bangalore,3.9,,4,15.0,12.34
EMP01900,Male,34,12,Other,Operations,Logistics Manager,4,Lucknow,3.8,3.2,18,6.6,17.34
EMP01901,Female,27,4,Distance Learning,Operations,Operations Manager,3,Guwahati,4.7,2.8,22,5.5,7.32
EMP01902,Male,31,5,Tier-2 Private,Customer Support,Customer Success Manager,3,Raipur,2.5,2.9,8,5.1,8.59
EMP01903,Female,37,10,Central University,Product,Senior Product Manager,3,Raipur,3.6,,49,16.0,12.85
EMP01904,Male,46,21,Other,Marketing,Content Strategist,6,Vadodara,3.5,4.4,34,22.3,41.86
EMP01905,Female,40,16,Tier-2 Private,Operations,Process Improvement Specialist,4,Delhi,3.2,2.9,1,5.5,19.91
EMP01906,Male,32,5,NIT,Data Science,Data Scientist,2,Guwahati,2.3,4.0,1,11.6,10.55
EMP01907,Male,30,5,Other,Finance,Financial Analyst,1,Indore,2.3,4.3,31,14.9,6.82
EMP01908,Male,31,6,State University,Data Science,Data Scientist,1,Hyderabad,4.5,3.8,1,13.3,8.62
EMP01909,Female,28,6,State University,Sales,Account Manager,2,Kochi,4.2,3.3,16,28.6,9.18
EMP01910,Female,26,3,IIIT,Operations,Operations Executive,1,Mysore,2.6,2.8,21,9.3,4.82
EMP01911,Male,37,11,IIT,Engineering,Senior Software Engineer,2,Kolkata,2.1,4.0,3,14.2,16.41
EMP01912,Male,32,6,Central University,Data Science,Data Analyst,2,Thiruvananthapuram,3.5,3.4,11,9.8,10.22
EMP01913,Female,29,5,IIT,Marketing,Marketing Manager,2,Nagpur,3.4,,26,15.9,7.17
EMP01914,Male,28,2,BITS,Operations,Operations Manager,2,Pune,2.2,3.2,2,5.3,7.89
EMP01915,Male,32,6,Tier-2 Private,Sales,Senior Account Manager,3,Delhi,5.0,3.8,2,34.5,15.31
EMP01916,Male,23,1,Other,Marketing,Marketing Executive,1,Kolkata,4.5,4.4,28,21.0,6.75
EMP01917,Female,31,4,Tier-2 Private,Legal,Legal Manager,3,Bangalore,2.6,3.6,2,14.7,9.78
EMP01918,Female,30,4,Central University,Marketing,Marketing Manager,2,Hyderabad,4.5,2.9,4,12.2,7.68
EMP01919,Female,30,7,Tier-2 Private,HR,HR Business Partner,2,Kolkata,3.7,2.5,13,7.9,6.83
EMP01920,Female,45,22,IIIT,Product,Product Analyst,5,Kolkata,4.1,3.4,2,19.9,30.68
EMP01921,Male,36,9,Other,Operations,Supply Chain Analyst,3,Delhi,2.8,4.6,58,7.9,14.9
EMP01922,Male,39,16,NIT,Customer Support,Customer Success Manager,5,Pune,4.0,4.2,31,8.6,30.59
EMP01923,Male,31,9,IIM,Product,Director of Product,4,Thiruvananthapuram,5.0,5.0,11,19.0,22.77
EMP01924,Male,35,13,Central University,Sales,Sales Manager,4,Coimbatore,4.4,5.0,16,21.7,21.03
EMP01925,Male,45,22,IIT,Marketing,Growth Manager,6,Guwahati,4.1,3.5,1,16.3,50.0
EMP01926,Male,28,3,IIIT,HR,HR Manager,1,Visakhapatnam,2.0,4.0,5,11.2,5.6
EMP01927,Male,27,3,Tier-2 Private,HR,HR Executive,1,Mumbai,4.2,3.6,1,9.7,8.63
EMP01928,Female,35,9,State University,Marketing,Marketing Manager,2,Patna,3.9,2.9,7,17.2,6.72
EMP01929,Male,29,6,IIT,Operations,Supply Chain Analyst,2,Indore,2.8,3.9,12,5.4,11.48
EMP01930,Male,30,7,State University,Finance,Finance Manager,3,Ahmedabad,3.2,3.8,8,15.6,12.78
EMP01931,Female,29,5,Tier-2 Private,Data Science,Data Scientist,2,Chennai,3.4,3.3,21,13.4,8.87
EMP01932,Female,29,3,Central University,Finance,Senior Financial Analyst,2,Mumbai,3.9,3.1,1,10.5,7.78
EMP01933,Female,43,18,State University,Marketing,Content Strategist,4,Chennai,2.3,3.4,2,17.8,19.89
EMP01934,Female,28,2,Tier-2 Private,Legal,Senior Legal Counsel,1,Hyderabad,3.5,3.0,4,10.0,6.19
EMP01935,Female,31,9,State University,Operations,Operations Manager,3,Raipur,4.7,3.2,1,8.6,9.75
EMP01936,Male,32,8,State University,Marketing,Brand Manager,2,Guwahati,3.9,2.8,9,24.6,8.44
EMP01937,Male,26,2,BITS,Legal,Legal Associate,1,Bangalore,2.6,3.0,14,9.5,6.9
EMP01938,Female,25,3,State University,Engineering,Software Engineer,1,Mumbai,3.7,,11,9.3,5.96
EMP01939,Male,26,3,BITS,Operations,Operations Executive,1,Indore,3.9,3.7,1,5.6,7.52
EMP01940,Male,31,8,State University,Customer Support,Support Manager,4,Hyderabad,1.8,,10,9.5,13.09
EMP01941,Male,28,4,Tier-2 Private,Operations,Supply Chain Analyst,3,Chandigarh,3.7,3.2,3,8.1,12.12
EMP01942,Male,27,5,BITS,HR,HR Executive,2,Chennai,3.5,3.2,23,8.6,12.57
EMP01943,Male,25,2,"Top Private (ISB, XLRI, SP Jain)",HR,HR Executive,1,Chennai,2.2,3.7,6,8.8,6.69
EMP01944,Male,57,30,Other,Data Science,Lead Data Scientist,6,Vadodara,5.0,3.3,10,11.3,50.0
EMP01945,Female,28,6,"Top Private (ISB, XLRI, SP Jain)",Data Science,Data Analyst,2,Visakhapatnam,3.7,2.6,1,14.5,11.93
EMP01946,Female,34,8,Diploma,Data Science,Lead Data Scientist,4,Ranchi,3.3,3.8,1,13.0,13.49
EMP01947,Male,29,4,Distance Learning,Customer Support,Customer Support Executive,2,Kochi,2.8,2.6,11,8.6,6.31
EMP01948,Female,25,3,Distance Learning,Finance,Senior Financial Analyst,1,Delhi,3.6,2.6,64,10.6,5.37
EMP01949,Male,47,23,Central University,Customer Support,Support Manager,6,Coimbatore,3.8,4.4,10,9.9,45.67
EMP01950,Female,26,1,Tier-2 Private,Operations,Operations Executive,2,Ahmedabad,4.6,2.5,19,7.5,6.18
EMP01951,Female,30,7,Tier-2 Private,Sales,Sales Executive,2,Vadodara,3.4,4.3,11,15.4,9.05
EMP01952,Male,25,2,Central University,Customer Support,Customer Support Executive,2,Delhi,2.4,2.8,16,9.0,5.91
EMP01953,Female,30,4,State University,HR,HR Executive,1,Ahmedabad,3.4,2.6,19,10.0,6.29
EMP01954,Female,25,3,IIIT,Engineering,Software Engineer,1,Ahmedabad,3.4,2.6,13,12.9,6.28
EMP01955,Female,30,3,Other,Legal,Senior Legal Counsel,1,Chennai,4.8,2.4,17,10.7,6.65
EMP01956,Female,29,6,Tier-2 Private,Finance,Senior Financial Analyst,2,Kochi,3.7,4.3,28,14.2,8.69
EMP01957,Male,25,1,Distance Learning,Data Science,Data Analyst,1,Chennai,3.8,4.4,2,13.0,7.2
EMP01958,Male,26,4,Central University,Product,Product Manager,2,Chennai,3.1,2.6,5,10.0,10.54
EMP01959,Female,32,5,Other,Customer Support,Customer Support Executive,2,Delhi,3.8,4.4,6,6.5,8.65
EMP01960,Female,25,2,Diploma,Marketing,Marketing Executive,1,Chennai,2.8,,6,23.2,5.81
EMP01961,Female,43,17,State University,HR,Compensation Analyst,6,Kochi,3.6,5.0,16,6.2,36.66
EMP01962,Male,26,3,State University,Sales,Sales Executive,1,Surat,4.1,3.5,3,22.1,6.26
EMP01963,Male,27,5,Distance Learning,HR,HR Business Partner,2,Hyderabad,3.5,3.2,37,5.6,11.38
EMP01964,Male,27,3,Tier-2 Private,Data Science,Data Analyst,1,Mumbai,4.4,4.0,1,9.8,10.4
EMP01965,Female,30,5,Diploma,Engineering,Senior Software Engineer,3,Delhi,4.6,2.7,28,11.2,12.36
EMP01966,Male,39,15,Tier-2 Private,Customer Support,Support Manager,5,Thiruvananthapuram,4.4,2.6,51,9.4,21.41
EMP01967,Female,57,30,IIIT,Product,Product Analyst,6,Ahmedabad,3.5,3.0,1,16.8,50.0
EMP01968,Female,35,10,State University,Product,Product Manager,3,Ranchi,2.8,3.4,21,15.7,11.18
EMP01969,Male,38,12,IIM,Engineering,Engineering Manager,4,Visakhapatnam,2.7,2.1,20,13.3,25.85
EMP01970,Male,44,20,Central University,Sales,Key Account Manager,6,Indore,3.9,3.0,7,26.6,36.93
EMP01971,Male,29,7,Central University,HR,HR Manager,2,Guwahati,3.7,5.0,4,5.6,8.62
EMP01972,Female,42,18,State University,Operations,Logistics Manager,5,Pune,3.5,3.3,5,7.9,26.49
EMP01973,Female,35,10,Distance Learning,Data Science,Senior Data Scientist,3,Guwahati,3.1,1.6,8,13.5,9.08
EMP01974,Male,30,6,NIT,HR,HR Business Partner,3,Indore,3.5,3.6,5,10.6,12.22
EMP01975,Male,33,7,BITS,HR,HR Executive,1,Thiruvananthapuram,2.4,3.9,8,6.3,7.54
EMP01976,Male,28,1,"Top Private (ISB, XLRI, SP Jain)",Legal,Senior Legal Counsel,1,Bangalore,3.0,3.6,11,12.4,5.62
EMP01977,Male,29,7,"Top Private (ISB, XLRI, SP Jain)",Sales,Senior Account Manager,3,Chennai,3.3,4.2,11,18.8,15.67
EMP01978,Female,24,2,Distance Learning,Operations,Operations Executive,1,Bangalore,4.1,3.1,14,5.5,5.13
EMP01979,Female,24,1,Diploma,Operations,Operations Executive,1,Chennai,4.3,4.0,7,5.4,4.28
EMP01980,Male,31,6,NIT,Sales,Account Manager,2,Hyderabad,1.9,,52,25.6,9.65
EMP01981,Female,24,2,State University,Product,Associate Product Manager,1,Bangalore,2.2,3.4,27,10.7,6.11
EMP01982,Male,29,6,Central University,HR,HR Business Partner,2,Kolkata,4.1,3.8,7,5.1,10.36
EMP01983,Female,30,6,Other,Customer Support,Customer Success Manager,2,Kolkata,3.6,3.8,7,7.5,7.58
EMP01984,Male,30,6,Tier-2 Private,Sales,Sales Manager,3,Chennai,4.0,3.8,39,32.5,14.37
EMP01985,Female,30,3,BITS,Legal,Legal Manager,2,Chandigarh,3.0,2.8,9,13.9,5.41
EMP01986,Female,36,11,IIM,Engineering,Senior Software Engineer,2,Mumbai,3.0,4.4,15,11.2,16.11
EMP01987,Male,32,5,Central University,Legal,Senior Legal Counsel,2,Coimbatore,2.9,3.1,7,8.7,9.79
EMP01988,Female,34,8,Central University,Operations,Operations Manager,3,Nagpur,1.4,2.7,4,7.7,8.98
EMP01989,Female,26,2,BITS,Data Science,Data Analyst,1,Chennai,2.6,1.9,1,9.1,6.46
EMP01990,Male,32,5,"Top Private (ISB, XLRI, SP Jain)",Legal,Senior Legal Counsel,2,Mumbai,2.6,3.4,2,8.9,10.51
EMP01991,Male,40,13,Central University,Legal,Senior Legal Counsel,3,Nagpur,2.8,3.3,1,9.0,16.44
EMP01992,Female,35,11,Tier-2 Private,Operations,Logistics Manager,4,Dehradun,2.7,3.3,9,7.7,17.01
EMP01993,Male,30,3,State University,Customer Support,Support Team Lead,1,Mumbai,2.8,,14,6.1,5.34
EMP01994,Male,27,4,Tier-2 Private,Legal,Legal Manager,2,Chandigarh,3.3,4.8,7,10.9,10.49
EMP01995,Male,26,3,BITS,Marketing,Marketing Manager,2,Hyderabad,3.9,3.2,9,18.6,8.71
EMP01996,Female,29,3,IIM,Customer Support,Customer Success Manager,2,Vadodara,1.2,2.9,12,9.8,6.88
EMP01997,Male,28,2,IIM,Marketing,Marketing Manager,2,Visakhapatnam,2.7,3.6,13,13.2,9.17
EMP01998,Male,28,5,Central University,Data Science,Data Scientist,2,Pune,2.8,3.9,19,10.5,9.19
EMP01999,Female,35,9,BITS,Data Science,ML Engineer,3,Jaipur,2.3,4.1,7,14.4,13.42
EMP02000,Male,28,3,Other,Operations,Operations Executive,1,Ranchi,4.4,4.0,31,7.0,7.4
EMP02001,Female,30,5,NIT,Data Science,Data Scientist,2,Visakhapatnam,2.6,3.7,4,12.0,8.79
EMP02002,Male,32,5,Distance Learning,Legal,Legal Associate,2,Chennai,3.8,3.7,6,13.7,11.81
EMP02003,Female,34,12,Distance Learning,Customer Support,Customer Success Manager,4,Nagpur,2.9,2.7,18,8.7,15.86
EMP02004,Female,27,3,BITS,Engineering,Staff Engineer,2,Chennai,4.5,2.9,69,12.7,9.84
EMP02005,Male,27,4,State University,Data Science,ML Engineer,3,Dehradun,2.8,2.0,69,9.4,9.97
EMP02006,Female,28,3,Tier-2 Private,Data Science,Data Analyst,1,Indore,2.8,,1,12.6,6.82
EMP02007,Male,24,2,Central University,Sales,Sales Executive,1,Pune,3.4,4.0,44,30.7,7.74
EMP02008,Male,30,8,Other,Product,Associate Product Manager,2,Bhopal,4.7,3.4,14,14.1,10.5
EMP02009,Male,31,5,Central University,Operations,Process Improvement Specialist,3,Ahmedabad,3.9,3.9,31,9.5,12.35
EMP02010,Female,28,6,Central University,Legal,Senior Legal Counsel,2,Hyderabad,3.0,4.6,64,12.0,9.19
EMP02011,Male,38,14,Central University,Operations,Supply Chain Analyst,4,Visakhapatnam,3.6,3.7,39,8.9,21.59
EMP02012,Male,42,15,IIIT,Customer Support,Support Manager,4,Raipur,3.0,4.0,16,5.5,17.54
EMP02013,Male,28,1,State University,Marketing,Marketing Executive,1,Dehradun,4.7,3.7,1,14.4,7.43
EMP02014,Male,32,9,Tier-2 Private,Customer Support,Customer Success Manager,3,Delhi,4.1,3.0,35,9.3,15.84
EMP02015,Male,34,7,"Top Private (ISB, XLRI, SP Jain)",Sales,Sales Executive,1,Dehradun,3.5,,33,15.9,7.65
EMP02016,Male,28,4,IIM,Marketing,Marketing Executive,1,Nagpur,3.6,2.8,29,12.8,8.73
EMP02017,Male,30,7,Distance Learning,Product,Product Manager,3,Chennai,3.0,4.2,22,19.5,15.16
EMP02018,Male,26,1,IIT,Operations,Operations Executive,1,Coimbatore,3.5,4.3,73,5.2,5.85
EMP02019,Female,40,16,NIT,Sales,Sales Manager,5,Chennai,4.0,3.2,1,26.9,27.31
EMP02020,Male,32,8,NIT,Data Science,Senior Data Scientist,3,Kolkata,4.2,,1,11.7,20.03
EMP02021,Female,27,3,IIT,Finance,Finance Manager,2,Nagpur,3.2,3.1,7,14.5,9.63
EMP02022,Male,26,4,NIT,Customer Support,Support Team Lead,2,Bangalore,1.8,4.2,5,8.2,9.11
EMP02023,Male,24,1,State University,Data Science,Data Scientist,2,Pune,4.1,3.4,7,8.5,12.39
EMP02024,Male,27,4,BITS,Customer Support,Customer Success Manager,2,Guwahati,3.0,3.9,18,9.1,7.93
EMP02025,Male,31,4,NIT,Data Science,Data Analyst,1,Raipur,4.2,2.6,8,12.3,7.91
EMP02026,Male,26,2,BITS,HR,HR Manager,2,Delhi,2.3,3.3,42,9.9,6.89
EMP02027,Female,35,10,State University,Finance,Finance Manager,3,Dehradun,3.8,,9,15.5,10.95
EMP02028,Male,38,14,Tier-2 Private,Data Science,Senior Data Scientist,4,Kochi,3.3,4.2,2,11.3,23.68
EMP02029,Male,32,5,IIIT,Product,Senior Product Manager,3,Hyderabad,3.1,,19,10.8,13.35
EMP02030,Female,30,4,Diploma,Customer Support,Support Manager,3,Mysore,4.7,4.3,67,7.3,7.58
EMP02031,Male,34,8,State University,Product,Product Manager,3,Kolkata,2.9,3.3,2,16.5,13.18
EMP02032,Male,28,5,NIT,Legal,Legal Manager,2,Coimbatore,4.6,3.0,1,11.5,9.68
EMP02033,Male,25,2,NIT,Operations,Operations Manager,1,Chandigarh,5.0,4.9,8,5.0,7.84
EMP02034,Male,30,3,Central University,Customer Support,Customer Support Executive,1,Lucknow,2.5,2.5,13,9.7,6.3
EMP02035,Male,31,4,State University,Marketing,Marketing Executive,2,Bhopal,2.8,3.1,11,12.1,9.48
EMP02036,Female,30,7,Diploma,HR,HR Executive,2,Dehradun,3.4,3.3,4,6.5,7.34
EMP02037,Female,30,6,Distance Learning,Engineering,Senior Software Engineer,2,Kolkata,3.3,3.1,10,14.3,6.96
EMP02038,Male,30,7,IIM,Finance,Senior Financial Analyst,2,Visakhapatnam,4.4,,3,10.7,13.6
EMP02039,Female,28,2,Distance Learning,HR,HR Business Partner,2,Pune,4.4,3.4,1,9.8,8.25
EMP02040,Female,36,9,Diploma,Finance,Senior Financial Analyst,2,Indore,3.1,,28,14.6,9.32
EMP02041,Male,33,6,"Top Private (ISB, XLRI, SP Jain)",Data Science,Data Scientist,2,Ahmedabad,2.9,3.4,1,8.5,13.41
EMP02042,Female,57,30,Tier-2 Private,Marketing,Growth Manager,6,Hyderabad,3.2,3.6,62,18.8,50.0
EMP02043,Female,28,4,Other,Customer Support,Customer Support Executive,2,Mumbai,3.7,3.3,4,7.5,6.34
EMP02044,Female,30,7,Distance Learning,Customer Support,Customer Support Executive,2,Ahmedabad,2.6,,30,9.1,5.89
EMP02045,Female,57,30,State University,Finance,Controller,5,Dehradun,2.5,2.5,76,10.5,40.49
EMP02046,Male,30,6,IIM,Data Science,Data Analyst,2,Kolkata,2.9,2.1,15,10.4,11.2
EMP02047,Male,28,5,Tier-2 Private,Engineering,Staff Engineer,2,Kochi,3.1,2.8,8,13.3,9.43
EMP02048,Male,30,3,Central University,Operations,Operations Executive,1,Surat,3.2,3.5,24,8.7,6.36
EMP02049,Male,41,17,Tier-2 Private,Operations,Logistics Manager,6,Pune,1.9,4.2,2,7.7,45.1
EMP02050,Male,24,2,Tier-2 Private,Customer Support,Support Team Lead,1,Kolkata,3.2,4.5,4,9.5,6.05
EMP02051,Female,35,8,Diploma,HR,HR Business Partner,3,Raipur,2.5,5.0,13,11.9,11.17
EMP02052,Male,27,4,Central University,Product,Associate Product Manager,2,Bangalore,3.6,,14,12.9,12.96
EMP02053,Male,28,5,IIM,Engineering,Software Engineer,2,Visakhapatnam,2.5,3.6,44,9.5,9.84
EMP02054,Female,27,2,IIIT,HR,HR Executive,1,Jaipur,3.8,2.3,1,7.4,4.89
EMP02055,Male,38,15,State University,Product,Group Product Manager,4,Thiruvananthapuram,3.4,,4,20.0,20.68
EMP02056,Male,30,4,IIT,Sales,Senior Account Manager,2,Surat,4.6,4.1,28,16.9,9.36
EMP02057,Female,28,2,State University,Operations,Operations Executive,1,Surat,3.7,,1,7.7,5.01
EMP02058,Male,39,14,IIT,HR,HR Business Partner,4,Coimbatore,3.3,4.6,41,5.3,28.77
EMP02059,Male,27,4,State University,Sales,Senior Account Manager,2,Pune,3.5,3.1,7,17.2,9.72
EMP02060,Male,31,7,IIT,HR,HR Business Partner,2,Kolkata,3.5,2.8,1,9.0,12.19
EMP02061,Female,33,10,Distance Learning,Operations,Supply Chain Analyst,3,Chennai,3.0,2.0,14,8.5,13.03
EMP02062,Male,35,8,Other,Sales,Senior Account Manager,2,Ahmedabad,3.3,3.5,14,32.9,9.67
EMP02063,Male,27,1,Distance Learning,Engineering,Software Engineer,1,Jaipur,3.1,4.9,30,11.5,7.07
EMP02064,Male,31,9,IIIT,Data Science,Data Scientist,3,Chennai,3.2,3.2,1,12.4,17.5
EMP02065,Male,30,5,Tier-2 Private,Marketing,Marketing Executive,1,Surat,3.1,3.1,1,23.3,6.11
EMP02066,Female,30,4,Central University,Sales,Senior Account Manager,2,Mumbai,3.2,3.1,16,17.1,6.62
EMP02067,Male,30,5,State University,Marketing,Brand Manager,2,Mumbai,3.5,3.4,33,22.2,10.53
EMP02068,Female,23,1,Diploma,Customer Support,Support Team Lead,1,Mysore,3.9,3.3,3,5.2,5.2
EMP02069,Male,28,6,Diploma,Customer Support,Support Team Lead,2,Visakhapatnam,4.2,,4,5.6,9.16
EMP02070,Male,28,2,State University,Data Science,Data Analyst,1,Kolkata,3.0,2.9,72,8.8,6.62
EMP02071,Female,29,4,Tier-2 Private,Operations,Operations Manager,2,Patna,2.4,3.0,15,7.7,5.21
EMP02072,Male,31,6,Other,Engineering,Senior Software Engineer,1,Pune,4.1,3.8,18,14.2,9.83
EMP02073,Male,35,12,Distance Learning,Sales,Sales Manager,3,Pune,5.0,3.2,8,17.1,16.78
EMP02074,Female,26,3,Central University,Engineering,Senior Software Engineer,2,Ranchi,3.9,3.4,3,12.6,7.32
EMP02075,Male,40,16,NIT,Data Science,ML Engineer,5,Nagpur,3.2,3.1,2,13.9,37.36
EMP02076,Male,36,11,Central University,Sales,Sales Manager,3,Chennai,3.7,,4,22.6,16.57
EMP02077,Female,28,4,State University,Finance,Controller,3,Kolkata,3.6,3.5,42,10.7,7.23
EMP02078,Male,29,2,Tier-2 Private,Finance,Financial Analyst,1,Hyderabad,3.5,3.7,54,13.7,7.34
EMP02079,Male,25,2,Central University,Marketing,Marketing Executive,1,Delhi,2.8,4.1,1,13.5,7.98
EMP02080,Male,31,7,State University,Marketing,Brand Manager,2,Mysore,4.3,,23,18.1,10.79
EMP02081,Male,26,3,State University,Operations,Operations Executive,1,Chandigarh,2.9,3.2,7,9.1,7.76
EMP02082,Male,36,14,Distance Learning,Sales,Key Account Manager,4,Mumbai,4.3,3.0,4,32.9,26.39
EMP02083,Female,27,3,BITS,Customer Support,Customer Support Executive,1,Bhopal,3.9,4.2,14,8.1,4.91
EMP02084,Male,25,3,State University,HR,HR Manager,1,Vadodara,4.6,4.9,7,7.6,6.57
EMP02085,Female,31,7,Central University,Legal,Senior Legal Counsel,1,Chennai,4.1,4.1,30,11.2,7.38
EMP02086,Male,28,3,Tier-2 Private,Operations,Operations Executive,2,Chennai,1.6,4.4,20,6.4,7.8
EMP02087,Male,30,6,Central University,Engineering,Senior Software Engineer,3,Delhi,2.4,2.9,8,8.2,13.7
EMP02088,Male,38,12,IIM,Legal,Company Secretary,5,Ahmedabad,3.5,,58,13.4,25.67
EMP02089,Female,29,6,Central University,Marketing,Marketing Executive,1,Kolkata,4.8,3.1,19,15.8,6.38
EMP02090,Male,30,6,Tier-2 Private,Marketing,Brand Manager,2,Patna,3.2,3.4,38,16.4,8.55
EMP02091,Male,33,6,Central University,Legal,Compliance Officer,3,Kolkata,2.4,3.0,21,12.2,12.64
EMP02092,Female,24,1,Tier-2 Private,Legal,Senior Legal Counsel,1,Kochi,4.1,3.5,10,12.4,5.86
EMP02093,Male,32,7,Other,Customer Support,Customer Support Executive,2,Hyderabad,4.8,3.8,7,6.7,10.32
EMP02094,Male,32,6,Diploma,HR,HR Business Partner,2,Kochi,2.9,3.0,3,6.4,6.6
EMP02095,Female,35,11,Tier-2 Private,Marketing,Brand Manager,3,Coimbatore,3.1,2.8,4,13.4,12.9
EMP02096,Male,32,9,State University,Marketing,Marketing Manager,3,Patna,4.8,3.7,10,23.7,13.68
EMP02097,Male,31,5,Diploma,Finance,Senior Financial Analyst,2,Mumbai,2.5,3.6,21,10.3,9.29
EMP02098,Male,34,12,Diploma,Product,Director of Product,4,Guwahati,2.6,3.2,23,19.6,20.25
EMP02099,Male,27,4,Tier-2 Private,Finance,Senior Financial Analyst,2,Ahmedabad,2.6,3.5,29,12.1,10.12
EMP02100,Male,31,7,IIIT,Sales,Sales Executive,2,Surat,3.6,2.7,43,21.8,10.65
EMP02101,Female,27,4,Central University,Product,Product Manager,2,Ahmedabad,3.3,3.8,18,14.9,7.56
EMP02102,Male,33,8,State University,Operations,Supply Chain Analyst,2,Delhi,3.0,3.3,19,8.4,10.37
EMP02103,Female,29,4,Central University,Product,Senior Product Manager,2,Chennai,4.2,3.0,7,10.9,7.27
EMP02104,Female,46,19,Central University,Legal,Compliance Officer,4,Nagpur,4.2,3.6,7,13.7,23.95
EMP02105,Female,49,24,Central University,Marketing,Growth Manager,5,Ahmedabad,4.7,4.0,16,21.5,30.98
EMP02106,Female,36,11,Central University,HR,Talent Acquisition Specialist,3,Indore,3.5,3.3,2,8.6,11.49
EMP02107,Female,43,17,IIIT,Customer Support,Customer Success Manager,4,Mumbai,4.1,2.9,32,7.7,27.49
EMP02108,Female,25,2,Central University,Legal,Legal Associate,1,Bangalore,2.6,3.6,31,8.1,4.52
EMP02109,Male,26,2,State University,Finance,Senior Financial Analyst,1,Nagpur,4.1,3.6,3,13.6,7.44
EMP02110,Male,30,4,Central University,Product,Senior Product Manager,3,Nagpur,4.1,,34,13.3,12.0
EMP02111,Male,29,6,Diploma,HR,HR Business Partner,2,Kochi,2.9,4.2,14,7.8,8.33
EMP02112,Male,28,5,Other,Sales,Account Manager,1,Hyderabad,4.0,3.5,25,34.2,7.69
EMP02113,Male,24,1,State University,Customer Support,Customer Support Executive,1,Jaipur,3.7,4.3,2,9.3,6.2
EMP02114,Female,40,13,Tier-2 Private,Finance,Controller,5,Mysore,3.9,2.9,10,14.4,26.51
EMP02115,Male,51,27,Diploma,HR,Learning & Development Manager,6,Ahmedabad,4.3,3.1,9,6.8,50.0
EMP02116,Female,37,14,Central University,Data Science,Senior Data Scientist,3,Mumbai,3.6,3.9,13,10.0,18.47
EMP02117,Male,38,12,Central University,Sales,Key Account Manager,4,Delhi,4.4,3.9,14,29.4,21.75
EMP02118,Male,34,7,Other,HR,HR Manager,1,Pune,2.6,3.5,6,11.4,6.95
EMP02119,Male,25,3,State University,Operations,Operations Manager,2,Chandigarh,2.8,3.6,41,5.5,7.15
EMP02120,Male,33,6,IIM,Product,Product Manager,3,Delhi,3.4,3.4,29,19.1,19.46
EMP02121,Male,52,26,Central University,Marketing,Growth Manager,6,Mumbai,2.9,3.5,18,18.9,50.0
EMP02122,Male,31,4,State University,Engineering,Senior Software Engineer,2,Ranchi,3.7,,64,8.1,9.33
EMP02123,Male,26,4,Other,Finance,Senior Financial Analyst,2,Mysore,3.2,3.1,6,10.5,8.1
EMP02124,Male,35,13,IIIT,Finance,FP&A Analyst,4,Guwahati,3.3,3.5,5,16.2,21.61
EMP02125,Male,37,13,Central University,Marketing,Content Strategist,4,Jaipur,3.2,2.5,50,19.5,19.36
EMP02126,Male,30,3,Central University,Customer Support,Support Team Lead,1,Mumbai,3.7,2.1,96,6.6,7.1
EMP02127,Male,29,5,Distance Learning,Operations,Supply Chain Analyst,2,Mumbai,3.5,2.5,24,8.4,8.22
EMP02128,Male,30,4,Tier-2 Private,Legal,Legal Associate,2,Kolkata,3.8,4.4,17,12.9,11.59
EMP02129,Male,29,6,"Top Private (ISB, XLRI, SP Jain)",Product,Associate Product Manager,2,Kolkata,3.2,4.9,10,19.8,16.81
EMP02130,Male,37,13,Other,Customer Support,Support Manager,5,Dehradun,2.0,3.8,46,6.7,20.34
EMP02131,Male,30,3,Central University,Operations,Operations Manager,1,Dehradun,4.1,3.5,4,8.5,6.1
EMP02132,Female,36,12,Distance Learning,Engineering,Lead Engineer,4,Chandigarh,2.9,4.1,27,12.0,16.09
EMP02133,Female,32,6,Tier-2 Private,Legal,Senior Legal Counsel,2,Mumbai,3.7,2.5,5,13.4,9.26
EMP02134,Female,55,30,Central University,Data Science,Data Engineer,6,Coimbatore,3.5,3.5,24,14.7,50.0
EMP02135,Male,30,7,Diploma,Legal,Legal Manager,2,Visakhapatnam,5.0,3.8,8,8.2,13.51
EMP02136,Male,32,5,Tier-2 Private,Product,Product Manager,2,Chandigarh,1.4,3.4,49,14.3,9.04
EMP02137,Male,36,9,Distance Learning,Operations,Supply Chain Analyst,3,Ranchi,3.0,,2,6.0,11.8
EMP02138,Female,30,4,Central University,Sales,Sales Executive,1,Delhi,3.8,,4,27.1,6.3
EMP02139,Female,25,1,State University,Data Science,Senior Data Scientist,2,Delhi,2.2,2.9,7,13.6,6.72
EMP02140,Female,29,5,Central University,Customer Support,Customer Success Manager,2,Delhi,3.5,2.8,18,9.5,6.34
EMP02141,Female,28,5,Tier-2 Private,Legal,Legal Associate,2,Pune,2.2,2.2,2,13.5,6.39
EMP02142,Male,26,1,Distance Learning,Marketing,Marketing Manager,1,Lucknow,3.5,4.0,11,20.9,5.25
EMP02143,Female,28,5,State University,Product,Senior Product Manager,3,Thiruvananthapuram,3.5,3.6,3,12.4,7.61
EMP02144,Female,24,1,Tier-2 Private,HR,HR Manager,1,Kolkata,4.1,3.7,5,10.2,6.4
EMP02145,Male,26,4,Distance Learning,Sales,Account Manager,2,Chandigarh,3.7,3.3,2,22.2,8.62
EMP02146,Female,31,7,Central University,Engineering,Senior Software Engineer,2,Mumbai,2.7,3.1,27,11.2,9.42
EMP02147,Male,32,6,State University,Data Science,Data Analyst,1,Patna,3.5,3.1,32,13.9,8.58
EMP02148,Female,30,4,NIT,Operations,Operations Manager,2,Visakhapatnam,3.8,3.5,12,7.9,7.44
EMP02149,Female,32,5,IIT,Product,Product Manager,3,Chennai,2.8,,5,16.7,12.99
EMP02150,Male,28,3,IIT,Customer Support,Customer Support Executive,1,Chennai,4.3,,10,9.5,10.09
EMP02151,Female,33,6,Central University,HR,HR Manager,1,Patna,3.9,2.4,22,7.3,5.57
EMP02152,Male,32,6,Central University,Operations,Operations Manager,2,Coimbatore,2.2,3.4,5,6.0,7.91
EMP02153,Female,29,3,State University,Finance,Financial Analyst,1,Mumbai,3.5,2.3,22,15.9,6.68
EMP02154,Female,32,7,Central University,Operations,Supply Chain Analyst,3,Pune,2.7,2.9,12,7.8,7.92
EMP02155,Female,29,7,BITS,Product,Product Manager,2,Bangalore,1.9,2.7,30,16.6,9.64
EMP02156,Female,29,5,Distance Learning,Marketing,Marketing Manager,2,Ahmedabad,3.0,,7,24.6,6.89
EMP02157,Male,57,30,State University,Engineering,Engineering Manager,5,Kolkata,3.2,3.8,27,14.6,50.0
EMP02158,Male,31,5,Distance Learning,Marketing,Marketing Manager,1,Visakhapatnam,5.0,3.5,96,15.2,6.89
EMP02159,Male,26,4,State University,Sales,Account Manager,2,Chennai,3.1,,11,24.5,10.35
EMP02160,Male,26,4,"Top Private (ISB, XLRI, SP Jain)",Finance,Finance Manager,2,Coimbatore,3.5,3.4,12,13.4,9.45
EMP02161,Male,28,3,Distance Learning,Engineering,Software Engineer,1,Kochi,3.7,,38,13.9,6.97
EMP02162,Male,36,9,Tier-2 Private,Legal,Compliance Officer,3,Guwahati,3.2,3.9,8,9.7,16.65
EMP02163,Male,29,3,Other,Product,Associate Product Manager,1,Jaipur,3.7,,1,10.7,8.72
EMP02164,Male,31,4,Distance Learning,Operations,Supply Chain Analyst,2,Mysore,2.9,5.0,9,8.8,8.48
EMP02165,Female,26,4,Central University,Sales,Sales Executive,2,Raipur,2.6,4.3,12,33.9,6.67
EMP02166,Male,30,3,Tier-2 Private,Product,Associate Product Manager,1,Indore,3.0,3.6,23,11.1,6.48
EMP02167,Female,23,1,Central University,Product,Associate Product Manager,1,Indore,2.5,2.6,18,10.2,4.34
EMP02168,Male,31,4,BITS,HR,HR Manager,2,Hyderabad,4.0,3.3,10,10.6,11.19
EMP02169,Male,38,11,BITS,Marketing,Marketing Manager,3,Patna,3.4,3.7,8,23.5,13.08
EMP02170,Male,31,6,Central University,Data Science,Data Scientist,2,Bhopal,3.1,3.3,2,11.2,11.56
EMP02171,Male,43,18,State University,Engineering,Lead Engineer,5,Mumbai,3.9,3.4,3,11.9,46.93
EMP02172,Male,34,10,Diploma,Engineering,Senior Software Engineer,3,Delhi,3.0,4.1,14,11.5,19.44
EMP02173,Male,33,8,Tier-2 Private,Finance,Senior Financial Analyst,2,Jaipur,1.1,3.5,29,15.6,10.38
EMP02174,Male,48,22,Central University,Data Science,Lead Data Scientist,5,Pune,3.0,3.8,8,12.8,41.44
EMP02175,Male,28,5,IIIT,Sales,Account Manager,2,Vadodara,4.1,3.4,21,16.2,8.61
EMP02176,Male,29,6,IIIT,Legal,Legal Associate,1,Mysore,4.3,,7,11.3,9.71
EMP02177,Male,33,6,Diploma,Sales,Sales Executive,2,Bangalore,2.5,2.2,1,19.9,9.78
EMP02178,Female,44,17,Central University,Product,Group Product Manager,5,Jaipur,3.0,3.6,28,13.3,28.21
EMP02179,Male,31,6,State University,Finance,Senior Financial Analyst,2,Vadodara,4.1,3.5,47,13.8,11.56
EMP02180,Female,26,3,Tier-2 Private,Customer Support,Support Team Lead,1,Nagpur,2.3,3.4,19,6.6,6.09
EMP02181,Female,36,9,Central University,Data Science,ML Engineer,3,Chennai,3.2,3.5,11,9.1,11.69
EMP02182,Female,30,3,BITS,Finance,Financial Analyst,1,Patna,3.7,3.5,20,12.7,6.62
EMP02183,Female,31,8,Central University,Marketing,Marketing Manager,3,Hyderabad,4.6,3.3,28,22.1,9.56
EMP02184,Male,33,8,State University,Marketing,Marketing Manager,2,Visakhapatnam,3.1,4.5,14,20.1,10.43
EMP02185,Male,29,5,BITS,Customer Support,Support Team Lead,2,Surat,2.3,3.7,24,6.3,6.97
EMP02186,Male,35,8,Tier-2 Private,Legal,Legal Manager,3,Surat,2.8,3.8,21,13.9,13.48
EMP02187,Female,28,2,Central University,Customer Support,Customer Support Executive,1,Lucknow,5.0,2.9,1,9.6,6.47
EMP02188,Female,30,6,Central University,Product,Product Manager,2,Pune,3.7,2.5,9,12.6,7.9
EMP02189,Male,31,4,Central University,Engineering,Senior Software Engineer,2,Pune,4.4,5.0,31,13.4,9.53
EMP02190,Female,55,30,State University,Customer Support,Support Manager,6,Hyderabad,3.5,3.9,9,5.2,48.65
EMP02191,Male,30,6,NIT,Data Science,Data Analyst,1,Visakhapatnam,2.8,3.8,6,14.7,7.83
EMP02192,Male,30,3,Distance Learning,Operations,Operations Executive,1,Thiruvananthapuram,2.6,3.4,2,5.3,4.01
EMP02193,Female,26,2,Central University,Legal,Senior Legal Counsel,1,Jaipur,3.1,3.7,5,14.2,5.61
EMP02194,Male,39,15,Diploma,Engineering,Lead Engineer,3,Jaipur,4.0,3.2,25,11.8,20.91
EMP02195,Female,28,4,State University,Operations,Supply Chain Analyst,3,Delhi,2.4,3.8,7,6.6,7.9
EMP02196,Female,26,3,Tier-2 Private,Customer Support,Customer Support Executive,1,Visakhapatnam,4.0,4.3,19,9.9,5.65
EMP02197,Male,30,7,IIIT,Customer Support,Customer Success Manager,2,Thiruvananthapuram,2.5,3.5,5,8.9,9.82
EMP02198,Male,31,9,State University,Product,Product Manager,3,Dehradun,3.2,4.7,15,17.3,17.95
EMP02199,Male,35,9,Tier-2 Private,Product,Group Product Manager,3,Lucknow,3.4,3.4,8,16.9,15.59
EMP02200,Female,31,6,Other,Product,Associate Product Manager,2,Thiruvananthapuram,3.9,2.1,26,16.6,6.29
EMP02201,Male,33,6,Tier-2 Private,HR,HR Executive,2,Visakhapatnam,3.2,4.2,20,9.4,10.7
EMP02202,Female,32,7,State University,Legal,Senior Legal Counsel,2,Ahmedabad,3.9,3.2,35,13.7,7.33
EMP02203,Female,29,7,Tier-2 Private,Customer Support,Customer Support Executive,1,Surat,3.2,,13,6.1,5.81
EMP02204,Male,33,8,Distance Learning,Finance,Finance Manager,2,Delhi,3.8,2.8,22,10.9,14.34
EMP02205,Male,36,13,State University,HR,HR Business Partner,4,Mysore,3.4,,49,8.7,19.38
EMP02206,Female,28,6,IIIT,Sales,Account Manager,3,Kolkata,3.6,,31,33.0,12.71
EMP02207,Female,28,3,Tier-2 Private,Operations,Operations Executive,1,Chennai,3.6,,1,8.0,4.57
EMP02208,Male,27,5,State University,Engineering,Software Engineer,1,Hyderabad,3.4,4.6,78,12.3,11.19
EMP02209,Male,34,10,State University,Legal,Compliance Officer,3,Visakhapatnam,4.4,3.2,3,13.4,11.02
EMP02210,Male,28,1,NIT,Customer Support,Customer Support Executive,1,Chandigarh,3.9,5.0,31,8.4,8.62
EMP02211,Female,24,1,Tier-2 Private,Operations,Operations Executive,1,Lucknow,3.6,4.9,16,5.8,6.61
EMP02212,Male,37,11,State University,Marketing,Marketing Manager,3,Lucknow,3.0,4.1,31,15.0,14.59
EMP02213,Female,41,17,BITS,Sales,Business Development Manager,6,Nagpur,5.0,3.4,9,21.9,33.45
EMP02214,Male,24,2,State University,Data Science,Data Analyst,1,Visakhapatnam,4.7,3.9,13,13.9,7.92
EMP02215,Female,29,6,Tier-2 Private,Product,Product Manager,2,Bangalore,2.7,4.0,3,16.9,10.18
EMP02216,Male,26,4,IIM,Customer Support,Customer Success Manager,2,Chennai,3.9,3.8,10,8.5,8.8
EMP02217,Male,27,5,Central University,Finance,Senior Financial Analyst,3,Chennai,4.5,3.4,1,12.1,13.37
EMP02218,Female,29,7,Tier-2 Private,Sales,Senior Account Manager,2,Kochi,3.9,2.6,11,28.3,8.33
EMP02219,Female,29,2,State University,Marketing,Marketing Executive,1,Hyderabad,3.5,1.8,1,20.6,6.41
EMP02220,Male,28,2,IIT,Sales,Sales Executive,1,Raipur,3.0,3.4,57,30.5,6.07
EMP02221,Male,28,4,Tier-2 Private,Legal,Legal Associate,1,Kolkata,3.8,2.2,1,14.7,8.47
EMP02222,Male,31,5,IIIT,HR,HR Manager,3,Indore,2.7,3.5,1,11.2,12.11
EMP02223,Male,25,2,State University,Finance,Senior Financial Analyst,1,Hyderabad,3.2,4.7,48,15.3,8.65
EMP02224,Male,35,10,Central University,Operations,Supply Chain Analyst,3,Kolkata,3.1,3.6,13,7.9,16.91
EMP02225,Female,27,4,Other,Product,Senior Product Manager,2,Delhi,3.9,2.6,23,19.5,7.19
EMP02226,Male,29,4,State University,Product,Associate Product Manager,2,Jaipur,4.6,,60,13.8,15.48
EMP02227,Female,31,7,Tier-2 Private,Engineering,Senior Software Engineer,2,Pune,3.1,,5,11.2,11.07
EMP02228,Male,32,5,Central University,HR,HR Executive,1,Bangalore,3.2,4.8,52,6.6,7.11
EMP02229,Male,37,10,Diploma,Operations,Operations Manager,3,Mumbai,4.5,,6,8.7,13.99
EMP02230,Female,27,3,"Top Private (ISB, XLRI, SP Jain)",Finance,Financial Analyst,1,Kochi,3.0,2.0,43,14.4,5.97
EMP02231,Male,24,2,IIM,Sales,Sales Executive,1,Kolkata,1.2,5.0,20,23.7,7.23
EMP02232,Female,27,4,State University,Marketing,Marketing Executive,2,Patna,5.0,3.2,85,15.0,6.89
EMP02233,Male,29,6,State University,Product,Senior Product Manager,2,Kolkata,4.3,,32,14.6,14.9
EMP02234,Female,26,2,State University,Engineering,Senior Software Engineer,1,Chennai,4.1,,1,12.3,7.34
EMP02235,Female,27,2,Central University,Legal,Legal Associate,1,Visakhapatnam,3.8,3.1,28,12.9,5.08
EMP02236,Female,33,6,Diploma,Legal,Senior Legal Counsel,2,Coimbatore,3.4,3.6,19,14.3,7.45
EMP02237,Male,25,3,BITS,Marketing,Marketing Manager,1,Kolkata,2.0,3.5,9,17.3,5.52
EMP02238,Male,27,2,Distance Learning,Product,Associate Product Manager,1,Delhi,3.3,2.1,7,13.1,7.42
EMP02239,Male,34,11,Other,HR,Compensation Analyst,4,Hyderabad,3.3,3.5,1,10.3,14.51
EMP02240,Male,28,3,"Top Private (ISB, XLRI, SP Jain)",Marketing,Marketing Executive,1,Dehradun,3.4,4.2,13,17.3,6.1
EMP02241,Male,38,13,State University,Finance,Accounts Manager,5,Vadodara,3.9,3.2,26,14.9,21.42
EMP02242,Male,32,6,Central University,Operations,Operations Manager,2,Raipur,4.7,4.1,5,8.3,11.09
EMP02243,Male,32,7,State University,Product,Product Manager,3,Chennai,3.4,4.3,32,10.4,16.07
EMP02244,Male,28,5,Central University,Engineering,Staff Engineer,3,Indore,3.3,4.4,15,13.3,14.31
EMP02245,Male,27,0,"Top Private (ISB, XLRI, SP Jain)",Data Science,Data Scientist,1,Nagpur,4.7,2.9,21,14.4,6.3
EMP02246,Male,26,2,Central University,Finance,Financial Analyst,1,Vadodara,2.8,2.9,23,11.4,7.02
EMP02247,Male,29,5,Central University,Legal,Legal Associate,2,Mumbai,3.4,3.6,49,12.7,10.57
EMP02248,Female,32,7,Other,Product,Associate Product Manager,2,Pune,3.5,2.0,1,15.9,7.2
EMP02249,Male,24,1,State University,Customer Support,Support Team Lead,2,Hyderabad,2.8,2.8,7,6.2,6.95
EMP02250,Male,32,5,IIT,Data Science,ML Engineer,3,Jaipur,3.2,3.8,80,9.1,19.25
EMP02251,Male,24,2,Tier-2 Private,Customer Support,Customer Support Executive,1,Ranchi,3.2,2.1,6,5.7,4.79
EMP02252,Female,29,7,State University,Legal,Senior Legal Counsel,2,Pune,4.1,2.0,33,8.0,9.19
EMP02253,Male,32,5,Tier-2 Private,Engineering,Staff Engineer,2,Nagpur,3.2,4.0,8,10.7,10.44
EMP02254,Female,34,10,Diploma,HR,Talent Acquisition Specialist,3,Kolkata,3.3,2.2,1,8.1,10.02
EMP02255,Female,39,12,Tier-2 Private,Operations,Logistics Manager,4,Delhi,3.8,5.0,35,7.6,18.82
EMP02256,Male,35,8,State University,Marketing,Brand Manager,3,Visakhapatnam,3.1,2.9,1,24.9,13.56
EMP02257,Female,38,11,IIIT,Customer Support,Support Manager,3,Delhi,2.7,2.5,15,5.8,11.59
EMP02258,Female,30,4,Tier-2 Private,Data Science,Senior Data Scientist,3,Ahmedabad,5.0,2.3,19,13.3,9.97
EMP02259,Male,56,30,Diploma,HR,Learning & Development Manager,6,Delhi,3.4,3.6,10,11.7,50.0
EMP02260,Male,27,2,Central University,HR,HR Executive,1,Delhi,3.6,,3,10.7,5.62
EMP02261,Female,30,4,Other,Operations,Operations Manager,1,Ahmedabad,3.3,3.6,22,6.7,5.8
EMP02262,Female,34,11,IIT,Product,Group Product Manager,4,Ahmedabad,2.3,3.1,38,14.3,15.59
EMP02263,Male,36,10,State University,Marketing,Digital Marketing Manager,3,Bhopal,3.1,4.2,6,18.8,14.55
EMP02264,Male,31,8,"Top Private (ISB, XLRI, SP Jain)",Data Science,Senior Data Scientist,3,Chandigarh,2.6,3.4,28,13.5,15.91
EMP02265,Male,33,9,State University,Data Science,ML Engineer,3,Mumbai,3.9,3.3,11,9.3,17.57
EMP02266,Male,25,1,Tier-2 Private,HR,HR Executive,1,Dehradun,3.8,3.7,39,7.6,7.71
EMP02267,Female,44,18,Tier-2 Private,Sales,Business Development Manager,5,Kochi,3.9,1.9,62,23.9,20.52
EMP02268,Male,28,5,Diploma,Operations,Supply Chain Analyst,2,Chennai,2.7,2.8,9,8.0,8.45
EMP02269,Female,37,14,State University,Customer Support,Support Team Lead,3,Patna,1.9,4.5,5,8.5,11.13
EMP02270,Female,27,1,Diploma,Engineering,Software Engineer,1,Ranchi,1.7,2.0,18,11.2,4.44
EMP02271,Female,31,7,IIIT,Marketing,Marketing Executive,2,Surat,3.8,3.9,15,21.1,8.11
EMP02272,Female,30,4,Other,Engineering,Software Engineer,2,Coimbatore,3.2,1.6,11,8.3,6.13
EMP02273,Female,36,9,Tier-2 Private,Finance,Financial Analyst,2,Mysore,2.4,2.2,15,14.1,6.14
EMP02274,Female,34,7,State University,Sales,Sales Executive,1,Visakhapatnam,3.9,2.7,5,29.2,6.14
EMP02275,Female,31,7,Central University,HR,HR Manager,2,Kochi,4.2,3.6,50,5.7,6.94
EMP02276,Male,25,2,Diploma,Product,Associate Product Manager,1,Mumbai,3.4,3.5,1,17.0,8.24
EMP02277,Male,32,5,IIM,Engineering,Software Engineer,1,Mumbai,3.0,3.9,5,13.0,8.52
EMP02278,Male,28,5,Distance Learning,Data Science,Data Scientist,2,Delhi,3.3,3.2,31,12.8,11.14
EMP02279,Female,34,8,IIIT,Marketing,Marketing Executive,2,Bangalore,4.4,3.2,30,24.7,12.42
EMP02280,Female,38,12,Tier-2 Private,Customer Support,Support Manager,3,Patna,4.3,3.3,16,9.5,13.26
EMP02281,Male,30,6,State University,Finance,Financial Analyst,2,Pune,3.3,,31,16.8,11.52
EMP02282,Male,24,2,BITS,Data Science,Data Analyst,1,Raipur,3.6,4.8,59,8.5,7.67
EMP02283,Male,30,6,State University,Product,Associate Product Manager,2,Hyderabad,5.0,,4,19.6,13.7
EMP02284,Female,52,30,Distance Learning,Operations,Process Improvement Specialist,6,Indore,5.0,3.2,21,9.4,50.0
EMP02285,Male,43,19,"Top Private (ISB, XLRI, SP Jain)",Product,Product Analyst,5,Visakhapatnam,3.5,3.3,7,15.7,34.31
EMP02286,Male,24,0,Tier-2 Private,Legal,Legal Associate,1,Dehradun,4.6,3.8,14,13.5,5.2
EMP02287,Female,31,6,IIM,Engineering,Software Engineer,2,Chennai,3.8,4.3,3,13.5,9.66
EMP02288,Female,34,11,Tier-2 Private,Finance,Finance Manager,3,Dehradun,4.7,3.3,10,16.4,11.37
EMP02289,Male,32,5,Distance Learning,Product,Senior Product Manager,3,Raipur,2.9,3.2,26,16.9,10.53
EMP02290,Male,26,4,NIT,Marketing,Digital Marketing Manager,3,Pune,4.1,4.3,70,20.1,17.53
EMP02291,Female,32,5,IIIT,Finance,Finance Manager,2,Chennai,4.3,3.1,4,14.5,9.23
EMP02292,Female,31,8,Diploma,HR,Talent Acquisition Specialist,3,Pune,3.5,3.2,8,10.2,9.95
EMP02293,Female,26,2,State University,Finance,Financial Analyst,1,Pune,3.1,3.7,15,16.7,7.03
EMP02294,Male,40,13,Distance Learning,Product,Director of Product,5,Bangalore,3.7,2.7,1,15.0,28.37
EMP02295,Male,30,5,Tier-2 Private,Operations,Process Improvement Specialist,3,Kochi,2.4,2.6,19,7.3,11.4
EMP02296,Male,25,3,BITS,Product,Product Manager,1,Delhi,3.2,,9,18.8,7.3
EMP02297,Female,38,13,State University,Legal,Company Secretary,4,Jaipur,3.0,3.1,6,10.1,19.07
EMP02298,Male,27,2,Tier-2 Private,Customer Support,Support Team Lead,1,Visakhapatnam,4.2,4.3,8,5.1,6.4
EMP02299,Male,31,4,IIT,Product,Product Manager,1,Jaipur,3.9,3.1,43,11.0,8.75
EMP02300,Female,29,4,State University,Product,Associate Product Manager,1,Guwahati,4.0,2.9,4,14.6,4.43
EMP02301,Female,54,27,State University,Customer Support,Customer Success Manager,5,Indore,4.4,,1,5.5,34.3
EMP02302,Female,28,3,Other,Legal,Legal Associate,1,Mumbai,2.6,2.6,15,15.0,4.46
EMP02303,Male,24,1,Central University,Marketing,Marketing Executive,2,Pune,4.8,3.3,4,22.2,9.3
EMP02304,Male,29,4,State University,HR,HR Business Partner,3,Kochi,4.2,3.6,17,7.0,9.99
EMP02305,Male,35,8,"Top Private (ISB, XLRI, SP Jain)",Product,Group Product Manager,3,Jaipur,2.4,4.0,30,13.3,11.79
EMP02306,Male,32,10,Central University,Operations,Supply Chain Analyst,3,Ahmedabad,4.1,4.3,10,7.1,16.23
EMP02307,Male,53,29,Tier-2 Private,Customer Support,Support Manager,6,Surat,3.9,3.5,13,5.4,50.0
EMP02308,Male,38,16,State University,Marketing,Digital Marketing Manager,4,Thiruvananthapuram,3.8,,17,15.0,20.21
EMP02309,Female,33,6,"Top Private (ISB, XLRI, SP Jain)",Marketing,Brand Manager,3,Kochi,2.7,3.1,3,12.0,13.46
EMP02310,Female,28,3,Diploma,HR,HR Executive,1,Kolkata,3.5,3.4,15,10.0,5.02
EMP02311,Female,44,18,Central University,Legal,Company Secretary,5,Raipur,4.0,4.3,54,8.3,29.83
EMP02312,Male,31,4,Central University,HR,HR Executive,2,Mumbai,3.5,5.0,10,6.4,8.56
EMP02313,Male,29,3,Central University,Marketing,Marketing Executive,1,Delhi,2.4,4.9,31,22.2,7.65
EMP02314,Male,28,4,Central University,Marketing,Marketing Executive,1,Dehradun,3.2,4.3,10,18.0,7.35
EMP02315,Male,29,2,Tier-2 Private,Engineering,Software Engineer,2,Bangalore,3.8,2.9,1,12.0,7.61
EMP02316,Male,28,4,IIM,Legal,Legal Manager,2,Hyderabad,3.3,3.8,1,12.9,9.77
EMP02317,Male,32,5,Central University,Finance,Financial Analyst,2,Pune,5.0,3.3,19,18.0,13.3
EMP02318,Female,37,10,IIIT,Legal,Senior Legal Counsel,3,Delhi,4.1,3.2,30,9.8,13.28
EMP02319,Male,27,4,Distance Learning,Finance,Financial Analyst,2,Bangalore,4.1,4.8,7,13.5,10.67
EMP02320,Female,28,2,Central University,Product,Associate Product Manager,1,Jaipur,3.6,4.2,6,16.2,6.61
EMP02321,Male,27,1,Central University,Legal,Legal Associate,1,Mumbai,3.1,4.2,5,12.1,8.45
EMP02322,Male,33,7,Tier-2 Private,Data Science,Data Analyst,2,Ranchi,4.8,5.0,2,8.1,11.33
EMP02323,Male,29,6,Tier-2 Private,Sales,Senior Account Manager,2,Chennai,3.2,4.2,25,15.0,10.77
EMP02324,Male,29,4,Diploma,Legal,Legal Manager,2,Chandigarh,3.5,4.6,9,12.7,8.78
EMP02325,Male,26,4,State University,Product,Associate Product Manager,1,Lucknow,3.4,4.0,5,11.0,7.66
EMP02326,Female,34,7,Tier-2 Private,Product,Product Manager,2,Bangalore,2.4,3.4,5,16.4,8.0
EMP02327,Male,43,16,Central University,Finance,Accounts Manager,5,Kolkata,3.8,5.0,14,15.4,33.77
EMP02328,Male,28,3,Central University,Legal,Legal Associate,1,Visakhapatnam,4.3,3.1,23,14.2,9.62
EMP02329,Male,28,6,Other,Finance,Financial Analyst,1,Chennai,3.0,,13,13.8,7.38
EMP02330,Male,36,11,State University,Data Science,ML Engineer,3,Kolkata,3.3,2.9,16,13.8,12.47
EMP02331,Female,27,3,Diploma,Marketing,Marketing Executive,2,Visakhapatnam,2.8,3.0,6,17.1,5.85
EMP02332,Male,31,5,IIIT,Engineering,Software Engineer,1,Chennai,4.9,4.2,3,14.5,8.46
EMP02333,Female,27,5,Tier-2 Private,HR,HR Business Partner,2,Surat,3.8,4.2,1,5.6,7.28
EMP02334,Male,26,2,Tier-2 Private,Data Science,Senior Data Scientist,2,Mumbai,4.5,3.1,7,11.6,10.15
EMP02335,Male,30,6,"Top Private (ISB, XLRI, SP Jain)",Product,Group Product Manager,3,Delhi,3.2,3.2,21,18.9,19.77
EMP02336,Female,33,6,Distance Learning,Engineering,Staff Engineer,2,Ahmedabad,3.9,3.0,27,11.5,9.38
EMP02337,Female,31,8,Diploma,Engineering,Staff Engineer,2,Pune,2.2,3.3,5,13.7,6.64
EMP02338,Male,29,2,IIIT,Sales,Sales Executive,1,Vadodara,3.0,3.6,10,24.2,5.39
EMP02339,Male,33,6,State University,Customer Support,Customer Support Executive,2,Hyderabad,5.0,3.9,46,7.0,10.51
EMP02340,Male,40,15,Central University,Finance,FP&A Analyst,4,Coimbatore,3.8,2.9,1,14.8,24.08
EMP02341,Male,48,25,BITS,Engineering,Engineering Manager,6,Guwahati,3.2,,16,14.4,50.0
EMP02342,Male,37,14,Distance Learning,Customer Support,Support Manager,4,Delhi,2.0,3.0,69,9.5,20.61
EMP02343,Female,24,2,"Top Private (ISB, XLRI, SP Jain)",Marketing,Marketing Executive,1,Surat,3.6,,1,21.4,5.46
EMP02344,Male,34,8,BITS,Finance,Finance Manager,3,Guwahati,3.2,2.7,7,14.3,12.18
EMP02345,Female,30,4,Other,Sales,Senior Account Manager,3,Pune,4.2,2.7,3,24.9,8.85
EMP02346,Male,30,7,Diploma,Sales,Sales Executive,2,Coimbatore,2.3,4.0,4,23.4,9.93
EMP02347,Female,29,3,State University,Sales,Sales Executive,1,Pune,4.2,4.3,9,33.7,6.56
EMP02348,Female,26,1,State University,Operations,Operations Executive,1,Delhi,3.1,3.6,8,8.8,5.29
EMP02349,Male,30,4,IIIT,Engineering,Senior Software Engineer,2,Delhi,2.7,2.8,13,9.9,9.43
EMP02350,Male,32,10,Tier-2 Private,Finance,Financial Analyst,2,Kolkata,3.6,4.1,2,17.2,13.34
EMP02351,Male,30,7,State University,Operations,Operations Executive,2,Ranchi,5.0,3.2,9,5.4,11.28
EMP02352,Female,34,8,BITS,Legal,Legal Manager,3,Surat,4.1,,4,8.8,10.65
EMP02353,Male,31,7,Tier-2 Private,Operations,Operations Executive,1,Hyderabad,3.7,3.9,20,8.2,9.39
EMP02354,Male,35,8,IIM,Finance,Senior Financial Analyst,3,Kolkata,3.1,3.0,46,14.0,14.65
EMP02355,Male,35,8,NIT,Legal,Legal Manager,2,Delhi,4.6,3.7,3,10.3,13.8
EMP02356,Female,26,4,State University,HR,HR Business Partner,3,Guwahati,3.8,2.3,78,8.3,8.36
EMP02357,Male,30,6,BITS,Data Science,Data Analyst,2,Kolkata,1.9,3.7,21,11.3,13.08
EMP02358,Male,46,20,IIT,Finance,Controller,5,Ahmedabad,4.1,3.4,5,15.5,38.98
EMP02359,Female,28,6,IIT,Legal,Legal Associate,2,Chennai,3.7,4.8,7,9.4,6.97
EMP02360,Male,33,6,IIIT,Marketing,Digital Marketing Manager,3,Thiruvananthapuram,3.4,3.7,38,21.4,14.66
EMP02361,Female,28,6,Central University,HR,HR Manager,1,Hyderabad,4.5,3.3,11,9.2,8.11
EMP02362,Male,27,5,IIIT,Engineering,Software Engineer,2,Mumbai,2.9,1.9,61,8.1,8.33
EMP02363,Male,29,4,Diploma,Operations,Supply Chain Analyst,2,Chennai,3.1,4.0,3,7.5,9.6
EMP02364,Female,30,7,IIIT,Finance,Senior Financial Analyst,1,Dehradun,3.4,4.1,7,10.6,6.79
EMP02365,Female,29,4,State University,Engineering,Lead Engineer,3,Kochi,3.8,4.1,4,11.4,12.03
EMP02366,Female,29,5,Tier-2 Private,Customer Support,Customer Support Executive,1,Bangalore,3.0,,21,6.5,6.72
EMP02367,Male,26,3,IIM,Marketing,Marketing Executive,1,Pune,2.7,3.2,39,18.8,9.21
EMP02368,Male,33,6,Central University,Legal,Legal Manager,3,Kochi,3.3,4.5,1,10.8,12.48
EMP02369,Male,31,9,Central University,Sales,Sales Manager,3,Hyderabad,3.1,3.5,10,23.3,10.76
EMP02370,Male,29,5,State University,Legal,Senior Legal Counsel,2,Nagpur,4.8,3.6,31,10.6,11.2
EMP02371,Male,24,1,Tier-2 Private,Marketing,Marketing Manager,1,Mumbai,1.8,3.4,16,22.1,5.24
EMP02372,Male,31,9,State University,Sales,Senior Account Manager,3,Delhi,4.2,2.0,69,22.8,11.74
EMP02373,Male,29,6,BITS,Customer Support,Customer Success Manager,2,Patna,1.9,3.0,6,7.3,12.0
EMP02374,Male,26,3,Diploma,Operations,Operations Executive,1,Hyderabad,3.4,3.7,13,8.8,6.3
EMP02375,Male,34,10,BITS,Operations,Operations Executive,2,Mumbai,2.6,4.0,20,8.2,13.56
EMP02376,Male,26,2,Distance Learning,Legal,Legal Associate,1,Guwahati,2.2,3.6,15,9.3,6.45
EMP02377,Female,34,12,Distance Learning,Finance,Controller,3,Coimbatore,4.5,3.7,2,16.4,14.12
EMP02378,Female,27,5,NIT,HR,HR Manager,2,Mysore,4.1,2.1,1,9.6,4.76
EMP02379,Male,23,1,State University,Sales,Sales Executive,1,Bangalore,3.5,2.9,29,25.3,8.19
EMP02380,Female,31,6,Distance Learning,Customer Support,Customer Success Manager,2,Ranchi,3.6,4.9,17,7.9,6.79
EMP02381,Female,31,4,State University,Sales,Account Manager,3,Raipur,2.9,3.8,24,26.7,8.47
EMP02382,Male,26,4,Diploma,Marketing,Marketing Manager,3,Hyderabad,3.1,4.5,18,18.2,10.78
EMP02383,Male,25,3,Tier-2 Private,Sales,Sales Executive,1,Hyderabad,2.9,3.4,5,18.4,6.38
EMP02384,Male,31,5,Distance Learning,HR,HR Executive,1,Mumbai,3.1,,14,8.0,6.94
EMP02385,Male,30,4,NIT,Marketing,Marketing Executive,2,Ranchi,3.3,4.3,76,14.2,8.18
EMP02386,Female,27,1,BITS,Marketing,Marketing Manager,1,Kochi,4.5,4.8,9,23.4,5.39
EMP02387,Female,37,14,State University,Sales,Key Account Manager,5,Kochi,4.0,3.6,35,34.7,26.02
EMP02388,Male,32,5,Other,Engineering,Staff Engineer,3,Thiruvananthapuram,3.7,2.9,3,13.7,10.85
EMP02389,Female,28,3,Distance Learning,Customer Support,Support Team Lead,2,Mumbai,2.7,2.8,25,9.1,6.5
EMP02390,Male,24,2,Other,Data Science,Data Scientist,1,Delhi,3.8,3.8,1,9.2,7.39
EMP02391,Female,32,10,Central University,Operations,Process Improvement Specialist,4,Bangalore,1.5,1.5,36,6.4,12.73
EMP02392,Female,27,2,"Top Private (ISB, XLRI, SP Jain)",Customer Support,Customer Support Executive,1,Ranchi,2.9,3.6,2,6.8,4.58
EMP02393,Male,32,6,Other,Product,Associate Product Manager,1,Jaipur,2.5,4.0,27,15.3,7.29
EMP02394,Male,30,4,Central University,HR,HR Manager,2,Mumbai,3.2,,5,9.4,8.05
EMP02395,Female,29,4,Central University,HR,Talent Acquisition Specialist,3,Guwahati,3.3,,38,6.8,7.77
EMP02396,Female,27,2,Other,Engineering,Software Engineer,1,Visakhapatnam,3.1,2.5,16,11.9,4.49
EMP02397,Male,29,3,Distance Learning,Operations,Operations Executive,1,Pune,3.5,3.7,16,8.6,7.46
EMP02398,Male,28,6,State University,Customer Support,Support Team Lead,1,Ahmedabad,3.6,3.6,3,6.1,5.97
EMP02399,Male,31,7,State University,Legal,Legal Manager,2,Coimbatore,4.6,,2,14.3,10.36
EMP02400,Male,25,3,Distance Learning,Customer Support,Customer Support Executive,1,Guwahati,2.8,4.3,10,7.4,4.26
EMP02401,Female,32,5,State University,Marketing,Marketing Executive,2,Mumbai,2.8,3.5,24,22.5,6.58
EMP02402,Female,36,11,Other,Sales,Senior Account Manager,2,Visakhapatnam,3.4,4.4,20,23.1,9.03
EMP02403,Female,27,1,IIM,Product,Product Manager,2,Chennai,3.7,,15,14.6,10.26
EMP02404,Female,30,6,Central University,Product,Associate Product Manager,2,Chennai,3.5,2.8,10,18.3,10.53
EMP02405,Female,30,3,State University,Customer Support,Support Team Lead,1,Patna,4.9,3.5,56,6.4,5.78
EMP02406,Male,29,2,NIT,Product,Associate Product Manager,1,Guwahati,4.2,4.0,7,11.4,8.15
EMP02407,Male,32,7,Diploma,Sales,Sales Executive,1,Raipur,4.6,4.9,4,33.9,8.67
EMP02408,Male,31,4,Central University,Legal,Senior Legal Counsel,3,Hyderabad,3.8,3.8,15,11.9,11.88
EMP02409,Male,27,2,Other,Operations,Operations Manager,1,Kochi,3.5,4.0,51,6.7,6.03
EMP02410,Female,41,15,Tier-2 Private,Engineering,Engineering Manager,5,Ahmedabad,1.5,3.0,1,11.5,19.31
EMP02411,Female,34,11,Tier-2 Private,Customer Support,Support Manager,4,Mumbai,3.5,3.7,1,7.7,17.38
EMP02412,Female,28,1,Central University,Product,Associate Product Manager,1,Lucknow,3.2,2.6,27,17.3,4.72
EMP02413,Male,25,2,Tier-2 Private,Customer Support,Customer Support Executive,1,Mumbai,3.2,3.1,16,9.3,7.43
EMP02414,Male,35,9,Diploma,Data Science,ML Engineer,3,Kolkata,4.3,4.5,2,10.2,14.92
EMP02415,Male,29,4,Tier-2 Private,Finance,Finance Manager,2,Bangalore,2.4,4.2,20,13.8,11.78
EMP02416,Male,39,17,Diploma,Sales,Business Development Manager,6,Nagpur,4.3,4.6,28,17.0,37.54
EMP02417,Male,35,9,Tier-2 Private,Engineering,Senior Software Engineer,3,Bangalore,4.0,5.0,3,13.6,17.19
EMP02418,Male,29,7,NIT,Finance,Senior Financial Analyst,3,Kolkata,3.6,4.3,96,13.1,16.4
EMP02419,Male,27,2,Tier-2 Private,Customer Support,Customer Support Executive,1,Thiruvananthapuram,4.1,3.8,4,6.3,4.95
EMP02420,Female,34,8,Tier-2 Private,Customer Support,Support Manager,3,Bangalore,2.0,2.9,17,8.5,9.32
EMP02421,Male,24,2,Central University,HR,HR Executive,1,Ahmedabad,3.8,3.2,17,9.7,6.07
EMP02422,Male,39,15,Central University,Legal,Company Secretary,4,Delhi,2.3,3.6,13,8.0,28.11
EMP02423,Female,33,8,State University,Sales,Sales Manager,3,Delhi,3.7,3.3,6,31.4,10.44
EMP02424,Male,30,3,State University,Customer Support,Support Team Lead,1,Ranchi,2.5,4.2,2,6.5,6.97
EMP02425,Female,34,10,State University,Marketing,Brand Manager,2,Lucknow,2.8,2.7,2,22.0,8.6
EMP02426,Female,51,29,Tier-2 Private,Product,Product Analyst,6,Pune,3.1,2.9,3,14.6,50.0
EMP02427,Male,27,5,State University,Legal,Legal Associate,2,Chennai,3.2,3.9,8,9.8,10.9
EMP02428,Female,31,8,IIT,Marketing,Digital Marketing Manager,3,Jaipur,3.6,2.3,1,24.0,11.79
EMP02429,Female,31,4,IIIT,HR,HR Business Partner,2,Hyderabad,4.0,4.3,11,7.5,7.3
EMP02430,Female,32,6,Other,Operations,Supply Chain Analyst,2,Indore,5.0,3.9,6,9.7,7.41
EMP02431,Female,26,2,State University,Legal,Legal Associate,1,Pune,2.9,3.4,1,13.9,5.58
EMP02432,Female,33,6,Tier-2 Private,Customer Support,Customer Support Executive,1,Kolkata,3.5,,10,7.0,7.03
EMP02433,Female,33,6,State University,Finance,Senior Financial Analyst,3,Dehradun,3.4,3.2,5,16.0,10.73
EMP02434,Male,48,21,Tier-2 Private,Finance,FP&A Analyst,5,Pune,2.6,4.1,11,15.7,38.48
EMP02435,Female,23,1,State University,Legal,Legal Associate,1,Delhi,1.9,,9,9.1,5.49
EMP02436,Female,26,4,Tier-2 Private,Finance,Finance Manager,3,Chandigarh,2.7,2.2,34,14.1,10.14
EMP02437,Female,40,14,NIT,Operations,Supply Chain Analyst,4,Bangalore,3.0,3.6,8,7.5,17.32
EMP02438,Female,29,5,Other,Operations,Operations Executive,2,Dehradun,3.1,3.5,52,6.0,5.7
EMP02439,Male,27,5,"Top Private (ISB, XLRI, SP Jain)",Marketing,Digital Marketing Manager,3,Delhi,2.3,,37,22.9,12.21
EMP02440,Female,28,3,State University,Operations,Operations Executive,1,Chennai,3.2,4.9,9,6.6,6.55
EMP02441,Female,27,3,Tier-2 Private,Sales,Account Manager,1,Nagpur,3.3,2.7,17,34.5,5.63
EMP02442,Male,28,1,Distance Learning,Data Science,Data Analyst,1,Chandigarh,2.7,4.6,8,10.7,6.72
EMP02443,Male,28,3,Tier-2 Private,Data Science,Data Analyst,2,Bangalore,4.0,,24,8.4,11.89
EMP02444,Male,26,3,Other,Marketing,Marketing Executive,1,Delhi,2.1,3.9,28,19.7,5.54
EMP02445,Male,33,6,"Top Private (ISB, XLRI, SP Jain)",Legal,Legal Manager,2,Hyderabad,3.7,5.0,36,13.5,10.89
EMP02446,Male,28,3,Central University,Finance,Financial Analyst,1,Mumbai,3.3,4.4,18,14.9,8.64
EMP02447,Male,27,4,Other,Marketing,Brand Manager,2,Delhi,3.5,3.1,1,12.8,7.06
EMP02448,Male,26,4,Distance Learning,Marketing,Digital Marketing Manager,3,Lucknow,3.8,3.2,3,22.4,9.84
EMP02449,Female,30,5,Diploma,Sales,Senior Account Manager,2,Indore,3.7,2.8,32,29.8,8.23
EMP02450,Female,30,4,Tier-2 Private,Data Science,Senior Data Scientist,2,Jaipur,1.9,,13,9.4,7.42
EMP02451,Female,29,2,State University,Operations,Operations Manager,1,Kolkata,3.2,2.8,71,8.8,5.72
EMP02452,Female,28,6,Distance Learning,Operations,Operations Executive,2,Ahmedabad,3.8,1.8,14,5.2,6.68
EMP02453,Female,36,12,Distance Learning,Product,Group Product Manager,4,Pune,3.8,3.0,8,17.3,24.65
EMP02454,Female,33,6,BITS,Data Science,Data Analyst,1,Visakhapatnam,2.8,4.0,15,10.6,9.23
EMP02455,Female,28,3,Tier-2 Private,Sales,Sales Executive,1,Kolkata,2.6,4.3,2,25.9,5.3
EMP02456,Male,27,5,State University,Engineering,Senior Software Engineer,2,Indore,3.9,4.2,10,10.4,7.74
EMP02457,Female,28,1,Other,Product,Product Manager,1,Nagpur,3.8,3.2,38,14.9,4.81
EMP02458,Male,31,5,Other,Marketing,Marketing Manager,2,Raipur,2.6,4.4,5,21.5,11.98
EMP02459,Male,28,4,Other,Engineering,Software Engineer,2,Bangalore,2.4,5.0,1,8.2,10.4
EMP02460,Male,29,3,Tier-2 Private,Engineering,Senior Software Engineer,1,Coimbatore,3.1,4.0,5,14.3,6.28
EMP02461,Female,28,3,"Top Private (ISB, XLRI, SP Jain)",Operations,Operations Executive,2,Mumbai,2.8,3.3,96,7.3,7.35
EMP02462,Female,27,4,Tier-2 Private,Operations,Supply Chain Analyst,3,Pune,3.5,4.5,2,7.3,8.89
EMP02463,Male,38,12,"Top Private (ISB, XLRI, SP Jain)",Customer Support,Support Manager,5,Coimbatore,4.5,,20,7.1,22.44
EMP02464,Female,35,12,"Top Private (ISB, XLRI, SP Jain)",HR,HR Business Partner,4,Mysore,2.4,3.9,43,11.8,11.31
EMP02465,Male,26,3,Other,Data Science,Data Scientist,2,Jaipur,3.3,1.5,9,13.3,7.89
EMP02466,Female,29,4,State University,HR,HR Executive,2,Chennai,2.8,3.1,23,10.9,6.83
EMP02467,Female,26,4,State University,Engineering,Senior Software Engineer,3,Ahmedabad,4.0,1.8,33,10.2,10.6
EMP02468,Female,35,10,Distance Learning,Engineering,Engineering Manager,4,Ahmedabad,4.1,3.9,13,14.4,15.93
EMP02469,Female,31,6,BITS,Product,Associate Product Manager,2,Hyderabad,2.7,2.8,7,15.3,9.09
EMP02470,Male,32,6,State University,Data Science,Data Analyst,2,Chennai,4.3,4.1,1,14.6,10.96
EMP02471,Male,30,8,IIT,Customer Support,Support Team Lead,3,Bangalore,4.1,3.2,16,6.0,14.98
EMP02472,Female,28,3,State University,Operations,Operations Executive,1,Indore,3.3,3.0,10,9.6,5.0
EMP02473,Female,39,15,Central University,HR,Learning & Development Manager,5,Chennai,4.0,2.8,1,5.6,22.8
EMP02474,Male,29,6,Tier-2 Private,Engineering,Software Engineer,1,Hyderabad,2.3,4.0,16,11.2,9.34
EMP02475,Male,27,3,Other,Data Science,Data Analyst,1,Indore,4.9,3.9,61,8.9,7.42
EMP02476,Male,32,5,State University,Data Science,Senior Data Scientist,2,Vadodara,3.4,3.0,1,13.5,10.54
EMP02477,Male,40,14,Distance Learning,Operations,Logistics Manager,5,Chennai,4.4,3.6,34,6.1,35.03
EMP02478,Male,26,4,IIT,Sales,Account Manager,2,Guwahati,2.9,3.1,47,22.6,7.19
EMP02479,Male,38,11,Other,Operations,Supply Chain Analyst,3,Indore,2.1,3.3,27,6.2,12.67
EMP02480,Female,28,3,Tier-2 Private,Data Science,Data Analyst,1,Bangalore,3.8,3.0,4,14.3,8.28
EMP02481,Male,25,3,State University,Product,Associate Product Manager,1,Ranchi,2.8,3.2,18,18.1,5.14
EMP02482,Male,36,9,Tier-2 Private,Marketing,Brand Manager,3,Lucknow,2.9,4.1,9,19.3,12.36
EMP02483,Male,28,3,Distance Learning,Marketing,Marketing Executive,1,Hyderabad,3.6,4.1,12,22.0,8.57
EMP02484,Male,37,10,State University,Engineering,Staff Engineer,3,Bangalore,4.1,2.5,25,9.6,17.83
EMP02485,Female,29,7,Distance Learning,Marketing,Marketing Executive,1,Ahmedabad,3.7,3.2,21,19.6,6.17
EMP02486,Male,26,3,State University,Product,Product Manager,1,Kolkata,4.2,5.0,1,14.4,7.42
EMP02487,Female,32,5,Diploma,Data Science,ML Engineer,3,Surat,3.2,4.2,14,10.7,10.02
EMP02488,Female,27,4,Central University,Legal,Senior Legal Counsel,3,Kolkata,4.5,4.8,17,11.5,12.84
EMP02489,Male,32,7,Tier-2 Private,Data Science,Senior Data Scientist,2,Kolkata,4.0,2.9,1,9.2,13.19
EMP02490,Female,47,22,Central University,Sales,Key Account Manager,6,Nagpur,2.5,3.1,4,17.7,32.67
EMP02491,Female,31,4,Tier-2 Private,Engineering,Senior Software Engineer,3,Raipur,3.9,2.7,7,12.8,8.66
EMP02492,Male,32,8,Other,Data Science,Senior Data Scientist,2,Vadodara,3.4,3.6,1,10.3,9.64
EMP02493,Male,32,6,Distance Learning,Legal,Legal Associate,2,Kolkata,2.8,3.8,7,8.3,9.86
EMP02494,Female,32,6,Central University,Product,Product Manager,2,Pune,3.8,3.7,34,15.9,7.42
EMP02495,Female,31,5,Diploma,Engineering,Senior Software Engineer,1,Kochi,3.7,3.0,8,10.7,5.82
EMP02496,Male,28,3,BITS,Marketing,Marketing Manager,1,Pune,3.9,3.2,33,14.5,8.94
EMP02497,Male,29,7,"Top Private (ISB, XLRI, SP Jain)",Product,Product Manager,2,Hyderabad,2.5,3.0,2,19.0,11.94
EMP02498,Male,27,4,Other,Operations,Operations Manager,1,Bangalore,1.6,3.5,48,8.4,6.3
EMP02499,Female,28,3,Diploma,HR,HR Executive,2,Patna,3.1,3.8,11,11.8,5.17
EMP02500,Male,36,12,Central University,HR,HR Manager,3,Lucknow,3.2,4.1,1,11.8,15.99
EMP02501,Male,29,6,"Top Private (ISB, XLRI, SP Jain)",Engineering,Senior Software Engineer,1,Pune,3.8,4.5,4,8.3,11.15
EMP02502,Female,31,5,Other,Product,Product Manager,2,Nagpur,1.2,3.6,32,18.9,6.03
EMP02503,Female,39,15,Central University,Engineering,Engineering Manager,4,Raipur,3.9,3.9,63,11.9,17.69
EMP02504,Female,27,1,State University,Customer Support,Customer Support Executive,1,Guwahati,4.0,2.3,10,6.6,3.38
EMP02505,Male,39,14,Central University,Engineering,Staff Engineer,4,Ahmedabad,4.1,,11,14.8,28.68
EMP02506,Male,27,3,Distance Learning,Legal,Senior Legal Counsel,1,Ranchi,4.1,4.4,4,15.0,8.68
EMP02507,Female,29,7,State University,Legal,Senior Legal Counsel,2,Vadodara,2.5,4.6,35,11.8,7.08
EMP02508,Female,26,4,Central University,Operations,Operations Executive,2,Lucknow,2.7,,21,6.7,7.3
EMP02509,Male,28,3,BITS,Legal,Legal Associate,1,Delhi,3.2,2.8,8,10.2,9.07
EMP02510,Female,39,15,IIM,Customer Support,Support Manager,4,Raipur,3.3,4.0,96,7.7,17.8
EMP02511,Male,48,22,Diploma,Legal,Company Secretary,5,Pune,2.6,3.4,8,12.1,42.8
EMP02512,Male,30,5,Distance Learning,Product,Senior Product Manager,2,Indore,3.5,,16,14.5,8.72
EMP02513,Male,30,7,Tier-2 Private,Sales,Sales Executive,1,Mumbai,3.8,3.4,5,25.9,10.16
EMP02514,Male,32,6,Central University,Product,Senior Product Manager,3,Pune,3.7,3.3,22,13.4,13.23
EMP02515,Male,45,20,NIT,Data Science,Data Engineer,6,Chennai,3.5,3.5,18,13.9,50.0
EMP02516,Female,28,1,Other,Finance,Financial Analyst,1,Mumbai,3.7,3.0,3,14.4,5.67
EMP02517,Male,34,7,IIT,Customer Support,Support Manager,3,Surat,3.2,4.0,1,6.8,13.33
EMP02518,Male,30,3,NIT,Data Science,Data Scientist,1,Hyderabad,3.8,4.1,2,13.9,10.49
EMP02519,Male,23,1,Tier-2 Private,HR,HR Executive,1,Vadodara,3.7,4.5,8,10.3,5.11
EMP02520,Male,29,4,IIT,Data Science,Senior Data Scientist,2,Mysore,2.8,4.0,32,13.1,11.47
EMP02521,Male,44,22,NIT,Marketing,Digital Marketing Manager,5,Kochi,4.9,3.6,47,13.0,44.4
EMP02522,Male,30,3,NIT,Customer Support,Support Team Lead,1,Ranchi,4.6,4.1,5,6.4,6.99
EMP02523,Male,36,10,Tier-2 Private,Customer Support,Support Team Lead,3,Chandigarh,4.0,,28,7.2,14.35
EMP02524,Female,37,14,BITS,Legal,Company Secretary,5,Lucknow,4.3,3.8,43,8.8,24.41
EMP02525,Female,30,5,Central University,Legal,Senior Legal Counsel,2,Delhi,3.7,3.7,4,8.2,10.14
EMP02526,Male,31,6,IIIT,HR,HR Manager,2,Nagpur,3.2,,96,6.8,11.64
EMP02527,Female,26,1,Diploma,Engineering,Senior Software Engineer,1,Bangalore,4.3,2.9,33,11.2,4.1
EMP02528,Female,28,3,State University,Operations,Operations Executive,1,Mumbai,3.7,4.0,5,6.8,6.35
EMP02529,Female,38,11,State University,Marketing,Brand Manager,3,Hyderabad,4.0,3.5,21,23.2,14.24
EMP02530,Female,32,6,NIT,Product,Product Manager,3,Coimbatore,4.7,2.2,10,17.7,10.2
EMP02531,Female,31,7,Other,Sales,Sales Executive,2,Pune,2.2,2.1,1,30.9,7.75
EMP02532,Female,32,6,"Top Private (ISB, XLRI, SP Jain)",Engineering,Senior Software Engineer,1,Thiruvananthapuram,3.8,2.0,5,9.1,6.45
EMP02533,Female,50,28,Central University,Data Science,ML Engineer,5,Ahmedabad,2.7,3.4,1,14.0,43.64
EMP02534,Male,27,4,Central University,Marketing,Marketing Manager,1,Chandigarh,3.3,2.5,18,24.7,6.12
EMP02535,Female,40,18,Other,Data Science,Lead Data Scientist,6,Indore,2.8,3.3,1,10.9,27.07
EMP02536,Female,33,6,Tier-2 Private,Operations,Operations Manager,3,Guwahati,4.4,3.5,7,7.6,10.72
EMP02537,Female,41,19,Distance Learning,Sales,Key Account Manager,5,Vadodara,3.8,3.0,1,23.6,22.59
EMP02538,Male,29,2,Tier-2 Private,Operations,Operations Executive,1,Coimbatore,3.5,3.5,11,6.1,5.76
EMP02539,Male,32,6,Diploma,Data Science,Data Analyst,2,Kolkata,2.2,4.3,3,9.4,11.84
EMP02540,Male,31,4,State University,Operations,Operations Manager,2,Indore,3.0,3.0,3,6.6,7.68
EMP02541,Male,32,6,"Top Private (ISB, XLRI, SP Jain)",Customer Support,Customer Support Executive,2,Thiruvananthapuram,3.1,3.7,1,6.8,9.27
EMP02542,Male,38,14,Central University,Customer Support,Support Manager,4,Bangalore,3.7,2.1,66,5.5,18.94
EMP02543,Male,33,7,"Top Private (ISB, XLRI, SP Jain)",Data Science,Data Scientist,2,Chandigarh,3.1,3.8,4,8.8,13.04
EMP02544,Male,41,14,Distance Learning,Product,Senior Product Manager,3,Kolkata,3.2,4.6,18,16.2,23.3
EMP02545,Male,30,3,Diploma,Data Science,Data Analyst,1,Patna,1.5,,21,12.3,6.55
EMP02546,Male,29,3,NIT,Product,Product Manager,1,Raipur,4.2,3.5,13,11.7,6.73
EMP02547,Female,32,6,Central University,Customer Support,Customer Support Executive,1,Vadodara,2.5,,9,6.2,5.19
EMP02548,Male,30,5,State University,Engineering,Staff Engineer,3,Pune,2.9,,18,11.7,12.82
EMP02549,Male,32,5,"Top Private (ISB, XLRI, SP Jain)",HR,HR Executive,1,Chennai,3.9,4.1,15,9.7,9.23
EMP02550,Male,27,3,State University,Customer Support,Customer Support Executive,1,Bangalore,4.2,3.7,2,9.7,5.62
EMP02551,Male,38,13,Tier-2 Private,Legal,Compliance Officer,4,Pune,3.5,4.1,1,14.4,27.24
EMP02552,Male,31,4,State University,Marketing,Marketing Manager,2,Kolkata,3.7,3.2,12,16.0,10.05
EMP02553,Female,39,16,Tier-2 Private,HR,Talent Acquisition Specialist,5,Bangalore,4.2,3.2,8,7.1,25.97
EMP02554,Female,32,6,State University,Marketing,Marketing Manager,2,Mumbai,1.4,2.8,21,16.9,8.1
EMP02555,Male,31,9,Central University,Operations,Process Improvement Specialist,3,Bangalore,4.2,4.3,8,9.4,12.44
EMP02556,Female,33,8,IIT,Customer Support,Support Team Lead,2,Pune,1.7,2.7,1,6.0,7.62
EMP02557,Male,25,3,Tier-2 Private,HR,HR Executive,1,Jaipur,3.2,3.3,8,10.3,6.22
EMP02558,Male,34,7,Central University,Marketing,Brand Manager,2,Bangalore,3.8,3.9,4,15.8,8.43
EMP02559,Male,50,23,Central University,Customer Support,Customer Success Manager,6,Nagpur,2.7,1.8,14,7.6,43.49
EMP02560,Male,30,7,BITS,Finance,Senior Financial Analyst,1,Kochi,3.3,3.1,1,13.7,7.63
EMP02561,Female,33,11,State University,Engineering,Lead Engineer,3,Hyderabad,1.0,2.7,20,13.1,14.01
EMP02562,Female,34,9,Tier-2 Private,Product,Senior Product Manager,2,Mumbai,2.4,,13,16.7,8.47
EMP02563,Female,34,7,Diploma,Operations,Supply Chain Analyst,2,Guwahati,2.8,3.4,4,7.6,7.68
EMP02564,Male,29,6,IIT,Marketing,Marketing Manager,1,Hyderabad,2.7,5.0,11,19.6,8.74
EMP02565,Female,35,8,IIIT,Legal,Legal Manager,3,Thiruvananthapuram,3.3,2.7,72,12.3,12.12
EMP02566,Male,34,10,IIM,Operations,Supply Chain Analyst,4,Delhi,4.8,2.5,1,9.1,22.08
EMP02567,Male,26,2,State University,HR,HR Executive,1,Mumbai,4.1,4.4,18,7.0,6.81
EMP02568,Male,31,7,Tier-2 Private,Customer Support,Customer Success Manager,2,Dehradun,4.2,3.1,8,7.2,11.62
EMP02569,Female,28,5,Diploma,Sales,Account Manager,2,Jaipur,3.8,3.4,20,27.6,8.23
EMP02570,Female,28,4,Central University,Data Science,Senior Data Scientist,2,Thiruvananthapuram,2.3,2.9,2,14.8,6.5
EMP02571,Male,37,14,Other,Sales,Senior Account Manager,4,Lucknow,4.4,,2,30.4,18.28
EMP02572,Male,27,3,Diploma,Operations,Operations Manager,2,Raipur,3.7,3.8,1,8.9,6.67
EMP02573,Female,25,2,Other,Customer Support,Customer Support Executive,2,Delhi,3.9,3.0,12,5.8,6.36
EMP02574,Female,32,10,State University,Engineering,Staff Engineer,3,Delhi,4.1,3.3,2,12.9,12.93
EMP02575,Male,26,2,State University,Data Science,Data Analyst,1,Bangalore,3.9,3.3,11,8.7,7.14
EMP02576,Female,23,1,State University,Legal,Legal Associate,1,Chandigarh,3.7,3.3,28,8.3,4.99
EMP02577,Female,34,11,State University,Customer Support,Support Manager,3,Pune,2.8,3.0,17,7.2,12.71
EMP02578,Female,32,6,NIT,Product,Senior Product Manager,2,Ranchi,2.6,4.3,2,17.8,10.3
EMP02579,Male,30,8,Other,Customer Support,Support Manager,4,Pune,2.6,3.4,13,8.8,13.59
EMP02580,Female,27,4,Distance Learning,Engineering,Senior Software Engineer,2,Hyderabad,1.1,3.0,19,9.4,6.29
EMP02581,Male,28,2,Other,Sales,Account Manager,2,Pune,3.0,2.3,12,19.7,9.26
EMP02582,Female,24,2,IIIT,Finance,Financial Analyst,1,Ranchi,3.9,2.5,6,16.7,4.5
EMP02583,Male,31,5,Tier-2 Private,Operations,Supply Chain Analyst,2,Kochi,4.3,,42,8.6,8.95
EMP02584,Male,24,2,BITS,Legal,Senior Legal Counsel,1,Delhi,2.9,3.5,4,13.0,7.79
EMP02585,Male,29,7,Diploma,HR,HR Business Partner,2,Chandigarh,3.4,3.4,10,6.2,11.22
EMP02586,Male,27,4,Tier-2 Private,Product,Associate Product Manager,2,Chennai,3.0,,11,19.2,8.45
EMP02587,Male,33,6,Tier-2 Private,Customer Support,Customer Support Executive,1,Thiruvananthapuram,3.6,4.5,62,9.4,6.97
EMP02588,Male,28,6,"Top Private (ISB, XLRI, SP Jain)",Product,Product Manager,2,Delhi,2.4,,20,13.4,9.81
EMP02589,Male,29,7,Other,HR,HR Business Partner,3,Chennai,3.0,3.4,17,9.7,14.88
EMP02590,Male,35,8,Diploma,Data Science,Senior Data Scientist,3,Hyderabad,2.8,2.1,13,14.1,15.1
EMP02591,Female,29,4,Distance Learning,Legal,Legal Manager,2,Thiruvananthapuram,4.0,4.0,12,13.3,6.7
EMP02592,Female,31,6,IIIT,Customer Support,Customer Support Executive,1,Bhopal,2.1,5.0,42,7.6,5.39
EMP02593,Female,29,7,Tier-2 Private,Finance,Senior Financial Analyst,2,Bangalore,3.8,3.1,46,11.3,9.52
EMP02594,Male,25,1,Diploma,Marketing,Marketing Executive,2,Coimbatore,4.2,3.3,30,14.8,7.12
EMP02595,Male,34,9,Tier-2 Private,Marketing,Digital Marketing Manager,4,Chandigarh,2.3,3.5,11,15.4,15.58
EMP02596,Female,31,6,Tier-2 Private,Customer Support,Support Team Lead,3,Mumbai,3.0,3.5,41,5.9,8.75
EMP02597,Male,33,8,Distance Learning,Operations,Logistics Manager,4,Delhi,2.8,,1,8.5,16.15
EMP02598,Male,24,2,Other,Engineering,Software Engineer,1,Chennai,4.7,3.8,5,9.4,9.53
EMP02599,Female,31,4,Diploma,Sales,Senior Account Manager,2,Jaipur,4.6,2.3,1,18.6,6.23
EMP02600,Female,28,2,Central University,Marketing,Marketing Executive,1,Patna,4.2,3.3,24,16.8,5.38
EMP02601,Male,33,10,State University,Engineering,Lead Engineer,3,Pune,3.8,4.0,57,8.4,18.67
EMP02602,Female,29,2,Central University,Marketing,Marketing Manager,1,Chennai,4.2,2.5,15,22.2,5.38
EMP02603,Male,26,3,State University,Engineering,Software Engineer,1,Indore,4.0,2.6,9,13.6,8.27
EMP02604,Female,30,8,Distance Learning,Product,Product Manager,3,Mumbai,4.8,2.9,8,16.7,12.49
EMP02605,Male,30,3,Central University,Sales,Sales Executive,1,Bangalore,3.5,3.7,1,15.1,7.96
EMP02606,Male,25,3,State University,Marketing,Marketing Executive,1,Bangalore,1.5,4.0,2,14.2,7.83
EMP02607,Female,33,11,Distance Learning,Marketing,Marketing Executive,2,Bangalore,3.1,3.8,1,24.5,9.35
EMP02608,Male,36,11,IIIT,Finance,Finance Manager,3,Chennai,3.9,3.0,96,14.8,17.2
EMP02609,Female,33,10,Tier-2 Private,Legal,Senior Legal Counsel,3,Raipur,3.2,2.0,6,10.8,10.92
EMP02610,Male,32,10,"Top Private (ISB, XLRI, SP Jain)",Product,Senior Product Manager,4,Indore,4.5,4.7,8,16.6,23.26
EMP02611,Female,27,5,State University,Customer Support,Customer Success Manager,2,Patna,2.8,4.2,2,5.3,7.12
EMP02612,Female,27,5,BITS,Finance,Financial Analyst,1,Ranchi,4.2,3.0,1,15.2,8.09
EMP02613,Male,30,3,IIIT,Finance,Financial Analyst,1,Ahmedabad,2.3,4.1,21,17.9,8.85
EMP02614,Female,32,6,State University,Operations,Supply Chain Analyst,2,Mysore,3.8,3.5,9,5.8,6.11
EMP02615,Male,31,4,Tier-2 Private,Sales,Sales Executive,2,Delhi,2.9,3.5,15,23.3,10.31
EMP02616,Male,29,4,Distance Learning,Marketing,Marketing Executive,1,Lucknow,2.4,4.9,16,16.2,5.4
EMP02617,Male,34,9,Diploma,Operations,Process Improvement Specialist,3,Mysore,3.5,3.1,13,6.1,12.45
EMP02618,Female,36,13,IIIT,Marketing,Brand Manager,4,Ahmedabad,2.5,2.3,15,18.7,15.07
EMP02619,Female,34,7,Diploma,Sales,Sales Executive,1,Indore,4.1,3.4,18,34.1,6.87
EMP02620,Female,47,21,Central University,Legal,Company Secretary,6,Indore,3.2,2.9,15,11.6,35.76
EMP02621,Female,28,3,State University,Legal,Senior Legal Counsel,1,Hyderabad,3.6,,56,8.2,5.66
EMP02622,Female,23,1,State University,Operations,Operations Executive,1,Kolkata,3.5,3.1,61,8.9,5.11
EMP02623,Male,35,9,Tier-2 Private,Product,Senior Product Manager,3,Bangalore,4.0,3.1,51,17.4,19.32
EMP02624,Female,26,3,Tier-2 Private,Operations,Operations Executive,1,Hyderabad,2.9,3.1,5,8.7,7.13
EMP02625,Male,27,4,State University,Operations,Operations Executive,2,Kochi,4.4,2.5,14,9.8,10.34
EMP02626,Male,27,1,Diploma,Product,Associate Product Manager,1,Chandigarh,5.0,,20,18.7,7.7
EMP02627,Male,30,3,Tier-2 Private,Legal,Senior Legal Counsel,1,Raipur,2.6,3.4,26,11.4,7.07
EMP02628,Male,27,2,Central University,Sales,Account Manager,1,Kochi,4.8,3.9,38,24.7,7.11
EMP02629,Male,26,4,Other,Marketing,Marketing Manager,1,Raipur,3.1,,19,12.7,6.0
EMP02630,Male,29,4,Central University,Engineering,Software Engineer,1,Pune,3.1,3.9,41,12.5,9.37
EMP02631,Male,33,6,IIIT,Sales,Account Manager,2,Kolkata,4.2,3.3,18,22.4,9.49
EMP02632,Male,40,14,"Top Private (ISB, XLRI, SP Jain)",Product,Director of Product,5,Mumbai,2.6,,25,17.4,34.69
EMP02633,Female,32,9,Tier-2 Private,Sales,Sales Executive,2,Chennai,4.0,3.5,14,26.6,9.64
EMP02634,Female,26,1,Tier-2 Private,Marketing,Marketing Executive,2,Mysore,3.9,4.0,2,17.7,5.74
EMP02635,Male,32,9,State University,Sales,Key Account Manager,4,Hyderabad,3.4,3.5,16,26.6,16.33
EMP02636,Male,33,6,"Top Private (ISB, XLRI, SP Jain)",Legal,Legal Associate,1,Patna,3.4,2.5,1,10.0,8.0
EMP02637,Male,32,5,IIIT,Engineering,Staff Engineer,2,Pune,3.1,5.0,5,10.9,11.3
EMP02638,Male,30,5,Tier-2 Private,Engineering,Software Engineer,2,Vadodara,4.1,3.7,7,10.2,10.34
EMP02639,Female,28,6,IIIT,Operations,Operations Manager,1,Kochi,3.2,,1,9.1,6.22
EMP02640,Male,27,3,State University,Marketing,Marketing Executive,1,Raipur,4.4,3.5,21,13.7,6.18
EMP02641,Female,27,5,IIIT,Operations,Operations Executive,2,Chandigarh,4.4,4.3,8,8.3,9.46
EMP02642,Female,39,13,Tier-2 Private,Data Science,Senior Data Scientist,3,Delhi,2.3,2.4,1,8.9,13.71
EMP02643,Male,29,3,Tier-2 Private,Legal,Senior Legal Counsel,1,Indore,2.4,2.6,18,11.1,6.91
EMP02644,Female,25,2,IIIT,Product,Product Manager,1,Dehradun,3.4,,11,12.7,4.65
EMP02645,Male,32,5,Tier-2 Private,Data Science,Senior Data Scientist,2,Hyderabad,2.7,3.9,8,14.4,10.68
EMP02646,Female,28,2,Tier-2 Private,Marketing,Marketing Executive,1,Lucknow,2.9,,15,19.7,4.21
EMP02647,Female,28,1,State University,Legal,Legal Associate,1,Chennai,2.8,2.8,1,12.0,5.15
EMP02648,Female,27,4,"Top Private (ISB, XLRI, SP Jain)",Engineering,Senior Software Engineer,2,Bangalore,5.0,2.5,24,12.9,9.81
EMP02649,Female,39,16,IIIT,HR,Compensation Analyst,5,Visakhapatnam,4.4,3.9,11,9.4,27.17
EMP02650,Female,29,5,Diploma,Legal,Legal Manager,2,Hyderabad,2.8,3.6,28,8.6,9.59
EMP02651,Female,29,6,State University,HR,HR Executive,2,Mumbai,2.0,3.9,31,9.2,8.47
EMP02652,Male,27,1,Diploma,Engineering,Software Engineer,1,Pune,3.0,3.2,18,13.6,5.73
EMP02653,Female,32,8,Central University,Product,Senior Product Manager,3,Hyderabad,2.5,3.2,9,19.5,12.64
EMP02654,Female,31,6,Tier-2 Private,HR,HR Business Partner,3,Hyderabad,4.1,3.8,96,5.9,9.6
EMP02655,Male,26,3,Other,Operations,Operations Executive,1,Mumbai,3.5,3.0,4,5.5,7.53
EMP02656,Female,28,6,State University,Data Science,Data Analyst,2,Hyderabad,3.0,4.0,10,13.9,7.33
EMP02657,Male,33,6,Tier-2 Private,Finance,Finance Manager,2,Coimbatore,3.4,3.9,13,11.4,9.92
EMP02658,Male,26,2,State University,Data Science,Data Analyst,1,Mumbai,2.6,4.5,17,8.4,8.27
EMP02659,Male,29,7,Central University,HR,HR Manager,2,Hyderabad,3.3,4.3,2,9.3,9.75
EMP02660,Male,39,13,Tier-2 Private,Marketing,Content Strategist,5,Mumbai,4.8,2.5,22,16.3,34.84
EMP02661,Female,27,5,BITS,Operations,Supply Chain Analyst,2,Mumbai,3.0,2.9,36,9.6,10.08
EMP02662,Male,30,3,Tier-2 Private,Finance,Senior Financial Analyst,1,Kolkata,3.6,2.0,50,10.2,7.17
EMP02663,Male,29,5,Central University,Customer Support,Support Team Lead,2,Chennai,2.9,2.2,15,7.3,9.61
EMP02664,Male,35,11,Central University,Engineering,Senior Software Engineer,2,Pune,2.9,2.9,53,8.7,15.56
EMP02665,Male,25,2,Other,Product,Associate Product Manager,1,Lucknow,4.2,4.5,12,17.5,6.88
EMP02666,Female,31,9,IIT,Engineering,Senior Software Engineer,3,Mumbai,2.5,3.3,14,14.9,12.95
EMP02667,Female,27,3,Other,Legal,Senior Legal Counsel,1,Mumbai,3.4,3.6,1,13.2,6.11
EMP02668,Male,31,7,IIT,Product,Senior Product Manager,2,Guwahati,2.8,3.2,2,12.6,13.87
EMP02669,Male,28,4,Tier-2 Private,Engineering,Software Engineer,2,Kolkata,4.6,,16,8.4,13.05
EMP02670,Male,28,4,State University,Sales,Account Manager,3,Kolkata,2.9,4.1,1,15.7,9.83
EMP02671,Female,42,17,Tier-2 Private,Legal,Company Secretary,4,Kochi,2.5,3.2,19,12.9,22.09
EMP02672,Male,24,2,Diploma,Legal,Legal Associate,1,Pune,3.4,3.4,2,12.5,8.31
EMP02673,Male,32,8,Central University,Product,Senior Product Manager,2,Jaipur,3.4,4.0,17,16.8,8.0
EMP02674,Male,47,20,NIT,Engineering,DevOps Engineer,6,Kochi,4.4,2.8,20,14.3,50.0
EMP02675,Female,36,9,Tier-2 Private,Product,Group Product Manager,3,Mysore,3.1,3.4,21,11.2,10.73
EMP02676,Male,27,2,"Top Private (ISB, XLRI, SP Jain)",Data Science,Data Analyst,1,Ranchi,3.8,3.8,15,13.7,9.09
EMP02677,Male,26,2,Tier-2 Private,Sales,Sales Executive,1,Delhi,2.7,2.4,9,28.4,7.49
EMP02678,Female,27,3,Distance Learning,Finance,Senior Financial Analyst,1,Guwahati,4.4,,7,13.6,5.45
EMP02679,Female,32,6,Diploma,Marketing,Marketing Executive,2,Bangalore,4.2,2.8,2,12.9,8.32
EMP02680,Male,31,7,NIT,Operations,Operations Manager,3,Chandigarh,3.9,3.3,1,7.1,14.04
EMP02681,Female,29,2,NIT,Marketing,Marketing Executive,1,Kochi,4.2,3.6,49,15.1,4.67
EMP02682,Female,25,3,IIIT,Product,Associate Product Manager,1,Delhi,3.7,2.7,3,18.1,5.3
EMP02683,Male,28,3,Central University,Product,Associate Product Manager,1,Mumbai,3.6,2.9,22,16.9,8.59
EMP02684,Female,30,5,State University,Product,Product Manager,2,Thiruvananthapuram,2.6,3.7,21,14.4,7.14
EMP02685,Male,48,24,"Top Private (ISB, XLRI, SP Jain)",Data Science,Lead Data Scientist,6,Kolkata,3.0,4.3,37,13.2,50.0
EMP02686,Female,27,3,"Top Private (ISB, XLRI, SP Jain)",HR,HR Executive,1,Visakhapatnam,4.2,4.0,14,7.6,5.62
EMP02687,Male,25,3,BITS,Product,Associate Product Manager,1,Ranchi,4.1,,1,15.2,6.8
EMP02688,Female,26,2,State University,Operations,Supply Chain Analyst,2,Kolkata,4.2,2.7,3,5.7,6.27
EMP02689,Male,33,9,Distance Learning,Finance,FP&A Analyst,4,Bangalore,3.2,2.4,17,14.3,15.89
EMP02690,Male,30,5,State University,Marketing,Marketing Manager,3,Pune,4.8,1.8,1,24.4,14.71
EMP02691,Female,28,3,IIT,Legal,Senior Legal Counsel,1,Bangalore,3.4,2.4,1,14.4,7.32
EMP02692,Male,28,4,BITS,Operations,Operations Manager,3,Bangalore,3.9,3.1,30,7.3,13.5
EMP02693,Female,28,3,Diploma,Product,Associate Product Manager,1,Hyderabad,5.0,3.4,9,14.8,8.03
EMP02694,Female,32,7,State University,Engineering,Staff Engineer,3,Coimbatore,3.1,3.9,20,9.7,9.81
EMP02695,Female,52,30,"Top Private (ISB, XLRI, SP Jain)",Sales,Business Development Manager,6,Chandigarh,4.1,3.2,10,31.5,50.0
EMP02696,Male,35,8,State University,Finance,Senior Financial Analyst,3,Kolkata,2.3,4.6,26,10.7,14.03
EMP02697,Female,32,5,"Top Private (ISB, XLRI, SP Jain)",Engineering,Staff Engineer,2,Visakhapatnam,3.2,2.7,24,15.0,8.67
EMP02698,Male,27,3,"Top Private (ISB, XLRI, SP Jain)",Operations,Operations Executive,1,Nagpur,4.0,4.5,1,8.3,6.9
EMP02699,Male,28,2,Central University,Legal,Legal Associate,1,Jaipur,3.0,3.0,3,10.4,5.61
EMP02700,Female,34,10,Tier-2 Private,Operations,Operations Executive,2,Indore,3.5,3.6,30,8.2,7.86
EMP02701,Female,31,9,Distance Learning,Legal,Legal Manager,3,Delhi,3.7,,8,14.2,13.38
EMP02702,Male,31,4,Tier-2 Private,Data Science,Data Analyst,2,Thiruvananthapuram,3.6,4.4,2,13.4,10.61
EMP02703,Male,37,14,Tier-2 Private,Legal,Senior Legal Counsel,3,Mumbai,1.7,4.6,11,9.1,22.32
EMP02704,Female,30,6,Tier-2 Private,Finance,Senior Financial Analyst,2,Pune,5.0,,11,14.0,10.9
EMP02705,Female,35,10,Distance Learning,HR,HR Executive,2,Bangalore,2.6,1.7,14,8.8,8.62
EMP02706,Male,31,7,NIT,Product,Product Manager,2,Hyderabad,2.9,3.5,1,15.1,9.62
EMP02707,Female,28,5,State University,Operations,Operations Executive,1,Lucknow,2.2,3.6,20,5.4,5.4
EMP02708,Male,29,3,"Top Private (ISB, XLRI, SP Jain)",Legal,Legal Associate,1,Lucknow,2.7,3.6,9,8.5,7.4
EMP02709,Male,29,5,"Top Private (ISB, XLRI, SP Jain)",Customer Support,Support Team Lead,3,Delhi,3.4,5.0,10,9.3,13.83
EMP02710,Female,35,10,Tier-2 Private,Product,Senior Product Manager,3,Mysore,4.3,,1,11.6,11.13
EMP02711,Female,29,4,Central University,Marketing,Brand Manager,2,Pune,3.0,3.7,30,14.8,6.28
EMP02712,Male,35,8,Central University,Legal,Senior Legal Counsel,3,Pune,3.6,2.7,3,10.7,15.17
EMP02713,Male,26,2,BITS,Finance,Financial Analyst,1,Lucknow,3.7,3.2,21,16.5,5.9
EMP02714,Male,34,10,IIM,Legal,Senior Legal Counsel,3,Mumbai,2.6,3.9,8,10.3,20.99
EMP02715,Female,34,7,Diploma,HR,HR Executive,2,Patna,2.0,3.5,15,6.6,5.34
EMP02716,Male,26,2,IIIT,HR,HR Business Partner,2,Chandigarh,2.7,,8,12.0,6.29
EMP02717,Male,28,5,Central University,Customer Support,Customer Support Executive,2,Chennai,4.5,4.5,1,9.4,11.04
EMP02718,Female,33,11,IIM,Legal,Senior Legal Counsel,3,Kolkata,2.8,2.8,9,8.1,13.84
EMP02719,Male,25,2,NIT,Customer Support,Customer Support Executive,1,Hyderabad,2.9,3.9,1,7.6,5.37
EMP02720,Male,25,2,Tier-2 Private,Engineering,Senior Software Engineer,1,Hyderabad,3.7,3.1,1,11.8,7.1
EMP02721,Male,28,5,Distance Learning,Data Science,Data Scientist,2,Chandigarh,4.0,5.0,39,11.3,12.26
EMP02722,Female,51,26,"Top Private (ISB, XLRI, SP Jain)",Data Science,ML Engineer,5,Bangalore,2.5,2.8,3,10.3,44.86
EMP02723,Male,28,3,Central University,HR,HR Executive,1,Coimbatore,4.0,5.0,12,10.0,6.97
EMP02724,Male,31,8,Tier-2 Private,Marketing,Content Strategist,4,Chennai,3.8,3.4,1,16.9,18.2
EMP02725,Male,31,7,State University,Product,Group Product Manager,3,Chennai,3.0,3.1,11,17.7,13.87
EMP02726,Female,28,4,Tier-2 Private,Operations,Operations Manager,2,Chennai,1.9,3.3,1,5.2,5.59
EMP02727,Female,28,6,State University,Product,Product Manager,2,Pune,4.1,,11,12.6,7.19
EMP02728,Male,27,4,Distance Learning,Customer Support,Customer Success Manager,3,Thiruvananthapuram,3.7,3.0,50,6.7,9.09
EMP02729,Male,30,4,IIIT,Finance,Senior Financial Analyst,1,Visakhapatnam,3.6,4.7,60,10.2,9.12
EMP02730,Female,23,1,Central University,Marketing,Marketing Executive,1,Ranchi,2.3,3.6,13,15.1,4.06
EMP02731,Male,28,5,Tier-2 Private,Engineering,Staff Engineer,2,Indore,5.0,4.2,1,12.7,12.13
EMP02732,Male,35,11,Other,Engineering,Engineering Manager,4,Kolkata,2.6,3.3,2,9.2,24.07
EMP02733,Male,28,6,Tier-2 Private,Data Science,Senior Data Scientist,2,Delhi,3.0,4.1,24,13.2,9.9
EMP02734,Male,37,12,Distance Learning,Data Science,Lead Data Scientist,4,Ahmedabad,4.2,3.7,5,14.9,25.2
EMP02735,Male,35,9,Tier-2 Private,Engineering,Staff Engineer,3,Mumbai,3.5,3.1,24,11.5,13.27
EMP02736,Male,29,5,State University,Marketing,Marketing Manager,2,Coimbatore,3.6,5.0,4,14.4,13.38
EMP02737,Male,26,3,Diploma,Sales,Sales Executive,1,Bhopal,2.5,2.6,49,26.8,5.3
EMP02738,Male,30,4,Central University,Operations,Supply Chain Analyst,2,Chennai,2.4,3.7,8,6.7,10.17
EMP02739,Female,25,2,Distance Learning,Legal,Senior Legal Counsel,1,Thiruvananthapuram,3.7,,4,8.2,4.97
EMP02740,Male,27,5,Central University,HR,HR Executive,2,Patna,3.1,3.8,21,8.5,7.39
EMP02741,Male,28,6,IIM,Data Science,ML Engineer,3,Bangalore,5.0,3.3,8,12.3,14.19
EMP02742,Female,42,20,Central University,Legal,Company Secretary,6,Ahmedabad,2.5,2.9,31,8.7,34.22
EMP02743,Male,35,8,Other,Legal,Legal Manager,3,Bangalore,3.1,3.8,11,10.7,14.59
EMP02744,Female,30,3,Tier-2 Private,Product,Product Manager,1,Bangalore,3.6,2.8,38,15.7,6.35
EMP02745,Male,27,2,IIM,Legal,Legal Associate,1,Pune,3.1,4.4,7,10.3,7.98
EMP02746,Female,32,5,Tier-2 Private,HR,HR Business Partner,2,Mumbai,2.8,3.5,2,10.2,7.44
EMP02747,Male,36,10,NIT,Finance,Senior Financial Analyst,3,Vadodara,3.5,3.5,15,10.1,16.07
EMP02748,Male,29,5,NIT,Data Science,Data Analyst,2,Raipur,5.0,3.7,14,11.3,13.16
EMP02749,Male,34,8,Tier-2 Private,Customer Support,Customer Success Manager,3,Delhi,2.9,4.0,5,9.7,13.22
EMP02750,Male,29,5,Other,Operations,Supply Chain Analyst,2,Kolkata,2.2,4.5,3,9.2,7.06
EMP02751,Male,36,9,Central University,Marketing,Digital Marketing Manager,3,Guwahati,3.9,,5,22.8,13.26
EMP02752,Female,28,1,Diploma,Sales,Sales Executive,1,Visakhapatnam,3.2,3.4,18,17.6,4.3
EMP02753,Female,45,18,State University,Sales,Key Account Manager,4,Bangalore,2.6,3.9,35,17.6,22.02
EMP02754,Male,27,2,Distance Learning,HR,HR Manager,1,Raipur,4.0,2.6,1,10.0,5.9
EMP02755,Female,35,10,State University,Product,Group Product Manager,4,Guwahati,3.8,2.9,10,17.5,15.5
EMP02756,Female,27,5,Other,Marketing,Marketing Executive,1,Delhi,2.9,3.2,11,14.7,5.32
EMP02757,Female,30,5,IIT,Operations,Operations Manager,2,Nagpur,2.1,2.7,7,6.4,6.57
EMP02758,Female,27,5,Tier-2 Private,Data Science,Data Scientist,2,Pune,4.2,3.8,39,13.4,10.73
EMP02759,Female,32,7,Distance Learning,Data Science,Data Analyst,2,Mumbai,2.9,3.3,1,10.6,7.81
EMP02760,Male,30,8,State University,Customer Support,Customer Success Manager,3,Hyderabad,3.7,2.8,3,8.5,13.0
EMP02761,Female,36,12,State University,HR,Talent Acquisition Specialist,4,Kolkata,3.4,2.4,1,8.2,15.65
EMP02762,Female,42,16,Tier-2 Private,Operations,Supply Chain Analyst,4,Bhopal,3.9,3.3,2,9.6,12.74
EMP02763,Male,30,7,Distance Learning,Marketing,Digital Marketing Manager,3,Kolkata,3.7,4.1,15,21.9,13.95
EMP02764,Male,45,20,Other,Legal,Company Secretary,6,Thiruvananthapuram,4.5,3.7,27,12.5,44.62
EMP02765,Male,29,6,State University,Finance,Finance Manager,2,Chandigarh,4.0,5.0,25,10.1,11.12
EMP02766,Female,35,12,State University,Engineering,Senior Software Engineer,3,Ahmedabad,1.9,3.2,7,14.5,10.86
EMP02767,Male,31,8,IIT,Sales,Account Manager,2,Indore,3.2,3.2,30,26.4,10.37
EMP02768,Female,26,4,Central University,Product,Associate Product Manager,2,Kolkata,3.6,,9,11.6,7.05
EMP02769,Female,30,6,BITS,Sales,Account Manager,2,Bangalore,3.2,3.5,65,27.2,10.22
EMP02770,Female,30,8,Tier-2 Private,Marketing,Brand Manager,3,Pune,4.4,4.2,12,21.6,12.54
EMP02771,Male,32,5,IIM,Finance,Senior Financial Analyst,3,Lucknow,3.9,4.6,3,17.6,13.57
EMP02772,Female,34,8,IIT,HR,Talent Acquisition Specialist,4,Guwahati,2.0,3.1,18,7.2,10.5
EMP02773,Female,34,11,Central University,Marketing,Marketing Manager,2,Kolkata,3.2,2.9,5,16.6,8.29
EMP02774,Male,32,5,Central University,Marketing,Marketing Manager,2,Mumbai,3.5,,20,21.7,10.38
EMP02775,Female,24,0,Diploma,Product,Associate Product Manager,1,Ranchi,2.9,2.7,5,19.4,4.21
EMP02776,Male,44,19,BITS,Finance,FP&A Analyst,4,Mumbai,4.0,3.3,1,17.8,26.64
EMP02777,Female,30,4,Tier-2 Private,Finance,Finance Manager,2,Pune,3.9,1.9,25,14.4,6.36
EMP02778,Male,29,3,Distance Learning,Marketing,Marketing Executive,1,Delhi,3.8,3.5,17,15.7,6.56
EMP02779,Male,24,2,State University,Customer Support,Support Team Lead,2,Kolkata,4.1,4.6,5,5.9,9.97
EMP02780,Male,27,4,BITS,Finance,Controller,3,Pune,4.6,3.6,19,10.1,12.65
EMP02781,Male,28,4,State University,Operations,Operations Executive,1,Jaipur,4.2,2.4,20,9.3,6.76
EMP02782,Male,28,3,Diploma,Engineering,Software Engineer,1,Chennai,4.1,5.0,13,14.7,9.94
EMP02783,Female,30,3,Diploma,Engineering,Software Engineer,1,Mysore,3.5,2.8,21,13.3,5.86
EMP02784,Male,32,8,BITS,Operations,Supply Chain Analyst,4,Indore,3.0,3.6,3,8.9,18.06
EMP02785,Male,49,25,Tier-2 Private,Operations,Logistics Manager,6,Chennai,5.0,3.8,67,8.1,50.0
EMP02786,Female,32,10,Tier-2 Private,Sales,Sales Executive,2,Patna,3.8,3.9,8,32.7,9.11
EMP02787,Female,38,13,State University,HR,Compensation Analyst,5,Vadodara,2.7,3.6,14,7.4,15.81
EMP02788,Male,28,4,Central University,Finance,Finance Manager,2,Mysore,3.4,3.5,22,14.1,10.59
EMP02789,Female,31,6,Other,Engineering,Staff Engineer,2,Bangalore,3.2,3.3,14,8.9,9.18
EMP02790,Male,35,8,Distance Learning,Customer Support,Customer Success Manager,3,Kochi,4.2,3.1,38,8.8,11.1
EMP02791,Female,28,3,NIT,Data Science,Data Scientist,1,Kolkata,3.2,2.6,24,14.2,7.09
EMP02792,Male,26,4,Tier-2 Private,Customer Support,Customer Support Executive,2,Kolkata,2.3,3.4,2,5.4,6.44
EMP02793,Female,37,11,NIT,Product,Product Manager,3,Bangalore,4.0,4.4,23,12.4,16.23
EMP02794,Female,36,12,State University,HR,Compensation Analyst,4,Coimbatore,3.1,2.6,9,10.2,10.61
EMP02795,Female,30,6,State University,Engineering,Staff Engineer,3,Pune,1.7,,19,9.1,8.72
EMP02796,Male,29,2,IIT,Sales,Sales Executive,1,Mumbai,4.2,3.7,3,21.5,8.04
EMP02797,Female,29,4,"Top Private (ISB, XLRI, SP Jain)",Marketing,Brand Manager,3,Thiruvananthapuram,2.5,4.0,1,12.5,7.11
EMP02798,Male,28,2,Distance Learning,HR,HR Executive,1,Kochi,2.7,3.1,2,7.6,5.81
EMP02799,Female,33,6,Tier-2 Private,Data Science,Data Scientist,1,Mysore,3.6,2.6,3,14.8,5.57
EMP02800,Female,31,7,State University,Product,Associate Product Manager,2,Pune,3.6,3.6,6,14.3,9.41
EMP02801,Female,32,5,Diploma,Marketing,Brand Manager,2,Visakhapatnam,3.1,3.4,1,17.3,8.01
EMP02802,Male,30,7,State University,Engineering,Senior Software Engineer,2,Nagpur,3.8,4.7,23,14.8,10.52
EMP02803,Male,35,8,State University,Sales,Account Manager,2,Mumbai,4.2,4.4,9,27.3,13.82
EMP02804,Female,34,7,Tier-2 Private,Finance,Financial Analyst,1,Hyderabad,2.8,2.4,25,10.7,8.79
EMP02805,Male,24,2,NIT,Sales,Account Manager,1,Kolkata,3.6,2.9,41,34.0,7.58
EMP02806,Male,27,5,Tier-2 Private,Data Science,Data Analyst,2,Nagpur,3.6,,14,12.7,7.87
EMP02807,Male,30,8,Tier-2 Private,Engineering,Staff Engineer,3,Kolkata,4.5,3.7,40,12.8,17.86
EMP02808,Female,41,18,State University,Customer Support,Support Manager,5,Hyderabad,3.7,2.8,1,8.6,24.22
EMP02809,Male,32,5,State University,Product,Senior Product Manager,3,Guwahati,2.0,5.0,39,12.9,13.7
EMP02810,Male,30,8,Central University,Customer Support,Customer Support Executive,2,Bhopal,5.0,3.2,18,9.9,8.56
EMP02811,Male,33,11,IIM,Operations,Supply Chain Analyst,2,Kochi,3.6,3.4,12,8.9,13.25
EMP02812,Female,29,5,Tier-2 Private,HR,HR Executive,2,Nagpur,3.7,,42,6.1,6.74
EMP02813,Female,37,13,Central University,Operations,Logistics Manager,4,Kochi,3.4,3.4,2,7.5,15.0
EMP02814,Male,39,14,Other,HR,Talent Acquisition Specialist,4,Visakhapatnam,3.7,4.5,21,5.4,19.94
EMP02815,Male,40,15,Tier-2 Private,Finance,Finance Manager,3,Bhopal,3.8,2.1,27,10.1,16.79
EMP02816,Male,34,8,Diploma,Customer Support,Support Team Lead,2,Lucknow,4.1,4.4,17,8.4,11.49
EMP02817,Male,54,30,Central University,Engineering,Engineering Manager,6,Hyderabad,3.4,2.2,3,10.2,50.0
EMP02818,Female,27,3,Other,Sales,Sales Executive,1,Chennai,1.6,3.1,5,22.2,5.4
EMP02819,Male,48,26,Other,Operations,Process Improvement Specialist,6,Lucknow,3.1,2.8,8,8.8,50.0
EMP02820,Female,37,10,Other,Data Science,Data Scientist,3,Chandigarh,3.3,2.6,43,10.8,11.23
EMP02821,Male,38,15,State University,Operations,Operations Manager,3,Thiruvananthapuram,2.9,2.6,2,8.6,11.99
EMP02822,Female,29,4,Diploma,Customer Support,Customer Support Executive,2,Bangalore,2.6,3.6,2,8.6,6.11
EMP02823,Male,37,10,Central University,Product,Senior Product Manager,3,Kochi,3.1,3.3,1,17.1,12.91
EMP02824,Female,41,16,NIT,HR,Learning & Development Manager,5,Visakhapatnam,4.2,3.7,7,7.8,29.3
EMP02825,Female,27,2,Tier-2 Private,Finance,Senior Financial Analyst,2,Thiruvananthapuram,3.7,3.8,3,13.8,6.24
EMP02826,Female,28,5,Tier-2 Private,Engineering,Staff Engineer,2,Visakhapatnam,2.4,3.1,5,10.9,8.0
EMP02827,Male,27,1,Distance Learning,Engineering,Software Engineer,1,Dehradun,2.1,4.1,18,10.0,6.36
EMP02828,Male,28,5,Diploma,Data Science,Data Scientist,2,Patna,2.1,3.7,27,8.1,10.25
EMP02829,Female,29,3,Central University,Operations,Operations Executive,1,Surat,3.7,3.0,22,5.5,5.37
EMP02830,Female,30,5,State University,Sales,Senior Account Manager,2,Pune,2.3,3.9,16,16.1,6.47
EMP02831,Male,54,30,Distance Learning,Engineering,DevOps Engineer,6,Delhi,3.4,4.6,3,10.1,50.0
EMP02832,Male,46,20,Tier-2 Private,Data Science,Data Engineer,6,Jaipur,4.0,4.5,1,11.8,50.0
EMP02833,Male,28,2,Other,Legal,Legal Associate,1,Ahmedabad,3.8,2.4,1,12.5,7.91
EMP02834,Female,31,8,Tier-2 Private,Legal,Senior Legal Counsel,3,Thiruvananthapuram,3.2,3.3,16,9.6,8.07
EMP02835,Female,34,10,State University,HR,HR Manager,3,Chandigarh,4.7,4.2,41,7.2,12.25
EMP02836,Female,28,4,Central University,Sales,Sales Manager,3,Guwahati,3.0,,2,33.9,8.28
EMP02837,Female,28,6,Distance Learning,Product,Associate Product Manager,2,Visakhapatnam,3.6,3.2,11,14.6,7.56
EMP02838,Male,31,7,IIIT,Engineering,Software Engineer,1,Lucknow,3.2,3.1,1,11.1,11.8
EMP02839,Male,24,2,Distance Learning,Customer Support,Customer Support Executive,1,Mysore,3.3,3.8,89,8.4,5.0
EMP02840,Male,26,2,Central University,Finance,Senior Financial Analyst,1,Bangalore,4.1,5.0,2,16.1,7.62
EMP02841,Female,29,6,Central University,Finance,Financial Analyst,2,Patna,4.0,3.3,4,12.6,8.1
EMP02842,Male,29,6,Tier-2 Private,HR,HR Executive,1,Raipur,2.0,3.5,83,8.0,6.23
EMP02843,Male,29,3,Central University,Operations,Operations Executive,1,Surat,2.7,5.0,8,6.4,6.64
EMP02844,Male,25,3,Tier-2 Private,Engineering,Senior Software Engineer,1,Bangalore,4.1,3.7,20,12.4,10.26
EMP02845,Male,27,5,Tier-2 Private,HR,HR Manager,1,Patna,2.4,,1,11.7,6.01
EMP02846,Female,34,11,Other,HR,HR Business Partner,3,Mumbai,2.7,2.1,82,6.4,7.87
EMP02847,Male,27,5,Distance Learning,Sales,Account Manager,2,Chennai,3.8,,2,34.7,12.53
EMP02848,Male,45,18,Distance Learning,Customer Support,Support Manager,5,Bangalore,4.3,2.8,3,8.6,38.69
EMP02849,Female,30,3,Central University,Sales,Account Manager,1,Mumbai,4.2,3.2,17,33.3,4.68
EMP02850,Male,32,6,Tier-2 Private,Operations,Operations Manager,1,Hyderabad,2.2,3.9,8,7.9,7.57
EMP02851,Male,30,4,Other,Legal,Legal Associate,2,Dehradun,3.3,,8,12.5,8.51
EMP02852,Male,31,9,"Top Private (ISB, XLRI, SP Jain)",Marketing,Marketing Manager,3,Nagpur,3.2,2.4,23,21.9,13.25
EMP02853,Female,28,3,Other,Engineering,Senior Software Engineer,1,Kochi,3.0,2.5,40,11.3,5.59
EMP02854,Male,45,23,IIT,Legal,Company Secretary,6,Dehradun,2.2,3.8,77,13.6,50.0
EMP02855,Female,24,1,BITS,Customer Support,Support Team Lead,1,Bhopal,4.6,2.2,1,8.3,4.54
EMP02856,Female,44,20,Central University,Customer Support,Customer Success Manager,6,Patna,3.4,3.8,3,8.5,31.17
EMP02857,Female,32,6,Tier-2 Private,Customer Support,Support Manager,3,Thiruvananthapuram,2.7,2.4,42,7.9,9.64
EMP02858,Male,31,8,Central University,Customer Support,Support Manager,4,Surat,3.8,3.4,4,6.5,13.02
EMP02859,Female,38,15,Central University,Operations,Logistics Manager,4,Delhi,3.3,2.9,6,9.5,15.98
EMP02860,Male,37,11,Central University,Engineering,Senior Software Engineer,3,Chandigarh,4.1,4.2,12,14.7,20.1
EMP02861,Male,26,3,IIT,Sales,Sales Executive,1,Mumbai,3.1,3.2,1,16.6,9.3
EMP02862,Male,33,9,State University,Engineering,Lead Engineer,4,Mumbai,3.1,4.1,15,10.1,17.82
EMP02863,Male,45,22,NIT,Data Science,Lead Data Scientist,6,Pune,3.5,4.4,5,8.6,50.0
EMP02864,Male,30,3,NIT,Operations,Operations Manager,1,Pune,4.0,3.6,16,6.1,7.41
EMP02865,Male,51,26,IIT,Customer Support,Customer Success Manager,6,Surat,2.7,3.8,35,5.1,50.0
EMP02866,Male,29,7,State University,Product,Senior Product Manager,2,Visakhapatnam,2.4,3.1,29,12.7,8.78
EMP02867,Male,26,4,"Top Private (ISB, XLRI, SP Jain)",Data Science,Data Scientist,2,Vadodara,3.9,2.8,1,13.4,12.12
EMP02868,Male,30,3,State University,HR,HR Executive,1,Kolkata,3.7,2.7,12,5.6,6.45
EMP02869,Female,32,5,Diploma,Finance,Finance Manager,2,Delhi,3.5,3.4,7,16.6,8.16
EMP02870,Male,27,1,Central University,Legal,Senior Legal Counsel,2,Vadodara,3.5,3.2,92,11.8,7.46
EMP02871,Female,26,4,Tier-2 Private,Data Science,Data Scientist,3,Bangalore,3.5,3.6,16,11.9,10.72
EMP02872,Male,31,5,Tier-2 Private,Customer Support,Support Team Lead,2,Lucknow,4.6,,29,5.1,9.69
EMP02873,Male,27,2,IIT,Product,Senior Product Manager,2,Bangalore,3.7,3.2,14,14.2,10.2
EMP02874,Male,37,10,Distance Learning,Finance,Finance Manager,4,Kolkata,3.3,3.5,30,16.0,19.59
EMP02875,Male,29,5,Central University,Operations,Operations Executive,2,Coimbatore,2.7,2.1,2,7.5,5.97
EMP02876,Male,27,3,Tier-2 Private,Legal,Senior Legal Counsel,1,Jaipur,3.2,4.2,19,12.3,6.04
EMP02877,Male,29,4,BITS,Marketing,Marketing Executive,2,Hyderabad,3.9,3.3,6,15.7,10.79
EMP02878,Male,29,7,Central University,HR,HR Business Partner,2,Surat,4.1,3.3,6,6.9,9.22
EMP02879,Male,32,6,Tier-2 Private,Operations,Operations Manager,2,Pune,2.3,4.7,28,6.0,8.38
EMP02880,Male,27,3,"Top Private (ISB, XLRI, SP Jain)",Operations,Supply Chain Analyst,2,Nagpur,4.2,3.4,1,5.2,8.63
EMP02881,Male,29,6,State University,Sales,Senior Account Manager,2,Coimbatore,3.4,4.0,46,23.0,11.24
EMP02882,Male,31,5,Tier-2 Private,Data Science,Senior Data Scientist,2,Kolkata,5.0,2.2,2,13.8,15.65
EMP02883,Male,25,2,Other,Customer Support,Support Team Lead,1,Coimbatore,4.5,3.2,15,9.5,5.08
EMP02884,Male,31,4,Other,Engineering,Lead Engineer,3,Hyderabad,3.3,4.4,9,11.7,11.27
EMP02885,Male,32,9,IIIT,Product,Group Product Manager,3,Jaipur,2.5,4.2,41,15.5,20.27
EMP02886,Male,33,9,"Top Private (ISB, XLRI, SP Jain)",Sales,Account Manager,2,Kolkata,2.7,4.1,25,19.2,12.51
EMP02887,Male,29,5,Central University,Product,Associate Product Manager,1,Hyderabad,3.0,3.0,18,15.9,9.09
EMP02888,Female,35,9,NIT,HR,HR Business Partner,3,Mumbai,4.9,3.5,8,8.6,13.82
EMP02889,Male,26,3,BITS,Data Science,Senior Data Scientist,2,Kochi,3.2,3.3,30,11.9,10.58
EMP02890,Male,26,3,Central University,Legal,Senior Legal Counsel,2,Bhopal,3.6,3.8,1,12.4,7.38
EMP02891,Male,28,5,Tier-2 Private,Finance,Financial Analyst,1,Delhi,3.4,4.2,14,17.9,8.59
EMP02892,Female,40,17,Tier-2 Private,Data Science,Senior Data Scientist,4,Coimbatore,3.3,,7,11.1,20.74
EMP02893,Female,30,6,IIT,Data Science,Data Scientist,2,Coimbatore,3.1,4.0,35,11.6,11.07
EMP02894,Female,29,4,Diploma,Data Science,Data Scientist,3,Kolkata,4.6,4.1,5,11.5,13.87
EMP02895,Female,44,17,Diploma,Sales,Business Development Manager,5,Jaipur,4.2,2.5,35,24.8,21.86
EMP02896,Male,28,4,State University,Engineering,Software Engineer,1,Patna,2.3,,39,13.9,6.84
EMP02897,Female,52,28,State University,HR,Learning & Development Manager,6,Ranchi,2.1,4.0,8,6.5,42.98
EMP02898,Male,26,4,Central University,Operations,Operations Manager,2,Chandigarh,4.1,3.7,21,9.7,9.48
EMP02899,Female,24,2,Tier-2 Private,Finance,Senior Financial Analyst,1,Delhi,4.3,4.3,5,11.8,6.48
EMP02900,Male,31,5,Central University,Operations,Operations Manager,2,Kolkata,2.7,3.8,11,9.6,10.64
EMP02901,Male,30,5,Distance Learning,Product,Senior Product Manager,3,Pune,3.1,4.7,22,14.0,12.58
EMP02902,Female,28,3,Other,Marketing,Marketing Executive,1,Nagpur,4.4,3.8,3,12.8,4.4
EMP02903,Male,54,30,Tier-2 Private,Engineering,Engineering Manager,5,Chennai,4.0,3.9,9,12.8,50.0
EMP02904,Female,32,7,Tier-2 Private,Data Science,Data Scientist,3,Chandigarh,3.5,3.0,34,14.3,10.25
EMP02905,Male,35,8,"Top Private (ISB, XLRI, SP Jain)",Data Science,ML Engineer,3,Delhi,3.9,3.2,2,12.9,20.71
EMP02906,Female,27,4,State University,Engineering,Senior Software Engineer,1,Visakhapatnam,3.3,2.1,1,8.8,6.41
EMP02907,Female,28,4,Tier-2 Private,Finance,Senior Financial Analyst,1,Jaipur,3.2,,15,12.8,7.16
EMP02908,Male,35,12,BITS,Product,Director of Product,5,Mysore,4.3,3.0,12,10.8,27.51
EMP02909,Female,23,1,Distance Learning,Product,Senior Product Manager,2,Mumbai,2.9,3.1,21,20.0,7.43
EMP02910,Male,28,2,Tier-2 Private,Engineering,Staff Engineer,2,Dehradun,3.1,,15,9.3,8.28
EMP02911,Female,31,5,State University,Sales,Senior Account Manager,2,Visakhapatnam,4.8,2.9,3,32.2,6.87
EMP02912,Male,42,15,Other,Customer Support,Customer Success Manager,4,Indore,2.8,3.7,29,5.5,17.45
EMP02913,Male,26,4,Tier-2 Private,Sales,Sales Manager,3,Ahmedabad,4.8,1.9,2,15.8,7.52
EMP02914,Female,31,8,Central University,Data Science,ML Engineer,4,Delhi,3.6,3.3,44,13.8,16.82
EMP02915,Male,31,6,Central University,Sales,Account Manager,1,Delhi,3.5,4.1,40,23.8,10.82
EMP02916,Male,40,14,State University,Product,Senior Product Manager,4,Indore,3.9,2.4,1,15.3,25.36
EMP02917,Male,28,1,"Top Private (ISB, XLRI, SP Jain)",Finance,Financial Analyst,1,Mysore,4.2,3.1,43,15.3,6.95
EMP02918,Female,36,10,"Top Private (ISB, XLRI, SP Jain)",Sales,Key Account Manager,4,Ranchi,4.6,,28,18.3,18.26
EMP02919,Male,32,5,Central University,Product,Associate Product Manager,1,Chennai,3.3,3.5,17,14.3,7.65
EMP02920,Female,37,11,Central University,Customer Support,Support Manager,3,Hyderabad,3.8,2.8,9,5.7,12.08
EMP02921,Female,26,3,Central University,Legal,Legal Associate,1,Coimbatore,3.1,3.8,16,9.7,5.3
EMP02922,Male,31,6,State University,Operations,Operations Executive,2,Coimbatore,3.0,2.8,25,8.7,9.55
EMP02923,Male,30,5,IIT,HR,HR Business Partner,3,Delhi,3.6,2.9,14,9.2,13.27
EMP02924,Female,26,2,NIT,Product,Associate Product Manager,2,Nagpur,4.1,2.6,14,11.4,9.41
EMP02925,Male,29,2,State University,Operations,Operations Executive,1,Ahmedabad,2.7,4.6,39,7.3,7.63
EMP02926,Female,30,4,"Top Private (ISB, XLRI, SP Jain)",Marketing,Marketing Executive,2,Bhopal,2.2,2.6,46,13.6,5.05
EMP02927,Female,31,6,Distance Learning,Operations,Operations Executive,2,Mumbai,2.7,3.2,28,7.5,9.64
EMP02928,Female,27,3,IIIT,Engineering,Software Engineer,1,Surat,3.1,4.1,48,10.9,6.09
EMP02929,Male,30,4,State University,Finance,Senior Financial Analyst,2,Bhopal,4.5,2.9,12,10.4,9.05
EMP02930,Female,24,1,Diploma,Data Science,Data Scientist,2,Kolkata,2.8,2.0,28,12.0,7.07
EMP02931,Female,27,4,Tier-2 Private,Marketing,Brand Manager,3,Surat,3.9,4.8,14,12.9,9.82
EMP02932,Male,36,12,Distance Learning,Sales,Senior Account Manager,4,Coimbatore,4.4,3.7,37,18.2,17.31
EMP02933,Male,31,9,State University,Data Science,ML Engineer,3,Lucknow,2.9,3.1,23,11.4,16.9
EMP02934,Female,29,5,Tier-2 Private,Legal,Legal Associate,1,Lucknow,4.6,3.2,13,8.0,6.11
EMP02935,Female,31,7,Distance Learning,Legal,Senior Legal Counsel,2,Lucknow,3.9,3.8,63,14.5,11.2
EMP02936,Male,28,3,BITS,Product,Associate Product Manager,1,Pune,2.7,2.5,19,12.7,5.88
EMP02937,Male,42,18,Distance Learning,Data Science,Senior Data Scientist,4,Delhi,3.2,3.3,24,9.4,29.11
EMP02938,Male,52,25,Distance Learning,Sales,Business Development Manager,6,Guwahati,2.8,4.2,25,33.7,45.47
EMP02939,Male,29,6,Other,Sales,Sales Executive,2,Bangalore,3.3,4.7,7,18.5,11.06
EMP02940,Male,54,30,State University,Operations,Process Improvement Specialist,5,Jaipur,3.8,4.6,6,5.7,50.0
EMP02941,Female,29,3,IIT,Data Science,Data Analyst,1,Dehradun,3.0,3.4,11,13.8,5.91
EMP02942,Male,25,2,State University,HR,HR Executive,1,Kolkata,3.8,4.7,1,5.2,5.92
EMP02943,Female,28,3,State University,Product,Associate Product Manager,1,Dehradun,3.6,2.1,6,10.1,4.84
EMP02944,Male,32,5,"Top Private (ISB, XLRI, SP Jain)",Product,Associate Product Manager,2,Ranchi,2.6,3.7,2,17.3,10.73
EMP02945,Male,54,30,NIT,HR,Talent Acquisition Specialist,5,Pune,3.8,1.7,16,11.1,50.0
EMP02946,Male,27,4,Diploma,Customer Support,Customer Support Executive,2,Kolkata,4.3,4.6,2,6.5,9.4
EMP02947,Male,26,3,Distance Learning,Data Science,Data Analyst,2,Lucknow,3.3,3.9,38,12.2,8.55
EMP02948,Female,25,3,Diploma,Product,Associate Product Manager,2,Mysore,4.1,4.6,7,18.7,6.41
EMP02949,Female,36,13,Central University,Product,Senior Product Manager,4,Nagpur,2.7,2.9,15,15.1,14.35
EMP02950,Female,39,12,Diploma,Product,Director of Product,4,Mumbai,4.7,2.3,27,19.4,16.94
EMP02951,Male,27,4,State University,Customer Support,Customer Support Executive,1,Delhi,4.0,4.2,90,5.4,8.02
EMP02952,Female,28,1,State University,Data Science,Senior Data Scientist,2,Coimbatore,4.0,3.2,9,9.6,7.21
EMP02953,Male,29,2,Tier-2 Private,Data Science,Data Analyst,1,Bangalore,3.0,4.4,11,12.2,7.34
EMP02954,Female,46,20,BITS,Operations,Process Improvement Specialist,6,Hyderabad,4.0,3.9,10,5.5,33.68
EMP02955,Male,36,9,Diploma,Finance,Finance Manager,4,Mysore,3.8,3.4,56,10.2,20.12
EMP02956,Male,30,6,Other,Customer Support,Support Team Lead,3,Coimbatore,4.1,3.6,15,5.1,10.78
EMP02957,Male,49,22,Other,HR,Learning & Development Manager,6,Mysore,4.5,3.4,1,11.1,40.04
EMP02958,Male,48,23,Diploma,Data Science,Lead Data Scientist,6,Bangalore,3.1,3.6,19,11.5,50.0
EMP02959,Male,27,5,State University,Marketing,Marketing Manager,2,Bangalore,4.5,3.2,30,24.5,10.07
EMP02960,Female,31,5,State University,Data Science,Data Analyst,2,Mumbai,4.1,3.7,13,9.4,10.94
EMP02961,Female,31,4,BITS,Marketing,Marketing Manager,2,Jaipur,2.5,2.1,29,17.8,6.01
EMP02962,Female,31,4,Central University,Customer Support,Support Team Lead,1,Patna,4.8,1.9,27,5.0,4.23
EMP02963,Male,26,2,Tier-2 Private,Marketing,Brand Manager,2,Guwahati,3.1,,30,16.4,7.32
EMP02964,Female,24,2,"Top Private (ISB, XLRI, SP Jain)",Operations,Operations Manager,2,Hyderabad,3.7,2.9,8,9.0,6.87
EMP02965,Male,26,1,Other,Finance,Financial Analyst,1,Kolkata,3.7,3.2,1,15.8,6.24
EMP02966,Male,39,12,Tier-2 Private,Customer Support,Customer Success Manager,4,Ahmedabad,2.7,4.5,32,9.0,17.31
EMP02967,Male,29,2,State University,HR,HR Executive,1,Kolkata,4.2,3.7,6,11.5,7.85
EMP02968,Male,48,23,Tier-2 Private,Sales,Sales Manager,5,Indore,3.1,4.1,2,26.8,48.13
EMP02969,Male,29,3,Central University,Sales,Account Manager,2,Hyderabad,2.5,4.0,45,33.1,7.58
EMP02970,Male,42,20,NIT,Sales,Key Account Manager,6,Thiruvananthapuram,2.8,4.7,2,19.9,43.41
EMP02971,Male,29,4,Tier-2 Private,Customer Support,Customer Success Manager,2,Visakhapatnam,2.0,3.1,28,7.7,8.17
EMP02972,Female,24,2,Tier-2 Private,Marketing,Marketing Executive,1,Delhi,2.4,,1,20.3,5.94
EMP02973,Male,40,14,"Top Private (ISB, XLRI, SP Jain)",Data Science,ML Engineer,4,Lucknow,4.3,3.4,5,11.5,32.47
EMP02974,Female,38,16,Central University,Product,Group Product Manager,4,Surat,2.3,2.5,4,16.3,13.94
EMP02975,Male,28,3,Other,Product,Associate Product Manager,1,Bhopal,3.8,2.7,40,15.1,6.41
EMP02976,Female,31,4,State University,HR,HR Manager,2,Chennai,3.0,3.1,1,11.7,7.42
EMP02977,Female,25,3,Distance Learning,Engineering,Software Engineer,1,Indore,4.4,4.0,5,13.4,5.32
EMP02978,Female,29,5,Tier-2 Private,Finance,Senior Financial Analyst,3,Hyderabad,3.5,2.9,15,14.9,9.92
EMP02979,Female,28,6,"Top Private (ISB, XLRI, SP Jain)",Sales,Sales Executive,1,Mysore,2.5,2.9,63,22.2,4.51
EMP02980,Female,30,4,Tier-2 Private,Marketing,Marketing Executive,2,Coimbatore,4.0,2.8,10,15.0,6.08
EMP02981,Female,28,1,Diploma,Finance,Financial Analyst,1,Raipur,3.2,2.5,39,14.3,3.4
EMP02982,Male,26,4,Distance Learning,HR,Talent Acquisition Specialist,3,Chennai,4.0,,3,7.7,10.6
EMP02983,Male,34,9,Diploma,Data Science,Senior Data Scientist,4,Pune,3.8,4.4,7,14.6,14.99
EMP02984,Female,31,5,State University,Engineering,Senior Software Engineer,2,Ahmedabad,2.7,,1,11.3,8.5
EMP02985,Male,26,4,Central University,Sales,Senior Account Manager,3,Jaipur,3.4,3.2,23,30.8,11.36
EMP02986,Male,27,3,Diploma,Operations,Operations Executive,1,Hyderabad,3.0,3.3,42,7.1,6.52
EMP02987,Male,25,3,Diploma,Operations,Supply Chain Analyst,2,Pune,3.3,3.8,2,7.3,7.46
EMP02988,Male,43,16,Central University,Finance,Controller,4,Delhi,3.4,3.2,5,10.1,19.54
EMP02989,Male,27,2,NIT,Product,Associate Product Manager,1,Pune,2.2,4.2,5,20.0,8.21
EMP02990,Female,35,10,State University,Legal,Company Secretary,4,Pune,3.7,4.2,6,9.9,14.44
EMP02991,Female,33,6,Central University,Sales,Account Manager,2,Vadodara,3.2,2.5,10,25.1,6.56
EMP02992,Female,33,7,NIT,Engineering,Software Engineer,1,Vadodara,2.5,3.1,2,14.8,7.21
EMP02993,Male,26,3,Tier-2 Private,Customer Support,Customer Support Executive,2,Jaipur,2.6,3.9,8,6.5,6.01
EMP02994,Male,29,4,Tier-2 Private,HR,Talent Acquisition Specialist,3,Chennai,2.1,4.5,2,5.2,11.44
EMP02995,Male,29,6,Other,Product,Senior Product Manager,2,Delhi,5.0,1.8,18,11.3,11.33
EMP02996,Male,29,4,NIT,Finance,Finance Manager,2,Hyderabad,3.5,3.2,28,15.5,16.98
EMP02997,Female,33,7,IIIT,HR,HR Executive,2,Kolkata,3.8,1.5,41,9.0,7.9
EMP02998,Male,35,8,IIT,Engineering,Lead Engineer,4,Delhi,4.6,,36,10.9,18.96
EMP02999,Female,54,27,Distance Learning,Engineering,DevOps Engineer,6,Pune,5.0,3.3,4,14.9,50.0
EMP03000,Male,31,7,Diploma,Marketing,Marketing Manager,1,Indore,2.9,4.3,4,24.6,6.27
EMP03001,Female,28,1,Tier-2 Private,Customer Support,Customer Support Executive,1,Indore,3.1,3.1,29,6.0,5.25
EMP03002,Female,40,13,NIT,Marketing,Digital Marketing Manager,4,Pune,2.7,3.1,41,19.4,21.83
EMP03003,Male,30,5,Diploma,Legal,Legal Manager,3,Chennai,3.4,3.9,4,12.6,12.4
EMP03004,Female,46,24,State University,Sales,Sales Manager,5,Bangalore,2.0,3.4,3,16.8,35.34
EMP03005,Male,38,16,Distance Learning,Legal,Company Secretary,5,Delhi,4.5,3.2,1,10.0,34.89
EMP03006,Female,29,4,Tier-2 Private,Data Science,Senior Data Scientist,2,Dehradun,3.9,3.9,45,9.2,7.42
EMP03007,Female,36,10,State University,Customer Support,Support Manager,3,Vadodara,3.3,4.1,3,7.8,8.39
EMP03008,Male,30,3,"Top Private (ISB, XLRI, SP Jain)",Legal,Legal Associate,2,Kolkata,2.3,3.8,6,13.1,10.59
EMP03009,Male,29,6,BITS,Legal,Senior Legal Counsel,2,Kolkata,4.6,4.6,12,13.1,13.49
EMP03010,Female,36,9,State University,Engineering,Software Engineer,2,Pune,3.1,4.3,12,8.5,14.64
EMP03011,Male,39,13,"Top Private (ISB, XLRI, SP Jain)",Product,Product Analyst,5,Surat,4.9,3.2,1,12.1,29.87
EMP03012,Female,35,11,IIIT,HR,Talent Acquisition Specialist,4,Mumbai,3.3,3.3,3,9.9,17.56
EMP03013,Female,30,6,Other,Operations,Process Improvement Specialist,3,Thiruvananthapuram,3.6,3.6,6,6.2,8.54
EMP03014,Female,54,30,IIT,Operations,Logistics Manager,6,Lucknow,2.5,2.2,24,9.2,50.0
EMP03015,Male,30,4,IIT,Customer Support,Support Team Lead,2,Bangalore,4.5,3.7,46,7.8,11.48
EMP03016,Female,27,1,NIT,Engineering,Software Engineer,1,Guwahati,2.2,3.2,6,8.6,4.8
EMP03017,Female,25,2,Central University,Product,Product Manager,1,Ranchi,4.1,2.8,8,14.3,4.39
EMP03018,Male,40,16,Other,Engineering,Principal Engineer,5,Pune,4.6,3.8,8,13.7,42.91
EMP03019,Male,27,5,Tier-2 Private,HR,HR Manager,2,Mumbai,2.2,2.9,29,10.2,8.29
EMP03020,Male,33,6,Tier-2 Private,Product,Product Manager,3,Patna,4.2,2.5,23,16.1,13.76
EMP03021,Male,28,4,State University,Operations,Operations Manager,2,Mysore,4.7,1.9,1,6.3,8.07
EMP03022,Female,27,4,Diploma,Finance,Senior Financial Analyst,3,Kochi,3.8,2.1,13,17.3,8.76
EMP03023,Male,26,3,Tier-2 Private,Product,Product Manager,1,Bangalore,4.0,2.7,6,10.6,8.2
EMP03024,Male,30,8,Tier-2 Private,Finance,Controller,4,Delhi,3.8,3.6,31,12.4,22.93
EMP03025,Male,29,5,State University,Operations,Process Improvement Specialist,3,Kochi,3.6,3.8,4,7.7,13.56
EMP03026,Male,34,8,Distance Learning,Customer Support,Customer Success Manager,2,Chennai,2.7,3.2,13,6.7,9.95
EMP03027,Male,30,7,Diploma,Data Science,Senior Data Scientist,2,Hyderabad,3.5,4.0,7,13.6,14.01
EMP03028,Female,28,4,Tier-2 Private,Data Science,Data Scientist,2,Mumbai,3.3,3.5,1,12.4,8.51
EMP03029,Female,27,2,Diploma,Customer Support,Support Team Lead,1,Indore,5.0,2.7,5,6.4,5.12
EMP03030,Male,26,2,IIM,Legal,Senior Legal Counsel,2,Lucknow,3.4,,13,11.4,12.51
EMP03031,Female,56,30,Distance Learning,Legal,Company Secretary,5,Vadodara,3.5,4.1,4,9.5,40.72
EMP03032,Male,40,17,IIIT,Customer Support,Support Manager,5,Mumbai,3.7,3.2,7,6.8,38.61
EMP03033,Male,39,15,Tier-2 Private,Product,Senior Product Manager,3,Bhopal,3.9,4.8,40,17.7,21.31
EMP03034,Male,30,3,Tier-2 Private,Data Science,Data Analyst,1,Kolkata,2.9,2.7,11,10.8,7.76
EMP03035,Female,33,6,"Top Private (ISB, XLRI, SP Jain)",Operations,Operations Manager,2,Patna,4.3,3.1,2,8.0,7.8
EMP03036,Female,28,3,Tier-2 Private,Sales,Sales Executive,1,Jaipur,3.4,2.2,28,26.8,5.26
EMP03037,Female,26,2,Central University,Legal,Legal Associate,1,Delhi,4.1,1.9,3,13.7,5.8
EMP03038,Male,31,4,Other,Customer Support,Support Team Lead,2,Thiruvananthapuram,2.8,3.1,8,6.6,7.49
EMP03039,Male,39,15,IIM,Legal,Compliance Officer,4,Chandigarh,3.4,4.1,3,9.3,28.66
EMP03040,Female,34,10,Central University,Product,Group Product Manager,3,Jaipur,4.7,2.8,12,19.6,13.47
EMP03041,Male,28,3,Tier-2 Private,Product,Product Manager,1,Thiruvananthapuram,5.0,4.0,4,14.3,8.84
EMP03042,Female,28,4,Tier-2 Private,HR,HR Business Partner,2,Jaipur,4.0,2.7,5,5.3,7.83
EMP03043,Female,37,10,BITS,Product,Group Product Manager,4,Chennai,2.6,4.2,6,18.2,18.91
EMP03044,Male,27,4,Other,Sales,Sales Executive,2,Mumbai,2.0,3.0,37,15.7,10.74
EMP03045,Female,28,6,Central University,Legal,Legal Associate,2,Bangalore,4.0,4.3,10,12.3,8.76
EMP03046,Female,32,8,Distance Learning,Sales,Sales Manager,3,Bhopal,5.0,3.3,12,23.0,8.89
EMP03047,Male,34,7,Distance Learning,Engineering,Software Engineer,2,Ranchi,3.2,2.8,83,13.7,9.9
EMP03048,Female,29,7,IIIT,Legal,Senior Legal Counsel,2,Kochi,3.3,2.7,48,14.6,7.78
EMP03049,Female,29,3,Tier-2 Private,Product,Associate Product Manager,1,Ahmedabad,3.7,3.5,4,10.8,6.98
EMP03050,Male,26,4,IIM,Finance,Senior Financial Analyst,1,Hyderabad,5.0,2.8,1,11.4,6.89
EMP03051,Female,27,2,Tier-2 Private,HR,HR Business Partner,2,Dehradun,3.7,3.5,5,10.0,5.48
EMP03052,Male,26,2,IIM,Data Science,Data Analyst,1,Delhi,3.7,3.1,1,12.5,7.24
EMP03053,Female,27,5,Diploma,Sales,Sales Executive,1,Chandigarh,3.2,2.5,13,15.8,5.54
EMP03054,Female,36,10,Central University,Operations,Process Improvement Specialist,3,Raipur,3.6,2.7,1,6.6,8.5
EMP03055,Female,25,2,State University,Marketing,Marketing Executive,1,Vadodara,4.4,2.2,6,17.2,4.8
EMP03056,Male,31,7,State University,Finance,Controller,3,Mysore,3.0,,4,11.6,14.77
EMP03057,Female,35,10,IIIT,Product,Group Product Manager,3,Jaipur,4.3,3.4,1,15.9,13.61
EMP03058,Male,26,1,Diploma,Operations,Operations Manager,1,Pune,4.3,3.0,1,6.9,7.51
EMP03059,Male,27,5,State University,Customer Support,Support Team Lead,3,Hyderabad,2.9,3.0,16,5.7,12.87
EMP03060,Male,43,19,State University,Marketing,Growth Manager,6,Hyderabad,4.1,2.5,29,23.8,50.0
EMP03061,Female,33,8,State University,Customer Support,Support Team Lead,3,Guwahati,5.0,2.8,24,6.5,7.62
EMP03062,Male,26,1,State University,Marketing,Marketing Executive,1,Ranchi,2.5,3.9,16,12.4,6.78
EMP03063,Male,35,9,Distance Learning,Engineering,Senior Software Engineer,3,Raipur,3.4,3.1,68,13.7,13.12
EMP03064,Female,29,3,Tier-2 Private,Legal,Legal Manager,2,Delhi,3.7,3.4,1,13.8,8.21
EMP03065,Male,32,9,Tier-2 Private,Finance,Finance Manager,4,Chennai,3.8,4.0,29,17.9,20.65
EMP03066,Male,29,3,Central University,Operations,Operations Manager,1,Patna,2.7,2.7,11,5.8,5.1
EMP03067,Male,32,5,Tier-2 Private,Marketing,Marketing Manager,3,Ahmedabad,2.5,5.0,26,23.0,10.27
EMP03068,Male,31,4,State University,Operations,Supply Chain Analyst,2,Chennai,2.9,4.2,18,7.2,12.58
EMP03069,Female,33,6,Diploma,Sales,Account Manager,1,Vadodara,3.6,3.0,37,21.2,4.78
EMP03070,Male,27,4,State University,Customer Support,Support Team Lead,2,Pune,3.1,2.3,12,6.4,8.43
EMP03071,Male,30,5,IIM,Customer Support,Customer Success Manager,2,Mumbai,4.2,2.8,43,5.3,14.33
EMP03072,Female,26,2,State University,Product,Associate Product Manager,2,Jaipur,4.5,4.6,26,12.5,7.13
EMP03073,Female,35,8,State University,Engineering,Software Engineer,2,Bangalore,2.8,3.6,20,12.5,11.74
EMP03074,Female,32,6,Central University,Operations,Operations Executive,1,Raipur,3.8,,8,5.1,5.89
EMP03075,Female,23,1,Central University,Product,Associate Product Manager,1,Kolkata,3.6,2.9,1,12.8,6.84
EMP03076,Female,39,12,BITS,Finance,Senior Financial Analyst,3,Kolkata,5.0,4.2,8,10.3,21.34
EMP03077,Male,31,5,Distance Learning,Sales,Account Manager,2,Surat,3.2,3.9,14,24.5,8.55
EMP03078,Female,31,6,Tier-2 Private,HR,Talent Acquisition Specialist,3,Delhi,3.8,3.0,28,11.3,7.44
EMP03079,Female,34,10,State University,HR,Talent Acquisition Specialist,3,Pune,5.0,2.1,1,9.6,9.51
EMP03080,Male,31,7,IIIT,Legal,Legal Associate,1,Lucknow,1.9,3.4,9,8.8,8.47
EMP03081,Male,39,13,Other,Operations,Logistics Manager,5,Bangalore,4.7,4.0,1,8.8,26.2
EMP03082,Male,30,4,Other,Customer Support,Customer Success Manager,3,Kolkata,3.0,3.9,3,7.8,10.32
EMP03083,Female,37,12,Diploma,Data Science,Lead Data Scientist,4,Lucknow,2.3,2.5,43,11.4,17.07
EMP03084,Female,33,6,Central University,Marketing,Marketing Executive,1,Raipur,3.8,3.2,3,24.2,4.59
EMP03085,Female,31,8,Other,Marketing,Marketing Manager,3,Nagpur,3.7,3.7,8,12.6,9.79
EMP03086,Male,32,8,Tier-2 Private,Legal,Legal Associate,2,Chandigarh,4.0,4.6,21,8.5,9.38
EMP03087,Male,39,14,IIM,Legal,Compliance Officer,4,Lucknow,4.1,3.3,4,13.4,21.17
EMP03088,Male,32,10,Tier-2 Private,Finance,Senior Financial Analyst,3,Pune,3.4,4.8,13,16.7,19.22
EMP03089,Male,28,4,State University,Customer Support,Customer Support Executive,1,Kolkata,4.9,3.9,14,8.0,8.4
EMP03090,Female,30,3,Tier-2 Private,Operations,Operations Executive,1,Visakhapatnam,4.6,2.9,5,6.5,4.23
EMP03091,Female,31,5,Tier-2 Private,Product,Product Manager,2,Lucknow,3.9,2.6,1,14.2,8.42
EMP03092,Female,29,3,Central University,Legal,Legal Associate,1,Kolkata,3.8,,11,12.9,3.91
EMP03093,Female,24,2,Diploma,Data Science,Data Analyst,1,Bangalore,4.5,2.6,9,13.8,5.6
EMP03094,Female,23,1,Tier-2 Private,Operations,Supply Chain Analyst,2,Vadodara,3.5,4.3,6,9.7,6.67
EMP03095,Male,26,2,"Top Private (ISB, XLRI, SP Jain)",Customer Support,Customer Support Executive,1,Indore,2.5,3.3,20,9.5,5.14
EMP03096,Male,47,24,Tier-2 Private,Sales,Business Development Manager,6,Mysore,3.4,2.4,1,30.1,49.55
EMP03097,Male,25,3,State University,HR,HR Executive,1,Dehradun,3.2,3.0,7,10.8,6.49
EMP03098,Male,47,22,Tier-2 Private,Legal,Company Secretary,6,Kochi,3.6,,90,12.1,46.84
EMP03099,Male,34,8,State University,Data Science,Senior Data Scientist,4,Ahmedabad,2.6,3.3,44,15.0,16.47
EMP03100,Male,31,5,Central University,Product,Product Manager,2,Surat,2.7,3.8,4,11.3,7.94
EMP03101,Female,24,2,Other,Operations,Operations Executive,1,Ahmedabad,4.4,3.0,37,6.6,5.54
EMP03102,Male,32,6,State University,Sales,Sales Executive,2,Delhi,3.6,3.2,11,30.2,9.61
EMP03103,Female,46,22,Other,Product,Product Analyst,6,Vadodara,3.3,3.2,10,12.6,32.85
EMP03104,Female,39,17,Central University,Operations,Logistics Manager,5,Chennai,3.2,2.5,7,5.6,20.74
EMP03105,Female,31,7,IIT,Sales,Account Manager,2,Surat,3.4,3.4,8,28.7,12.3
EMP03106,Female,25,2,Other,HR,HR Executive,2,Thiruvananthapuram,3.7,2.6,1,5.6,6.86
EMP03107,Male,29,3,State University,Data Science,Data Analyst,1,Hyderabad,2.2,3.4,71,11.6,8.17
EMP03108,Female,29,3,"Top Private (ISB, XLRI, SP Jain)",Customer Support,Customer Success Manager,2,Chennai,3.2,3.5,52,5.7,7.3
EMP03109,Male,40,14,Tier-2 Private,Finance,Finance Manager,4,Guwahati,3.7,3.3,24,14.9,25.46
EMP03110,Female,40,18,Tier-2 Private,Marketing,Content Strategist,4,Guwahati,3.4,3.2,1,12.6,16.83
EMP03111,Male,30,6,BITS,HR,HR Executive,2,Kochi,2.1,4.0,8,5.9,8.39
EMP03112,Male,28,4,BITS,Product,Associate Product Manager,2,Visakhapatnam,3.5,3.1,1,17.5,11.96
EMP03113,Female,44,17,IIM,Engineering,Engineering Manager,5,Ranchi,3.5,4.4,19,9.3,38.9
EMP03114,Female,28,3,Tier-2 Private,Legal,Legal Associate,1,Lucknow,3.0,2.4,29,12.1,4.74
EMP03115,Male,31,6,State University,Sales,Account Manager,2,Patna,2.8,4.4,3,25.5,9.59
EMP03116,Female,32,8,Distance Learning,Data Science,ML Engineer,3,Pune,3.7,3.6,1,11.4,13.58
EMP03117,Male,26,3,Central University,HR,HR Executive,1,Chennai,3.6,3.9,15,8.6,7.63
EMP03118,Female,29,3,Tier-2 Private,Sales,Account Manager,1,Indore,3.9,4.0,2,16.8,6.0
EMP03119,Male,30,3,Tier-2 Private,Customer Support,Support Team Lead,2,Nagpur,5.0,3.6,1,8.3,8.61
EMP03120,Male,38,16,Central University,Customer Support,Support Manager,6,Bangalore,4.0,3.7,65,6.3,27.39
EMP03121,Male,48,23,Tier-2 Private,Engineering,Engineering Manager,6,Delhi,2.9,3.6,4,13.5,50.0
EMP03122,Male,32,6,State University,Legal,Senior Legal Counsel,2,Vadodara,4.5,4.2,3,11.1,11.53
EMP03123,Male,27,5,Tier-2 Private,Data Science,Data Scientist,2,Ahmedabad,3.3,4.3,36,11.8,11.54
EMP03124,Male,28,3,Central University,Operations,Operations Executive,1,Chennai,3.3,3.6,10,9.4,6.67
EMP03125,Male,30,6,State University,HR,HR Manager,1,Delhi,2.8,3.3,47,6.8,9.1
EMP03126,Male,29,4,BITS,Customer Support,Customer Support Executive,2,Guwahati,4.0,2.9,4,5.2,8.41
EMP03127,Male,30,5,Tier-2 Private,HR,HR Executive,2,Delhi,3.3,3.7,14,11.7,10.44
EMP03128,Male,35,8,Central University,Marketing,Digital Marketing Manager,3,Chandigarh,4.2,,31,15.5,12.67
EMP03129,Female,26,4,Other,Operations,Supply Chain Analyst,2,Coimbatore,4.0,2.0,10,8.3,5.97
EMP03130,Female,28,5,Tier-2 Private,Engineering,Staff Engineer,3,Guwahati,2.9,3.2,29,14.3,9.24
EMP03131,Male,29,5,Central University,Engineering,Lead Engineer,3,Guwahati,2.8,3.6,21,14.9,11.64
EMP03132,Female,30,4,State University,Sales,Sales Executive,1,Lucknow,3.7,3.8,21,22.0,5.54
EMP03133,Male,29,4,Tier-2 Private,Marketing,Marketing Manager,2,Guwahati,4.5,3.6,18,22.4,8.32
EMP03134,Male,33,10,Tier-2 Private,Sales,Account Manager,2,Mysore,4.4,2.9,24,26.1,8.32
EMP03135,Female,23,1,State University,Marketing,Marketing Executive,1,Hyderabad,4.8,4.0,64,20.0,4.94
EMP03136,Female,45,18,NIT,Legal,Company Secretary,6,Chennai,3.7,,8,11.6,35.39
EMP03137,Female,28,6,Central University,Finance,Finance Manager,3,Kolkata,4.3,2.2,20,17.5,10.37
EMP03138,Male,31,9,NIT,Marketing,Brand Manager,3,Thiruvananthapuram,4.5,3.4,95,24.3,15.49
EMP03139,Female,34,10,Other,Product,Group Product Manager,4,Chandigarh,5.0,3.0,46,17.0,18.93
EMP03140,Male,28,3,State University,Data Science,Data Analyst,1,Mumbai,3.9,3.4,1,12.4,7.99
EMP03141,Male,26,3,Central University,Data Science,Data Analyst,2,Kolkata,3.2,3.0,62,8.3,8.5
EMP03142,Male,25,2,State University,Data Science,Data Analyst,1,Chandigarh,4.5,4.2,1,8.9,9.86
EMP03143,Female,27,5,Tier-2 Private,Engineering,Staff Engineer,2,Pune,2.5,3.1,6,11.0,8.57
EMP03144,Male,33,9,Tier-2 Private,Finance,FP&A Analyst,4,Lucknow,4.4,2.6,20,10.1,16.89
EMP03145,Female,31,4,Tier-2 Private,Marketing,Brand Manager,2,Mumbai,4.6,3.5,4,13.7,6.35
EMP03146,Female,31,9,Tier-2 Private,Sales,Senior Account Manager,4,Visakhapatnam,4.4,,26,20.3,19.26
EMP03147,Female,26,1,Diploma,Legal,Legal Associate,1,Mumbai,2.8,2.6,2,9.9,4.78
EMP03148,Female,27,4,Central University,HR,HR Business Partner,3,Kolkata,3.7,,49,7.9,9.71
EMP03149,Female,39,13,Central University,HR,Talent Acquisition Specialist,5,Delhi,4.4,4.4,46,6.0,20.66
EMP03150,Male,27,5,IIIT,Data Science,Data Scientist,1,Chandigarh,4.0,2.0,2,13.4,7.6
EMP03151,Male,26,3,Tier-2 Private,Product,Associate Product Manager,1,Jaipur,3.6,2.4,48,18.5,8.46
EMP03152,Female,25,3,Central University,Product,Associate Product Manager,2,Surat,3.7,,51,18.9,6.16
EMP03153,Male,25,0,Distance Learning,Marketing,Marketing Manager,1,Ahmedabad,5.0,4.7,12,15.7,6.18
EMP03154,Male,28,2,"Top Private (ISB, XLRI, SP Jain)",Finance,Senior Financial Analyst,1,Kochi,2.8,2.7,1,10.3,6.77
EMP03155,Male,35,12,Other,Product,Group Product Manager,4,Kolkata,2.5,4.2,39,12.9,22.04
EMP03156,Male,28,4,Distance Learning,Marketing,Marketing Manager,2,Bangalore,2.8,4.1,4,18.9,10.64
EMP03157,Male,27,4,Diploma,Data Science,Data Scientist,1,Jaipur,5.0,,14,13.8,8.72
EMP03158,Male,23,1,State University,Legal,Legal Associate,1,Pune,4.1,2.9,12,14.2,7.75
EMP03159,Female,23,1,State University,Sales,Account Manager,1,Indore,3.1,,24,32.4,4.36
EMP03160,Male,40,13,Tier-2 Private,Customer Support,Customer Success Manager,4,Kolkata,5.0,4.0,10,5.5,20.64
EMP03161,Female,34,9,Central University,Product,Director of Product,4,Hyderabad,2.7,3.5,14,12.5,13.34
EMP03162,Female,27,2,Central University,HR,HR Executive,1,Chandigarh,3.1,5.0,33,10.5,4.68
EMP03163,Male,26,3,State University,Legal,Senior Legal Counsel,1,Dehradun,2.6,4.9,35,12.6,8.34
EMP03164,Female,28,5,Tier-2 Private,Finance,Controller,3,Jaipur,3.6,4.0,10,13.2,8.9
EMP03165,Female,28,2,NIT,Customer Support,Customer Support Executive,1,Kochi,3.9,3.7,2,10.0,4.89
EMP03166,Female,25,1,Tier-2 Private,Data Science,Data Analyst,2,Raipur,3.7,3.8,7,10.4,7.24
EMP03167,Male,27,5,Tier-2 Private,Data Science,Data Analyst,2,Indore,4.5,4.3,48,13.8,12.71
EMP03168,Male,33,9,Central University,HR,HR Manager,2,Coimbatore,3.2,4.8,11,8.7,9.79
EMP03169,Male,34,9,Distance Learning,Finance,Finance Manager,4,Coimbatore,3.3,3.0,24,13.7,16.34
EMP03170,Female,36,11,"Top Private (ISB, XLRI, SP Jain)",Operations,Operations Manager,2,Ranchi,3.8,4.1,8,5.7,6.82
EMP03171,Female,27,2,Diploma,Legal,Senior Legal Counsel,1,Nagpur,5.0,3.4,7,14.7,6.02
EMP03172,Female,33,6,Diploma,Finance,Financial Analyst,1,Mumbai,3.9,4.0,39,14.4,7.57
EMP03173,Female,28,5,State University,Sales,Sales Manager,3,Hyderabad,3.3,3.3,5,27.0,10.61
EMP03174,Female,30,5,IIM,Finance,Finance Manager,2,Indore,4.2,3.0,36,16.2,11.69
EMP03175,Female,32,5,Distance Learning,Engineering,Software Engineer,1,Jaipur,3.4,3.0,7,9.9,6.49
EMP03176,Male,30,3,Other,Legal,Senior Legal Counsel,2,Chennai,3.8,3.7,36,8.6,9.71
EMP03177,Female,27,0,Distance Learning,HR,HR Executive,1,Ahmedabad,3.4,3.6,48,5.9,4.53
EMP03178,Male,39,13,"Top Private (ISB, XLRI, SP Jain)",Operations,Logistics Manager,4,Lucknow,2.6,3.3,3,8.3,18.59
EMP03179,Male,29,7,BITS,Finance,Financial Analyst,1,Pune,3.0,2.6,15,15.5,12.19
EMP03180,Male,29,2,Central University,Marketing,Marketing Executive,1,Chennai,4.8,4.0,3,16.3,9.97
EMP03181,Female,30,8,Central University,Legal,Compliance Officer,3,Visakhapatnam,3.8,3.2,50,8.5,10.09
EMP03182,Male,29,4,Diploma,HR,HR Manager,3,Delhi,3.7,2.1,43,6.2,9.39
EMP03183,Male,28,4,"Top Private (ISB, XLRI, SP Jain)",Data Science,Data Analyst,1,Guwahati,3.6,2.5,25,14.7,7.89
EMP03184,Male,29,3,State University,HR,HR Executive,1,Chandigarh,3.3,3.8,20,11.2,6.68
EMP03185,Male,34,8,Diploma,Data Science,Senior Data Scientist,3,Pune,3.6,,21,11.5,16.37
EMP03186,Male,29,3,BITS,Data Science,Data Analyst,1,Dehradun,3.2,4.4,7,8.9,8.09
EMP03187,Female,25,2,Tier-2 Private,Customer Support,Support Team Lead,1,Coimbatore,3.8,2.9,14,9.1,3.75
EMP03188,Female,39,13,BITS,Legal,Company Secretary,4,Guwahati,2.7,2.8,12,11.5,15.14
EMP03189,Male,31,5,Tier-2 Private,Legal,Legal Manager,3,Surat,4.1,,7,11.1,12.18
EMP03190,Male,27,5,Central University,Engineering,Senior Software Engineer,2,Lucknow,3.5,3.0,61,12.3,8.82
EMP03191,Male,34,9,Diploma,Customer Support,Customer Success Manager,3,Pune,2.5,3.0,8,8.4,14.91
EMP03192,Male,25,3,Distance Learning,Product,Associate Product Manager,1,Ranchi,3.3,3.7,35,12.7,6.19
EMP03193,Male,29,4,NIT,Data Science,Data Scientist,2,Mumbai,3.2,3.8,9,12.2,11.23
EMP03194,Female,30,7,Central University,HR,HR Executive,1,Coimbatore,4.3,3.7,1,6.1,8.36
EMP03195,Female,26,2,Central University,Finance,Senior Financial Analyst,1,Jaipur,3.4,3.4,36,18.0,4.17
EMP03196,Male,30,7,NIT,Marketing,Marketing Manager,2,Bhopal,2.9,2.9,6,18.9,9.51
EMP03197,Male,30,3,State University,Legal,Legal Associate,1,Ahmedabad,1.9,3.3,22,11.9,5.61
EMP03198,Male,38,11,State University,HR,HR Manager,3,Pune,3.1,3.6,2,11.9,16.7
EMP03199,Male,34,8,State University,Product,Associate Product Manager,2,Ahmedabad,4.5,4.5,5,15.4,13.63
EMP03200,Female,34,8,"Top Private (ISB, XLRI, SP Jain)",Customer Support,Support Team Lead,3,Ahmedabad,3.9,3.8,16,7.7,10.82
EMP03201,Female,25,1,NIT,Sales,Sales Executive,2,Kolkata,2.8,3.4,21,28.3,6.02
EMP03202,Female,27,5,Other,Product,Product Manager,2,Mumbai,3.4,3.7,9,15.9,7.34
EMP03203,Female,27,2,IIT,Engineering,Senior Software Engineer,1,Coimbatore,3.6,,20,12.1,6.27
EMP03204,Female,29,5,BITS,Data Science,Senior Data Scientist,2,Kochi,4.8,2.4,1,8.1,7.96
EMP03205,Female,24,1,State University,Product,Associate Product Manager,2,Chandigarh,3.5,3.3,27,17.0,6.95
EMP03206,Male,25,2,Central University,Data Science,Data Analyst,1,Visakhapatnam,3.1,2.4,37,11.4,6.4
EMP03207,Male,35,13,Other,Customer Support,Support Manager,4,Dehradun,3.8,3.6,3,5.3,18.3
EMP03208,Male,33,7,NIT,Engineering,Staff Engineer,3,Jaipur,4.0,3.3,2,9.1,14.33
EMP03209,Male,27,4,State University,Customer Support,Customer Support Executive,2,Bangalore,4.1,4.5,2,5.3,11.5
EMP03210,Male,30,3,BITS,Sales,Sales Executive,1,Lucknow,4.1,4.4,14,21.3,9.1
EMP03211,Male,28,2,IIM,Engineering,Software Engineer,1,Pune,5.0,5.0,9,9.7,10.48
EMP03212,Female,28,6,Other,Marketing,Marketing Executive,1,Chennai,2.6,3.1,54,24.6,6.38
EMP03213,Female,26,4,State University,Engineering,Staff Engineer,2,Ahmedabad,3.4,3.5,75,13.5,8.72
EMP03214,Female,41,17,NIT,Product,Group Product Manager,5,Visakhapatnam,3.5,,1,12.8,27.83
EMP03215,Male,27,5,Tier-2 Private,Product,Associate Product Manager,1,Guwahati,2.5,4.5,7,18.2,6.73
EMP03216,Female,33,6,Diploma,Operations,Operations Manager,1,Kochi,2.6,3.3,8,8.4,5.85
EMP03217,Male,29,2,Tier-2 Private,Data Science,Data Scientist,1,Chandigarh,3.3,2.9,21,11.1,7.0
EMP03218,Male,29,4,IIIT,Sales,Account Manager,2,Hyderabad,3.2,2.4,50,33.0,7.9
EMP03219,Male,29,6,"Top Private (ISB, XLRI, SP Jain)",Sales,Senior Account Manager,2,Thiruvananthapuram,3.1,4.5,1,15.7,9.47
EMP03220,Male,31,4,Tier-2 Private,Customer Support,Support Team Lead,2,Bangalore,2.1,3.8,41,7.9,9.85
EMP03221,Male,29,4,Other,HR,HR Manager,2,Hyderabad,2.6,3.7,17,9.7,8.96
EMP03222,Female,31,7,Central University,Finance,Senior Financial Analyst,2,Chandigarh,3.1,,1,16.6,6.56
EMP03223,Female,44,17,State University,Sales,Business Development Manager,5,Raipur,3.3,3.4,8,27.2,20.47
EMP03224,Female,29,6,IIIT,Operations,Operations Manager,2,Mumbai,3.8,,1,7.7,7.78
EMP03225,Male,38,13,Distance Learning,Product,Product Manager,3,Ahmedabad,3.3,2.7,16,15.0,14.56
EMP03226,Female,35,9,"Top Private (ISB, XLRI, SP Jain)",Product,Senior Product Manager,2,Jaipur,3.0,3.7,5,14.3,8.2
EMP03227,Female,39,12,Other,Operations,Process Improvement Specialist,4,Delhi,3.8,3.8,8,8.0,12.27
EMP03228,Male,25,3,Tier-2 Private,Legal,Legal Manager,2,Pune,3.7,5.0,6,9.5,10.15
EMP03229,Female,28,5,Distance Learning,HR,HR Manager,2,Bangalore,2.8,3.4,1,9.0,7.52
EMP03230,Male,32,5,Central University,Customer Support,Support Team Lead,3,Hyderabad,5.0,4.9,3,7.2,10.05
EMP03231,Male,32,8,Tier-2 Private,HR,HR Business Partner,4,Pune,1.7,2.8,2,9.9,20.06
EMP03232,Male,36,10,BITS,Operations,Operations Executive,2,Pune,4.1,,20,8.5,11.53
EMP03233,Male,32,6,Tier-2 Private,Finance,Senior Financial Analyst,3,Visakhapatnam,4.2,2.9,67,17.1,13.39
EMP03234,Male,34,11,Central University,Operations,Supply Chain Analyst,3,Chennai,4.4,3.8,5,6.3,18.11
EMP03235,Male,27,4,Central University,Engineering,Lead Engineer,3,Pune,3.8,4.5,8,10.1,11.65
EMP03236,Male,35,11,Tier-2 Private,Operations,Supply Chain Analyst,4,Ahmedabad,2.4,3.5,15,8.2,16.5
EMP03237,Female,34,12,Diploma,Marketing,Digital Marketing Manager,3,Bangalore,5.0,2.7,19,14.0,15.77
EMP03238,Male,35,9,Other,HR,Talent Acquisition Specialist,4,Hyderabad,2.4,,22,9.7,14.72
EMP03239,Male,28,6,Central University,Customer Support,Customer Success Manager,2,Visakhapatnam,2.7,3.6,23,7.6,10.42
EMP03240,Male,36,9,Tier-2 Private,Marketing,Brand Manager,3,Kochi,3.1,4.1,1,13.1,9.72
EMP03241,Female,29,3,Distance Learning,Operations,Supply Chain Analyst,2,Coimbatore,2.5,,33,8.2,5.77
EMP03242,Male,30,6,Distance Learning,Sales,Sales Executive,2,Mumbai,2.5,3.6,1,25.3,10.56
EMP03243,Female,29,7,BITS,Data Science,Senior Data Scientist,2,Surat,2.8,4.8,9,9.9,8.47
EMP03244,Male,28,2,State University,Customer Support,Support Team Lead,1,Raipur,2.0,2.9,1,6.9,5.67
EMP03245,Male,32,8,Tier-2 Private,HR,HR Business Partner,3,Bangalore,3.6,3.9,6,7.9,13.32
EMP03246,Male,25,2,Central University,Sales,Account Manager,1,Nagpur,3.2,4.1,6,34.0,6.72
EMP03247,Male,28,4,IIM,Data Science,Senior Data Scientist,2,Jaipur,3.3,4.4,10,14.4,13.45
EMP03248,Female,33,6,Other,Finance,Finance Manager,3,Kolkata,3.7,2.6,26,11.0,8.42
EMP03249,Female,29,3,Central University,Customer Support,Support Team Lead,1,Chennai,3.4,3.6,15,7.4,5.73
EMP03250,Male,32,6,State University,HR,HR Manager,2,Chennai,3.0,3.3,10,6.5,9.26
EMP03251,Female,31,6,"Top Private (ISB, XLRI, SP Jain)",Engineering,Staff Engineer,2,Chennai,3.9,3.3,33,9.9,10.84
EMP03252,Male,25,3,Central University,HR,HR Executive,1,Pune,3.3,,14,9.3,6.32
EMP03253,Male,36,9,IIM,Legal,Legal Manager,2,Delhi,2.9,3.3,2,8.2,16.0
EMP03254,Male,29,3,Central University,Engineering,Senior Software Engineer,1,Delhi,3.4,4.7,30,13.9,5.4
EMP03255,Male,55,30,"Top Private (ISB, XLRI, SP Jain)",Data Science,Lead Data Scientist,6,Indore,4.5,4.3,31,11.7,50.0
EMP03256,Female,31,5,Central University,Marketing,Marketing Manager,3,Nagpur,3.1,2.4,20,22.1,11.09
EMP03257,Male,26,2,Diploma,Marketing,Marketing Executive,1,Visakhapatnam,4.0,3.4,11,14.0,7.02
EMP03258,Male,29,3,IIIT,Data Science,Data Scientist,2,Kolkata,2.7,3.5,6,13.0,9.3
EMP03259,Male,40,13,Tier-2 Private,Data Science,ML Engineer,4,Jaipur,3.5,,18,14.9,21.12
EMP03260,Male,28,4,BITS,HR,HR Executive,1,Mumbai,3.7,2.8,20,9.0,7.49
EMP03261,Male,24,2,Central University,HR,HR Executive,1,Delhi,2.8,3.1,11,10.4,6.42
EMP03262,Female,36,10,"Top Private (ISB, XLRI, SP Jain)",Engineering,Lead Engineer,4,Vadodara,3.2,2.8,5,13.3,14.44
EMP03263,Male,31,4,Central University,Sales,Account Manager,2,Bangalore,2.7,2.2,32,26.2,10.38
EMP03264,Male,35,9,State University,Finance,Financial Analyst,2,Mumbai,2.8,2.3,52,15.9,15.13
EMP03265,Male,38,11,Distance Learning,Customer Support,Customer Success Manager,3,Bangalore,3.5,,15,7.4,14.82
EMP03266,Male,31,7,Other,Customer Support,Customer Success Manager,3,Vadodara,4.8,3.1,21,8.5,11.91
EMP03267,Male,57,30,Other,Operations,Logistics Manager,6,Mumbai,3.8,3.8,1,5.5,50.0
EMP03268,Female,24,1,State University,Engineering,Software Engineer,1,Visakhapatnam,3.5,2.2,15,11.8,4.48
EMP03269,Female,28,3,Tier-2 Private,Data Science,Data Analyst,1,Chandigarh,4.6,2.5,6,12.0,6.79
EMP03270,Male,32,5,State University,Product,Associate Product Manager,1,Patna,2.5,,10,14.6,7.14
EMP03271,Female,56,29,State University,Marketing,Growth Manager,6,Dehradun,4.6,2.3,10,13.7,50.0
EMP03272,Female,46,21,State University,Finance,Accounts Manager,5,Hyderabad,3.2,3.1,30,13.4,28.34
EMP03273,Female,39,14,Other,Sales,Business Development Manager,5,Pune,3.7,3.1,21,34.8,22.22
EMP03274,Female,27,3,Diploma,HR,HR Executive,1,Bhopal,4.1,3.0,20,7.2,3.95
EMP03275,Female,30,3,IIM,Product,Senior Product Manager,2,Hyderabad,3.9,2.3,36,20.0,8.84
EMP03276,Female,30,3,Central University,Customer Support,Support Team Lead,1,Vadodara,3.2,4.1,11,8.8,4.86
EMP03277,Male,26,3,Central University,Legal,Legal Associate,1,Pune,4.2,,40,10.3,7.18
EMP03278,Male,39,17,BITS,Operations,Supply Chain Analyst,4,Mumbai,3.2,3.5,1,8.2,27.62
EMP03279,Male,31,5,Diploma,Product,Product Manager,1,Mumbai,3.2,3.5,11,12.0,8.73
EMP03280,Male,31,5,State University,Legal,Senior Legal Counsel,3,Raipur,3.5,3.6,1,8.8,8.88
EMP03281,Female,32,10,Central University,Sales,Senior Account Manager,2,Kolkata,3.9,2.3,14,30.9,8.18
EMP03282,Male,25,1,Tier-2 Private,Data Science,Data Analyst,1,Lucknow,2.7,,1,13.3,6.7
EMP03283,Male,31,6,Other,Data Science,Senior Data Scientist,2,Kochi,2.8,3.1,9,11.3,9.37
EMP03284,Male,24,2,Tier-2 Private,Product,Product Manager,2,Delhi,2.1,4.0,12,17.1,10.33
EMP03285,Male,29,4,BITS,Operations,Operations Manager,3,Pune,3.3,4.2,7,7.4,13.36
EMP03286,Female,31,4,Other,Legal,Legal Associate,2,Kolkata,4.4,3.3,7,12.5,8.15
EMP03287,Female,26,3,Central University,Data Science,Data Analyst,1,Hyderabad,5.0,2.9,5,8.6,7.59
EMP03288,Male,33,7,"Top Private (ISB, XLRI, SP Jain)",Engineering,Staff Engineer,2,Vadodara,3.7,,13,12.2,13.16
EMP03289,Male,29,7,NIT,Operations,Supply Chain Analyst,2,Chennai,4.8,3.9,63,9.8,11.45
EMP03290,Male,28,5,IIIT,Marketing,Marketing Executive,2,Hyderabad,3.6,3.0,27,12.7,11.56
EMP03291,Male,32,7,Diploma,Engineering,Software Engineer,2,Hyderabad,3.6,2.8,5,14.2,14.68
EMP03292,Female,30,3,Central University,Marketing,Marketing Executive,1,Coimbatore,3.4,3.6,13,16.7,5.91
EMP03293,Male,36,9,Tier-2 Private,Engineering,Lead Engineer,4,Lucknow,3.5,3.4,43,10.5,18.28
EMP03294,Male,32,5,Tier-2 Private,Customer Support,Customer Success Manager,2,Kolkata,3.5,,1,8.5,7.06
EMP03295,Male,31,4,Diploma,Legal,Legal Manager,3,Bangalore,3.3,3.7,7,14.3,10.04
EMP03296,Female,29,3,Distance Learning,Marketing,Marketing Manager,1,Nagpur,4.9,2.4,80,14.1,5.5
EMP03297,Female,29,5,State University,Legal,Legal Manager,2,Mysore,4.0,3.4,25,11.0,6.43
EMP03298,Male,44,22,Distance Learning,Customer Support,Support Manager,5,Chandigarh,3.0,3.8,63,5.6,29.19
EMP03299,Male,31,5,"Top Private (ISB, XLRI, SP Jain)",Engineering,Software Engineer,1,Mumbai,4.0,3.0,6,9.7,10.83
EMP03300,Male,25,2,BITS,HR,HR Executive,1,Dehradun,4.3,,7,8.9,7.97
EMP03301,Female,36,11,Central University,Product,Senior Product Manager,3,Chennai,2.5,,39,19.7,11.06
EMP03302,Male,30,4,State University,Product,Associate Product Manager,2,Kochi,4.4,,5,13.4,12.61
EMP03303,Male,29,7,"Top Private (ISB, XLRI, SP Jain)",Operations,Operations Manager,2,Chennai,4.2,2.5,6,5.1,10.56
EMP03304,Female,30,3,Tier-2 Private,Data Science,Data Scientist,1,Thiruvananthapuram,3.8,,23,13.3,5.84
EMP03305,Female,37,14,Other,Customer Support,Customer Success Manager,4,Hyderabad,4.8,4.0,14,5.1,14.49
EMP03306,Male,27,4,State University,Marketing,Marketing Manager,1,Lucknow,4.3,2.5,21,15.8,8.11
EMP03307,Male,40,16,Diploma,Legal,Company Secretary,5,Delhi,3.2,4.1,3,12.1,26.31
EMP03308,Male,26,2,Diploma,Engineering,Software Engineer,1,Mumbai,3.6,3.2,10,8.3,6.15
EMP03309,Female,28,4,Diploma,Sales,Sales Executive,2,Pune,4.7,3.9,2,28.8,8.26
EMP03310,Male,38,16,Tier-2 Private,Finance,Accounts Manager,5,Mysore,3.2,4.8,22,12.6,23.75
EMP03311,Female,29,6,IIIT,Sales,Sales Manager,3,Mumbai,3.2,,21,18.8,10.65
EMP03312,Female,53,29,Tier-2 Private,HR,Learning & Development Manager,6,Pune,3.8,3.7,6,5.5,46.72
EMP03313,Male,28,5,Central University,HR,HR Manager,2,Bangalore,3.4,,10,10.6,11.4
EMP03314,Female,32,7,Tier-2 Private,HR,HR Manager,2,Delhi,5.0,4.0,31,6.1,10.52
EMP03315,Male,49,22,Diploma,Marketing,Growth Manager,6,Hyderabad,4.6,,28,23.9,48.27
EMP03316,Male,24,2,Other,Marketing,Marketing Manager,1,Bangalore,5.0,,15,13.0,8.45
EMP03317,Female,23,1,State University,Customer Support,Customer Support Executive,1,Chandigarh,4.5,2.8,8,6.6,4.23
EMP03318,Male,28,3,Distance Learning,Customer Support,Customer Support Executive,1,Delhi,3.7,,4,9.6,7.85
EMP03319,Male,32,10,Central University,HR,HR Manager,3,Ahmedabad,2.0,2.9,30,8.2,12.96
EMP03320,Male,26,1,IIM,Data Science,Data Scientist,2,Indore,3.8,3.3,61,8.1,12.23
EMP03321,Male,33,9,State University,Engineering,Senior Software Engineer,2,Coimbatore,2.6,3.1,19,8.7,10.55
EMP03322,Male,32,8,Diploma,Customer Support,Customer Success Manager,4,Kolkata,2.3,3.9,16,7.0,15.17
EMP03323,Female,49,24,Diploma,Data Science,ML Engineer,5,Patna,4.5,3.8,26,14.6,38.35
EMP03324,Female,39,12,Diploma,Operations,Supply Chain Analyst,4,Patna,2.7,3.7,1,5.2,15.93
EMP03325,Female,29,7,IIM,Sales,Account Manager,1,Chandigarh,3.0,2.9,3,33.1,7.17
EMP03326,Female,37,15,"Top Private (ISB, XLRI, SP Jain)",Legal,Senior Legal Counsel,3,Nagpur,3.1,4.3,10,11.0,14.0
EMP03327,Male,34,8,Central University,Finance,Finance Manager,3,Chennai,3.6,4.4,5,14.5,12.25
EMP03328,Female,26,4,Tier-2 Private,Operations,Supply Chain Analyst,2,Chennai,3.5,3.5,1,7.1,6.96
EMP03329,Male,26,2,Other,Marketing,Marketing Executive,1,Hyderabad,4.1,3.2,75,17.7,7.03
EMP03330,Male,28,4,State University,Product,Senior Product Manager,2,Kolkata,4.0,2.7,9,16.3,7.85
EMP03331,Female,29,5,State University,Sales,Sales Executive,2,Bangalore,2.3,3.8,39,26.9,7.52
EMP03332,Male,31,6,Central University,Sales,Sales Executive,2,Mumbai,4.8,3.4,1,28.5,12.79
EMP03333,Male,23,1,State University,HR,HR Executive,1,Kochi,2.6,4.3,6,6.5,4.97
EMP03334,Male,28,5,Tier-2 Private,Legal,Senior Legal Counsel,2,Raipur,2.7,4.3,1,14.0,8.14
EMP03335,Male,28,6,Tier-2 Private,Operations,Supply Chain Analyst,3,Hyderabad,4.9,3.3,1,9.0,10.03
EMP03336,Male,35,8,BITS,Sales,Account Manager,2,Pune,3.5,3.6,7,16.5,11.73
EMP03337,Male,44,18,Central University,Sales,Business Development Manager,6,Chennai,4.4,3.6,1,22.6,42.77
EMP03338,Female,29,6,Diploma,Legal,Legal Associate,1,Visakhapatnam,4.1,4.3,45,9.9,7.39
EMP03339,Male,25,3,State University,Operations,Operations Executive,1,Indore,3.9,,28,5.6,6.55
EMP03340,Male,24,1,State University,Engineering,Software Engineer,1,Coimbatore,2.9,4.1,9,12.8,7.29
EMP03341,Male,36,9,State University,Customer Support,Support Manager,4,Vadodara,3.3,3.6,1,9.8,16.69
EMP03342,Female,29,3,Distance Learning,Customer Support,Customer Support Executive,1,Ranchi,4.8,4.4,18,5.6,6.81
EMP03343,Male,36,11,Central University,Sales,Senior Account Manager,4,Ahmedabad,3.0,3.1,96,18.6,18.64
EMP03344,Male,43,16,Central University,Customer Support,Support Manager,5,Bangalore,3.6,2.9,1,7.7,25.77
EMP03345,Male,25,2,Tier-2 Private,Product,Associate Product Manager,1,Kolkata,3.9,2.3,3,18.7,6.61
EMP03346,Female,33,8,Tier-2 Private,Legal,Company Secretary,4,Mumbai,3.2,3.4,4,14.4,14.99
EMP03347,Female,40,14,Central University,Data Science,Lead Data Scientist,4,Lucknow,2.9,3.5,6,11.1,19.79
EMP03348,Female,34,12,Central University,Operations,Logistics Manager,5,Bhopal,3.4,,8,6.3,17.55
EMP03349,Female,25,1,Central University,HR,HR Executive,1,Chandigarh,3.3,3.9,26,8.3,4.36
EMP03350,Male,27,3,Central University,Legal,Legal Manager,2,Raipur,2.3,4.7,13,13.4,9.81
EMP03351,Male,25,2,Tier-2 Private,HR,HR Executive,1,Hyderabad,3.7,3.1,46,5.4,6.85
EMP03352,Male,31,8,BITS,Operations,Process Improvement Specialist,3,Nagpur,4.6,3.4,15,9.0,12.92
EMP03353,Male,35,8,IIIT,Finance,Controller,3,Chennai,1.0,2.4,7,10.3,15.71
EMP03354,Male,25,0,State University,Marketing,Marketing Manager,1,Ahmedabad,3.6,3.6,1,17.6,7.76
EMP03355,Male,26,4,Central University,Finance,Financial Analyst,2,Bangalore,1.1,3.2,5,17.9,10.61
EMP03356,Male,36,10,State University,Customer Support,Customer Success Manager,3,Kochi,4.7,3.3,27,9.4,12.19
EMP03357,Male,31,6,State University,HR,HR Business Partner,3,Dehradun,3.0,,16,5.8,13.8
EMP03358,Male,30,6,Distance Learning,Product,Associate Product Manager,1,Bangalore,3.5,3.9,16,17.7,8.47
EMP03359,Female,28,4,Other,Engineering,Software Engineer,2,Vadodara,2.7,3.1,11,8.3,5.94
EMP03360,Female,27,2,Central University,Legal,Legal Associate,1,Bangalore,5.0,,40,14.4,6.91
EMP03361,Male,32,5,Tier-2 Private,Operations,Operations Executive,2,Nagpur,5.0,3.5,17,7.1,9.42
EMP03362,Male,32,6,State University,Marketing,Marketing Executive,2,Kolkata,2.6,2.6,7,23.4,8.92
EMP03363,Female,33,9,Diploma,Product,Senior Product Manager,4,Mumbai,2.5,,5,11.6,13.26
EMP03364,Female,32,9,Other,Product,Product Manager,3,Visakhapatnam,4.2,3.7,25,17.6,12.21
EMP03365,Male,28,6,IIIT,Operations,Operations Executive,1,Hyderabad,4.2,4.0,8,5.3,8.8
EMP03366,Male,36,13,IIT,HR,Talent Acquisition Specialist,4,Chandigarh,3.2,3.6,38,9.6,25.82
EMP03367,Female,26,4,IIM,HR,HR Manager,1,Hyderabad,2.7,3.3,21,10.6,6.36
EMP03368,Female,28,2,Tier-2 Private,Operations,Operations Executive,1,Pune,4.7,3.4,9,7.3,5.06
EMP03369,Male,33,8,Other,Customer Support,Support Manager,4,Mumbai,3.3,4.0,5,9.4,13.92
EMP03370,Male,28,6,"Top Private (ISB, XLRI, SP Jain)",Data Science,Data Scientist,2,Jaipur,3.2,3.5,1,14.5,12.29
EMP03371,Female,35,8,BITS,Operations,Supply Chain Analyst,3,Mumbai,3.6,2.4,1,7.0,11.33
EMP03372,Male,24,2,IIT,Sales,Sales Executive,1,Pune,2.3,3.1,9,32.2,8.07
EMP03373,Female,46,21,BITS,Marketing,Content Strategist,5,Pune,3.0,2.8,21,17.2,32.05
EMP03374,Male,31,9,NIT,Finance,FP&A Analyst,4,Mumbai,2.7,2.7,24,15.9,20.36
EMP03375,Male,29,4,Central University,HR,HR Executive,2,Pune,1.9,2.7,29,11.3,7.59
EMP03376,Male,28,3,Diploma,Sales,Sales Executive,2,Chandigarh,2.8,,38,28.2,7.92
EMP03377,Male,39,12,IIIT,Finance,Controller,4,Bhopal,3.4,3.5,8,11.8,25.35
EMP03378,Female,27,2,Tier-2 Private,Data Science,Data Scientist,1,Hyderabad,2.9,3.7,38,8.6,6.29
EMP03379,Male,53,29,NIT,Engineering,DevOps Engineer,6,Chennai,3.4,4.8,7,9.4,50.0
EMP03380,Female,28,3,IIIT,Engineering,Senior Software Engineer,1,Bhopal,2.6,3.8,11,9.8,4.73
EMP03381,Male,45,20,Tier-2 Private,Customer Support,Customer Success Manager,6,Ranchi,4.0,4.0,6,8.5,37.73
EMP03382,Female,29,5,IIT,Data Science,Data Scientist,2,Patna,4.3,,92,13.9,7.95
EMP03383,Female,44,18,Tier-2 Private,Operations,Logistics Manager,5,Lucknow,4.0,3.7,3,5.4,21.43
EMP03384,Male,28,3,Diploma,Data Science,Data Analyst,2,Bangalore,3.6,3.5,5,14.9,10.11
EMP03385,Male,33,6,Distance Learning,HR,HR Business Partner,2,Kolkata,4.1,4.4,2,5.6,10.15
EMP03386,Female,33,10,Diploma,Sales,Senior Account Manager,3,Hyderabad,3.0,2.4,10,26.6,10.9
EMP03387,Male,35,9,NIT,Data Science,Data Analyst,2,Chennai,2.9,4.2,32,12.1,14.7
EMP03388,Female,39,13,IIIT,Marketing,Growth Manager,5,Delhi,3.4,2.8,7,22.7,21.45
EMP03389,Male,30,4,Tier-2 Private,Marketing,Marketing Executive,1,Chennai,3.1,2.8,11,12.1,7.83
EMP03390,Male,33,6,IIIT,Sales,Senior Account Manager,2,Bangalore,4.6,,16,23.8,14.72
EMP03391,Male,38,14,Distance Learning,HR,Talent Acquisition Specialist,4,Mysore,5.0,,10,5.3,16.54
EMP03392,Female,28,3,Distance Learning,Sales,Sales Executive,2,Delhi,5.0,3.2,4,24.3,7.18
EMP03393,Female,31,9,IIT,HR,HR Business Partner,3,Chennai,4.2,2.9,13,8.3,15.23
EMP03394,Male,29,5,State University,Product,Associate Product Manager,2,Mumbai,3.8,3.3,7,10.3,10.08
EMP03395,Female,28,6,Diploma,HR,HR Manager,2,Chandigarh,1.9,3.0,7,7.6,7.96
EMP03396,Female,32,6,Tier-2 Private,Customer Support,Customer Success Manager,2,Bangalore,3.2,3.1,11,7.4,9.24
EMP03397,Male,29,3,Central University,Marketing,Marketing Executive,1,Chandigarh,2.9,3.5,1,21.6,5.77
EMP03398,Male,28,5,"Top Private (ISB, XLRI, SP Jain)",Sales,Sales Executive,1,Jaipur,3.0,3.4,11,26.6,7.42
EMP03399,Female,32,6,IIIT,Operations,Operations Manager,1,Patna,4.6,2.5,11,8.3,6.33
EMP03400,Female,28,5,Distance Learning,Engineering,Lead Engineer,3,Chennai,4.7,3.3,24,13.2,13.92
EMP03401,Male,44,18,NIT,Engineering,Staff Engineer,4,Kolkata,3.2,3.7,19,14.6,35.28
EMP03402,Female,39,12,Other,HR,Compensation Analyst,4,Lucknow,3.0,3.8,3,7.8,15.06
EMP03403,Male,33,7,Central University,Data Science,Data Analyst,2,Jaipur,3.3,,13,11.4,12.15
EMP03404,Female,26,3,Tier-2 Private,Marketing,Marketing Executive,1,Jaipur,2.0,3.0,47,25.0,5.09
EMP03405,Female,26,3,Diploma,Marketing,Marketing Executive,2,Lucknow,4.5,3.5,62,16.5,6.88
EMP03406,Female,46,24,BITS,Marketing,Digital Marketing Manager,5,Dehradun,4.2,3.8,14,21.1,35.07
EMP03407,Male,29,2,Diploma,Sales,Sales Executive,1,Bangalore,2.5,3.2,18,32.9,6.32
EMP03408,Male,31,6,State University,Finance,Senior Financial Analyst,2,Patna,2.5,3.7,19,11.6,8.86
EMP03409,Male,29,7,Other,Data Science,Data Scientist,1,Pune,4.8,3.8,42,9.4,10.35
EMP03410,Male,29,4,Central University,Marketing,Marketing Executive,2,Mumbai,4.2,2.3,13,19.0,11.63
EMP03411,Female,27,2,IIT,Legal,Senior Legal Counsel,1,Bangalore,5.0,3.2,3,13.5,7.95
EMP03412,Male,28,3,NIT,Finance,Financial Analyst,1,Coimbatore,2.9,,40,14.5,7.35
EMP03413,Male,29,4,Central University,Sales,Sales Executive,2,Indore,5.0,3.1,45,15.5,12.64
EMP03414,Male,25,3,State University,Marketing,Marketing Executive,1,Delhi,2.8,4.2,5,18.4,5.72
EMP03415,Male,39,15,Tier-2 Private,Data Science,Senior Data Scientist,3,Patna,3.7,4.8,5,10.4,19.49
EMP03416,Male,32,6,Tier-2 Private,HR,HR Manager,2,Vadodara,2.1,3.8,13,7.4,8.36
EMP03417,Female,31,4,Tier-2 Private,Marketing,Brand Manager,2,Ahmedabad,3.1,2.4,7,12.8,6.44
EMP03418,Female,29,6,Tier-2 Private,Sales,Account Manager,3,Bangalore,3.7,,10,33.8,11.17
EMP03419,Male,34,9,NIT,Operations,Logistics Manager,4,Nagpur,3.2,2.9,24,9.0,18.7
EMP03420,Female,31,4,Distance Learning,Data Science,Data Analyst,2,Lucknow,4.0,4.7,5,8.3,8.64
EMP03421,Female,36,11,Other,Engineering,Engineering Manager,4,Bangalore,2.9,2.9,39,10.9,13.93
EMP03422,Male,25,2,Other,Data Science,Data Scientist,2,Delhi,3.5,3.7,2,8.8,11.11
EMP03423,Female,38,13,Distance Learning,Operations,Logistics Manager,4,Kochi,3.3,4.0,10,7.5,14.13
EMP03424,Male,28,6,Other,Marketing,Marketing Executive,1,Ranchi,3.3,3.0,3,14.8,6.87
EMP03425,Male,29,5,Diploma,Finance,Financial Analyst,2,Mumbai,4.2,3.1,12,10.4,11.04
EMP03426,Male,28,3,IIM,Marketing,Marketing Manager,1,Chennai,3.0,4.4,6,22.8,6.35
EMP03427,Male,24,2,State University,Engineering,Software Engineer,1,Bhopal,3.4,4.4,7,10.0,6.71
EMP03428,Female,24,1,Tier-2 Private,HR,HR Executive,1,Indore,3.2,2.6,6,10.7,3.44
EMP03429,Female,30,3,Tier-2 Private,Data Science,Data Analyst,1,Jaipur,4.8,2.6,13,10.2,6.13
EMP03430,Female,34,9,Tier-2 Private,Operations,Supply Chain Analyst,4,Bangalore,3.5,3.7,21,9.2,10.82
EMP03431,Male,27,3,IIT,Data Science,Data Analyst,1,Bhopal,3.5,4.0,35,8.9,9.97
EMP03432,Male,25,2,BITS,Product,Product Manager,1,Jaipur,3.3,3.2,6,14.3,6.9
EMP03433,Female,25,3,Central University,Customer Support,Customer Support Executive,1,Bangalore,3.9,3.5,23,9.5,5.02
EMP03434,Male,28,4,IIM,Operations,Operations Manager,2,Bangalore,3.2,2.8,1,6.6,13.78
EMP03435,Male,29,4,Central University,Legal,Legal Manager,2,Visakhapatnam,3.1,3.9,10,9.0,8.96
EMP03436,Male,28,5,Other,Marketing,Brand Manager,2,Mumbai,3.1,3.7,2,19.5,10.79
EMP03437,Male,38,12,IIM,Sales,Sales Manager,3,Hyderabad,3.6,2.4,2,22.9,16.69
EMP03438,Male,38,14,State University,Marketing,Digital Marketing Manager,5,Kochi,4.4,,5,13.4,24.61
EMP03439,Male,46,24,State University,Operations,Logistics Manager,6,Raipur,3.3,3.4,11,5.2,45.63
EMP03440,Female,23,1,IIM,HR,HR Manager,2,Pune,2.5,3.7,9,10.9,6.49
EMP03441,Male,30,3,"Top Private (ISB, XLRI, SP Jain)",Engineering,Software Engineer,1,Chennai,2.3,2.9,13,13.6,7.34
EMP03442,Male,33,9,NIT,Operations,Operations Manager,3,Chennai,5.0,4.4,77,5.7,17.19
EMP03443,Male,28,4,Other,Data Science,Data Scientist,3,Visakhapatnam,2.8,3.6,14,14.8,10.52
EMP03444,Male,34,11,Central University,Operations,Logistics Manager,4,Mumbai,5.0,4.3,24,5.6,17.89
EMP03445,Female,32,6,Tier-2 Private,Data Science,Senior Data Scientist,2,Nagpur,3.3,2.3,13,9.2,8.47
EMP03446,Male,44,18,Distance Learning,Legal,Company Secretary,6,Ranchi,2.7,3.8,10,13.6,36.08
EMP03447,Female,35,12,IIIT,HR,HR Business Partner,4,Chennai,3.4,3.4,24,8.3,16.07
EMP03448,Female,38,12,State University,Marketing,Brand Manager,4,Kochi,4.0,,31,16.7,19.84
EMP03449,Male,28,4,"Top Private (ISB, XLRI, SP Jain)",Customer Support,Customer Support Executive,2,Hyderabad,3.3,,12,5.3,10.58
EMP03450,Female,28,5,Distance Learning,Customer Support,Support Team Lead,2,Kolkata,3.0,3.5,52,8.8,6.47
EMP03451,Female,30,4,Diploma,Product,Senior Product Manager,2,Nagpur,2.3,1.7,3,12.6,6.06
EMP03452,Male,24,2,Central University,Customer Support,Support Team Lead,1,Jaipur,3.0,4.7,45,9.5,4.53
EMP03453,Male,43,16,BITS,Marketing,Digital Marketing Manager,4,Bangalore,3.8,3.1,33,12.6,24.19
EMP03454,Male,32,10,State University,Finance,Controller,3,Ahmedabad,2.3,3.2,19,11.8,14.27
EMP03455,Female,27,4,BITS,Customer Support,Customer Success Manager,2,Lucknow,3.2,3.3,37,8.0,8.26
EMP03456,Female,38,15,Tier-2 Private,Legal,Legal Manager,4,Hyderabad,3.7,3.6,1,11.7,18.3
EMP03457,Female,26,3,Tier-2 Private,Legal,Senior Legal Counsel,1,Ranchi,4.5,2.4,1,12.8,4.98
EMP03458,Female,25,1,Tier-2 Private,Marketing,Marketing Executive,1,Indore,2.6,2.3,21,18.8,4.39
EMP03459,Male,38,12,IIIT,HR,Compensation Analyst,4,Thiruvananthapuram,5.0,4.6,2,8.3,22.85
EMP03460,Female,26,2,Diploma,Customer Support,Customer Support Executive,1,Raipur,3.9,,3,6.8,3.71
EMP03461,Male,30,5,Central University,Engineering,Software Engineer,2,Surat,2.6,3.8,26,9.3,7.76
EMP03462,Female,33,6,Distance Learning,Customer Support,Support Team Lead,3,Hyderabad,3.6,2.6,20,8.8,12.66
EMP03463,Male,31,7,Other,Customer Support,Support Team Lead,1,Mumbai,2.9,4.7,19,8.3,6.53
EMP03464,Male,36,10,State University,Marketing,Digital Marketing Manager,3,Mumbai,2.2,4.2,20,16.6,17.86
EMP03465,Female,33,9,"Top Private (ISB, XLRI, SP Jain)",Engineering,Staff Engineer,3,Surat,3.4,2.9,5,8.4,12.24
EMP03466,Female,30,8,State University,Finance,Finance Manager,2,Coimbatore,3.4,4.4,1,14.8,8.71
EMP03467,Female,26,3,Tier-2 Private,Data Science,Data Analyst,1,Visakhapatnam,3.7,3.8,1,12.5,6.37
EMP03468,Male,29,7,Central University,Operations,Operations Executive,2,Delhi,2.7,4.2,20,9.9,13.11
EMP03469,Male,29,2,Tier-2 Private,Finance,Financial Analyst,1,Hyderabad,2.8,4.2,6,10.5,7.28
EMP03470,Female,40,18,BITS,Finance,FP&A Analyst,5,Pune,4.3,3.0,24,10.4,33.25
EMP03471,Male,28,2,Central University,HR,HR Executive,1,Chandigarh,4.1,4.9,37,10.1,8.82
EMP03472,Male,26,4,Distance Learning,Operations,Operations Executive,2,Hyderabad,2.5,4.8,26,10.0,10.19
EMP03473,Male,24,2,NIT,Data Science,Data Analyst,1,Pune,2.2,4.9,11,14.0,6.66
EMP03474,Male,28,3,State University,Marketing,Marketing Manager,1,Kolkata,2.6,2.0,13,22.4,5.27
EMP03475,Male,28,6,IIM,Engineering,Senior Software Engineer,2,Mysore,4.4,3.6,19,14.3,12.77
EMP03476,Male,26,4,Tier-2 Private,HR,HR Manager,2,Delhi,1.2,3.9,7,7.9,7.51
EMP03477,Female,39,13,Tier-2 Private,Finance,Finance Manager,4,Guwahati,3.0,3.1,8,11.0,15.21
EMP03478,Female,29,7,IIT,Finance,Finance Manager,2,Chennai,4.2,3.3,11,11.8,11.18
EMP03479,Female,29,4,State University,Data Science,Senior Data Scientist,2,Hyderabad,3.7,3.3,24,12.0,10.78
EMP03480,Male,27,5,Tier-2 Private,Sales,Account Manager,2,Coimbatore,3.4,,68,16.1,9.3
EMP03481,Male,36,14,IIM,Product,Group Product Manager,4,Bangalore,4.2,,3,16.1,31.18
EMP03482,Female,37,11,Distance Learning,Operations,Process Improvement Specialist,4,Mumbai,3.3,,13,8.5,12.63
EMP03483,Female,26,2,IIM,Operations,Operations Executive,1,Thiruvananthapuram,3.1,3.6,28,6.6,5.12
EMP03484,Male,25,3,NIT,Operations,Operations Executive,1,Mysore,4.1,3.6,4,8.3,5.87
EMP03485,Female,34,8,IIIT,Engineering,Senior Software Engineer,3,Raipur,5.0,4.7,40,14.1,14.08
EMP03486,Female,34,7,State University,Legal,Legal Manager,3,Chennai,1.7,3.6,47,11.5,9.51
EMP03487,Female,27,2,State University,Operations,Operations Manager,2,Kolkata,2.9,4.5,16,7.4,6.35
EMP03488,Female,34,10,Distance Learning,Sales,Account Manager,2,Chennai,3.3,4.0,23,31.5,10.82
EMP03489,Male,30,3,Tier-2 Private,Sales,Sales Executive,1,Mysore,3.0,4.0,17,22.9,6.36
EMP03490,Male,39,15,IIM,HR,Talent Acquisition Specialist,4,Patna,3.5,2.5,8,10.6,25.82
EMP03491,Female,33,8,Distance Learning,Sales,Sales Manager,3,Kolkata,3.5,4.2,7,32.0,10.32
EMP03492,Male,26,2,IIIT,Product,Associate Product Manager,1,Ahmedabad,2.5,2.4,2,12.1,7.6
EMP03493,Female,30,4,Distance Learning,Finance,Financial Analyst,1,Raipur,4.0,3.2,28,16.0,4.57
EMP03494,Female,29,4,Central University,Finance,Controller,3,Delhi,3.4,2.3,22,11.6,10.29
EMP03495,Male,30,6,Other,Finance,Financial Analyst,1,Chennai,4.5,4.3,7,16.0,8.47
EMP03496,Female,29,5,"Top Private (ISB, XLRI, SP Jain)",HR,HR Business Partner,2,Delhi,4.4,3.0,20,7.4,7.34
EMP03497,Female,25,2,Distance Learning,Sales,Account Manager,2,Mysore,3.3,3.8,27,24.5,5.92
EMP03498,Female,26,2,Diploma,Product,Product Manager,1,Chennai,3.9,1.8,5,11.6,6.9
EMP03499,Male,30,8,Tier-2 Private,Finance,Finance Manager,4,Pune,1.7,4.2,2,15.3,17.11
EMP03500,Female,31,7,Other,Sales,Sales Manager,3,Bhopal,1.8,3.9,1,33.7,8.34
EMP03501,Male,28,6,Central University,Sales,Account Manager,1,Raipur,4.4,2.9,1,26.1,6.33
EMP03502,Male,30,7,State University,Product,Associate Product Manager,1,Lucknow,3.4,3.2,4,16.4,12.38
EMP03503,Male,27,3,Distance Learning,Data Science,Data Analyst,1,Surat,4.5,4.5,29,12.5,6.53
EMP03504,Female,28,6,IIM,Finance,Financial Analyst,2,Delhi,4.4,3.5,1,13.7,10.8
EMP03505,Female,53,30,State University,Data Science,Data Engineer,6,Raipur,2.3,3.9,22,13.0,50.0
EMP03506,Male,39,13,"Top Private (ISB, XLRI, SP Jain)",Operations,Supply Chain Analyst,4,Guwahati,4.0,2.4,21,9.0,19.31
EMP03507,Male,31,4,State University,Sales,Account Manager,1,Jaipur,2.9,3.5,8,21.3,7.5
EMP03508,Female,29,4,State University,Operations,Operations Executive,1,Bangalore,3.3,4.0,21,9.7,6.52
EMP03509,Female,26,0,State University,Finance,Senior Financial Analyst,1,Bangalore,2.5,2.8,29,14.3,3.69
EMP03510,Male,38,12,State University,Finance,Finance Manager,4,Coimbatore,4.3,3.2,43,15.6,26.57
EMP03511,Female,37,10,State University,Marketing,Brand Manager,3,Kolkata,3.9,3.3,1,22.5,11.23
EMP03512,Female,31,4,IIIT,Sales,Sales Executive,2,Pune,3.0,2.8,7,15.6,7.26
EMP03513,Female,24,2,IIIT,Customer Support,Customer Support Executive,1,Dehradun,2.9,4.3,8,9.6,4.25
EMP03514,Female,26,2,Central University,Customer Support,Support Team Lead,1,Surat,4.1,3.8,25,9.1,3.98
EMP03515,Female,35,8,State University,Finance,Senior Financial Analyst,2,Kolkata,2.9,3.3,3,10.7,10.55
EMP03516,Female,32,5,Distance Learning,Data Science,Data Analyst,1,Mumbai,3.0,4.8,1,8.5,6.78
EMP03517,Female,34,9,Distance Learning,Engineering,Lead Engineer,3,Delhi,2.9,,36,8.6,13.48
EMP03518,Male,30,6,Central University,Customer Support,Support Team Lead,1,Coimbatore,2.9,4.0,2,9.5,8.11
EMP03519,Male,33,11,Central University,Customer Support,Customer Success Manager,3,Chandigarh,4.0,3.0,50,8.1,17.58
EMP03520,Female,31,7,Diploma,HR,HR Manager,2,Pune,3.7,3.3,13,5.4,6.92
EMP03521,Male,35,10,Distance Learning,Engineering,Lead Engineer,3,Guwahati,3.0,4.1,13,14.5,13.38
EMP03522,Female,26,1,Tier-2 Private,Marketing,Marketing Executive,1,Bangalore,2.7,3.8,14,20.8,5.42
EMP03523,Male,27,2,State University,Sales,Sales Executive,1,Raipur,3.5,3.0,34,21.5,6.93
EMP03524,Male,27,4,NIT,Sales,Account Manager,2,Nagpur,3.3,2.7,6,28.9,8.14
EMP03525,Male,39,12,Tier-2 Private,Sales,Key Account Manager,5,Lucknow,4.1,3.7,44,33.9,22.52
EMP03526,Male,45,22,Central University,Sales,Business Development Manager,6,Coimbatore,2.9,3.9,43,16.9,50.0
EMP03527,Male,29,5,IIT,Engineering,Software Engineer,1,Mysore,3.8,2.2,13,13.9,8.74
EMP03528,Male,28,3,Central University,Operations,Operations Executive,1,Chennai,3.3,5.0,13,7.8,6.8
EMP03529,Female,24,1,Other,Customer Support,Customer Support Executive,1,Kochi,3.7,3.5,11,6.7,3.67
EMP03530,Male,33,11,BITS,Marketing,Brand Manager,3,Hyderabad,4.8,2.2,36,20.2,15.79
EMP03531,Male,29,4,Central University,HR,HR Manager,1,Hyderabad,3.3,,1,10.1,8.27
EMP03532,Male,53,30,Tier-2 Private,Product,Product Analyst,6,Dehradun,5.0,,25,18.9,50.0
EMP03533,Male,30,3,State University,Legal,Legal Manager,2,Kochi,3.3,,52,11.3,9.87
EMP03534,Male,52,26,BITS,Finance,Accounts Manager,5,Bangalore,2.7,3.9,22,16.2,47.3
EMP03535,Female,34,10,State University,Customer Support,Customer Success Manager,3,Guwahati,4.8,2.4,16,8.4,11.85
EMP03536,Female,26,2,Central University,HR,HR Manager,2,Pune,5.0,2.6,12,5.5,8.47
EMP03537,Male,34,7,State University,Finance,Senior Financial Analyst,3,Lucknow,2.8,4.2,4,15.5,13.62
EMP03538,Female,32,10,Tier-2 Private,HR,Talent Acquisition Specialist,3,Nagpur,2.9,3.2,1,9.4,10.8
EMP03539,Male,29,5,Diploma,Engineering,Staff Engineer,2,Thiruvananthapuram,4.2,,7,10.5,10.49
EMP03540,Male,32,10,Distance Learning,Customer Support,Customer Success Manager,3,Lucknow,4.0,3.5,61,5.1,11.01
EMP03541,Female,32,10,Central University,Marketing,Digital Marketing Manager,3,Bangalore,2.9,4.5,37,16.2,9.72
EMP03542,Male,36,9,Other,Marketing,Digital Marketing Manager,4,Chennai,2.8,,1,22.4,17.81
EMP03543,Female,27,5,State University,Marketing,Marketing Executive,2,Nagpur,3.7,2.3,8,22.4,6.89
EMP03544,Male,29,2,"Top Private (ISB, XLRI, SP Jain)",Operations,Operations Manager,1,Pune,3.4,4.7,1,7.2,5.12
EMP03545,Male,31,5,State University,Sales,Senior Account Manager,3,Indore,4.0,3.3,10,32.8,12.37
EMP03546,Male,31,6,Tier-2 Private,Operations,Operations Manager,2,Delhi,4.0,3.5,8,9.0,11.94
EMP03547,Male,27,1,State University,Data Science,Data Scientist,2,Lucknow,4.2,2.9,15,12.3,10.75
EMP03548,Female,29,6,NIT,Sales,Account Manager,2,Chennai,1.9,3.0,5,31.7,8.31
EMP03549,Male,27,5,Central University,Operations,Operations Manager,2,Ranchi,5.0,3.7,18,8.2,8.6
EMP03550,Female,26,2,State University,Customer Support,Support Team Lead,1,Chandigarh,3.9,3.4,42,7.8,5.71
EMP03551,Female,30,4,Distance Learning,Product,Associate Product Manager,1,Chandigarh,3.2,,7,14.0,7.04
EMP03552,Male,27,4,Distance Learning,Legal,Senior Legal Counsel,2,Lucknow,3.4,2.8,1,10.0,8.94
EMP03553,Male,46,23,IIT,Legal,Compliance Officer,6,Pune,4.0,3.5,2,8.9,50.0
EMP03554,Male,33,7,Diploma,Engineering,Software Engineer,2,Dehradun,3.7,2.1,3,12.1,10.79
EMP03555,Male,37,12,IIM,Customer Support,Support Manager,4,Bangalore,3.7,3.2,1,7.1,31.01
EMP03556,Female,30,5,Diploma,Legal,Legal Manager,3,Bangalore,3.4,,17,10.5,6.43
EMP03557,Male,25,1,Tier-2 Private,Legal,Legal Associate,1,Kolkata,4.8,4.7,19,9.8,8.99
EMP03558,Female,35,9,Diploma,Customer Support,Customer Success Manager,2,Kochi,3.8,4.4,2,8.4,8.11
EMP03559,Female,29,3,NIT,Product,Associate Product Manager,1,Mumbai,4.4,3.0,12,19.4,7.01
EMP03560,Male,28,4,NIT,Engineering,Software Engineer,1,Bangalore,5.0,3.4,6,10.0,11.17
EMP03561,Female,24,2,"Top Private (ISB, XLRI, SP Jain)",Operations,Operations Executive,2,Nagpur,4.3,2.6,25,6.0,6.65
EMP03562,Male,33,6,BITS,HR,HR Business Partner,2,Surat,3.7,3.5,15,8.2,10.05
EMP03563,Female,34,12,Diploma,Legal,Compliance Officer,3,Delhi,2.0,4.1,36,10.8,12.4
EMP03564,Male,35,11,State University,HR,Talent Acquisition Specialist,3,Kolkata,3.2,4.2,2,10.3,17.58
EMP03565,Female,45,18,State University,Data Science,ML Engineer,5,Hyderabad,5.0,2.9,7,8.3,34.87
EMP03566,Female,44,20,NIT,HR,Learning & Development Manager,6,Coimbatore,3.8,3.1,8,8.7,31.93
EMP03567,Female,27,1,Diploma,Finance,Senior Financial Analyst,2,Bangalore,2.4,3.1,6,17.4,6.48
EMP03568,Male,26,2,Other,Legal,Legal Associate,1,Thiruvananthapuram,3.3,3.2,14,14.9,6.67
EMP03569,Female,27,1,Central University,Sales,Sales Executive,1,Indore,2.6,3.5,2,22.5,4.84
EMP03570,Male,34,9,Tier-2 Private,Legal,Legal Manager,3,Chennai,3.1,4.1,27,8.0,18.5
EMP03571,Female,26,3,Other,Sales,Sales Executive,1,Chennai,3.2,4.9,11,29.6,5.8
EMP03572,Male,31,4,Distance Learning,Data Science,Data Scientist,1,Kolkata,3.0,3.6,96,9.7,7.26
EMP03573,Male,29,5,Distance Learning,Legal,Legal Associate,2,Coimbatore,3.6,4.1,26,12.4,9.9
EMP03574,Male,31,7,Tier-2 Private,Data Science,Data Scientist,2,Indore,1.9,2.9,2,11.3,10.17
EMP03575,Male,27,2,Tier-2 Private,Product,Associate Product Manager,2,Chandigarh,4.0,3.7,61,16.2,7.57
EMP03576,Male,29,2,Diploma,Data Science,Data Analyst,1,Mumbai,4.6,3.5,17,10.4,9.12
EMP03577,Female,33,6,Distance Learning,Engineering,Staff Engineer,2,Delhi,2.0,3.8,1,8.5,10.71
EMP03578,Male,38,14,"Top Private (ISB, XLRI, SP Jain)",Legal,Compliance Officer,5,Lucknow,4.4,,28,14.7,32.25
EMP03579,Female,28,5,Other,Data Science,ML Engineer,3,Nagpur,4.0,3.8,2,14.1,9.52
EMP03580,Male,26,3,Distance Learning,Engineering,Software Engineer,1,Lucknow,3.8,,5,13.1,5.64
EMP03581,Female,24,1,Central University,Engineering,Senior Software Engineer,1,Mumbai,3.5,3.1,15,9.5,6.06
EMP03582,Female,34,11,Central University,Operations,Process Improvement Specialist,4,Kolkata,3.7,2.5,13,9.5,17.03
EMP03583,Male,27,3,Distance Learning,Product,Associate Product Manager,1,Kochi,4.2,3.7,2,11.8,7.24
EMP03584,Female,24,2,Central University,Operations,Operations Manager,2,Pune,3.7,3.2,2,6.9,6.5
EMP03585,Female,26,1,Central University,Product,Associate Product Manager,1,Mumbai,5.0,4.3,3,19.2,5.12
EMP03586,Female,29,2,Tier-2 Private,Product,Associate Product Manager,1,Chandigarh,3.0,3.2,2,13.5,5.49
EMP03587,Male,27,3,NIT,Data Science,Data Analyst,1,Nagpur,4.8,,5,8.3,7.58
EMP03588,Male,27,5,State University,Product,Product Manager,2,Bangalore,3.4,4.0,12,16.6,12.02
EMP03589,Female,26,2,"Top Private (ISB, XLRI, SP Jain)",Product,Product Manager,1,Hyderabad,3.2,2.3,18,17.7,6.12
EMP03590,Male,30,6,Central University,Legal,Legal Associate,1,Raipur,4.3,3.8,47,11.1,7.86
EMP03591,Female,30,5,Central University,HR,Talent Acquisition Specialist,3,Jaipur,3.3,2.9,5,10.3,10.04
EMP03592,Male,51,28,"Top Private (ISB, XLRI, SP Jain)",Marketing,Content Strategist,5,Coimbatore,4.9,2.7,8,20.7,49.35
EMP03593,Female,24,1,Distance Learning,Customer Support,Customer Success Manager,2,Bangalore,2.9,3.4,25,6.5,7.31
EMP03594,Male,32,6,Distance Learning,Marketing,Marketing Manager,2,Jaipur,4.5,,9,14.7,10.06
EMP03595,Male,29,6,Tier-2 Private,Legal,Senior Legal Counsel,2,Delhi,4.0,4.0,32,11.6,11.56
EMP03596,Female,29,2,Central University,Finance,Financial Analyst,1,Mysore,3.4,3.4,35,12.4,4.51
EMP03597,Female,29,6,Diploma,Customer Support,Support Manager,3,Hyderabad,2.7,2.9,22,8.0,9.82
EMP03598,Female,36,10,State University,Data Science,Senior Data Scientist,3,Lucknow,2.7,4.0,17,14.9,11.7
EMP03599,Female,28,6,Tier-2 Private,HR,HR Executive,2,Jaipur,2.8,,25,6.2,8.5
EMP03600,Male,38,15,Diploma,Marketing,Digital Marketing Manager,4,Visakhapatnam,4.4,2.7,5,19.4,27.18
EMP03601,Male,25,1,IIT,Legal,Legal Associate,1,Pune,3.5,4.0,11,9.3,7.48
EMP03602,Male,27,3,Distance Learning,Product,Product Manager,1,Indore,4.1,4.0,34,10.1,8.15
EMP03603,Male,38,16,Tier-2 Private,Finance,Accounts Manager,5,Surat,3.6,3.3,4,17.9,23.3
EMP03604,Male,34,11,Central University,Finance,Finance Manager,3,Mumbai,2.6,3.4,5,16.1,18.61
EMP03605,Female,35,8,State University,Operations,Process Improvement Specialist,3,Kolkata,3.8,4.4,4,6.0,12.04
EMP03606,Male,41,14,State University,Product,Product Analyst,5,Dehradun,4.0,,1,12.2,28.06
EMP03607,Male,25,1,Central University,Marketing,Marketing Manager,1,Jaipur,2.1,,4,12.6,4.3
EMP03608,Male,32,10,Tier-2 Private,Operations,Process Improvement Specialist,3,Hyderabad,3.0,3.7,3,7.9,16.13
EMP03609,Male,35,12,NIT,Product,Director of Product,4,Kolkata,2.8,2.5,43,19.4,23.05
EMP03610,Male,30,3,Tier-2 Private,Product,Product Manager,1,Hyderabad,2.5,4.0,12,12.8,6.67
EMP03611,Female,57,30,State University,Data Science,Data Engineer,6,Delhi,3.6,,28,11.1,50.0
EMP03612,Male,32,6,Diploma,Data Science,Senior Data Scientist,2,Delhi,3.7,3.3,16,9.6,14.12
EMP03613,Female,28,1,State University,Customer Support,Support Team Lead,1,Bangalore,4.6,2.7,6,9.7,6.28
EMP03614,Female,33,7,State University,Legal,Compliance Officer,3,Vadodara,4.1,3.1,7,14.8,9.51
EMP03615,Female,28,3,Central University,Data Science,Data Analyst,1,Vadodara,3.3,3.5,1,11.2,4.73
EMP03616,Female,39,13,"Top Private (ISB, XLRI, SP Jain)",HR,HR Business Partner,3,Lucknow,3.3,2.9,12,6.2,15.12
EMP03617,Male,33,8,NIT,Data Science,Senior Data Scientist,2,Indore,4.9,3.1,16,13.4,11.49
EMP03618,Male,27,3,IIM,Legal,Legal Manager,2,Raipur,3.9,3.7,18,12.9,8.74
EMP03619,Male,42,17,Diploma,Sales,Business Development Manager,6,Nagpur,4.4,,52,17.5,44.01
EMP03620,Female,34,11,Tier-2 Private,Sales,Account Manager,3,Pune,2.4,3.1,2,33.2,14.12
EMP03621,Female,28,3,Tier-2 Private,Finance,Finance Manager,2,Hyderabad,2.2,2.8,31,17.6,7.32
EMP03622,Male,29,5,Tier-2 Private,Finance,Financial Analyst,2,Kochi,3.2,2.9,20,10.6,8.97
EMP03623,Male,32,8,IIT,Legal,Company Secretary,4,Guwahati,4.3,3.5,8,8.5,21.51
EMP03624,Female,27,4,"Top Private (ISB, XLRI, SP Jain)",HR,HR Manager,3,Bangalore,4.8,3.8,2,11.1,12.65
EMP03625,Female,31,4,Central University,HR,HR Business Partner,2,Hyderabad,2.9,3.3,44,6.7,7.59
EMP03626,Male,32,6,State University,Customer Support,Customer Success Manager,3,Patna,3.9,3.4,4,7.3,8.16
EMP03627,Female,24,2,State University,Legal,Senior Legal Counsel,2,Hyderabad,3.8,2.3,7,11.3,6.42
EMP03628,Female,25,1,IIT,Finance,Senior Financial Analyst,1,Mumbai,2.6,3.0,5,11.7,6.7
EMP03629,Female,31,7,State University,Engineering,Staff Engineer,2,Chandigarh,2.8,2.9,8,11.7,7.54
EMP03630,Male,28,1,State University,Product,Associate Product Manager,1,Coimbatore,3.4,3.7,8,11.9,7.73
EMP03631,Male,29,3,Central University,Sales,Sales Executive,2,Delhi,2.5,3.6,21,34.1,9.38
EMP03632,Female,28,1,IIM,Data Science,Data Scientist,1,Kolkata,5.0,4.9,14,8.2,8.41
EMP03633,Female,25,1,Distance Learning,Finance,Senior Financial Analyst,1,Chennai,2.7,3.0,27,15.3,5.84
EMP03634,Male,30,8,State University,Customer Support,Support Team Lead,2,Hyderabad,3.1,4.2,23,9.6,10.53
EMP03635,Female,31,5,State University,Marketing,Marketing Executive,2,Chandigarh,3.8,3.9,8,18.9,8.34
EMP03636,Male,28,5,IIIT,Product,Senior Product Manager,2,Guwahati,3.7,4.0,29,19.1,10.25
EMP03637,Female,27,2,State University,HR,HR Executive,1,Nagpur,4.0,3.3,66,10.8,5.4
EMP03638,Male,27,3,State University,Customer Support,Customer Support Executive,1,Visakhapatnam,2.7,,13,5.9,7.36
EMP03639,Female,31,7,Tier-2 Private,Product,Senior Product Manager,2,Chennai,2.4,2.7,10,11.3,7.57
EMP03640,Male,27,5,Central University,HR,HR Manager,2,Chennai,3.6,3.9,15,8.0,10.48
EMP03641,Male,36,10,IIT,Sales,Account Manager,3,Chandigarh,2.8,4.1,15,23.4,14.6
EMP03642,Male,37,11,"Top Private (ISB, XLRI, SP Jain)",HR,HR Business Partner,2,Delhi,2.9,2.4,18,11.8,12.25
EMP03643,Female,29,5,State University,Legal,Legal Manager,3,Kolkata,2.9,2.3,18,11.6,8.85
EMP03644,Male,27,1,Tier-2 Private,Marketing,Marketing Manager,1,Pune,2.9,4.5,34,21.9,6.23
EMP03645,Male,30,3,State University,Sales,Sales Executive,2,Chandigarh,2.3,3.8,19,15.7,9.22
EMP03646,Female,31,5,Distance Learning,Finance,Senior Financial Analyst,1,Delhi,2.6,2.5,1,15.8,5.78
EMP03647,Male,30,3,State University,Engineering,Software Engineer,1,Hyderabad,3.2,,16,13.9,11.91
EMP03648,Male,26,2,State University,Finance,Financial Analyst,1,Visakhapatnam,4.4,3.5,3,13.1,7.2
EMP03649,Male,30,6,Distance Learning,Data Science,Data Scientist,1,Nagpur,5.0,4.3,28,11.3,9.0
EMP03650,Female,57,30,State University,Sales,Key Account Manager,6,Delhi,4.2,,26,25.6,50.0
EMP03651,Male,29,4,State University,Marketing,Marketing Manager,3,Coimbatore,3.7,3.5,6,14.7,12.08
EMP03652,Male,31,6,Central University,Sales,Sales Executive,2,Chandigarh,4.3,2.2,1,22.7,11.28
EMP03653,Male,27,2,Tier-2 Private,Sales,Account Manager,2,Hyderabad,3.4,3.1,4,24.4,8.26
EMP03654,Male,41,14,Diploma,HR,Talent Acquisition Specialist,5,Jaipur,3.7,2.2,5,6.3,23.68
EMP03655,Male,37,11,NIT,Customer Support,Support Team Lead,3,Mumbai,4.1,3.0,79,9.9,17.44
EMP03656,Male,36,10,Tier-2 Private,Marketing,Brand Manager,3,Ranchi,3.9,4.6,14,16.4,14.32
EMP03657,Male,37,15,BITS,Operations,Supply Chain Analyst,4,Pune,4.3,3.1,21,7.4,30.77
EMP03658,Male,30,4,IIM,Operations,Operations Manager,2,Hyderabad,4.0,2.8,5,5.9,9.3
EMP03659,Female,27,4,Tier-2 Private,Sales,Sales Executive,2,Chandigarh,2.9,,2,34.0,7.95
EMP03660,Male,42,20,IIT,Marketing,Growth Manager,6,Chandigarh,4.0,3.5,5,21.7,50.0
EMP03661,Male,32,9,Tier-2 Private,Marketing,Digital Marketing Manager,4,Mumbai,2.9,3.8,15,13.0,20.75
EMP03662,Female,27,1,Diploma,Legal,Senior Legal Counsel,1,Vadodara,4.1,2.5,5,11.6,5.22
EMP03663,Female,34,8,Central University,Customer Support,Support Manager,3,Bangalore,3.2,4.2,1,7.0,10.71
EMP03664,Female,27,4,State University,Engineering,Staff Engineer,3,Bangalore,2.5,3.3,14,13.6,8.35
EMP03665,Male,34,11,IIM,Customer Support,Support Team Lead,3,Chennai,2.4,4.1,7,5.7,12.93
EMP03666,Male,32,8,Tier-2 Private,Customer Support,Customer Success Manager,2,Hyderabad,5.0,2.6,22,6.4,12.18
EMP03667,Male,24,1,Other,HR,HR Executive,1,Patna,2.7,4.5,4,10.3,5.45
EMP03668,Male,31,7,State University,HR,HR Business Partner,2,Chennai,4.3,3.8,14,5.7,9.77
EMP03669,Male,33,7,IIM,Marketing,Marketing Executive,1,Ahmedabad,4.0,3.1,19,22.5,12.2
EMP03670,Male,30,7,Tier-2 Private,HR,HR Business Partner,2,Raipur,4.2,3.3,35,10.9,9.11
EMP03671,Male,32,9,Tier-2 Private,Data Science,Senior Data Scientist,3,Hyderabad,2.7,3.2,3,10.2,16.34
EMP03672,Female,39,17,Central University,Finance,Accounts Manager,5,Nagpur,3.2,3.5,47,16.4,25.09
EMP03673,Male,34,8,Central University,Customer Support,Support Team Lead,3,Kolkata,2.7,3.7,36,6.0,14.34
EMP03674,Male,29,6,Central University,HR,HR Business Partner,2,Ranchi,4.3,4.7,1,8.9,10.54
EMP03675,Female,36,13,Other,Finance,FP&A Analyst,4,Pune,4.7,1.9,40,11.3,15.56
EMP03676,Female,55,29,IIIT,Product,Product Analyst,6,Mysore,3.5,3.7,47,13.8,46.36
EMP03677,Male,33,11,State University,Sales,Senior Account Manager,3,Pune,5.0,2.5,16,18.5,17.39
EMP03678,Male,31,6,IIT,Marketing,Brand Manager,3,Mumbai,3.7,5.0,17,21.6,15.71
EMP03679,Male,30,8,IIM,HR,HR Manager,2,Lucknow,3.3,4.6,4,8.9,13.95
EMP03680,Male,34,7,Other,Finance,Finance Manager,3,Delhi,3.6,,6,10.3,12.67
EMP03681,Female,32,6,State University,Engineering,Senior Software Engineer,2,Bangalore,3.9,3.6,7,14.2,9.74
EMP03682,Male,53,27,State University,Product,Product Analyst,6,Lucknow,2.3,3.6,1,16.9,50.0
EMP03683,Male,28,3,Other,HR,HR Manager,1,Hyderabad,3.7,3.2,44,5.1,5.85
EMP03684,Male,37,13,Tier-2 Private,Product,Group Product Manager,3,Visakhapatnam,3.4,3.1,51,18.2,18.7
EMP03685,Male,32,5,IIT,HR,HR Business Partner,2,Ahmedabad,3.3,,28,7.1,10.79
EMP03686,Male,28,2,Tier-2 Private,Legal,Legal Associate,1,Surat,3.4,,37,8.5,5.48
EMP03687,Male,27,5,NIT,Data Science,Data Analyst,2,Kolkata,4.3,4.5,12,8.9,10.74
EMP03688,Female,29,4,Diploma,Legal,Senior Legal Counsel,2,Visakhapatnam,3.5,4.5,8,14.7,5.35
EMP03689,Female,34,9,Distance Learning,Data Science,Data Scientist,3,Dehradun,2.6,3.1,10,12.4,9.87
EMP03690,Male,29,6,IIM,Marketing,Digital Marketing Manager,3,Lucknow,3.6,4.6,28,24.8,15.3
EMP03691,Male,26,2,IIT,Operations,Operations Executive,2,Delhi,3.3,3.2,33,9.8,10.21
EMP03692,Female,43,16,Central University,Product,Product Analyst,5,Kolkata,3.5,2.9,8,12.3,24.58
EMP03693,Male,34,12,Tier-2 Private,Product,Product Analyst,5,Pune,3.4,,3,12.5,34.22
EMP03694,Male,45,18,NIT,Marketing,Digital Marketing Manager,5,Pune,3.8,4.0,23,21.4,45.3
EMP03695,Female,33,7,"Top Private (ISB, XLRI, SP Jain)",Engineering,Staff Engineer,2,Nagpur,2.4,2.7,2,11.1,8.08
EMP03696,Male,27,5,Central University,Customer Support,Support Team Lead,2,Jaipur,2.4,3.8,79,5.6,8.02
EMP03697,Male,32,9,Other,Product,Group Product Manager,4,Kolkata,3.4,,28,13.4,19.53
EMP03698,Male,31,4,Diploma,Sales,Account Manager,3,Dehradun,3.3,2.0,7,15.2,9.64
EMP03699,Male,32,6,Tier-2 Private,Product,Associate Product Manager,1,Coimbatore,2.7,,94,13.1,8.57
EMP03700,Male,27,5,Tier-2 Private,Legal,Senior Legal Counsel,2,Surat,1.9,3.4,19,10.4,10.24
EMP03701,Female,24,2,Central University,Data Science,Data Analyst,2,Bangalore,3.7,2.9,2,8.8,6.67
EMP03702,Male,33,6,IIIT,Sales,Account Manager,1,Lucknow,3.1,3.2,20,27.0,7.78
EMP03703,Male,26,4,IIIT,Sales,Senior Account Manager,2,Chennai,3.8,3.9,3,20.3,11.16
EMP03704,Female,30,5,Central University,Sales,Senior Account Manager,3,Ranchi,3.7,,2,32.7,7.29
EMP03705,Male,34,7,Distance Learning,Engineering,Senior Software Engineer,2,Chennai,4.1,4.4,47,14.9,11.94
EMP03706,Male,36,14,Tier-2 Private,Data Science,Lead Data Scientist,4,Kolkata,2.6,,42,9.5,32.47
EMP03707,Male,25,3,IIT,Legal,Legal Associate,1,Lucknow,3.5,4.5,42,14.8,10.03
EMP03708,Female,30,4,IIM,Finance,Financial Analyst,1,Hyderabad,5.0,2.9,3,12.0,8.21
EMP03709,Male,30,3,IIIT,Legal,Senior Legal Counsel,1,Ranchi,3.7,4.3,12,9.2,7.32
EMP03710,Female,28,3,State University,Legal,Legal Associate,1,Bangalore,4.7,3.7,9,11.4,5.79
EMP03711,Female,26,3,Other,Operations,Operations Executive,1,Mumbai,4.1,2.0,14,6.3,5.86
EMP03712,Female,27,5,NIT,Data Science,Senior Data Scientist,2,Bangalore,2.8,3.2,13,11.1,10.17
EMP03713,Female,36,9,Central University,Finance,Finance Manager,4,Hyderabad,5.0,5.0,6,11.6,15.9
EMP03714,Female,33,7,State University,Engineering,Software Engineer,2,Vadodara,4.6,3.9,14,12.9,9.63
EMP03715,Female,29,2,Tier-2 Private,Engineering,Software Engineer,1,Mysore,2.5,2.5,12,14.5,3.88
EMP03716,Female,40,14,Tier-2 Private,Legal,Company Secretary,4,Vadodara,3.4,3.0,33,14.3,18.11
EMP03717,Female,35,11,Central University,Marketing,Digital Marketing Manager,3,Bhopal,4.9,3.9,23,21.7,10.56
EMP03718,Female,27,3,Central University,Sales,Sales Executive,2,Kolkata,4.0,3.5,43,28.8,8.53
EMP03719,Female,38,14,Distance Learning,Data Science,Lead Data Scientist,4,Jaipur,2.0,2.2,32,14.3,18.16
EMP03720,Male,33,7,Diploma,Data Science,Data Scientist,1,Chennai,2.9,2.4,21,9.4,11.44
EMP03721,Female,27,5,State University,HR,HR Business Partner,2,Jaipur,2.9,3.8,22,9.5,7.78
EMP03722,Male,29,7,BITS,HR,HR Executive,2,Raipur,4.7,3.4,23,6.5,13.88
EMP03723,Female,32,5,Central University,Marketing,Brand Manager,2,Bangalore,3.9,4.0,43,21.6,7.35
EMP03724,Male,31,8,Central University,Engineering,Staff Engineer,2,Indore,3.3,3.8,8,14.2,10.15
EMP03725,Female,28,6,State University,Product,Product Manager,2,Bangalore,2.9,2.7,61,13.8,8.55
EMP03726,Female,30,4,Central University,Data Science,Data Scientist,1,Mysore,4.0,3.3,5,10.5,4.95
EMP03727,Female,25,1,"Top Private (ISB, XLRI, SP Jain)",Data Science,Data Analyst,1,Guwahati,3.4,3.0,1,13.7,7.62
EMP03728,Male,31,8,BITS,Product,Group Product Manager,3,Surat,3.6,3.8,8,15.8,17.65
EMP03729,Female,28,4,Central University,Operations,Operations Executive,2,Jaipur,4.0,2.7,1,9.1,6.05
EMP03730,Female,34,10,BITS,Sales,Sales Manager,3,Ranchi,3.6,,13,22.6,9.52
EMP03731,Female,33,8,Central University,Legal,Senior Legal Counsel,2,Dehradun,2.4,,24,9.6,7.47
EMP03732,Female,31,4,Diploma,Finance,Finance Manager,3,Chennai,4.2,,1,13.7,9.45
EMP03733,Male,39,12,Tier-2 Private,HR,Talent Acquisition Specialist,3,Thiruvananthapuram,4.3,4.3,6,9.9,12.8
EMP03734,Male,32,6,Tier-2 Private,Legal,Senior Legal Counsel,2,Chandigarh,5.0,3.4,30,12.5,11.27
EMP03735,Male,30,6,Tier-2 Private,Marketing,Digital Marketing Manager,3,Delhi,3.0,3.8,43,14.8,13.39
EMP03736,Female,30,5,Distance Learning,Engineering,Senior Software Engineer,2,Jaipur,4.5,3.0,1,13.1,10.66
EMP03737,Male,41,19,IIT,Marketing,Digital Marketing Manager,4,Ahmedabad,4.5,3.7,35,12.9,35.74
EMP03738,Female,28,3,IIIT,Engineering,Software Engineer,1,Lucknow,4.4,3.7,18,14.0,7.78
EMP03739,Female,30,4,Tier-2 Private,Finance,Financial Analyst,1,Pune,3.6,3.5,21,11.9,6.82
EMP03740,Male,29,2,State University,Product,Associate Product Manager,1,Indore,2.8,2.5,25,10.6,7.03
EMP03741,Male,32,10,Tier-2 Private,Customer Support,Support Manager,3,Chandigarh,3.3,,5,9.7,12.18
EMP03742,Male,31,4,Tier-2 Private,Sales,Account Manager,2,Kolkata,2.6,5.0,16,31.1,8.55
EMP03743,Female,29,4,Diploma,Operations,Operations Manager,2,Raipur,2.3,,17,7.2,5.93
EMP03744,Male,26,4,State University,Customer Support,Customer Support Executive,1,Kochi,4.1,3.3,14,8.6,6.52
EMP03745,Male,33,6,BITS,Customer Support,Customer Support Executive,2,Thiruvananthapuram,2.8,3.2,3,8.6,7.61
EMP03746,Female,26,2,Tier-2 Private,Finance,Finance Manager,2,Chandigarh,1.9,4.3,28,15.0,6.32
EMP03747,Male,25,1,Central University,HR,HR Manager,1,Guwahati,3.6,4.0,8,7.5,5.09
EMP03748,Female,31,8,IIIT,HR,Compensation Analyst,4,Visakhapatnam,4.2,2.4,8,7.3,16.64
EMP03749,Male,23,1,Tier-2 Private,Engineering,Software Engineer,2,Pune,4.0,5.0,32,13.8,9.52
EMP03750,Male,33,11,Diploma,Engineering,Staff Engineer,3,Delhi,2.7,3.8,10,10.4,11.93
EMP03751,Male,41,18,Central University,Finance,Controller,5,Indore,3.0,3.8,2,18.0,37.75
EMP03752,Male,28,5,NIT,Engineering,Senior Software Engineer,2,Ahmedabad,3.8,4.6,5,14.0,14.73
EMP03753,Male,39,15,Diploma,Operations,Supply Chain Analyst,3,Delhi,4.2,,52,6.5,18.97
EMP03754,Female,30,5,IIIT,Engineering,Staff Engineer,2,Dehradun,3.9,3.6,31,11.0,8.24
EMP03755,Male,45,18,Other,Product,Director of Product,5,Bhopal,4.2,2.5,22,11.9,30.14
EMP03756,Male,30,4,Distance Learning,Engineering,Software Engineer,2,Ahmedabad,3.4,,32,11.9,12.32
EMP03757,Male,25,1,Tier-2 Private,Marketing,Marketing Manager,1,Delhi,3.8,,7,15.4,6.57
EMP03758,Male,32,5,Tier-2 Private,Legal,Senior Legal Counsel,2,Mysore,3.7,3.2,5,13.0,7.72
EMP03759,Female,44,19,State University,Engineering,Principal Engineer,5,Mumbai,2.6,,12,12.6,27.47
EMP03760,Male,32,8,IIIT,Operations,Operations Manager,3,Delhi,2.1,,11,6.2,14.45
EMP03761,Female,27,4,Central University,HR,HR Executive,2,Bangalore,2.8,3.5,7,7.4,8.28
EMP03762,Male,31,7,Other,Legal,Legal Associate,2,Delhi,2.9,4.2,1,14.8,12.45
EMP03763,Male,33,11,State University,HR,HR Business Partner,4,Visakhapatnam,4.6,2.3,17,9.9,18.03
EMP03764,Male,27,5,Central University,Legal,Legal Associate,1,Patna,3.4,3.1,96,11.3,7.47
EMP03765,Male,57,30,Tier-2 Private,Operations,Logistics Manager,5,Lucknow,2.8,2.5,6,7.1,41.3
EMP03766,Female,27,4,BITS,Sales,Sales Executive,1,Delhi,3.3,3.7,44,30.4,6.27
EMP03767,Male,37,12,BITS,Marketing,Digital Marketing Manager,4,Dehradun,3.7,3.2,14,23.0,17.8
EMP03768,Male,32,10,Tier-2 Private,Finance,Finance Manager,2,Kochi,3.1,4.4,4,15.7,16.83
EMP03769,Female,28,3,Diploma,HR,HR Executive,1,Chandigarh,3.0,2.4,10,10.0,4.37
EMP03770,Female,31,4,Tier-2 Private,Data Science,Senior Data Scientist,2,Mumbai,3.2,3.4,5,8.5,9.22
EMP03771,Female,36,12,Other,Sales,Senior Account Manager,4,Indore,3.7,2.7,19,32.2,17.8
EMP03772,Female,28,6,Diploma,Data Science,Senior Data Scientist,2,Vadodara,3.4,3.3,5,12.7,8.68
EMP03773,Female,29,7,Central University,Customer Support,Customer Success Manager,2,Visakhapatnam,3.1,3.1,62,7.2,6.58
EMP03774,Female,27,1,Central University,Engineering,Senior Software Engineer,2,Surat,2.9,3.8,10,11.0,8.2
EMP03775,Female,31,9,State University,Data Science,Data Analyst,2,Raipur,3.8,3.5,2,11.9,8.69
EMP03776,Male,30,7,State University,Data Science,Data Analyst,1,Surat,3.2,4.4,11,8.8,8.5
EMP03777,Female,32,5,Diploma,Data Science,Senior Data Scientist,2,Surat,4.0,3.2,71,8.3,9.66
EMP03778,Male,32,7,Tier-2 Private,Engineering,Software Engineer,2,Thiruvananthapuram,4.8,3.0,4,8.7,12.03
EMP03779,Female,31,4,Central University,Customer Support,Support Team Lead,3,Vadodara,2.6,,37,6.1,7.29
EMP03780,Female,30,3,IIIT,Operations,Operations Executive,1,Kochi,3.3,3.2,24,7.1,5.44
EMP03781,Male,30,5,Central University,Finance,Financial Analyst,1,Bangalore,2.2,3.4,1,13.9,6.05
EMP03782,Female,31,4,Central University,Finance,Financial Analyst,2,Vadodara,3.3,,6,17.8,5.14
EMP03783,Female,49,27,Diploma,Product,Director of Product,6,Hyderabad,5.0,,1,14.1,50.0
EMP03784,Male,34,11,Tier-2 Private,HR,HR Manager,2,Lucknow,4.0,,54,11.7,12.56
EMP03785,Male,26,3,Distance Learning,Finance,Senior Financial Analyst,1,Raipur,3.0,4.3,1,13.2,5.72
EMP03786,Female,52,25,Distance Learning,Marketing,Growth Manager,6,Patna,3.9,3.6,18,23.2,42.91
EMP03787,Female,29,4,Central University,Finance,Financial Analyst,2,Mumbai,2.6,3.5,29,17.7,6.27
EMP03788,Male,29,6,Central University,Product,Product Manager,3,Hyderabad,2.6,3.6,16,16.2,13.64
EMP03789,Male,34,11,Other,HR,Talent Acquisition Specialist,3,Ahmedabad,4.0,3.2,1,5.9,13.5
EMP03790,Female,27,1,BITS,Data Science,Data Analyst,2,Guwahati,3.2,3.7,2,11.8,7.58
EMP03791,Male,32,5,Tier-2 Private,HR,HR Business Partner,2,Dehradun,3.3,3.3,8,8.4,8.04
EMP03792,Male,26,4,State University,HR,HR Executive,2,Mysore,3.5,4.7,19,11.2,9.82
EMP03793,Male,30,6,State University,Data Science,Data Analyst,1,Hyderabad,3.3,4.6,2,8.2,9.35
EMP03794,Male,32,7,Diploma,Legal,Legal Associate,2,Lucknow,4.5,3.8,11,14.8,9.74
EMP03795,Male,28,5,Tier-2 Private,Customer Support,Customer Success Manager,2,Jaipur,2.3,4.2,6,9.0,8.38
EMP03796,Female,31,5,Central University,Sales,Sales Executive,2,Delhi,2.9,,5,30.5,8.38
EMP03797,Female,38,12,Distance Learning,Customer Support,Support Manager,4,Bhopal,3.7,3.4,86,8.7,11.44
EMP03798,Female,34,7,State University,Customer Support,Customer Support Executive,2,Mumbai,2.6,2.1,49,6.7,6.23
EMP03799,Male,32,6,NIT,Sales,Account Manager,1,Chennai,2.9,3.7,2,16.7,7.98
EMP03800,Male,33,6,Tier-2 Private,Finance,Senior Financial Analyst,2,Kolkata,4.2,3.0,19,18.0,13.99
EMP03801,Male,45,21,IIM,Product,Director of Product,6,Bangalore,2.8,4.2,1,17.9,50.0
EMP03802,Male,29,6,Diploma,Legal,Compliance Officer,3,Lucknow,4.2,3.7,4,10.6,15.19
EMP03803,Male,27,4,Other,Marketing,Brand Manager,2,Dehradun,2.4,3.3,19,21.2,7.31
EMP03804,Male,28,1,State University,Sales,Sales Executive,1,Kolkata,5.0,,26,17.0,6.94
EMP03805,Male,27,2,Other,Legal,Legal Associate,1,Lucknow,4.0,2.1,17,11.5,7.1
EMP03806,Male,27,4,NIT,Customer Support,Support Team Lead,3,Raipur,4.1,,6,8.1,10.98
EMP03807,Female,31,5,NIT,Operations,Operations Executive,1,Lucknow,3.2,4.3,7,9.5,7.08
EMP03808,Female,27,4,IIT,Product,Senior Product Manager,3,Mysore,3.5,3.8,22,10.4,9.34
EMP03809,Female,30,7,Diploma,Engineering,Senior Software Engineer,2,Lucknow,5.0,3.0,10,8.4,9.46
EMP03810,Female,26,4,Tier-2 Private,Legal,Legal Manager,3,Mysore,2.6,,1,11.9,6.63
EMP03811,Male,30,3,IIM,Engineering,Software Engineer,1,Coimbatore,3.0,,39,13.3,6.63
EMP03812,Male,32,9,"Top Private (ISB, XLRI, SP Jain)",HR,HR Business Partner,2,Bangalore,3.2,3.3,8,6.7,11.51
EMP03813,Male,41,15,Tier-2 Private,Product,Senior Product Manager,3,Mumbai,3.6,2.0,27,14.1,19.66
EMP03814,Male,24,2,State University,Marketing,Marketing Executive,1,Indore,4.1,2.1,23,17.0,6.09
EMP03815,Male,29,7,NIT,Legal,Senior Legal Counsel,2,Surat,3.9,4.3,78,13.0,9.42
EMP03816,Male,27,1,Diploma,Marketing,Marketing Manager,1,Delhi,2.6,4.7,1,18.1,6.27
EMP03817,Male,24,2,Other,Data Science,Data Scientist,1,Coimbatore,4.1,3.2,5,8.8,7.02
EMP03818,Male,26,4,State University,Marketing,Marketing Executive,2,Bangalore,4.1,3.9,10,24.0,12.51
EMP03819,Female,36,13,IIIT,Data Science,Senior Data Scientist,4,Chennai,3.6,3.0,11,13.5,22.39
EMP03820,Female,28,3,Central University,Legal,Senior Legal Counsel,1,Bangalore,3.0,4.1,6,9.4,4.68
EMP03821,Female,25,3,Tier-2 Private,Engineering,Staff Engineer,2,Bhopal,3.7,3.5,1,8.4,6.34
EMP03822,Female,28,6,State University,Customer Support,Support Team Lead,2,Dehradun,3.3,3.7,23,8.1,7.12
EMP03823,Male,30,6,Distance Learning,Product,Senior Product Manager,2,Ahmedabad,3.5,2.3,17,19.2,9.15
EMP03824,Male,29,3,State University,Operations,Operations Executive,1,Mumbai,3.5,3.5,21,5.1,6.42
EMP03825,Female,46,24,State University,Legal,Company Secretary,6,Ranchi,2.8,2.9,2,12.7,32.07
EMP03826,Male,28,5,Tier-2 Private,Data Science,Data Analyst,2,Hyderabad,3.5,4.6,30,13.2,12.01
EMP03827,Male,29,6,IIIT,Customer Support,Customer Success Manager,2,Delhi,4.4,3.2,11,5.6,14.06
EMP03828,Male,27,4,Other,Marketing,Marketing Manager,3,Mumbai,4.0,3.4,13,19.5,10.61
EMP03829,Female,31,8,NIT,HR,HR Manager,3,Bangalore,3.3,2.0,7,5.2,12.87
EMP03830,Female,39,14,BITS,Finance,FP&A Analyst,5,Pune,3.3,3.4,7,12.0,26.36
EMP03831,Male,41,19,IIT,Customer Support,Support Manager,5,Bangalore,4.9,3.7,1,5.3,40.42
EMP03832,Female,30,3,Central University,Operations,Operations Manager,1,Bangalore,2.8,3.1,3,6.8,5.6
EMP03833,Male,36,13,IIIT,Finance,FP&A Analyst,4,Guwahati,4.0,4.5,7,14.8,18.67
EMP03834,Male,35,8,Other,Engineering,Staff Engineer,2,Surat,4.5,3.6,23,8.5,12.48
EMP03835,Male,37,11,State University,Legal,Senior Legal Counsel,2,Mysore,2.6,3.2,12,13.9,10.85
EMP03836,Male,29,5,IIT,Operations,Supply Chain Analyst,2,Patna,3.4,3.0,2,5.3,9.38
EMP03837,Female,28,5,Tier-2 Private,Data Science,Senior Data Scientist,2,Indore,4.4,3.8,5,13.0,8.81
EMP03838,Male,38,11,Distance Learning,Marketing,Marketing Manager,3,Indore,2.9,2.5,4,19.6,15.55
EMP03839,Female,38,11,State University,Product,Product Manager,2,Ranchi,3.6,2.8,29,12.6,8.42
EMP03840,Male,43,18,BITS,Product,Director of Product,5,Delhi,2.4,3.5,63,14.1,28.21
EMP03841,Female,28,6,BITS,Marketing,Marketing Executive,2,Lucknow,3.2,3.0,4,19.5,5.67
EMP03842,Female,32,5,Distance Learning,Engineering,Staff Engineer,2,Chennai,4.6,3.2,1,13.0,8.48
EMP03843,Female,25,1,Tier-2 Private,Product,Associate Product Manager,1,Bangalore,2.5,4.1,14,11.0,7.47
EMP03844,Female,23,1,Central University,Engineering,Software Engineer,1,Chandigarh,2.2,3.1,23,8.5,4.66
EMP03845,Female,30,4,Central University,Customer Support,Support Team Lead,1,Surat,3.5,2.6,1,6.5,5.69
EMP03846,Male,24,2,Tier-2 Private,Legal,Legal Associate,1,Vadodara,3.9,4.7,47,8.1,6.2
EMP03847,Female,34,10,Diploma,Data Science,Senior Data Scientist,2,Pune,3.1,3.1,46,13.3,11.5
EMP03848,Female,24,2,Central University,HR,HR Executive,1,Mumbai,3.3,3.6,6,5.6,4.94
EMP03849,Male,28,4,State University,Product,Senior Product Manager,3,Surat,4.1,4.6,17,17.4,10.12
EMP03850,Male,30,4,"Top Private (ISB, XLRI, SP Jain)",HR,HR Business Partner,3,Visakhapatnam,4.5,3.1,10,8.9,12.26
EMP03851,Male,36,14,State University,Marketing,Digital Marketing Manager,4,Bangalore,3.9,4.8,21,21.0,26.18
EMP03852,Male,25,3,State University,Engineering,Staff Engineer,2,Kochi,4.3,4.8,6,8.6,10.75
EMP03853,Male,35,8,Distance Learning,Sales,Senior Account Manager,3,Ranchi,3.5,,6,17.1,13.88
EMP03854,Male,29,6,Central University,Sales,Sales Executive,2,Vadodara,3.0,3.2,1,32.9,9.5
EMP03855,Female,33,11,State University,Engineering,Senior Software Engineer,3,Thiruvananthapuram,2.3,3.8,16,13.9,13.74
EMP03856,Male,35,10,Tier-2 Private,Product,Product Manager,3,Delhi,2.4,4.6,7,15.3,19.92
EMP03857,Female,28,5,State University,Data Science,Senior Data Scientist,2,Mumbai,3.4,3.9,7,8.0,8.94
EMP03858,Male,28,1,BITS,Finance,Financial Analyst,2,Pune,4.5,3.6,24,10.6,7.8
EMP03859,Female,27,5,State University,Marketing,Brand Manager,2,Hyderabad,2.7,3.7,9,13.9,7.13
EMP03860,Male,30,5,Central University,Operations,Operations Manager,2,Kolkata,5.0,4.1,34,7.2,11.65
EMP03861,Male,34,7,Distance Learning,Operations,Operations Executive,2,Delhi,3.4,3.8,7,9.2,10.57
EMP03862,Male,29,3,IIM,Data Science,Data Analyst,1,Kolkata,2.7,3.3,1,8.0,11.62
EMP03863,Female,35,13,Central University,Marketing,Content Strategist,4,Hyderabad,3.1,3.9,10,21.0,20.82
EMP03864,Male,29,6,Other,Sales,Account Manager,2,Pune,3.4,3.4,8,31.0,11.2
EMP03865,Female,25,3,State University,Legal,Senior Legal Counsel,1,Dehradun,4.6,,30,13.2,5.4
EMP03866,Male,31,4,IIIT,Legal,Senior Legal Counsel,2,Chandigarh,3.6,2.6,4,10.2,9.3
EMP03867,Male,46,23,Distance Learning,Product,Product Analyst,6,Indore,2.5,4.5,58,16.3,50.0
EMP03868,Male,31,9,Distance Learning,HR,HR Manager,3,Delhi,4.9,2.9,14,8.8,15.17
EMP03869,Female,36,12,"Top Private (ISB, XLRI, SP Jain)",Data Science,ML Engineer,4,Pune,3.0,3.4,3,12.9,16.87
EMP03870,Male,25,2,Other,Finance,Senior Financial Analyst,1,Ranchi,2.9,4.5,2,15.8,7.17
EMP03871,Male,25,3,Other,Product,Senior Product Manager,2,Chennai,3.9,,1,19.1,7.73
EMP03872,Male,27,3,"Top Private (ISB, XLRI, SP Jain)",Product,Associate Product Manager,1,Pune,4.3,5.0,1,19.6,8.74
EMP03873,Male,33,6,Tier-2 Private,Legal,Legal Associate,1,Bangalore,4.3,3.5,5,9.5,8.78
EMP03874,Male,28,5,Tier-2 Private,Sales,Senior Account Manager,2,Ranchi,2.1,,72,34.2,6.98
EMP03875,Female,31,4,Tier-2 Private,Legal,Legal Associate,2,Chennai,4.8,2.3,10,13.4,7.14
EMP03876,Male,29,4,Diploma,Finance,Finance Manager,2,Delhi,2.7,2.3,2,14.7,9.0
EMP03877,Male,27,3,Other,Finance,Senior Financial Analyst,1,Kochi,4.0,4.7,16,10.4,6.94
EMP03878,Female,31,5,IIIT,Legal,Legal Associate,2,Ranchi,3.9,2.5,19,9.1,7.97
EMP03879,Male,37,13,Tier-2 Private,Engineering,Engineering Manager,5,Thiruvananthapuram,4.0,2.5,8,9.1,26.76
EMP03880,Male,25,2,State University,Sales,Account Manager,1,Bangalore,3.3,3.4,10,22.3,7.12
EMP03881,Female,30,7,IIIT,Operations,Supply Chain Analyst,2,Coimbatore,4.4,2.9,5,7.9,9.18
EMP03882,Female,37,15,Distance Learning,Finance,Senior Financial Analyst,3,Hyderabad,3.5,2.8,40,10.4,13.15
EMP03883,Female,30,5,Diploma,Customer Support,Customer Support Executive,1,Ahmedabad,4.6,4.2,4,5.6,4.43
EMP03884,Male,26,4,IIIT,Product,Senior Product Manager,3,Chennai,2.6,3.8,8,15.6,14.82
EMP03885,Female,34,11,State University,Finance,Controller,3,Chennai,4.9,,6,12.1,14.28
EMP03886,Male,25,3,Diploma,Finance,Senior Financial Analyst,1,Chandigarh,2.1,5.0,1,14.0,7.14
EMP03887,Female,27,5,Diploma,Finance,Financial Analyst,2,Hyderabad,4.9,2.7,48,14.4,5.78
EMP03888,Female,29,2,Tier-2 Private,Finance,Financial Analyst,1,Chandigarh,3.1,3.5,8,14.3,4.74
EMP03889,Female,23,1,Other,Marketing,Brand Manager,2,Hyderabad,3.8,2.3,4,13.2,6.05
EMP03890,Male,30,5,Diploma,Customer Support,Support Manager,3,Nagpur,3.1,,10,7.6,11.0
EMP03891,Male,25,2,Central University,Marketing,Marketing Manager,1,Ahmedabad,2.8,3.5,14,19.3,7.22
EMP03892,Female,28,6,Other,Operations,Operations Executive,2,Jaipur,3.2,1.1,5,7.2,5.81
EMP03893,Male,36,13,Central University,Operations,Process Improvement Specialist,4,Indore,4.2,2.7,20,8.7,15.19
EMP03894,Male,44,22,Central University,Operations,Process Improvement Specialist,6,Indore,3.8,4.6,27,5.5,43.57
EMP03895,Female,29,6,IIM,Finance,Senior Financial Analyst,2,Chennai,4.5,2.0,23,15.9,9.42
EMP03896,Female,38,12,State University,Product,Group Product Manager,4,Kochi,4.0,3.2,19,19.1,18.04
EMP03897,Male,32,7,Tier-2 Private,Finance,Financial Analyst,2,Indore,3.8,3.9,3,15.9,11.42
EMP03898,Male,30,4,Central University,Finance,Senior Financial Analyst,3,Hyderabad,4.9,4.0,14,15.9,11.77
EMP03899,Male,27,1,Distance Learning,Legal,Legal Associate,1,Mumbai,3.9,5.0,6,11.5,8.53
EMP03900,Male,45,18,Tier-2 Private,Marketing,Digital Marketing Manager,5,Visakhapatnam,2.7,3.5,7,23.4,25.12
EMP03901,Male,24,2,BITS,Customer Support,Customer Support Executive,1,Chandigarh,2.5,2.9,12,9.4,8.43
EMP03902,Female,37,15,Distance Learning,Customer Support,Customer Success Manager,4,Bhopal,5.0,2.7,7,6.8,15.38
EMP03903,Female,32,8,BITS,Operations,Operations Executive,2,Vadodara,3.5,4.1,15,7.9,6.98
EMP03904,Male,28,3,Tier-2 Private,Operations,Operations Manager,1,Nagpur,3.6,1.9,56,7.0,5.84
EMP03905,Male,33,7,IIT,Data Science,Data Scientist,2,Bangalore,3.1,3.8,2,9.6,12.53
EMP03906,Female,48,26,Tier-2 Private,Data Science,Data Engineer,6,Bangalore,2.3,4.5,11,8.8,47.09
EMP03907,Female,39,17,Central University,Sales,Key Account Manager,5,Raipur,5.0,3.4,12,25.0,27.36
EMP03908,Female,30,4,State University,Customer Support,Customer Success Manager,2,Nagpur,2.5,4.2,9,6.9,7.23
EMP03909,Male,28,3,Central University,Legal,Senior Legal Counsel,1,Pune,2.7,2.1,38,9.6,6.63
EMP03910,Female,30,6,Diploma,Product,Senior Product Manager,2,Kochi,3.3,4.2,20,17.1,7.91
EMP03911,Male,28,5,Tier-2 Private,Operations,Process Improvement Specialist,3,Jaipur,3.1,3.7,24,7.7,9.32
EMP03912,Male,40,14,State University,Operations,Process Improvement Specialist,4,Jaipur,3.1,3.2,13,7.9,23.24
EMP03913,Female,36,10,Tier-2 Private,Engineering,Staff Engineer,3,Guwahati,4.1,,3,12.3,11.01
EMP03914,Male,23,1,NIT,Legal,Senior Legal Counsel,1,Indore,4.4,4.8,4,9.4,8.85
EMP03915,Male,30,8,BITS,Finance,Finance Manager,3,Mysore,3.5,3.0,18,14.0,13.81
EMP03916,Male,31,5,Distance Learning,Operations,Operations Executive,2,Visakhapatnam,3.8,,1,8.0,8.13
EMP03917,Male,33,6,State University,Finance,Financial Analyst,2,Patna,2.8,,16,11.0,8.13
EMP03918,Male,30,7,Diploma,Customer Support,Customer Success Manager,2,Ahmedabad,4.0,3.8,8,9.9,12.15
EMP03919,Female,40,14,Other,Marketing,Brand Manager,4,Lucknow,3.3,3.6,1,18.5,17.45
EMP03920,Male,38,11,BITS,Legal,Compliance Officer,4,Kolkata,3.2,2.9,6,8.4,21.9
EMP03921,Male,25,3,Tier-2 Private,Customer Support,Support Team Lead,1,Nagpur,4.3,2.9,13,9.9,7.55
EMP03922,Female,28,5,Central University,Engineering,Staff Engineer,2,Chennai,2.4,4.5,12,13.4,8.7
EMP03923,Male,26,4,Diploma,Marketing,Digital Marketing Manager,3,Jaipur,4.4,3.8,19,20.0,10.94
EMP03924,Female,27,1,Distance Learning,Operations,Operations Manager,1,Nagpur,3.5,3.3,1,7.5,3.69
EMP03925,Male,31,5,NIT,Legal,Senior Legal Counsel,1,Nagpur,3.1,,10,12.5,6.82
EMP03926,Male,44,22,Tier-2 Private,Sales,Business Development Manager,6,Pune,4.9,3.5,35,28.3,50.0
EMP03927,Male,24,1,Other,Operations,Operations Executive,1,Pune,4.2,3.0,33,7.4,5.97
EMP03928,Female,30,5,Tier-2 Private,Finance,Financial Analyst,2,Jaipur,2.2,3.6,62,12.4,6.12
EMP03929,Male,32,5,IIT,Data Science,Data Analyst,2,Visakhapatnam,4.3,3.1,26,8.2,13.89
EMP03930,Female,33,7,Diploma,Customer Support,Customer Support Executive,2,Bangalore,4.0,3.0,28,9.5,7.5
EMP03931,Male,26,3,IIT,Engineering,Software Engineer,1,Pune,2.5,3.9,12,8.4,8.55
EMP03932,Female,26,2,Central University,Legal,Legal Associate,1,Chennai,3.5,4.3,46,12.1,4.91
EMP03933,Male,24,2,State University,Engineering,Software Engineer,1,Bangalore,4.2,4.5,96,10.6,7.24
EMP03934,Male,38,15,NIT,Finance,FP&A Analyst,4,Pune,2.1,,4,10.3,24.6
EMP03935,Male,28,3,Central University,Legal,Senior Legal Counsel,1,Dehradun,4.2,3.4,34,13.2,6.8
EMP03936,Male,28,4,IIT,Product,Senior Product Manager,2,Bangalore,3.2,2.4,15,12.6,10.85
EMP03937,Male,51,26,State University,Product,Product Analyst,6,Jaipur,3.4,4.0,3,16.7,50.0
EMP03938,Female,26,3,Central University,Product,Associate Product Manager,1,Kolkata,4.4,3.8,1,14.6,6.65
EMP03939,Male,32,7,Tier-2 Private,Operations,Operations Manager,2,Delhi,2.9,3.6,13,9.1,10.78
EMP03940,Male,37,12,IIM,Product,Director of Product,4,Ahmedabad,2.7,4.5,31,16.3,20.84
EMP03941,Male,35,12,Tier-2 Private,Operations,Supply Chain Analyst,4,Bhopal,4.1,3.2,2,6.8,17.75
EMP03942,Male,24,2,State University,HR,HR Executive,1,Chennai,3.6,3.6,3,10.0,6.78
EMP03943,Male,27,3,Diploma,Legal,Senior Legal Counsel,1,Ahmedabad,3.2,2.8,9,12.8,6.11
EMP03944,Female,29,7,NIT,Operations,Supply Chain Analyst,2,Indore,2.4,3.2,26,7.3,10.04
EMP03945,Male,45,23,State University,Marketing,Growth Manager,6,Lucknow,3.2,3.2,11,22.8,47.64
EMP03946,Female,26,3,State University,Data Science,Data Scientist,1,Indore,3.0,3.7,10,14.5,6.08
EMP03947,Male,28,4,State University,Marketing,Marketing Executive,2,Raipur,3.3,3.3,15,16.1,8.79
EMP03948,Male,31,8,Distance Learning,HR,Talent Acquisition Specialist,3,Mumbai,2.2,4.4,12,6.3,12.84
EMP03949,Female,31,9,NIT,Customer Support,Support Manager,4,Kochi,3.0,2.1,6,6.3,12.33
EMP03950,Male,32,9,Other,Product,Group Product Manager,3,Mysore,3.8,4.0,3,13.2,15.76
EMP03951,Male,30,3,Tier-2 Private,Finance,Financial Analyst,1,Mumbai,3.4,1.7,11,13.6,5.87
EMP03952,Female,30,4,BITS,Customer Support,Support Team Lead,1,Patna,3.4,3.2,62,5.2,6.29
EMP03953,Female,31,7,Central University,Customer Support,Customer Support Executive,2,Indore,2.7,4.1,10,5.7,7.6
EMP03954,Female,36,14,Central University,Legal,Compliance Officer,4,Hyderabad,2.8,,72,11.0,22.09
EMP03955,Male,29,5,Diploma,Data Science,Data Scientist,3,Chennai,3.3,4.4,1,12.5,15.4
EMP03956,Female,32,5,State University,Data Science,Data Scientist,2,Dehradun,3.5,2.6,3,14.0,5.79
EMP03957,Female,28,2,Distance Learning,Finance,Senior Financial Analyst,1,Ahmedabad,2.8,3.4,16,10.8,4.32
EMP03958,Female,48,22,Distance Learning,Product,Product Analyst,6,Pune,3.6,2.7,47,10.7,39.51
EMP03959,Male,29,6,BITS,Finance,Senior Financial Analyst,3,Ranchi,3.6,4.6,6,13.4,10.77
EMP03960,Male,36,12,State University,Customer Support,Customer Success Manager,3,Mumbai,2.7,3.0,3,5.5,14.64
EMP03961,Male,28,6,Central University,HR,HR Executive,2,Delhi,4.5,,5,6.1,9.13
EMP03962,Male,33,6,State University,Product,Product Manager,3,Bangalore,2.8,4.5,12,11.0,13.63
EMP03963,Female,24,2,Other,Sales,Account Manager,2,Ranchi,2.8,2.4,5,23.3,4.72
EMP03964,Male,26,1,Other,Legal,Legal Associate,1,Kolkata,3.0,3.0,3,12.0,6.33
EMP03965,Male,37,14,Other,Marketing,Digital Marketing Manager,4,Thiruvananthapuram,2.4,4.0,12,18.3,21.97
EMP03966,Male,31,6,NIT,Engineering,Software Engineer,2,Vadodara,2.1,3.7,15,12.1,9.01
EMP03967,Male,32,6,Other,Marketing,Marketing Executive,1,Mumbai,4.4,3.1,35,23.1,8.78
EMP03968,Male,25,2,Diploma,Finance,Senior Financial Analyst,1,Jaipur,4.2,3.5,5,15.1,6.02
EMP03969,Male,25,3,"Top Private (ISB, XLRI, SP Jain)",Data Science,Data Scientist,1,Indore,2.8,4.8,5,9.4,8.97
EMP03970,Male,37,12,Diploma,Operations,Supply Chain Analyst,3,Nagpur,4.0,2.9,1,6.7,13.65
EMP03971,Female,45,20,Tier-2 Private,Sales,Key Account Manager,6,Kolkata,3.0,,23,26.1,38.22
EMP03972,Male,25,3,Diploma,Finance,Financial Analyst,1,Bangalore,2.7,3.4,5,14.6,5.42
EMP03973,Male,31,9,Tier-2 Private,Finance,Controller,3,Kolkata,3.3,,8,16.0,13.2
EMP03974,Male,31,6,Distance Learning,Sales,Account Manager,1,Hyderabad,3.3,,12,26.1,8.5
EMP03975,Male,30,5,State University,Data Science,Data Scientist,2,Chennai,4.3,3.1,1,11.8,13.91
EMP03976,Male,44,22,State University,Customer Support,Support Manager,5,Indore,1.6,3.3,42,5.3,36.42
EMP03977,Male,29,4,Distance Learning,Marketing,Marketing Executive,2,Kolkata,3.3,3.1,10,17.1,9.39
EMP03978,Male,38,14,Tier-2 Private,HR,HR Business Partner,4,Mumbai,5.0,3.9,94,5.8,23.44
EMP03979,Male,29,7,Tier-2 Private,HR,HR Business Partner,3,Indore,1.7,4.1,11,7.9,9.65
EMP03980,Female,30,5,Distance Learning,Marketing,Brand Manager,2,Indore,3.0,3.6,7,15.7,6.7
EMP03981,Male,40,15,Tier-2 Private,Engineering,Lead Engineer,5,Thiruvananthapuram,3.2,2.3,17,12.8,23.55
EMP03982,Male,29,7,IIT,Sales,Sales Executive,2,Chennai,3.6,,15,17.1,12.12
EMP03983,Female,31,5,State University,Legal,Compliance Officer,3,Ahmedabad,4.1,,13,12.2,10.18
EMP03984,Male,38,15,NIT,Sales,Key Account Manager,4,Chennai,3.6,2.8,19,33.1,23.98
EMP03985,Male,39,14,IIIT,Operations,Operations Manager,3,Indore,4.8,3.0,8,6.8,17.87
EMP03986,Male,40,14,Other,Engineering,Lead Engineer,3,Vadodara,3.2,4.8,8,9.9,17.46
EMP03987,Male,27,0,Tier-2 Private,Sales,Senior Account Manager,2,Chennai,4.3,4.1,7,29.6,9.26
EMP03988,Male,31,8,Central University,Marketing,Brand Manager,4,Lucknow,3.4,2.7,33,23.5,15.21
EMP03989,Female,31,7,Distance Learning,Finance,Finance Manager,2,Pune,4.1,3.7,14,17.2,10.56
EMP03990,Female,27,5,IIIT,Marketing,Brand Manager,2,Lucknow,3.0,3.7,44,21.9,8.44
EMP03991,Female,36,9,Tier-2 Private,Product,Senior Product Manager,3,Coimbatore,2.8,,9,13.8,12.82
EMP03992,Male,30,7,IIIT,Finance,Senior Financial Analyst,1,Ranchi,2.4,,42,12.1,8.43
EMP03993,Male,35,9,Other,Legal,Compliance Officer,4,Vadodara,3.3,3.3,6,11.8,19.7
EMP03994,Male,32,5,"Top Private (ISB, XLRI, SP Jain)",Sales,Senior Account Manager,2,Delhi,2.9,2.3,13,27.4,10.3
EMP03995,Male,41,17,Distance Learning,HR,Talent Acquisition Specialist,5,Pune,3.8,3.3,19,5.1,34.45
EMP03996,Male,36,10,Central University,Legal,Legal Manager,4,Bangalore,4.0,,33,10.3,16.43
EMP03997,Male,32,8,Tier-2 Private,Data Science,Senior Data Scientist,4,Chandigarh,4.3,3.2,16,10.6,20.35
EMP03998,Male,33,8,IIM,Legal,Senior Legal Counsel,3,Ranchi,4.2,3.9,14,11.0,17.23
EMP03999,Male,36,13,Central University,Marketing,Marketing Manager,3,Lucknow,4.4,3.9,19,13.2,18.84
EMP04000,Male,39,12,Central University,Operations,Supply Chain Analyst,3,Kolkata,4.0,3.9,10,9.6,19.43
EMP04001,Female,27,5,Diploma,Legal,Senior Legal Counsel,2,Raipur,2.6,3.5,1,14.6,6.76
EMP04002,Male,37,12,Other,Sales,Senior Account Manager,3,Bhopal,3.7,2.8,3,32.1,14.1
EMP04003,Female,33,6,NIT,Customer Support,Customer Success Manager,2,Chennai,2.9,2.7,6,9.2,9.16
EMP04004,Male,49,23,Tier-2 Private,Product,Product Analyst,6,Nagpur,3.4,4.4,6,11.3,48.61
EMP04005,Male,39,13,BITS,Data Science,Senior Data Scientist,4,Chennai,3.5,4.8,1,13.6,31.73
EMP04006,Male,28,3,Diploma,Engineering,Senior Software Engineer,2,Dehradun,1.5,3.6,3,10.5,7.55
EMP04007,Male,57,30,Diploma,Operations,Logistics Manager,6,Pune,2.7,3.8,11,5.8,50.0
EMP04008,Male,28,1,IIM,HR,HR Executive,1,Vadodara,3.1,5.0,22,9.7,6.4
EMP04009,Male,32,9,IIT,Operations,Operations Manager,2,Jaipur,1.3,3.3,74,9.0,11.73
EMP04010,Female,28,3,NIT,Marketing,Marketing Executive,1,Lucknow,4.5,3.4,22,15.2,5.29
EMP04011,Male,46,22,Distance Learning,Finance,Controller,5,Mumbai,3.6,,13,11.5,39.38
EMP04012,Male,30,7,Tier-2 Private,Legal,Legal Associate,1,Visakhapatnam,3.6,2.1,2,8.8,8.39
EMP04013,Female,29,3,Tier-2 Private,Data Science,Data Analyst,1,Jaipur,4.3,2.9,28,13.2,5.51
EMP04014,Male,27,5,Central University,Sales,Sales Executive,1,Mumbai,4.1,3.9,8,25.3,9.95
EMP04015,Male,25,3,Central University,Data Science,Senior Data Scientist,2,Visakhapatnam,4.1,2.5,54,13.3,10.99
EMP04016,Male,26,4,Distance Learning,Finance,Financial Analyst,1,Ranchi,4.3,3.9,43,12.8,6.56
EMP04017,Male,27,4,Distance Learning,Engineering,Senior Software Engineer,3,Indore,3.7,2.7,1,11.2,12.83
EMP04018,Male,28,3,Diploma,Engineering,Software Engineer,1,Kolkata,3.8,,17,8.2,7.43
EMP04019,Male,34,7,Diploma,Engineering,Software Engineer,2,Jaipur,3.9,3.5,32,12.0,13.76
EMP04020,Female,34,7,"Top Private (ISB, XLRI, SP Jain)",Product,Product Manager,1,Dehradun,2.4,2.6,3,16.8,4.62
EMP04021,Male,30,3,IIM,Customer Support,Customer Support Executive,1,Delhi,1.8,3.6,11,9.7,8.11
EMP04022,Male,27,1,Other,Finance,Financial Analyst,1,Delhi,1.8,3.5,11,17.6,6.86
EMP04023,Male,31,7,"Top Private (ISB, XLRI, SP Jain)",Operations,Operations Executive,2,Kolkata,4.1,3.6,21,6.3,10.85
EMP04024,Female,34,8,Central University,Operations,Operations Manager,3,Bangalore,3.1,4.3,16,7.7,11.49
EMP04025,Female,33,10,State University,Legal,Legal Manager,3,Lucknow,3.3,2.7,3,12.4,10.39
EMP04026,Female,33,8,State University,Customer Support,Support Manager,3,Mumbai,3.6,3.6,1,6.1,9.69
EMP04027,Female,40,18,IIM,Engineering,DevOps Engineer,6,Pune,4.6,2.8,1,9.3,50.0
EMP04028,Female,39,12,Other,Product,Director of Product,5,Bangalore,4.0,3.3,1,12.0,27.43
EMP04029,Male,57,30,"Top Private (ISB, XLRI, SP Jain)",Sales,Business Development Manager,6,Mumbai,3.7,4.3,56,26.2,50.0
EMP04030,Female,56,30,State University,Sales,Business Development Manager,6,Lucknow,3.8,4.0,4,34.6,50.0
EMP04031,Male,24,1,Central University,Customer Support,Customer Support Executive,1,Nagpur,5.0,3.3,20,5.9,7.18
EMP04032,Male,24,1,Tier-2 Private,Sales,Sales Executive,1,Lucknow,2.7,4.2,6,32.0,5.04
EMP04033,Female,32,6,Tier-2 Private,HR,HR Manager,2,Guwahati,4.6,3.5,66,5.1,6.8
EMP04034,Male,32,8,State University,Finance,Controller,3,Mumbai,3.5,3.7,5,15.7,13.16
EMP04035,Male,30,5,Other,Marketing,Marketing Manager,2,Chandigarh,3.4,3.8,7,17.9,9.23
EMP04036,Male,33,9,Central University,Engineering,Senior Software Engineer,3,Chennai,4.0,3.6,53,8.1,15.63
EMP04037,Male,32,5,"Top Private (ISB, XLRI, SP Jain)",Operations,Supply Chain Analyst,2,Ahmedabad,2.0,3.0,10,9.6,8.63
EMP04038,Female,25,3,Diploma,Engineering,Software Engineer,1,Vadodara,2.6,3.2,24,8.3,5.65
EMP04039,Male,28,4,Central University,Operations,Operations Executive,2,Raipur,3.8,4.6,42,6.6,9.09
EMP04040,Female,28,5,"Top Private (ISB, XLRI, SP Jain)",Operations,Operations Executive,2,Coimbatore,3.9,,2,5.2,6.87
EMP04041,Male,36,10,Other,Customer Support,Customer Success Manager,3,Pune,4.0,5.0,6,9.8,17.69
EMP04042,Female,27,4,Central University,Legal,Senior Legal Counsel,2,Delhi,4.1,,22,12.6,8.96
EMP04043,Male,27,4,Diploma,Sales,Sales Executive,2,Hyderabad,5.0,4.2,5,17.5,12.17
EMP04044,Female,32,9,Tier-2 Private,Operations,Process Improvement Specialist,3,Chennai,3.0,2.3,8,8.5,11.74
EMP04045,Male,32,5,State University,Product,Product Manager,2,Kochi,3.8,3.9,5,19.8,8.92
EMP04046,Male,36,13,State University,Sales,Key Account Manager,5,Kolkata,4.1,2.4,2,25.4,31.41
EMP04047,Male,30,3,Other,HR,HR Executive,2,Pune,3.8,4.2,12,6.8,8.81
EMP04048,Male,29,2,Distance Learning,HR,HR Executive,1,Visakhapatnam,3.4,3.6,1,9.1,5.93
EMP04049,Male,34,7,IIT,Operations,Operations Executive,2,Coimbatore,2.9,4.3,10,8.1,11.35
EMP04050,Female,32,8,Diploma,Product,Group Product Manager,3,Kolkata,3.3,2.5,1,14.9,11.3
EMP04051,Female,28,3,State University,Product,Associate Product Manager,1,Nagpur,4.5,3.4,14,18.9,4.78
EMP04052,Female,41,15,Tier-2 Private,Engineering,Lead Engineer,5,Mumbai,5.0,3.7,3,12.1,31.12
EMP04053,Male,45,23,IIM,Finance,FP&A Analyst,6,Guwahati,2.1,,5,15.5,50.0
EMP04054,Male,25,3,Diploma,Legal,Senior Legal Counsel,1,Raipur,3.5,,12,12.9,6.49
EMP04055,Female,40,17,IIM,Engineering,Engineering Manager,6,Indore,2.1,3.4,1,11.1,29.11
EMP04056,Female,28,1,Central University,Marketing,Marketing Manager,1,Dehradun,2.9,2.9,8,16.9,3.83
EMP04057,Male,34,12,Tier-2 Private,Legal,Legal Manager,4,Bangalore,3.7,3.7,10,13.0,21.67
EMP04058,Female,29,3,Tier-2 Private,Legal,Senior Legal Counsel,1,Mumbai,2.5,2.1,1,9.0,5.62
EMP04059,Male,38,11,Diploma,Customer Support,Customer Success Manager,3,Bhopal,3.1,4.6,4,7.8,14.68
EMP04060,Female,30,3,NIT,Finance,Senior Financial Analyst,1,Chandigarh,3.0,2.9,7,13.1,5.09
EMP04061,Female,30,5,Distance Learning,Finance,Finance Manager,2,Bangalore,3.7,3.6,9,13.3,8.91
EMP04062,Female,28,3,"Top Private (ISB, XLRI, SP Jain)",Product,Associate Product Manager,2,Lucknow,3.2,2.5,3,18.4,6.68
EMP04063,Male,31,5,Other,Marketing,Marketing Manager,2,Delhi,4.4,2.4,17,14.5,9.3
EMP04064,Female,46,21,Tier-2 Private,Operations,Logistics Manager,6,Chennai,3.4,3.8,28,6.7,36.96
EMP04065,Male,31,5,Central University,Operations,Supply Chain Analyst,3,Bangalore,2.8,4.1,16,7.9,11.1
EMP04066,Female,50,26,Central University,Operations,Process Improvement Specialist,6,Kolkata,2.2,3.9,10,6.5,46.11
EMP04067,Male,31,4,Distance Learning,Marketing,Marketing Manager,2,Visakhapatnam,2.8,3.9,2,24.0,7.68
EMP04068,Female,41,17,Central University,Sales,Key Account Manager,5,Coimbatore,3.3,4.1,18,25.3,26.36
EMP04069,Female,24,1,Tier-2 Private,Finance,Senior Financial Analyst,1,Nagpur,3.9,3.5,10,13.3,5.2
EMP04070,Male,30,4,Diploma,Engineering,Software Engineer,2,Chennai,4.1,3.0,15,12.6,8.87
EMP04071,Male,29,4,BITS,Customer Support,Support Team Lead,2,Ranchi,4.2,5.0,28,7.7,10.38
EMP04072,Female,39,17,Distance Learning,Engineering,Engineering Manager,5,Delhi,3.9,2.7,9,9.6,29.33
EMP04073,Male,28,6,Diploma,Legal,Legal Associate,2,Hyderabad,4.3,4.2,15,10.0,11.89
EMP04074,Male,23,1,Tier-2 Private,HR,HR Manager,1,Coimbatore,3.2,3.9,24,11.5,5.68
EMP04075,Male,27,2,Distance Learning,Customer Support,Customer Support Executive,1,Kochi,3.3,4.3,21,7.4,4.93
EMP04076,Male,29,2,Diploma,HR,HR Business Partner,2,Lucknow,3.0,3.5,48,7.4,7.9
EMP04077,Female,34,11,Tier-2 Private,Engineering,Senior Software Engineer,3,Ahmedabad,2.9,3.5,6,14.6,18.13
EMP04078,Male,32,10,"Top Private (ISB, XLRI, SP Jain)",Engineering,Software Engineer,2,Ranchi,4.6,3.2,27,12.3,9.63
EMP04079,Male,31,4,State University,Engineering,Staff Engineer,2,Visakhapatnam,3.3,4.0,74,12.8,11.27
EMP04080,Male,30,4,Central University,Marketing,Marketing Manager,2,Hyderabad,2.6,2.7,42,15.6,7.65
EMP04081,Male,34,9,State University,Sales,Senior Account Manager,3,Visakhapatnam,2.8,4.5,2,19.0,15.23
EMP04082,Male,25,2,State University,Operations,Operations Manager,1,Guwahati,5.0,5.0,21,7.3,5.93
EMP04083,Female,34,8,Central University,Legal,Senior Legal Counsel,3,Jaipur,3.7,4.1,8,10.9,12.19
EMP04084,Male,31,7,Distance Learning,HR,HR Manager,2,Delhi,3.9,2.1,1,10.5,11.98
EMP04085,Male,27,4,"Top Private (ISB, XLRI, SP Jain)",Data Science,Data Scientist,2,Kochi,3.1,3.2,9,9.6,10.49
EMP04086,Female,30,7,Central University,Data Science,Senior Data Scientist,2,Visakhapatnam,1.7,,3,12.2,8.78
EMP04087,Male,28,6,IIM,Data Science,Data Analyst,2,Lucknow,2.5,2.8,15,11.2,12.11
EMP04088,Female,32,8,Other,Customer Support,Customer Support Executive,2,Hyderabad,3.0,2.4,19,8.7,6.85
EMP04089,Male,28,2,Central University,Legal,Legal Associate,1,Bangalore,3.0,3.7,55,14.6,7.11
EMP04090,Male,35,9,Other,Engineering,Senior Software Engineer,3,Bhopal,3.5,3.3,20,9.2,14.85
EMP04091,Male,38,12,Central University,Product,Senior Product Manager,4,Hyderabad,4.2,3.2,16,18.5,28.64
EMP04092,Female,34,7,IIIT,Product,Product Manager,2,Chennai,3.5,2.3,3,18.0,8.84
EMP04093,Female,36,9,State University,Sales,Sales Manager,4,Indore,3.8,4.5,1,28.5,15.44
EMP04094,Male,28,5,Tier-2 Private,Engineering,Senior Software Engineer,2,Chennai,4.2,2.9,26,9.1,10.87
EMP04095,Male,35,11,State University,Customer Support,Support Manager,3,Pune,4.6,3.3,16,8.7,17.75
EMP04096,Male,30,6,State University,Product,Product Manager,1,Kolkata,2.7,3.9,13,13.8,9.82
EMP04097,Female,28,2,Distance Learning,Legal,Legal Associate,2,Visakhapatnam,3.8,3.1,42,14.8,6.33
EMP04098,Female,37,10,Central University,Operations,Operations Manager,3,Dehradun,3.9,3.0,12,7.2,10.81
EMP04099,Female,28,1,Central University,Finance,Senior Financial Analyst,1,Patna,3.7,4.0,24,11.2,3.96
EMP04100,Female,29,7,"Top Private (ISB, XLRI, SP Jain)",Engineering,Software Engineer,2,Bhopal,3.2,3.6,5,13.4,9.37
EMP04101,Male,29,4,Tier-2 Private,HR,HR Business Partner,3,Nagpur,2.7,,25,10.5,11.08
EMP04102,Female,26,4,Central University,Engineering,Software Engineer,1,Mysore,3.3,3.0,29,11.0,6.41
EMP04103,Male,29,6,BITS,Sales,Sales Executive,1,Mysore,3.7,2.7,4,31.1,6.06
EMP04104,Male,27,3,NIT,Product,Product Manager,1,Delhi,4.3,4.4,31,16.3,9.25
EMP04105,Female,33,8,Tier-2 Private,Customer Support,Support Manager,4,Lucknow,3.4,2.8,6,8.4,9.9
EMP04106,Male,32,6,Tier-2 Private,Engineering,Senior Software Engineer,3,Thiruvananthapuram,2.5,,39,10.6,9.74
EMP04107,Female,30,3,BITS,Finance,Senior Financial Analyst,2,Ranchi,2.7,3.0,1,11.7,4.89
EMP04108,Female,39,15,Diploma,Finance,Senior Financial Analyst,3,Thiruvananthapuram,2.5,,25,11.0,12.77
EMP04109,Female,31,6,Central University,Sales,Senior Account Manager,2,Surat,3.4,2.3,47,30.2,6.27
EMP04110,Male,31,9,Central University,Product,Group Product Manager,3,Bangalore,2.4,3.3,7,19.7,15.42
EMP04111,Male,38,16,State University,Sales,Senior Account Manager,4,Indore,2.8,3.6,62,26.5,23.56
EMP04112,Female,43,16,Tier-2 Private,Finance,Accounts Manager,5,Kolkata,4.8,2.4,1,13.6,28.25
EMP04113,Female,36,9,Other,Engineering,Engineering Manager,4,Coimbatore,3.3,4.1,15,8.2,15.98
EMP04114,Male,31,4,IIT,Legal,Legal Manager,2,Delhi,3.5,2.7,2,14.3,13.52
EMP04115,Female,25,2,"Top Private (ISB, XLRI, SP Jain)",Data Science,Data Analyst,1,Bangalore,2.4,3.8,19,14.3,6.28
EMP04116,Male,31,6,"Top Private (ISB, XLRI, SP Jain)",Marketing,Marketing Executive,2,Jaipur,3.4,3.7,40,17.4,10.02
EMP04117,Female,36,13,Central University,Operations,Logistics Manager,5,Kochi,2.1,5.0,24,8.6,16.2
EMP04118,Female,33,7,Tier-2 Private,Engineering,Software Engineer,2,Bangalore,3.6,3.3,1,13.1,10.17
EMP04119,Male,24,0,State University,Operations,Operations Executive,1,Ranchi,2.5,2.6,1,5.5,4.37
EMP04120,Male,38,11,State University,HR,HR Business Partner,3,Hyderabad,4.5,2.7,27,8.8,17.09
EMP04121,Female,35,11,"Top Private (ISB, XLRI, SP Jain)",Sales,Senior Account Manager,3,Indore,5.0,3.1,47,20.4,18.14
EMP04122,Female,29,4,State University,Data Science,Data Scientist,3,Thiruvananthapuram,3.0,1.6,15,12.7,6.66
EMP04123,Female,37,12,IIM,Legal,Compliance Officer,4,Mysore,2.2,2.4,2,9.2,13.27
EMP04124,Male,35,9,Tier-2 Private,Engineering,Lead Engineer,3,Coimbatore,3.1,4.0,5,13.2,15.55
EMP04125,Female,25,3,IIT,Customer Support,Customer Support Executive,1,Delhi,2.2,4.8,43,7.3,5.24
EMP04126,Male,38,14,Central University,Finance,FP&A Analyst,4,Mumbai,3.2,3.5,50,16.5,28.07
EMP04127,Male,26,2,Other,Engineering,Software Engineer,1,Ahmedabad,2.8,2.9,84,13.5,5.75
EMP04128,Male,28,5,State University,Product,Senior Product Manager,3,Kolkata,4.4,4.3,7,16.8,14.74
EMP04129,Female,31,5,Distance Learning,Marketing,Marketing Executive,1,Delhi,1.8,,81,12.5,6.04
EMP04130,Female,29,3,State University,Data Science,Data Scientist,1,Mumbai,2.4,3.0,40,13.4,4.99
EMP04131,Female,29,7,Central University,Product,Senior Product Manager,2,Mumbai,4.2,3.7,13,16.1,9.88
EMP04132,Female,41,15,State University,Product,Group Product Manager,3,Vadodara,3.0,4.2,42,11.3,17.21
EMP04133,Male,41,14,State University,Data Science,Senior Data Scientist,4,Lucknow,4.7,3.8,4,10.2,28.54
EMP04134,Male,33,10,Distance Learning,Marketing,Digital Marketing Manager,4,Thiruvananthapuram,3.5,3.1,4,25.0,15.36
EMP04135,Male,26,1,Tier-2 Private,Engineering,Staff Engineer,2,Pune,3.7,3.2,15,14.3,10.25
EMP04136,Male,27,2,"Top Private (ISB, XLRI, SP Jain)",Product,Associate Product Manager,1,Ranchi,3.7,2.7,29,13.1,5.09
EMP04137,Male,28,6,Central University,Data Science,Senior Data Scientist,2,Patna,3.8,3.1,5,11.5,9.53
EMP04138,Female,31,5,Central University,Engineering,Software Engineer,2,Chandigarh,3.3,3.7,6,8.3,6.53
EMP04139,Female,30,4,State University,Marketing,Marketing Executive,1,Hyderabad,3.4,3.1,27,24.8,6.1
EMP04140,Female,45,22,BITS,Legal,Compliance Officer,5,Hyderabad,4.5,2.2,1,14.8,37.22
EMP04141,Male,29,6,Diploma,Finance,Finance Manager,2,Guwahati,2.9,,6,10.9,7.87
EMP04142,Male,34,8,Tier-2 Private,Operations,Process Improvement Specialist,3,Ahmedabad,3.6,4.4,4,6.7,15.32
EMP04143,Male,38,12,Other,Data Science,Lead Data Scientist,5,Pune,3.2,3.5,57,8.4,22.02
EMP04144,Male,28,6,Distance Learning,Sales,Account Manager,2,Bangalore,4.0,3.5,5,31.2,13.3
EMP04145,Male,54,30,Diploma,Operations,Process Improvement Specialist,5,Guwahati,4.5,4.6,13,7.3,50.0
EMP04146,Male,28,3,Diploma,Marketing,Marketing Manager,1,Mysore,3.1,4.4,24,24.3,6.35
EMP04147,Male,25,3,Distance Learning,Product,Associate Product Manager,1,Mumbai,2.7,4.0,13,11.4,7.05
EMP04148,Female,30,3,IIM,HR,HR Manager,1,Kochi,2.9,,1,5.6,5.83
EMP04149,Male,41,18,IIIT,Operations,Logistics Manager,5,Surat,4.2,4.4,1,9.6,35.07
EMP04150,Male,37,10,IIT,Sales,Senior Account Manager,2,Kochi,3.7,3.5,19,33.5,12.69
EMP04151,Male,26,4,Tier-2 Private,Data Science,Data Analyst,2,Ahmedabad,3.4,,10,14.0,9.95
EMP04152,Male,30,3,Distance Learning,Finance,Financial Analyst,2,Raipur,3.3,3.7,20,12.2,8.26
EMP04153,Male,37,15,Diploma,Legal,Compliance Officer,4,Surat,2.9,5.0,72,15.0,23.68
EMP04154,Male,33,7,Other,Legal,Legal Manager,2,Nagpur,4.2,3.9,15,8.9,13.09
EMP04155,Female,40,16,Tier-2 Private,Legal,Legal Manager,4,Visakhapatnam,3.6,3.5,18,11.1,23.6
EMP04156,Male,29,5,State University,Sales,Sales Executive,2,Surat,4.9,4.9,9,21.4,9.99
EMP04157,Female,30,8,Tier-2 Private,Engineering,Lead Engineer,4,Mysore,3.5,,58,13.8,10.71
EMP04158,Male,33,7,Central University,Product,Product Manager,1,Kolkata,3.7,,12,17.7,9.66
EMP04159,Male,28,3,IIT,Product,Associate Product Manager,1,Ahmedabad,3.1,2.1,14,14.5,9.5
EMP04160,Male,28,5,Other,Finance,Senior Financial Analyst,2,Lucknow,3.0,3.3,20,14.8,8.85
EMP04161,Male,26,2,State University,Marketing,Marketing Manager,2,Dehradun,3.4,3.7,59,23.6,9.44
EMP04162,Male,33,8,BITS,Data Science,ML Engineer,4,Lucknow,4.5,4.3,19,8.6,18.61
EMP04163,Female,36,10,Distance Learning,Sales,Senior Account Manager,3,Delhi,3.1,3.3,13,33.6,12.34
EMP04164,Male,37,12,Tier-2 Private,HR,Compensation Analyst,4,Hyderabad,3.1,3.0,5,11.8,21.34
EMP04165,Female,31,9,Other,Engineering,Senior Software Engineer,3,Ranchi,2.4,3.6,2,9.1,12.86
EMP04166,Male,30,5,Diploma,Legal,Legal Associate,2,Coimbatore,5.0,2.4,53,13.8,9.95
EMP04167,Male,41,17,NIT,Finance,Controller,5,Pune,3.0,4.5,1,11.1,39.74
EMP04168,Male,35,11,Other,HR,Talent Acquisition Specialist,3,Chennai,2.4,4.6,8,7.7,16.85
EMP04169,Male,39,15,IIIT,Marketing,Content Strategist,4,Chennai,3.6,2.4,22,17.9,21.99
EMP04170,Male,40,16,Central University,Finance,FP&A Analyst,5,Chennai,3.7,,8,15.1,30.31
EMP04171,Female,28,5,Diploma,Finance,Controller,3,Bangalore,4.1,3.5,5,13.6,10.64
EMP04172,Female,30,7,Distance Learning,Marketing,Marketing Manager,2,Jaipur,3.7,4.5,45,15.4,8.33
EMP04173,Female,36,10,State University,Engineering,Engineering Manager,4,Lucknow,2.1,3.3,34,10.7,13.71
EMP04174,Male,25,2,IIM,Operations,Operations Executive,1,Delhi,2.9,3.9,3,8.9,8.19
EMP04175,Female,28,2,State University,Operations,Operations Executive,1,Indore,4.4,3.5,2,5.5,5.28
EMP04176,Male,26,2,Diploma,HR,HR Executive,1,Dehradun,4.2,2.5,22,8.5,6.62
EMP04177,Female,30,5,State University,Legal,Legal Manager,2,Hyderabad,3.8,3.1,4,13.0,7.64
EMP04178,Female,26,4,NIT,HR,HR Executive,1,Hyderabad,4.7,,13,5.1,6.92
EMP04179,Female,25,2,Tier-2 Private,Finance,Senior Financial Analyst,1,Indore,3.3,3.5,14,14.2,4.93
EMP04180,Female,33,6,Tier-2 Private,Operations,Operations Manager,3,Chandigarh,4.4,2.8,22,5.6,8.72
EMP04181,Female,31,5,IIT,Sales,Sales Executive,2,Chennai,3.1,3.3,5,18.4,10.64
EMP04182,Male,35,13,Tier-2 Private,Sales,Business Development Manager,5,Coimbatore,4.9,3.6,4,18.8,32.5
EMP04183,Female,51,24,Tier-2 Private,HR,Learning & Development Manager,6,Thiruvananthapuram,3.1,3.3,46,11.4,37.03
EMP04184,Male,35,8,Diploma,Operations,Supply Chain Analyst,2,Chennai,2.6,4.3,10,6.7,9.81
EMP04185,Female,25,3,NIT,Customer Support,Customer Support Executive,1,Lucknow,2.5,3.6,13,9.2,6.02
EMP04186,Female,32,9,Tier-2 Private,Operations,Logistics Manager,4,Bangalore,4.6,3.1,30,9.9,18.91
EMP04187,Male,29,6,Distance Learning,Sales,Sales Manager,3,Chennai,4.7,3.9,33,23.0,11.63
EMP04188,Male,32,5,State University,Operations,Supply Chain Analyst,2,Surat,2.7,3.2,18,9.6,7.25
EMP04189,Male,30,3,IIIT,Customer Support,Customer Support Executive,1,Kochi,3.0,2.8,8,9.2,6.0
EMP04190,Male,30,4,Central University,Customer Support,Support Team Lead,3,Dehradun,1.6,4.4,29,7.6,8.68
EMP04191,Male,28,5,Central University,Finance,Senior Financial Analyst,3,Mumbai,2.5,3.1,28,16.8,11.41
EMP04192,Female,37,10,Central University,Sales,Senior Account Manager,3,Ahmedabad,3.3,2.6,29,25.7,10.71
EMP04193,Male,35,8,NIT,Operations,Process Improvement Specialist,3,Pune,3.3,4.7,9,5.7,16.84
EMP04194,Female,48,21,IIIT,HR,Learning & Development Manager,6,Vadodara,1.8,3.9,5,12.0,31.09
EMP04195,Male,33,9,State University,HR,HR Business Partner,3,Chandigarh,2.3,,3,6.8,11.99
EMP04196,Male,34,8,Distance Learning,Legal,Compliance Officer,4,Surat,5.0,4.2,2,13.7,17.32
EMP04197,Male,30,4,Central University,Customer Support,Support Manager,3,Indore,4.4,3.3,1,5.1,11.22
EMP04198,Female,24,2,Diploma,Customer Support,Customer Success Manager,2,Chennai,3.6,3.6,10,5.5,6.38
EMP04199,Male,29,4,Diploma,Finance,Financial Analyst,1,Kochi,3.6,3.6,17,13.6,7.55
EMP04200,Male,28,3,State University,Finance,Financial Analyst,1,Patna,3.5,3.3,11,15.5,6.49
EMP04201,Male,26,1,State University,Engineering,Senior Software Engineer,1,Pune,3.4,3.8,1,11.4,6.97
EMP04202,Female,26,2,Central University,Legal,Legal Associate,1,Hyderabad,3.5,2.5,31,12.5,5.77
EMP04203,Male,44,18,State University,Operations,Process Improvement Specialist,4,Coimbatore,2.2,,1,7.6,18.53
EMP04204,Female,34,7,Central University,Customer Support,Support Team Lead,2,Nagpur,3.3,1.9,10,6.9,7.42
EMP04205,Female,29,4,State University,Sales,Senior Account Manager,2,Bangalore,1.9,3.1,18,31.9,7.68
EMP04206,Female,34,7,NIT,Product,Associate Product Manager,1,Mumbai,3.3,3.5,42,10.4,6.86
EMP04207,Male,27,1,Central University,Product,Associate Product Manager,1,Kolkata,3.8,2.6,8,17.7,8.18
EMP04208,Male,30,7,BITS,Finance,Finance Manager,3,Visakhapatnam,3.0,3.9,55,16.2,16.91
EMP04209,Male,40,14,Distance Learning,Sales,Senior Account Manager,4,Raipur,3.7,2.1,2,20.6,16.92
EMP04210,Male,31,5,Diploma,Marketing,Brand Manager,3,Ahmedabad,3.4,3.2,22,12.6,11.5
EMP04211,Female,28,1,IIT,Customer Support,Support Team Lead,1,Bangalore,3.9,3.2,50,6.4,5.5
EMP04212,Male,28,4,BITS,Operations,Operations Manager,2,Delhi,3.8,3.6,11,8.3,9.95
EMP04213,Male,36,14,State University,Finance,Accounts Manager,5,Vadodara,2.8,3.8,26,17.0,23.53
EMP04214,Male,33,7,Central University,Customer Support,Customer Support Executive,1,Vadodara,2.4,2.4,34,6.3,5.4
EMP04215,Male,27,2,State University,HR,HR Executive,1,Nagpur,2.4,3.7,6,5.2,7.34
EMP04216,Male,55,30,Tier-2 Private,Finance,Accounts Manager,5,Kochi,2.8,4.1,9,13.0,50.0
EMP04217,Female,28,2,NIT,Finance,Financial Analyst,1,Vadodara,4.1,3.0,1,16.8,5.42
EMP04218,Male,30,5,NIT,Sales,Sales Manager,3,Indore,4.1,3.4,26,17.5,14.32
EMP04219,Female,24,2,Central University,Engineering,Software Engineer,1,Kolkata,3.1,2.3,10,8.2,6.1
EMP04220,Female,29,2,NIT,Sales,Sales Executive,1,Hyderabad,3.3,3.9,24,31.4,5.63
EMP04221,Male,27,4,IIIT,Data Science,Data Scientist,3,Mumbai,2.4,2.7,15,13.7,12.42
EMP04222,Male,32,9,Distance Learning,Operations,Process Improvement Specialist,3,Pune,2.5,4.4,40,6.6,13.28
EMP04223,Male,40,14,State University,Sales,Senior Account Manager,4,Delhi,3.8,5.0,9,33.2,29.71
EMP04224,Male,30,4,Central University,HR,Talent Acquisition Specialist,3,Kolkata,3.2,3.3,22,8.0,10.9
EMP04225,Male,27,2,State University,Data Science,Data Analyst,1,Visakhapatnam,3.2,3.1,30,11.6,6.61
EMP04226,Female,34,8,Distance Learning,HR,Compensation Analyst,4,Coimbatore,4.0,3.2,37,11.9,11.59
EMP04227,Female,30,8,Central University,Legal,Legal Manager,2,Chandigarh,3.9,4.0,6,11.2,9.11
EMP04228,Male,30,7,Central University,Product,Group Product Manager,3,Thiruvananthapuram,3.3,3.0,36,18.3,13.03
EMP04229,Male,30,7,IIIT,Customer Support,Support Team Lead,2,Raipur,4.5,2.1,10,6.8,13.75
EMP04230,Male,29,5,Diploma,Data Science,Data Scientist,2,Bangalore,3.1,4.4,2,10.3,9.6
EMP04231,Female,30,6,Other,Legal,Legal Associate,2,Ranchi,2.7,3.3,4,9.0,5.84
EMP04232,Male,27,5,Other,Finance,Senior Financial Analyst,3,Chennai,2.5,3.4,1,16.1,14.61
EMP04233,Female,38,12,State University,Sales,Key Account Manager,4,Visakhapatnam,4.5,3.3,1,24.0,12.25
EMP04234,Female,53,28,Central University,Product,Group Product Manager,5,Nagpur,3.0,2.7,10,14.5,46.06
EMP04235,Male,30,6,Central University,Operations,Operations Executive,1,Chandigarh,3.5,,43,8.0,6.84
EMP04236,Male,33,6,Other,Operations,Operations Executive,1,Surat,5.0,3.8,10,9.3,7.41
EMP04237,Male,31,7,State University,Marketing,Marketing Executive,2,Guwahati,2.9,3.9,18,15.9,9.16
EMP04238,Female,25,3,Central University,Legal,Legal Associate,1,Mumbai,3.6,3.3,6,14.3,7.33
EMP04239,Male,37,10,Central University,Customer Support,Customer Support Executive,2,Coimbatore,3.6,1.9,54,8.4,9.83
EMP04240,Female,30,8,Other,Data Science,Data Analyst,2,Coimbatore,3.5,3.1,15,11.9,10.01
EMP04241,Female,26,4,IIIT,Legal,Legal Manager,2,Hyderabad,4.2,3.3,21,11.3,8.19
EMP04242,Female,35,11,Tier-2 Private,Operations,Operations Executive,2,Delhi,3.8,3.4,6,8.4,9.06
EMP04243,Male,31,6,State University,HR,HR Executive,2,Guwahati,3.7,3.3,7,9.8,8.23
EMP04244,Male,26,3,NIT,Data Science,Data Analyst,1,Hyderabad,4.8,5.0,1,9.8,9.69
EMP04245,Female,34,7,Tier-2 Private,Operations,Operations Executive,2,Raipur,2.3,,10,6.0,5.45
EMP04246,Male,30,7,State University,Finance,Financial Analyst,2,Surat,2.6,3.9,8,13.3,9.1
EMP04247,Female,38,11,IIM,Engineering,Staff Engineer,3,Ranchi,3.4,3.0,94,13.0,16.58
EMP04248,Male,35,10,State University,Data Science,Data Scientist,3,Visakhapatnam,3.9,3.9,2,14.1,18.93
EMP04249,Male,28,5,Distance Learning,Engineering,Staff Engineer,2,Dehradun,3.5,2.6,13,10.1,8.97
EMP04250,Female,28,4,Tier-2 Private,Product,Group Product Manager,3,Mumbai,3.0,4.3,4,10.9,10.75
EMP04251,Male,28,6,Central University,Data Science,Data Analyst,1,Ahmedabad,4.5,3.8,8,10.4,9.06
EMP04252,Male,34,7,State University,Legal,Senior Legal Counsel,2,Lucknow,4.1,3.2,12,13.7,11.02
EMP04253,Male,33,8,NIT,Product,Associate Product Manager,2,Delhi,3.0,3.3,54,15.4,13.63
EMP04254,Male,31,7,Central University,Marketing,Marketing Manager,2,Ahmedabad,4.8,3.1,17,13.2,9.08
EMP04255,Female,31,5,Tier-2 Private,Sales,Account Manager,2,Guwahati,3.2,3.0,1,22.1,7.04
EMP04256,Male,37,12,Central University,Data Science,Lead Data Scientist,5,Pune,3.3,3.6,18,11.4,31.96
EMP04257,Male,28,3,Central University,Finance,Financial Analyst,1,Bhopal,2.3,3.2,34,17.7,5.54
EMP04258,Male,54,30,Central University,Data Science,Data Engineer,6,Jaipur,3.7,4.1,15,14.5,50.0
EMP04259,Female,34,10,Distance Learning,HR,Talent Acquisition Specialist,3,Nagpur,5.0,4.8,19,8.0,14.2
EMP04260,Male,25,2,Central University,Legal,Legal Associate,1,Patna,5.0,3.4,12,14.9,8.09
EMP04261,Female,32,6,Diploma,HR,HR Manager,2,Bhopal,3.2,1.7,75,6.5,5.86
EMP04262,Female,34,10,Central University,Marketing,Brand Manager,3,Ahmedabad,3.1,,3,23.1,11.83
EMP04263,Male,28,4,IIT,Engineering,Senior Software Engineer,1,Surat,3.5,3.5,42,14.4,10.51
EMP04264,Female,28,2,State University,Customer Support,Support Team Lead,2,Coimbatore,4.6,3.8,20,8.0,6.59
EMP04265,Female,27,2,BITS,Marketing,Marketing Executive,1,Hyderabad,3.7,2.8,26,21.5,4.92
EMP04266,Male,35,8,IIT,HR,Compensation Analyst,4,Ahmedabad,4.1,3.1,20,10.1,18.12
EMP04267,Male,24,1,IIIT,HR,HR Executive,1,Chennai,4.1,3.1,3,11.5,5.97
EMP04268,Female,24,2,Diploma,HR,HR Executive,1,Kochi,4.4,,15,5.1,5.81
EMP04269,Female,32,8,Central University,Data Science,Senior Data Scientist,3,Delhi,4.2,2.0,17,10.0,16.41
EMP04270,Female,30,5,Tier-2 Private,Marketing,Brand Manager,2,Delhi,3.0,3.3,10,15.2,8.01
EMP04271,Female,29,3,Tier-2 Private,Marketing,Marketing Executive,1,Mumbai,3.6,2.3,20,12.0,4.92
EMP04272,Male,29,4,Tier-2 Private,Sales,Sales Executive,2,Chennai,3.1,,12,34.7,10.73
EMP04273,Female,29,2,State University,Marketing,Marketing Manager,2,Coimbatore,4.2,3.7,4,15.0,5.94
EMP04274,Female,30,8,Tier-2 Private,Legal,Legal Manager,3,Delhi,3.9,,12,10.6,14.96
EMP04275,Male,28,3,Other,Operations,Operations Executive,2,Ranchi,3.9,4.4,12,6.6,7.07
EMP04276,Male,30,4,State University,Data Science,Data Scientist,2,Delhi,3.8,3.1,1,14.4,11.19
EMP04277,Male,32,7,Distance Learning,Legal,Legal Associate,2,Visakhapatnam,2.3,2.5,6,14.9,10.43
EMP04278,Female,28,5,NIT,Marketing,Marketing Executive,1,Nagpur,3.9,3.0,89,15.9,6.44
EMP04279,Male,29,3,Other,Sales,Sales Executive,1,Ahmedabad,2.5,3.8,18,35.0,5.04
EMP04280,Female,28,1,Central University,Product,Product Manager,1,Mumbai,2.7,3.9,10,12.7,5.91
EMP04281,Male,30,7,State University,Sales,Account Manager,2,Raipur,4.4,3.9,11,31.8,9.26
EMP04282,Male,31,6,NIT,Legal,Legal Associate,1,Mumbai,3.2,4.8,8,14.2,10.14
EMP04283,Female,30,4,Distance Learning,Engineering,Senior Software Engineer,2,Delhi,2.4,3.4,6,10.7,6.38
EMP04284,Male,24,2,"Top Private (ISB, XLRI, SP Jain)",Sales,Account Manager,1,Coimbatore,3.0,3.2,1,19.2,7.02
EMP04285,Female,28,6,Distance Learning,Sales,Senior Account Manager,2,Delhi,4.1,3.3,15,19.6,9.06
EMP04286,Male,34,8,IIM,Product,Senior Product Manager,2,Jaipur,3.1,2.7,39,14.7,14.68
EMP04287,Female,32,6,IIT,Finance,Senior Financial Analyst,2,Chennai,4.4,3.9,41,15.6,11.87
EMP04288,Male,41,19,Tier-2 Private,Marketing,Content Strategist,6,Ranchi,4.2,2.6,1,24.2,48.64
EMP04289,Female,34,9,Distance Learning,Marketing,Marketing Manager,2,Chennai,4.3,2.6,1,17.2,10.11
EMP04290,Female,31,5,IIM,Marketing,Marketing Executive,1,Ahmedabad,4.0,3.2,28,17.8,6.66
EMP04291,Male,37,10,Distance Learning,Customer Support,Support Manager,4,Visakhapatnam,2.5,2.9,9,5.8,15.41
EMP04292,Male,32,6,Distance Learning,Customer Support,Customer Support Executive,1,Thiruvananthapuram,3.3,3.9,24,7.5,7.35
EMP04293,Male,29,6,Diploma,Customer Support,Support Manager,3,Hyderabad,3.9,,19,5.6,9.99
EMP04294,Female,39,14,IIT,Marketing,Content Strategist,4,Chandigarh,2.9,3.8,14,13.8,14.7
EMP04295,Female,29,3,Diploma,Operations,Operations Executive,1,Kochi,3.9,3.7,29,8.6,5.36
EMP04296,Male,29,6,Tier-2 Private,Engineering,Staff Engineer,2,Pune,4.4,3.8,25,11.6,16.69
EMP04297,Male,35,13,IIIT,Engineering,Lead Engineer,4,Visakhapatnam,2.6,3.5,43,13.1,27.16
EMP04298,Female,31,7,Central University,Sales,Account Manager,2,Ahmedabad,2.1,3.8,11,15.2,7.19
EMP04299,Male,30,4,Other,Operations,Operations Executive,1,Hyderabad,3.6,3.6,33,5.8,8.38
EMP04300,Female,26,1,Other,Engineering,Software Engineer,2,Visakhapatnam,5.0,,16,9.8,7.1
EMP04301,Male,26,1,IIIT,Operations,Operations Executive,1,Coimbatore,3.5,4.2,8,8.2,5.96
EMP04302,Female,50,25,Diploma,Operations,Logistics Manager,6,Mumbai,2.5,3.1,9,9.9,33.97
EMP04303,Female,34,7,State University,Sales,Senior Account Manager,2,Visakhapatnam,3.9,4.1,4,25.0,8.31
EMP04304,Male,29,4,Central University,HR,HR Business Partner,2,Jaipur,3.8,4.7,12,5.7,8.42
EMP04305,Male,29,7,Other,Sales,Account Manager,2,Patna,4.0,5.0,4,19.2,11.51
EMP04306,Male,27,3,Central University,Sales,Sales Executive,1,Jaipur,5.0,,1,15.4,6.38
EMP04307,Male,27,4,Tier-2 Private,HR,HR Manager,2,Delhi,2.5,,25,7.9,9.55
EMP04308,Male,29,3,Diploma,HR,HR Executive,1,Coimbatore,4.1,2.9,10,9.9,5.89
EMP04309,Female,29,2,State University,Sales,Account Manager,2,Delhi,3.5,2.6,9,20.0,6.89
EMP04310,Female,27,1,Central University,Data Science,Data Analyst,1,Ranchi,3.8,4.0,1,12.6,4.88
EMP04311,Male,24,1,Distance Learning,Customer Support,Support Team Lead,1,Indore,3.0,5.0,56,7.2,6.66
EMP04312,Female,38,12,State University,Legal,Legal Manager,4,Mumbai,2.4,,11,11.3,15.86
EMP04313,Male,25,3,"Top Private (ISB, XLRI, SP Jain)",HR,HR Executive,1,Chandigarh,4.8,3.6,4,12.0,8.68
EMP04314,Female,31,8,BITS,Customer Support,Customer Support Executive,2,Hyderabad,4.9,3.7,4,8.9,10.26
EMP04315,Male,34,11,State University,Sales,Senior Account Manager,3,Chennai,5.0,,8,23.3,21.21
EMP04316,Female,30,6,Distance Learning,Marketing,Brand Manager,2,Lucknow,2.9,4.2,17,16.5,6.86
EMP04317,Female,27,4,Tier-2 Private,Marketing,Marketing Manager,2,Jaipur,3.4,2.9,3,22.7,8.2
EMP04318,Female,30,6,NIT,Operations,Operations Executive,2,Chennai,4.5,3.6,16,6.7,8.46
EMP04319,Female,26,4,Central University,Product,Product Manager,1,Delhi,3.4,3.9,48,12.5,6.71
EMP04320,Male,40,14,Tier-2 Private,HR,Talent Acquisition Specialist,3,Hyderabad,3.0,,91,8.4,18.01
EMP04321,Female,46,22,Tier-2 Private,Marketing,Growth Manager,5,Visakhapatnam,3.8,2.2,66,18.9,32.39
EMP04322,Male,42,16,State University,HR,Compensation Analyst,5,Ahmedabad,2.5,2.3,12,7.1,31.86
EMP04323,Female,23,1,State University,Marketing,Marketing Executive,2,Guwahati,2.0,2.3,5,16.0,4.91
EMP04324,Male,31,4,Other,Engineering,Lead Engineer,3,Kolkata,5.0,4.4,8,13.5,16.73
EMP04325,Male,31,6,Diploma,Sales,Sales Executive,2,Visakhapatnam,3.3,4.7,14,34.2,8.58
EMP04326,Male,31,8,Diploma,Marketing,Marketing Executive,2,Delhi,4.2,2.8,1,12.7,11.86
EMP04327,Male,27,1,IIM,Data Science,Senior Data Scientist,2,Mysore,3.3,4.2,30,8.6,12.08
EMP04328,Female,27,1,Tier-2 Private,Product,Associate Product Manager,1,Ahmedabad,3.7,,26,17.2,5.08
EMP04329,Female,41,15,Central University,HR,Compensation Analyst,4,Bangalore,3.5,2.9,26,9.8,19.37
EMP04330,Female,31,4,Distance Learning,Sales,Sales Executive,2,Indore,2.3,3.6,80,22.9,7.41
EMP04331,Male,29,2,Other,Product,Associate Product Manager,1,Surat,3.0,4.2,10,16.0,5.98
EMP04332,Female,24,2,Other,Legal,Legal Associate,1,Pune,4.1,2.8,74,9.2,7.48
EMP04333,Male,30,7,Distance Learning,Sales,Senior Account Manager,2,Delhi,3.8,3.5,5,16.8,10.71
EMP04334,Male,25,3,Central University,Engineering,Software Engineer,1,Kochi,3.5,3.6,14,13.3,8.0
EMP04335,Female,29,7,Central University,Data Science,Data Scientist,2,Mumbai,1.9,2.4,13,12.8,6.8
EMP04336,Male,25,3,Central University,Sales,Account Manager,2,Pune,3.9,4.3,4,20.9,11.49
EMP04337,Male,27,1,Central University,HR,HR Executive,1,Pune,3.1,3.7,26,11.0,6.82
EMP04338,Male,41,16,Central University,Data Science,ML Engineer,4,Mumbai,3.0,3.0,36,9.9,27.19
EMP04339,Male,29,7,Distance Learning,Customer Support,Customer Support Executive,2,Raipur,2.8,3.6,20,6.5,7.28
EMP04340,Female,28,4,BITS,Engineering,Staff Engineer,3,Ranchi,3.6,4.1,8,11.6,12.9
EMP04341,Male,26,4,Tier-2 Private,Marketing,Brand Manager,3,Pune,3.4,,59,16.6,12.64
EMP04342,Male,39,16,Distance Learning,Engineering,Engineering Manager,4,Vadodara,3.2,2.8,62,14.2,28.7
EMP04343,Male,31,9,Tier-2 Private,Customer Support,Customer Success Manager,2,Chennai,4.6,2.8,35,7.8,12.23
EMP04344,Male,38,13,Central University,Marketing,Brand Manager,4,Pune,3.5,5.0,24,20.1,25.01
EMP04345,Female,26,4,Other,Operations,Supply Chain Analyst,3,Lucknow,2.3,3.9,1,5.6,7.96
EMP04346,Female,32,6,Other,Legal,Legal Associate,2,Mumbai,3.0,,6,8.9,7.2
EMP04347,Female,35,8,Tier-2 Private,Product,Product Manager,2,Pune,3.7,3.4,5,14.6,9.27
EMP04348,Female,31,4,Central University,Finance,Senior Financial Analyst,2,Chennai,4.0,3.5,7,14.6,8.11
EMP04349,Male,31,5,State University,Operations,Operations Executive,2,Indore,2.7,3.6,13,6.9,10.97
EMP04350,Female,30,4,Tier-2 Private,Customer Support,Support Manager,3,Coimbatore,2.7,2.9,21,6.4,5.57
EMP04351,Male,34,7,IIIT,Data Science,Data Analyst,2,Pune,3.9,2.6,8,11.8,15.69
EMP04352,Male,29,2,State University,Marketing,Brand Manager,2,Mumbai,3.6,3.1,9,17.3,7.72
EMP04353,Female,32,9,State University,Product,Director of Product,4,Jaipur,3.8,2.9,15,12.5,14.41
EMP04354,Male,32,7,State University,Data Science,ML Engineer,3,Patna,3.0,4.2,5,8.6,12.48
EMP04355,Female,28,5,State University,Data Science,Senior Data Scientist,2,Bangalore,4.2,3.4,6,9.6,10.12
EMP04356,Female,35,8,Distance Learning,Marketing,Marketing Manager,3,Kochi,4.1,3.7,11,20.8,12.84
EMP04357,Female,26,4,Tier-2 Private,Data Science,Data Analyst,1,Coimbatore,4.0,2.5,40,11.2,6.88
EMP04358,Male,27,3,IIIT,Operations,Operations Manager,1,Hyderabad,3.1,3.4,1,5.0,6.67
EMP04359,Male,32,8,"Top Private (ISB, XLRI, SP Jain)",Data Science,Senior Data Scientist,3,Bhopal,3.1,4.3,1,11.9,15.66
EMP04360,Female,36,9,State University,HR,HR Business Partner,4,Bangalore,3.4,,1,8.9,15.37
EMP04361,Male,27,4,Central University,Product,Product Manager,2,Hyderabad,2.1,4.8,44,17.8,10.67
EMP04362,Male,30,3,State University,Marketing,Marketing Executive,2,Kolkata,3.2,3.7,36,19.6,10.17
EMP04363,Female,29,5,Diploma,Data Science,Data Scientist,2,Ranchi,4.2,3.8,21,12.3,9.1
EMP04364,Female,30,4,Tier-2 Private,Data Science,Data Analyst,2,Mumbai,2.8,2.0,16,12.9,7.17
EMP04365,Female,42,17,Diploma,Finance,Controller,5,Thiruvananthapuram,4.9,3.8,4,15.9,24.9
EMP04366,Male,31,7,BITS,Operations,Supply Chain Analyst,2,Pune,2.5,3.0,5,5.7,11.14
EMP04367,Male,29,6,Distance Learning,Marketing,Marketing Executive,2,Hyderabad,2.7,3.7,1,16.5,11.02
EMP04368,Female,26,3,Central University,Finance,Senior Financial Analyst,1,Nagpur,2.9,2.5,1,14.3,5.21
EMP04369,Male,35,10,NIT,HR,HR Manager,3,Ranchi,3.9,4.3,26,5.7,12.33
EMP04370,Male,26,3,IIT,Customer Support,Customer Support Executive,1,Bangalore,3.2,2.9,9,5.1,7.78
EMP04371,Male,30,3,Tier-2 Private,Legal,Legal Associate,1,Visakhapatnam,2.5,3.9,57,8.1,6.67
EMP04372,Male,32,10,State University,Marketing,Marketing Manager,3,Vadodara,3.9,3.9,2,18.4,13.07
EMP04373,Male,30,7,State University,HR,HR Manager,1,Guwahati,3.7,3.8,9,9.5,6.75
EMP04374,Male,23,1,IIT,Product,Senior Product Manager,2,Thiruvananthapuram,2.9,,21,12.5,7.64
EMP04375,Female,32,5,Tier-2 Private,Sales,Sales Manager,3,Ranchi,4.9,3.7,19,17.7,8.83
EMP04376,Male,30,6,NIT,Legal,Legal Manager,2,Delhi,4.1,3.6,13,9.0,11.3
EMP04377,Female,26,4,Central University,Legal,Senior Legal Counsel,2,Delhi,3.9,3.1,94,8.6,7.62
EMP04378,Male,28,6,Distance Learning,Product,Associate Product Manager,2,Hyderabad,3.0,4.1,7,11.1,10.63
EMP04379,Female,28,1,Central University,Sales,Account Manager,2,Bangalore,2.7,4.7,8,31.1,5.69
EMP04380,Male,27,0,State University,Data Science,Data Scientist,1,Bhopal,4.6,3.6,22,12.5,4.99
EMP04381,Male,26,3,Tier-2 Private,Engineering,Software Engineer,1,Chandigarh,2.8,2.7,12,10.5,8.39
EMP04382,Male,32,7,Central University,Sales,Sales Executive,1,Pune,3.9,3.4,96,22.2,9.55
EMP04383,Male,23,0,State University,Marketing,Marketing Executive,1,Thiruvananthapuram,4.2,4.0,23,23.3,5.41
EMP04384,Male,30,3,State University,Product,Product Manager,2,Mumbai,2.4,3.4,2,16.3,9.35
EMP04385,Female,27,1,BITS,HR,HR Executive,1,Chandigarh,3.3,2.3,2,6.2,5.98
EMP04386,Female,29,5,"Top Private (ISB, XLRI, SP Jain)",Marketing,Marketing Executive,1,Lucknow,2.7,,61,23.6,7.22
EMP04387,Male,50,23,State University,Product,Director of Product,6,Bhopal,3.8,3.5,9,17.0,41.91
EMP04388,Male,28,5,BITS,Marketing,Digital Marketing Manager,3,Chandigarh,2.8,3.2,19,15.0,11.57
EMP04389,Female,32,5,Diploma,Engineering,Lead Engineer,3,Bangalore,2.8,3.5,5,13.7,10.51
EMP04390,Female,33,10,NIT,Sales,Sales Executive,2,Hyderabad,2.4,,4,23.2,12.3
EMP04391,Male,33,6,Tier-2 Private,Customer Support,Customer Support Executive,1,Coimbatore,3.4,,5,9.8,6.27
EMP04392,Female,32,5,Other,HR,HR Manager,3,Kochi,2.1,3.9,1,10.3,8.02
EMP04393,Male,36,11,Tier-2 Private,Operations,Operations Manager,3,Delhi,4.7,3.7,27,6.4,15.25
EMP04394,Female,30,8,Other,Sales,Account Manager,2,Indore,3.3,,17,30.5,7.41
EMP04395,Male,33,7,Tier-2 Private,Marketing,Marketing Executive,2,Jaipur,4.1,2.2,7,15.2,10.15
EMP04396,Male,31,5,Central University,Customer Support,Support Team Lead,2,Kolkata,3.4,3.8,8,9.2,8.47
EMP04397,Male,31,4,IIIT,Product,Senior Product Manager,2,Chennai,3.7,3.6,15,13.3,10.84
EMP04398,Female,34,11,Distance Learning,Sales,Sales Manager,3,Hyderabad,2.4,2.8,15,27.6,11.63
EMP04399,Male,27,4,State University,Product,Associate Product Manager,1,Delhi,3.9,,11,12.3,9.6
EMP04400,Female,38,14,Tier-2 Private,Product,Director of Product,4,Vadodara,2.5,,18,16.3,13.9
EMP04401,Female,26,2,Distance Learning,Marketing,Marketing Manager,1,Mumbai,4.6,3.5,5,14.8,6.03
EMP04402,Female,38,16,Tier-2 Private,Sales,Key Account Manager,5,Ahmedabad,3.1,2.6,96,16.9,21.67
EMP04403,Male,30,8,Other,Marketing,Content Strategist,4,Vadodara,4.0,3.4,22,14.5,17.11
EMP04404,Male,27,3,Central University,Legal,Legal Associate,1,Nagpur,2.5,3.3,23,13.9,5.37
EMP04405,Male,35,8,State University,Finance,Finance Manager,3,Guwahati,4.1,2.5,23,11.1,11.19
EMP04406,Female,25,3,Distance Learning,Marketing,Marketing Executive,1,Bangalore,2.1,3.7,12,21.8,4.72
EMP04407,Female,29,6,Other,HR,HR Manager,1,Indore,2.2,3.2,5,11.3,4.44
EMP04408,Male,31,4,Diploma,Operations,Operations Executive,2,Indore,4.3,5.0,5,6.5,9.44
EMP04409,Female,27,5,Diploma,Marketing,Marketing Manager,1,Bangalore,4.2,2.7,2,22.9,6.17
EMP04410,Male,33,11,State University,Marketing,Brand Manager,3,Visakhapatnam,3.1,,10,15.6,16.48
EMP04411,Male,35,8,IIM,Engineering,Lead Engineer,3,Jaipur,3.2,3.6,40,10.6,17.18
EMP04412,Male,25,2,NIT,Data Science,Data Analyst,1,Pune,3.4,,25,14.0,11.01
EMP04413,Female,25,2,State University,Data Science,Data Analyst,1,Nagpur,3.7,2.6,17,12.6,6.19
EMP04414,Male,29,7,State University,Sales,Account Manager,2,Chandigarh,4.3,2.7,14,25.9,11.32
EMP04415,Male,31,7,Diploma,Finance,Controller,3,Hyderabad,3.2,,11,10.5,13.04
EMP04416,Female,30,3,"Top Private (ISB, XLRI, SP Jain)",Marketing,Marketing Manager,1,Hyderabad,2.2,2.8,7,24.4,6.97
EMP04417,Male,45,18,Central University,HR,Learning & Development Manager,5,Bhopal,3.4,3.3,41,5.1,28.16
EMP04418,Male,35,10,Other,Finance,Finance Manager,4,Patna,2.9,3.1,48,14.0,17.41
EMP04419,Male,29,3,Central University,Data Science,Senior Data Scientist,2,Bangalore,4.5,,17,13.4,10.92
EMP04420,Male,28,3,State University,Marketing,Marketing Executive,1,Indore,3.2,2.8,26,17.9,6.76
EMP04421,Male,31,5,Diploma,Finance,Senior Financial Analyst,1,Nagpur,4.4,3.1,20,10.5,8.34
EMP04422,Male,29,4,State University,HR,HR Manager,1,Kochi,3.4,3.4,16,10.3,7.88
EMP04423,Female,37,14,Diploma,Operations,Logistics Manager,4,Chennai,3.0,2.7,11,9.7,13.95
EMP04424,Male,39,12,Central University,Sales,Senior Account Manager,3,Chennai,4.4,4.3,3,33.2,19.43
EMP04425,Female,33,6,State University,HR,HR Business Partner,3,Chennai,2.8,2.6,34,10.1,8.18
EMP04426,Male,31,9,Central University,Customer Support,Support Team Lead,3,Delhi,3.5,,20,7.1,13.38
EMP04427,Male,32,10,State University,Customer Support,Support Team Lead,3,Delhi,3.2,3.3,13,6.5,14.55
EMP04428,Male,32,6,Tier-2 Private,Operations,Operations Manager,2,Chennai,2.8,,19,6.3,10.06
EMP04429,Male,30,8,BITS,Customer Support,Support Manager,3,Chennai,3.7,,11,9.0,15.44
EMP04430,Male,35,9,"Top Private (ISB, XLRI, SP Jain)",Customer Support,Support Manager,3,Bangalore,3.0,4.5,19,5.0,13.41
EMP04431,Male,35,8,State University,Legal,Legal Manager,2,Delhi,2.8,3.9,1,12.2,13.06
EMP04432,Female,25,3,Central University,Data Science,Data Analyst,1,Mysore,3.3,3.5,8,8.6,4.44
EMP04433,Female,29,3,Distance Learning,Operations,Operations Executive,1,Hyderabad,3.0,4.6,1,8.2,5.7
EMP04434,Male,26,4,NIT,Data Science,Senior Data Scientist,3,Patna,3.1,,9,8.1,12.46
EMP04435,Male,26,3,IIIT,Product,Associate Product Manager,1,Visakhapatnam,3.4,3.4,12,10.5,7.95
EMP04436,Male,27,2,Other,Sales,Account Manager,2,Surat,3.9,3.5,1,30.8,9.17
EMP04437,Female,35,9,Tier-2 Private,HR,Talent Acquisition Specialist,3,Chennai,3.1,3.2,3,8.3,11.45
EMP04438,Male,29,7,Distance Learning,Operations,Operations Executive,1,Patna,2.4,,88,8.5,8.59
EMP04439,Male,24,2,IIM,Finance,Senior Financial Analyst,1,Pune,3.9,,13,14.6,10.66
EMP04440,Male,28,5,Central University,Legal,Senior Legal Counsel,2,Chennai,3.0,2.1,24,13.6,8.94
EMP04441,Male,31,5,IIT,Finance,Senior Financial Analyst,2,Chennai,3.7,3.8,9,17.8,12.47
EMP04442,Male,30,6,IIM,Operations,Operations Manager,2,Pune,4.3,3.9,30,5.8,11.89
EMP04443,Female,25,2,Central University,Sales,Sales Executive,1,Hyderabad,3.4,3.6,3,24.1,6.64
EMP04444,Female,24,2,IIT,Engineering,Software Engineer,1,Thiruvananthapuram,2.8,2.8,8,11.3,6.14
EMP04445,Male,35,8,NIT,Legal,Legal Manager,3,Jaipur,3.3,2.6,48,10.0,12.26
EMP04446,Male,28,2,Diploma,Operations,Operations Manager,1,Vadodara,2.8,,15,7.6,6.38
EMP04447,Male,32,5,Central University,Data Science,Data Analyst,2,Visakhapatnam,2.8,3.3,37,9.0,10.18
EMP04448,Male,28,4,IIIT,Product,Product Manager,3,Kolkata,3.1,3.3,11,19.4,15.33
EMP04449,Male,31,5,Distance Learning,Engineering,Senior Software Engineer,2,Jaipur,2.5,3.2,13,9.4,7.86
EMP04450,Male,32,7,State University,Marketing,Marketing Executive,2,Kolkata,2.6,3.9,15,21.3,10.55
EMP04451,Female,43,18,Central University,Engineering,Engineering Manager,4,Mysore,4.0,3.9,18,9.3,23.16
EMP04452,Female,25,1,Diploma,Operations,Operations Manager,2,Jaipur,3.6,3.6,4,6.4,5.31
EMP04453,Female,36,11,Central University,Engineering,Senior Software Engineer,3,Hyderabad,3.7,3.5,24,13.8,15.37
EMP04454,Female,25,1,Central University,Operations,Operations Executive,1,Kochi,4.0,3.0,9,9.2,4.42
EMP04455,Male,41,16,Other,Sales,Business Development Manager,5,Mysore,2.0,,19,16.1,25.24
EMP04456,Male,25,1,State University,Finance,Financial Analyst,1,Dehradun,3.2,3.3,22,12.6,6.55
EMP04457,Male,57,30,Central University,Finance,Accounts Manager,6,Coimbatore,4.6,,1,14.1,50.0
EMP04458,Female,31,4,Other,Sales,Account Manager,2,Ahmedabad,4.8,2.9,5,31.0,5.95
EMP04459,Male,38,14,Tier-2 Private,Customer Support,Support Manager,5,Hyderabad,2.9,4.0,2,5.6,32.76
EMP04460,Female,36,12,Tier-2 Private,Customer Support,Support Manager,4,Bangalore,2.7,3.7,5,7.0,16.88
EMP04461,Male,30,4,Other,Operations,Operations Manager,1,Chennai,1.8,4.1,39,9.3,7.01
EMP04462,Male,29,4,Tier-2 Private,Product,Senior Product Manager,2,Coimbatore,3.1,3.3,1,17.5,12.07
EMP04463,Male,26,3,Central University,Finance,Financial Analyst,1,Raipur,3.9,3.0,3,10.6,6.57
EMP04464,Female,37,10,Diploma,Data Science,Data Scientist,2,Nagpur,4.1,3.3,15,11.9,11.42
EMP04465,Male,30,4,NIT,Engineering,Senior Software Engineer,2,Raipur,2.4,3.3,10,13.0,7.14
EMP04466,Male,28,3,Tier-2 Private,Data Science,Data Scientist,1,Nagpur,3.3,3.2,1,13.0,9.27
EMP04467,Male,34,8,State University,Sales,Account Manager,3,Indore,3.0,3.4,1,26.9,14.41
EMP04468,Female,26,3,NIT,Marketing,Marketing Executive,1,Mumbai,2.6,3.7,18,16.9,7.32
EMP04469,Female,30,4,Tier-2 Private,HR,HR Business Partner,2,Nagpur,2.9,2.7,12,11.2,5.89
EMP04470,Male,28,6,Distance Learning,Product,Group Product Manager,3,Bangalore,4.1,4.8,2,14.3,20.24
EMP04471,Female,29,3,IIIT,Engineering,Software Engineer,1,Chandigarh,3.8,3.7,13,10.5,7.23
EMP04472,Male,29,4,State University,Marketing,Marketing Manager,2,Visakhapatnam,3.7,,23,18.0,10.09
EMP04473,Female,42,17,Central University,Marketing,Digital Marketing Manager,5,Kochi,4.5,3.8,1,23.1,23.16
EMP04474,Male,31,5,Tier-2 Private,Engineering,Lead Engineer,3,Thiruvananthapuram,3.3,3.0,15,11.2,12.5
EMP04475,Male,27,4,IIIT,Operations,Operations Executive,2,Lucknow,3.3,,13,8.5,9.6
EMP04476,Female,31,5,State University,Product,Product Manager,2,Visakhapatnam,3.8,3.6,29,17.4,8.23
EMP04477,Male,30,8,State University,HR,HR Business Partner,3,Chandigarh,2.6,,23,9.8,13.52
EMP04478,Male,28,2,Central University,Finance,Senior Financial Analyst,1,Bangalore,4.1,3.5,22,15.7,6.15
EMP04479,Female,34,8,Other,Engineering,Staff Engineer,3,Pune,3.9,2.5,33,10.6,13.58
EMP04480,Female,29,7,Tier-2 Private,Customer Support,Support Team Lead,2,Bangalore,3.7,3.3,45,5.1,7.24
EMP04481,Male,27,1,State University,Operations,Operations Executive,1,Raipur,2.9,4.5,1,8.8,5.63
EMP04482,Female,47,21,Distance Learning,Product,Product Analyst,6,Hyderabad,4.0,2.8,60,15.9,39.94
EMP04483,Female,41,16,NIT,Product,Product Analyst,5,Vadodara,4.8,,5,19.1,26.37
EMP04484,Male,28,3,"Top Private (ISB, XLRI, SP Jain)",Engineering,Software Engineer,1,Pune,3.8,3.4,5,12.8,7.44
EMP04485,Female,24,2,Diploma,Sales,Account Manager,1,Visakhapatnam,3.0,3.7,3,16.0,4.01
EMP04486,Male,34,7,BITS,Finance,Financial Analyst,1,Lucknow,4.8,2.8,4,15.7,9.09
EMP04487,Female,29,2,Central University,Product,Associate Product Manager,1,Bangalore,3.8,2.9,11,12.7,4.76
EMP04488,Male,41,15,State University,Customer Support,Support Manager,5,Hyderabad,4.8,,7,9.9,26.42
EMP04489,Male,26,4,Tier-2 Private,Customer Support,Customer Support Executive,1,Kochi,2.7,4.6,1,7.6,7.18
EMP04490,Male,42,18,Central University,Marketing,Content Strategist,4,Pune,2.9,2.9,1,18.2,25.38
EMP04491,Male,29,3,Central University,HR,HR Manager,1,Kolkata,4.1,3.7,6,8.2,7.34
EMP04492,Female,31,5,Tier-2 Private,Legal,Legal Manager,3,Lucknow,1.3,2.8,10,9.5,9.81
EMP04493,Female,41,14,IIIT,Operations,Logistics Manager,5,Ahmedabad,5.0,3.6,10,7.1,17.07
EMP04494,Male,29,4,State University,Product,Product Manager,2,Mysore,4.5,4.3,5,14.2,9.27
EMP04495,Male,33,7,Diploma,Sales,Sales Manager,3,Mumbai,2.9,3.5,5,33.1,13.32
EMP04496,Male,36,12,"Top Private (ISB, XLRI, SP Jain)",Data Science,Lead Data Scientist,4,Kolkata,4.4,,19,8.2,29.79
EMP04497,Male,30,4,Other,HR,HR Executive,2,Coimbatore,3.5,4.0,3,9.6,7.21
EMP04498,Male,27,2,Diploma,Marketing,Brand Manager,2,Chandigarh,3.3,3.8,7,16.6,8.31
EMP04499,Female,28,2,Diploma,HR,HR Executive,1,Hyderabad,2.7,3.9,49,7.9,4.82
EMP04500,Female,32,9,IIIT,Sales,Sales Manager,3,Hyderabad,4.3,4.9,17,33.8,17.04
EMP04501,Male,30,7,Tier-2 Private,Engineering,Senior Software Engineer,2,Pune,4.0,4.5,25,10.8,14.75
EMP04502,Male,34,12,Diploma,Legal,Legal Manager,4,Mumbai,3.7,2.5,15,14.4,20.41
EMP04503,Female,30,4,State University,Finance,Financial Analyst,2,Bangalore,2.5,2.3,19,16.7,6.95
EMP04504,Male,28,2,Central University,Product,Product Manager,1,Kolkata,3.9,3.5,26,14.4,8.18
EMP04505,Male,24,1,IIIT,HR,HR Manager,1,Bangalore,4.2,2.2,9,11.5,7.24
EMP04506,Male,54,30,BITS,Customer Support,Support Manager,5,Indore,4.9,3.5,3,7.6,50.0
EMP04507,Male,33,8,Distance Learning,Legal,Compliance Officer,3,Delhi,3.3,2.5,3,14.1,13.43
EMP04508,Male,32,6,Distance Learning,Marketing,Brand Manager,2,Visakhapatnam,3.0,3.7,3,18.0,12.09
EMP04509,Female,30,7,Other,HR,HR Manager,3,Vadodara,2.6,3.6,1,11.4,9.41
EMP04510,Male,26,2,BITS,HR,HR Executive,1,Pune,3.5,3.5,31,11.4,7.78
EMP04511,Female,26,3,State University,Operations,Operations Executive,1,Kolkata,4.1,3.1,2,6.3,6.15
EMP04512,Male,46,20,IIIT,Legal,Company Secretary,6,Pune,5.0,3.1,6,11.8,50.0
EMP04513,Female,36,9,Central University,Data Science,Senior Data Scientist,3,Delhi,3.9,3.4,17,15.0,13.14
EMP04514,Male,29,3,State University,Marketing,Marketing Executive,1,Mumbai,4.5,2.7,17,18.8,6.57
EMP04515,Male,28,2,Tier-2 Private,HR,HR Executive,1,Ranchi,3.6,3.0,23,8.9,5.88
EMP04516,Male,30,4,State University,Sales,Sales Executive,1,Hyderabad,4.1,3.9,8,15.2,7.21
EMP04517,Male,31,4,NIT,Engineering,Senior Software Engineer,2,Bangalore,3.0,3.3,2,11.2,10.58
EMP04518,Male,49,25,State University,HR,Learning & Development Manager,6,Mumbai,3.7,3.3,3,5.6,50.0
EMP04519,Female,28,5,Tier-2 Private,Sales,Sales Manager,3,Mumbai,2.7,4.0,5,31.2,8.89
EMP04520,Male,29,2,"Top Private (ISB, XLRI, SP Jain)",Data Science,Data Analyst,2,Hyderabad,4.4,3.6,8,14.9,12.71
EMP04521,Male,27,5,Tier-2 Private,Data Science,Data Scientist,2,Bhopal,5.0,,9,8.6,14.6
EMP04522,Male,31,7,State University,Engineering,Staff Engineer,3,Kolkata,3.6,4.1,8,11.3,12.82
EMP04523,Female,28,2,Diploma,Legal,Senior Legal Counsel,2,Lucknow,3.1,2.7,3,9.8,6.75
EMP04524,Female,34,8,IIT,Customer Support,Support Team Lead,3,Bangalore,5.0,1.1,21,8.9,11.97
EMP04525,Female,40,14,Distance Learning,Marketing,Content Strategist,4,Lucknow,4.4,4.3,1,19.8,15.35
EMP04526,Male,30,6,BITS,Legal,Legal Associate,2,Dehradun,4.7,2.8,11,9.4,9.6
EMP04527,Female,30,3,IIIT,HR,HR Business Partner,2,Chennai,3.8,4.5,20,7.7,8.17
EMP04528,Female,27,4,Central University,Customer Support,Support Team Lead,3,Lucknow,2.7,2.9,21,9.3,7.58
EMP04529,Male,23,1,Tier-2 Private,Data Science,Data Scientist,1,Kochi,3.3,2.3,1,14.0,6.97
EMP04530,Male,30,5,Central University,Operations,Operations Executive,2,Chennai,3.6,2.9,11,9.4,8.55
EMP04531,Female,30,7,Diploma,Sales,Account Manager,2,Pune,3.5,3.6,19,29.6,6.64
EMP04532,Male,27,3,BITS,Operations,Operations Executive,2,Kolkata,2.6,4.7,1,6.3,9.6
EMP04533,Female,47,23,Diploma,Marketing,Content Strategist,6,Delhi,3.5,3.9,8,16.1,48.58
EMP04534,Male,33,10,Other,Product,Director of Product,4,Chennai,2.6,4.3,18,18.8,17.25
EMP04535,Male,28,1,Tier-2 Private,Data Science,Data Analyst,2,Ahmedabad,2.4,2.7,12,9.8,8.78
EMP04536,Male,25,1,Tier-2 Private,Operations,Operations Executive,1,Pune,2.9,4.2,35,6.1,6.62
EMP04537,Female,29,3,Tier-2 Private,HR,HR Manager,2,Chandigarh,3.3,3.1,5,11.2,7.62
EMP04538,Female,40,18,State University,Marketing,Digital Marketing Manager,5,Bangalore,3.3,4.5,17,15.7,30.03
EMP04539,Male,38,11,Central University,Engineering,Staff Engineer,3,Pune,3.4,3.9,51,12.6,23.62
EMP04540,Male,45,18,IIIT,Finance,Controller,5,Bangalore,4.9,3.9,8,10.9,50.0
EMP04541,Male,28,6,State University,Legal,Legal Associate,1,Lucknow,3.4,2.6,25,10.1,6.12
EMP04542,Male,30,5,Tier-2 Private,Operations,Operations Manager,1,Delhi,2.0,4.0,4,8.5,6.74
EMP04543,Female,27,2,Other,Sales,Senior Account Manager,2,Vadodara,3.2,2.9,62,32.5,4.41
EMP04544,Male,30,7,Other,Engineering,Senior Software Engineer,3,Ahmedabad,3.3,4.1,7,8.1,16.46
EMP04545,Male,31,5,State University,Marketing,Brand Manager,2,Kolkata,1.7,3.5,3,15.2,8.81
EMP04546,Male,31,5,State University,HR,HR Business Partner,2,Pune,3.5,3.2,38,11.7,10.3
EMP04547,Female,45,18,Distance Learning,Sales,Sales Manager,4,Patna,3.0,3.7,27,25.0,14.32
EMP04548,Male,30,5,Tier-2 Private,Sales,Senior Account Manager,2,Pune,3.4,3.7,1,29.7,8.18
EMP04549,Female,41,15,State University,Engineering,Lead Engineer,4,Ahmedabad,3.6,2.4,7,14.2,17.72
EMP04550,Male,27,1,BITS,Legal,Legal Associate,2,Jaipur,3.3,4.7,28,8.4,8.88
EMP04551,Male,56,30,Central University,Engineering,Principal Engineer,6,Indore,3.3,3.5,1,9.9,50.0
EMP04552,Female,29,4,IIIT,Marketing,Marketing Manager,1,Kochi,3.0,3.9,48,21.3,5.76
EMP04553,Male,35,9,State University,Product,Product Manager,2,Pune,3.9,,7,10.3,13.7
EMP04554,Female,33,11,Central University,Finance,Finance Manager,3,Indore,3.1,2.7,8,13.8,12.22
EMP04555,Male,29,4,NIT,Marketing,Marketing Manager,1,Bhopal,3.9,3.5,12,13.8,7.04
EMP04556,Female,33,10,Other,HR,Talent Acquisition Specialist,3,Guwahati,2.5,,21,10.2,10.7
EMP04557,Female,35,11,Other,Engineering,Staff Engineer,3,Bangalore,3.1,5.0,12,14.7,15.84
EMP04558,Female,29,3,Other,Data Science,Data Analyst,1,Patna,3.8,,1,8.5,6.97
EMP04559,Male,25,3,Central University,Operations,Operations Executive,1,Chandigarh,2.5,3.2,20,7.8,7.6
EMP04560,Female,32,6,State University,Engineering,Senior Software Engineer,1,Mumbai,3.0,2.2,1,9.2,6.4
EMP04561,Female,28,5,Diploma,Product,Senior Product Manager,2,Lucknow,3.9,3.3,3,17.5,6.61
EMP04562,Male,42,16,State University,Legal,Company Secretary,5,Lucknow,2.8,,20,13.4,28.54
EMP04563,Male,35,9,NIT,Product,Director of Product,4,Raipur,4.4,4.3,1,19.5,21.77
EMP04564,Female,27,5,IIM,Data Science,Data Analyst,2,Lucknow,3.4,,3,9.2,9.42
EMP04565,Male,32,9,Central University,Marketing,Marketing Manager,3,Thiruvananthapuram,3.2,4.0,21,13.7,12.65
EMP04566,Female,27,1,BITS,Marketing,Marketing Manager,1,Patna,3.9,4.0,42,18.6,5.17
EMP04567,Female,27,3,State University,Data Science,Data Analyst,2,Patna,3.5,3.2,18,12.0,6.53
EMP04568,Male,31,7,Distance Learning,Marketing,Digital Marketing Manager,3,Guwahati,3.5,4.2,17,24.3,10.79
EMP04569,Male,35,13,NIT,Legal,Compliance Officer,5,Bangalore,3.3,,65,11.3,27.41
EMP04570,Male,32,6,Tier-2 Private,Customer Support,Support Manager,3,Kolkata,3.3,,51,10.0,14.65
EMP04571,Male,38,16,Diploma,Engineering,Principal Engineer,5,Delhi,2.6,,16,10.5,32.36
EMP04572,Female,34,11,IIIT,Sales,Senior Account Manager,2,Indore,3.9,3.2,32,26.9,11.24
EMP04573,Male,28,4,Tier-2 Private,Operations,Operations Manager,2,Ahmedabad,3.0,,21,6.5,8.52
EMP04574,Male,31,5,IIM,Sales,Sales Executive,2,Surat,4.2,4.7,2,19.7,10.18
EMP04575,Female,32,8,Distance Learning,Sales,Senior Account Manager,3,Nagpur,2.7,3.9,3,27.5,9.32
EMP04576,Male,31,4,Diploma,Operations,Supply Chain Analyst,2,Kochi,4.4,3.9,4,8.6,7.25
EMP04577,Female,42,17,NIT,Legal,Compliance Officer,4,Surat,2.8,3.3,1,10.5,19.9
EMP04578,Male,25,2,Diploma,Product,Associate Product Manager,1,Vadodara,4.0,3.0,2,11.2,8.22
EMP04579,Male,30,7,IIT,Data Science,Data Scientist,2,Hyderabad,3.1,,1,11.5,15.17
EMP04580,Male,36,10,Other,Finance,FP&A Analyst,4,Nagpur,3.6,4.4,46,13.0,21.28
EMP04581,Female,28,4,State University,Data Science,Data Analyst,2,Surat,3.0,1.8,47,10.5,5.63
EMP04582,Female,29,4,Central University,Data Science,Data Analyst,1,Nagpur,2.8,2.7,7,13.9,4.5
EMP04583,Female,29,5,Distance Learning,Engineering,Senior Software Engineer,2,Delhi,3.1,3.8,13,11.5,7.94
EMP04584,Female,33,10,Distance Learning,HR,Compensation Analyst,4,Bangalore,3.9,,60,10.1,20.64
EMP04585,Female,29,4,NIT,Legal,Legal Associate,2,Ahmedabad,3.9,3.7,21,9.8,6.34
EMP04586,Female,25,2,State University,Engineering,Software Engineer,1,Surat,3.9,2.6,6,9.4,6.04
EMP04587,Male,40,13,Other,Operations,Supply Chain Analyst,3,Dehradun,3.6,3.0,11,5.7,14.89
EMP04588,Female,34,8,IIIT,Customer Support,Support Team Lead,3,Mumbai,5.0,2.5,9,7.1,12.74
EMP04589,Female,38,12,Central University,Marketing,Content Strategist,4,Raipur,2.8,3.2,35,20.1,14.07
EMP04590,Female,33,10,State University,Data Science,Lead Data Scientist,4,Patna,3.3,,14,13.0,13.49
EMP04591,Male,49,27,Other,Operations,Logistics Manager,6,Visakhapatnam,1.5,2.8,5,5.6,46.33
EMP04592,Male,35,13,Other,Product,Group Product Manager,4,Lucknow,3.8,,37,11.5,24.07
EMP04593,Female,30,3,Tier-2 Private,Data Science,Data Analyst,1,Chennai,2.7,3.0,55,12.5,6.86
EMP04594,Male,35,8,State University,Marketing,Marketing Manager,3,Hyderabad,3.4,3.4,23,23.8,11.63
EMP04595,Male,30,4,Central University,Engineering,Senior Software Engineer,2,Hyderabad,2.9,3.1,5,13.2,10.25
EMP04596,Female,29,4,NIT,Finance,Financial Analyst,1,Delhi,3.3,3.7,8,16.8,6.38
EMP04597,Male,25,2,IIT,Sales,Account Manager,1,Hyderabad,3.5,3.3,1,19.2,6.97
EMP04598,Male,30,4,BITS,Data Science,Data Analyst,2,Nagpur,2.9,3.7,2,14.3,12.42
EMP04599,Male,33,8,NIT,HR,HR Manager,3,Bangalore,3.7,3.9,8,7.5,14.86
EMP04600,Male,30,5,NIT,Customer Support,Support Team Lead,2,Thiruvananthapuram,3.1,,45,7.9,8.49
EMP04601,Female,24,2,Tier-2 Private,Product,Associate Product Manager,1,Raipur,2.9,3.7,51,18.8,5.9
EMP04602,Female,27,2,IIM,Product,Product Manager,1,Bangalore,3.9,3.4,11,11.9,7.98
EMP04603,Female,52,26,Distance Learning,Sales,Business Development Manager,6,Raipur,3.6,3.4,1,34.3,49.39
EMP04604,Female,33,7,Central University,Sales,Account Manager,2,Nagpur,2.1,,46,32.4,6.19
EMP04605,Female,25,3,Other,Marketing,Marketing Manager,1,Vadodara,3.2,3.9,10,12.6,5.96
EMP04606,Male,30,8,Central University,Sales,Senior Account Manager,3,Coimbatore,2.7,2.4,21,29.8,11.36
EMP04607,Female,55,28,Central University,Operations,Process Improvement Specialist,6,Pune,4.5,3.2,31,9.2,47.8
EMP04608,Male,32,9,State University,Product,Product Manager,3,Coimbatore,2.8,3.0,1,16.1,15.26
EMP04609,Male,24,0,IIT,Legal,Legal Associate,1,Lucknow,2.9,3.3,49,11.7,6.55
EMP04610,Female,55,30,BITS,Product,Group Product Manager,5,Dehradun,3.5,2.3,28,17.0,49.61
EMP04611,Female,25,1,State University,Operations,Operations Executive,1,Raipur,3.8,2.8,3,5.9,3.9
EMP04612,Male,32,5,State University,HR,HR Executive,2,Lucknow,2.9,2.8,45,10.2,8.73
EMP04613,Female,29,2,Tier-2 Private,HR,HR Executive,1,Coimbatore,3.6,2.2,55,10.3,5.98
EMP04614,Male,27,3,Central University,Legal,Senior Legal Counsel,1,Dehradun,3.6,4.0,5,14.1,7.3
EMP04615,Male,30,7,State University,Customer Support,Customer Support Executive,2,Dehradun,2.1,3.1,9,8.9,7.94
EMP04616,Male,28,1,IIM,Sales,Sales Executive,1,Nagpur,3.8,3.4,6,20.6,7.79
EMP04617,Male,31,5,Diploma,HR,HR Manager,2,Chennai,3.0,3.8,4,7.7,6.92
EMP04618,Male,39,13,Diploma,Finance,Accounts Manager,5,Dehradun,2.5,3.8,6,17.6,22.35
EMP04619,Male,27,3,State University,Sales,Sales Executive,1,Vadodara,4.9,,29,34.5,5.94
EMP04620,Male,26,2,Tier-2 Private,Engineering,Software Engineer,1,Jaipur,2.8,3.1,20,11.8,6.57
EMP04621,Male,28,5,Tier-2 Private,Data Science,Senior Data Scientist,2,Dehradun,4.0,3.3,14,11.4,8.6
EMP04622,Female,28,4,Tier-2 Private,Operations,Supply Chain Analyst,2,Kochi,3.8,3.4,21,6.6,7.02
EMP04623,Female,28,3,NIT,Product,Associate Product Manager,1,Nagpur,2.1,4.0,1,16.3,4.45
EMP04624,Female,24,2,Tier-2 Private,Marketing,Marketing Executive,2,Ranchi,2.8,1.7,18,17.8,5.23
EMP04625,Male,33,8,State University,Customer Support,Customer Support Executive,2,Bangalore,2.6,3.9,16,9.2,12.41
EMP04626,Female,34,9,Tier-2 Private,Finance,Controller,3,Indore,4.1,2.5,6,12.7,12.67
EMP04627,Female,29,2,Distance Learning,Marketing,Marketing Executive,1,Ranchi,4.1,2.9,19,23.8,4.62
EMP04628,Male,25,3,IIM,Operations,Supply Chain Analyst,2,Thiruvananthapuram,4.7,3.4,9,9.9,10.88
EMP04629,Male,29,6,Central University,Sales,Sales Executive,1,Coimbatore,2.7,3.5,34,34.8,7.45
EMP04630,Male,27,3,IIT,Customer Support,Customer Support Executive,1,Delhi,5.0,,7,9.0,8.69
EMP04631,Male,33,6,IIIT,Finance,Controller,3,Ranchi,4.2,4.4,19,14.7,11.98
EMP04632,Male,39,16,IIIT,Customer Support,Support Manager,5,Kolkata,4.7,,8,5.6,34.24
EMP04633,Male,32,5,State University,Product,Senior Product Manager,2,Coimbatore,3.6,3.3,1,15.1,11.61
EMP04634,Male,29,2,Distance Learning,Operations,Operations Executive,1,Chandigarh,3.2,4.7,21,9.9,6.88
EMP04635,Female,29,7,IIIT,Engineering,Software Engineer,1,Dehradun,2.8,2.8,2,11.6,8.35
EMP04636,Male,29,5,State University,Customer Support,Customer Support Executive,2,Hyderabad,4.4,3.0,5,8.7,10.98
EMP04637,Male,28,5,Central University,Sales,Account Manager,2,Guwahati,3.3,3.7,5,16.9,7.65
EMP04638,Female,32,8,BITS,Finance,Controller,3,Coimbatore,3.4,2.9,25,17.7,8.46
EMP04639,Male,36,9,Central University,Customer Support,Customer Support Executive,2,Kochi,4.3,3.9,26,9.9,11.96
EMP04640,Male,30,6,Distance Learning,Data Science,Data Analyst,2,Indore,4.1,3.4,79,9.3,12.06
EMP04641,Male,30,5,Central University,Finance,Finance Manager,2,Delhi,3.3,3.8,1,12.0,10.48
EMP04642,Male,47,25,State University,Marketing,Content Strategist,6,Ahmedabad,3.6,3.0,5,17.4,50.0
EMP04643,Male,39,14,State University,Operations,Operations Manager,3,Pune,3.7,4.8,5,8.8,19.94
EMP04644,Male,34,10,Central University,Operations,Supply Chain Analyst,3,Mysore,3.5,,38,8.7,14.73
EMP04645,Male,33,6,Tier-2 Private,Engineering,Senior Software Engineer,1,Kolkata,4.4,4.6,15,11.1,10.79
EMP04646,Female,28,2,Other,Legal,Senior Legal Counsel,1,Raipur,3.9,,8,13.3,4.83
EMP04647,Female,36,13,NIT,Data Science,Lead Data Scientist,4,Kolkata,3.2,4.5,28,13.8,25.47
EMP04648,Male,31,6,Central University,Customer Support,Support Manager,3,Kolkata,4.5,3.5,1,7.2,17.43
EMP04649,Male,28,4,Tier-2 Private,Marketing,Marketing Executive,2,Indore,3.0,3.4,1,23.2,8.57
EMP04650,Male,29,5,Central University,HR,HR Executive,2,Jaipur,3.4,1.8,28,7.5,9.28
EMP04651,Female,27,3,State University,Finance,Senior Financial Analyst,1,Indore,3.3,2.4,8,11.5,5.54
EMP04652,Female,38,12,Distance Learning,Finance,FP&A Analyst,5,Lucknow,3.2,,5,12.3,17.73
EMP04653,Male,32,9,Central University,Marketing,Brand Manager,4,Pune,3.2,2.8,83,12.1,16.2
EMP04654,Male,28,6,IIT,Product,Associate Product Manager,1,Ranchi,4.2,,33,11.5,11.36
EMP04655,Male,28,5,Distance Learning,Customer Support,Customer Success Manager,2,Nagpur,3.5,,33,6.8,10.3
EMP04656,Female,29,3,State University,Operations,Supply Chain Analyst,2,Visakhapatnam,4.8,3.3,50,8.3,6.91
EMP04657,Female,24,1,State University,Marketing,Marketing Executive,1,Kochi,3.1,3.4,14,13.1,4.5
EMP04658,Male,24,2,State University,Operations,Operations Executive,2,Visakhapatnam,3.0,1.3,84,6.4,8.08
EMP04659,Male,27,3,NIT,Engineering,Staff Engineer,2,Bangalore,2.4,3.4,76,12.0,9.08
EMP04660,Male,30,3,Tier-2 Private,Operations,Operations Executive,2,Mysore,2.4,5.0,46,5.5,8.06
EMP04661,Female,34,7,State University,Data Science,Data Analyst,2,Visakhapatnam,2.9,,31,10.1,9.36
EMP04662,Female,37,10,Other,Data Science,Lead Data Scientist,4,Chennai,2.8,3.6,18,9.6,16.43
EMP04663,Male,31,5,State University,Operations,Operations Executive,1,Delhi,3.0,3.7,12,6.0,8.87
EMP04664,Male,42,16,Central University,Marketing,Content Strategist,6,Delhi,3.6,4.6,12,12.5,44.36
EMP04665,Male,29,3,State University,Data Science,Data Scientist,1,Thiruvananthapuram,2.8,,17,14.5,7.08
EMP04666,Male,27,5,BITS,Engineering,Software Engineer,1,Indore,4.8,3.5,41,14.5,8.99
EMP04667,Female,29,5,Central University,Operations,Supply Chain Analyst,2,Hyderabad,3.4,3.5,26,7.6,7.4
EMP04668,Male,37,12,Tier-2 Private,HR,Learning & Development Manager,5,Bhopal,4.1,4.1,21,8.5,22.87
EMP04669,Female,30,6,Other,Product,Group Product Manager,3,Jaipur,2.8,,32,10.2,9.51
EMP04670,Male,32,6,State University,Product,Product Manager,1,Ahmedabad,3.2,,33,12.7,8.9
EMP04671,Male,28,1,Tier-2 Private,Sales,Senior Account Manager,2,Surat,3.7,3.7,37,30.5,6.9
EMP04672,Male,28,3,Diploma,Legal,Senior Legal Counsel,2,Dehradun,3.8,4.2,25,14.1,9.4
EMP04673,Male,35,13,Distance Learning,Customer Support,Customer Success Manager,5,Chandigarh,4.2,3.2,9,8.8,27.53
EMP04674,Male,25,1,Central University,Legal,Senior Legal Counsel,1,Nagpur,2.4,3.4,19,11.3,7.52
EMP04675,Female,38,15,Distance Learning,Product,Director of Product,5,Kolkata,5.0,4.4,3,16.1,31.1
EMP04676,Male,32,8,Central University,Sales,Senior Account Manager,3,Ahmedabad,4.8,,31,22.6,15.44
EMP04677,Male,26,3,Tier-2 Private,Finance,Financial Analyst,1,Kolkata,3.7,3.0,12,14.6,8.5
EMP04678,Male,25,3,Other,Data Science,Data Scientist,1,Bangalore,3.8,2.6,18,9.7,8.72
EMP04679,Male,45,22,State University,Data Science,Data Engineer,6,Coimbatore,3.7,3.5,42,13.8,50.0
EMP04680,Female,40,16,"Top Private (ISB, XLRI, SP Jain)",Marketing,Content Strategist,5,Chennai,2.7,,22,16.6,21.13
EMP04681,Female,27,5,NIT,Product,Associate Product Manager,2,Mumbai,2.4,4.2,39,14.8,7.78
EMP04682,Male,28,6,Other,Data Science,Data Scientist,2,Dehradun,2.6,,15,13.4,8.42
EMP04683,Female,26,3,Central University,Sales,Sales Executive,2,Bangalore,2.5,3.9,3,33.2,8.55
EMP04684,Female,31,6,Tier-2 Private,Engineering,Senior Software Engineer,2,Bhopal,4.8,3.3,11,9.0,6.25
EMP04685,Female,28,3,State University,Customer Support,Customer Support Executive,1,Dehradun,3.1,3.0,20,5.5,5.2
EMP04686,Male,29,5,Tier-2 Private,Marketing,Marketing Manager,2,Hyderabad,4.4,3.4,32,20.9,10.54
EMP04687,Male,46,21,Distance Learning,Finance,Accounts Manager,6,Chennai,3.3,4.5,15,12.4,50.0
EMP04688,Male,28,5,IIIT,Finance,Financial Analyst,2,Jaipur,3.4,,13,10.2,10.91
EMP04689,Female,28,2,State University,Operations,Operations Executive,1,Chennai,3.3,3.4,33,8.0,3.99
EMP04690,Female,24,2,Distance Learning,Customer Support,Customer Support Executive,1,Lucknow,3.0,2.8,3,6.1,4.03
EMP04691,Male,28,6,Other,Product,Senior Product Manager,2,Hyderabad,4.9,4.1,44,17.4,13.24
EMP04692,Male,30,3,IIIT,Customer Support,Support Team Lead,1,Kolkata,3.6,3.7,34,9.2,8.45
EMP04693,Female,31,7,NIT,Customer Support,Customer Success Manager,2,Kochi,4.6,3.0,3,7.9,9.37
EMP04694,Female,26,1,"Top Private (ISB, XLRI, SP Jain)",Customer Support,Customer Support Executive,1,Chennai,3.7,2.6,4,8.8,5.23
EMP04695,Male,33,9,Diploma,Operations,Supply Chain Analyst,3,Kolkata,4.6,3.2,5,7.2,17.89
EMP04696,Female,27,2,State University,Engineering,Senior Software Engineer,1,Pune,3.6,,3,8.6,5.86
EMP04697,Male,32,6,IIM,Finance,Financial Analyst,2,Bangalore,3.3,3.0,2,13.1,12.89
EMP04698,Male,30,4,Distance Learning,HR,HR Executive,1,Patna,2.3,5.0,15,10.2,6.83
EMP04699,Male,43,20,Central University,Sales,Key Account Manager,6,Chandigarh,4.1,2.3,49,17.5,41.14
EMP04700,Female,31,6,Distance Learning,Engineering,Senior Software Engineer,2,Surat,4.7,3.9,15,10.2,8.85
EMP04701,Female,49,23,Diploma,HR,Learning & Development Manager,6,Mysore,4.3,,11,10.9,35.85
EMP04702,Male,32,8,Distance Learning,Operations,Process Improvement Specialist,4,Patna,3.2,2.5,2,7.8,13.28
EMP04703,Male,40,16,Diploma,Engineering,Lead Engineer,5,Mumbai,4.1,4.2,13,8.5,39.04
EMP04704,Male,30,5,Central University,HR,HR Manager,3,Nagpur,2.6,5.0,3,9.6,12.51
EMP04705,Male,32,7,Tier-2 Private,Marketing,Brand Manager,3,Ranchi,2.7,3.6,1,13.4,11.55
EMP04706,Male,37,14,Central University,Marketing,Marketing Manager,3,Vadodara,2.9,4.2,13,17.7,16.12
EMP04707,Male,38,11,IIM,Sales,Sales Manager,3,Guwahati,3.0,3.5,16,25.5,17.29
EMP04708,Male,33,8,Other,Engineering,Engineering Manager,4,Chennai,4.0,3.9,65,11.5,20.79
EMP04709,Male,29,4,IIIT,Sales,Account Manager,1,Ahmedabad,4.2,2.3,15,16.7,6.95
EMP04710,Male,28,5,IIIT,Data Science,Data Analyst,1,Delhi,3.2,3.6,12,12.2,11.1
EMP04711,Female,39,13,Central University,Sales,Key Account Manager,4,Mumbai,4.8,3.3,26,23.0,17.35
EMP04712,Male,42,15,IIT,Finance,Finance Manager,3,Hyderabad,3.1,,26,15.8,26.58
EMP04713,Female,29,3,Tier-2 Private,HR,HR Executive,1,Kolkata,4.4,4.3,18,10.5,6.71
EMP04714,Female,28,3,IIIT,Product,Associate Product Manager,1,Mumbai,3.2,3.3,8,13.4,7.06
EMP04715,Male,28,3,Central University,Customer Support,Customer Support Executive,1,Hyderabad,3.5,3.5,2,7.4,8.14
EMP04716,Male,33,10,State University,Data Science,Data Scientist,3,Dehradun,3.6,3.3,36,12.1,16.15
EMP04717,Male,25,3,NIT,Marketing,Marketing Manager,2,Thiruvananthapuram,4.2,3.3,7,22.0,12.13
EMP04718,Female,35,10,Tier-2 Private,Legal,Legal Manager,4,Ahmedabad,3.3,3.2,8,10.5,14.4
EMP04719,Male,31,8,State University,Finance,Finance Manager,2,Vadodara,2.2,3.4,5,14.5,7.29
EMP04720,Male,26,4,Tier-2 Private,Engineering,Lead Engineer,3,Bhopal,4.1,3.9,40,13.4,11.6
EMP04721,Male,44,18,NIT,Product,Group Product Manager,5,Bangalore,3.5,4.0,5,14.7,50.0
EMP04722,Male,26,2,Diploma,Product,Associate Product Manager,1,Patna,4.9,4.6,3,12.0,9.89
EMP04723,Male,46,19,NIT,Engineering,Principal Engineer,5,Bangalore,2.5,3.3,56,9.6,50.0
EMP04724,Female,34,7,IIT,Customer Support,Customer Support Executive,2,Chennai,3.3,2.6,4,5.0,10.99
EMP04725,Male,23,1,BITS,Legal,Legal Manager,2,Pune,2.2,3.7,8,13.1,8.95
EMP04726,Male,44,18,State University,Legal,Legal Manager,4,Lucknow,3.6,3.7,20,9.3,27.04
EMP04727,Female,35,11,Diploma,HR,HR Business Partner,3,Chandigarh,3.6,4.0,70,7.4,15.28
EMP04728,Male,30,4,IIM,Finance,Senior Financial Analyst,3,Kolkata,4.6,2.6,25,12.4,16.27
EMP04729,Female,25,3,Tier-2 Private,Legal,Senior Legal Counsel,1,Visakhapatnam,3.9,3.2,22,8.6,5.45
EMP04730,Male,26,2,State University,Legal,Senior Legal Counsel,1,Thiruvananthapuram,3.1,,22,14.3,7.38
EMP04731,Male,55,30,IIIT,Sales,Business Development Manager,6,Thiruvananthapuram,3.6,4.2,8,20.1,50.0
EMP04732,Female,27,3,Central University,Data Science,Data Scientist,1,Hyderabad,4.3,4.1,11,8.7,6.3
EMP04733,Male,27,2,Tier-2 Private,Legal,Legal Associate,1,Raipur,2.1,3.4,3,12.9,4.89
EMP04734,Male,29,7,BITS,Operations,Operations Manager,3,Bangalore,3.9,2.1,54,6.4,14.2
EMP04735,Female,23,1,State University,Operations,Operations Executive,1,Dehradun,2.9,3.5,31,5.8,4.8
EMP04736,Female,28,3,"Top Private (ISB, XLRI, SP Jain)",Legal,Legal Associate,1,Hyderabad,3.2,3.6,53,12.1,6.76
EMP04737,Female,36,12,IIIT,Product,Director of Product,4,Guwahati,3.5,2.8,11,17.0,13.74
EMP04738,Male,33,8,Central University,Marketing,Marketing Manager,2,Delhi,2.3,3.8,18,14.1,11.42
EMP04739,Male,28,4,State University,Finance,Finance Manager,2,Mumbai,2.3,3.7,3,11.0,8.7
EMP04740,Female,28,6,Central University,Data Science,Data Scientist,3,Mysore,4.0,2.3,1,12.0,8.48
EMP04741,Male,30,4,Tier-2 Private,HR,HR Executive,2,Kochi,3.2,4.3,42,5.3,7.66
EMP04742,Male,27,5,Central University,HR,HR Executive,1,Ahmedabad,3.5,2.5,4,5.8,8.21
EMP04743,Female,29,3,"Top Private (ISB, XLRI, SP Jain)",Product,Associate Product Manager,2,Kochi,3.7,3.8,33,11.8,8.32
EMP04744,Male,26,4,Tier-2 Private,Sales,Sales Executive,1,Chandigarh,2.5,3.0,3,17.6,7.68
EMP04745,Male,30,3,Central University,Finance,Senior Financial Analyst,2,Chennai,2.9,3.7,1,13.4,12.44
EMP04746,Male,26,3,Central University,Legal,Legal Associate,1,Chandigarh,2.8,3.7,24,12.3,7.09
EMP04747,Male,39,12,Diploma,Sales,Key Account Manager,4,Ahmedabad,1.6,3.7,22,23.8,20.88
EMP04748,Female,32,10,Central University,Finance,Controller,3,Mumbai,3.3,4.1,5,16.9,12.33
EMP04749,Female,27,3,State University,Sales,Sales Executive,1,Chennai,3.4,3.9,1,26.1,5.84
EMP04750,Male,26,2,State University,Product,Product Manager,2,Chennai,3.9,3.1,28,18.0,10.17
EMP04751,Male,27,5,Other,HR,Talent Acquisition Specialist,3,Lucknow,3.8,3.6,2,9.5,11.56
EMP04752,Male,51,27,BITS,Operations,Process Improvement Specialist,6,Pune,2.1,4.0,2,5.6,50.0
EMP04753,Male,25,2,"Top Private (ISB, XLRI, SP Jain)",Product,Product Manager,1,Hyderabad,2.1,4.0,44,20.0,6.53
EMP04754,Male,29,5,Central University,Product,Product Manager,2,Delhi,3.0,4.0,23,13.9,12.62
EMP04755,Female,30,6,Central University,Data Science,Data Scientist,2,Mysore,3.7,3.3,17,11.3,7.48
EMP04756,Male,28,5,Central University,Product,Associate Product Manager,1,Hyderabad,3.1,4.2,8,19.3,8.94
EMP04757,Male,30,4,State University,Operations,Operations Manager,2,Mumbai,2.9,,6,7.2,9.58
EMP04758,Female,38,13,IIIT,Data Science,Senior Data Scientist,4,Visakhapatnam,4.6,3.5,48,9.6,25.29
EMP04759,Male,35,8,Central University,Legal,Senior Legal Counsel,3,Bangalore,4.0,3.5,8,10.3,17.38
EMP04760,Female,36,10,Tier-2 Private,Finance,Controller,4,Guwahati,4.1,4.5,5,11.0,14.05
EMP04761,Male,32,9,Distance Learning,Finance,Senior Financial Analyst,3,Ranchi,3.8,3.4,9,11.6,10.14
EMP04762,Male,34,11,BITS,Marketing,Marketing Manager,3,Delhi,2.6,3.0,1,20.1,18.16
EMP04763,Female,45,18,Diploma,Operations,Logistics Manager,5,Delhi,4.1,3.1,14,9.7,31.43
EMP04764,Male,38,15,Central University,Sales,Senior Account Manager,3,Delhi,5.0,3.7,9,27.9,19.77
EMP04765,Male,52,30,IIIT,Operations,Process Improvement Specialist,6,Vadodara,4.0,3.4,96,9.3,50.0
EMP04766,Male,39,14,IIM,Data Science,Senior Data Scientist,4,Jaipur,3.4,3.0,4,10.4,29.81
EMP04767,Female,30,3,State University,Legal,Legal Associate,1,Mumbai,2.3,3.2,14,12.1,6.53
EMP04768,Male,33,10,State University,Marketing,Digital Marketing Manager,3,Indore,2.9,4.4,13,12.2,13.7
EMP04769,Male,34,9,State University,Legal,Legal Manager,3,Coimbatore,4.1,2.6,17,10.3,16.42
EMP04770,Female,47,23,Distance Learning,Operations,Process Improvement Specialist,6,Pune,4.0,3.4,14,5.0,39.55
EMP04771,Female,27,3,State University,Engineering,Software Engineer,1,Hyderabad,2.7,2.5,1,13.0,5.18
EMP04772,Male,32,8,Distance Learning,HR,Talent Acquisition Specialist,3,Lucknow,3.9,2.8,7,10.9,11.56
EMP04773,Male,25,3,"Top Private (ISB, XLRI, SP Jain)",Legal,Legal Associate,1,Visakhapatnam,2.7,,30,12.0,7.02
EMP04774,Male,32,8,Distance Learning,Sales,Senior Account Manager,3,Indore,4.2,3.6,7,19.1,14.86
EMP04775,Male,28,5,Tier-2 Private,Sales,Account Manager,2,Raipur,4.0,2.4,12,17.7,9.01
EMP04776,Male,34,8,State University,Legal,Company Secretary,4,Chennai,4.3,3.7,88,8.2,19.03
EMP04777,Male,25,2,Central University,HR,HR Executive,1,Chandigarh,3.1,3.5,10,9.7,6.06
EMP04778,Male,37,10,Diploma,Product,Product Manager,2,Jaipur,4.1,3.9,3,13.2,10.99
EMP04779,Male,28,6,Distance Learning,Engineering,Staff Engineer,2,Indore,3.6,2.1,2,14.8,7.83
EMP04780,Female,30,6,State University,Customer Support,Customer Success Manager,2,Bhopal,3.8,2.1,6,8.6,5.48
EMP04781,Male,46,23,State University,Operations,Process Improvement Specialist,6,Pune,3.6,3.3,8,8.6,43.81
EMP04782,Female,28,4,Other,Legal,Senior Legal Counsel,2,Bhopal,2.8,3.3,19,9.2,7.77
EMP04783,Female,33,7,Central University,Sales,Sales Executive,2,Delhi,3.8,4.0,10,21.9,9.63
EMP04784,Female,33,6,NIT,Finance,Financial Analyst,2,Hyderabad,3.9,,2,15.4,10.32
EMP04785,Female,32,6,Tier-2 Private,Data Science,Senior Data Scientist,3,Raipur,2.6,2.7,10,10.6,9.58
EMP04786,Female,53,28,State University,Legal,Company Secretary,5,Delhi,4.0,4.1,5,11.4,43.9
EMP04787,Male,31,6,Central University,Legal,Compliance Officer,3,Dehradun,3.9,3.2,12,12.5,11.46
EMP04788,Female,31,4,Distance Learning,HR,Talent Acquisition Specialist,3,Dehradun,3.0,2.2,23,7.8,5.52
EMP04789,Male,49,22,State University,Product,Product Analyst,5,Jaipur,3.7,,7,13.4,39.68
EMP04790,Female,30,4,Tier-2 Private,Legal,Legal Associate,2,Kolkata,3.0,3.3,8,12.6,6.83
EMP04791,Male,23,1,IIT,Legal,Legal Associate,1,Hyderabad,4.0,4.2,28,11.5,6.81
EMP04792,Male,26,3,NIT,Sales,Sales Executive,1,Dehradun,2.8,2.9,12,17.7,7.04
EMP04793,Male,25,2,BITS,HR,HR Executive,1,Pune,4.6,3.6,24,10.6,7.75
EMP04794,Female,24,1,IIIT,Customer Support,Customer Support Executive,1,Lucknow,4.5,2.8,7,7.7,5.91
EMP04795,Male,31,4,IIIT,Customer Support,Support Team Lead,1,Kolkata,4.2,3.8,5,9.8,9.56
EMP04796,Male,27,5,Diploma,Product,Senior Product Manager,3,Pune,5.0,3.1,17,13.2,18.41
EMP04797,Male,40,13,NIT,Finance,Senior Financial Analyst,3,Mumbai,4.6,3.6,1,14.4,25.05
EMP04798,Male,35,9,Diploma,Sales,Senior Account Manager,3,Kolkata,4.2,4.4,37,27.3,16.71
EMP04799,Female,34,9,Tier-2 Private,Data Science,ML Engineer,3,Ranchi,4.8,3.3,51,13.6,12.08
EMP04800,Female,26,3,Tier-2 Private,Engineering,Senior Software Engineer,1,Indore,3.4,3.1,5,14.9,5.37
EMP04801,Male,34,11,State University,HR,Talent Acquisition Specialist,3,Ahmedabad,3.1,,6,8.3,18.01
EMP04802,Male,42,16,Tier-2 Private,Customer Support,Support Manager,4,Coimbatore,4.3,3.5,26,7.5,20.41
EMP04803,Male,33,7,Tier-2 Private,Legal,Senior Legal Counsel,1,Guwahati,3.4,3.8,43,11.4,7.98
EMP04804,Male,33,8,IIIT,Data Science,ML Engineer,3,Delhi,4.2,4.2,2,9.0,18.97
EMP04805,Female,27,2,State University,Product,Associate Product Manager,1,Ranchi,2.9,,40,18.5,4.93
EMP04806,Female,38,12,State University,Finance,FP&A Analyst,4,Delhi,3.0,3.2,3,10.5,13.25
EMP04807,Male,47,21,IIIT,Customer Support,Support Manager,6,Patna,2.3,3.5,51,9.0,40.02
EMP04808,Female,33,7,IIM,Legal,Legal Associate,2,Raipur,2.6,3.5,4,13.6,8.24
EMP04809,Male,26,3,State University,Customer Support,Support Team Lead,1,Thiruvananthapuram,3.8,5.0,9,9.7,7.53
EMP04810,Male,27,5,Diploma,Marketing,Marketing Executive,2,Kolkata,2.4,4.4,5,17.6,11.08
EMP04811,Male,28,4,Distance Learning,Engineering,Staff Engineer,2,Mumbai,2.7,4.3,62,11.5,9.14
EMP04812,Female,28,4,Central University,Operations,Operations Executive,2,Dehradun,2.9,2.7,2,9.9,6.72
EMP04813,Male,33,9,Tier-2 Private,Customer Support,Customer Success Manager,3,Coimbatore,3.2,3.3,15,7.1,11.52
EMP04814,Female,32,7,Tier-2 Private,Finance,Senior Financial Analyst,1,Pune,3.6,,6,11.7,6.76
EMP04815,Male,39,12,Central University,Product,Product Analyst,5,Chennai,5.0,2.3,2,11.9,30.64
EMP04816,Male,33,7,Distance Learning,HR,HR Manager,3,Delhi,4.1,3.0,39,5.7,14.46
EMP04817,Male,29,3,IIIT,Product,Product Manager,1,Jaipur,3.0,4.4,1,12.8,6.85
EMP04818,Male,30,4,Tier-2 Private,Legal,Senior Legal Counsel,2,Ahmedabad,3.5,4.3,15,13.0,10.29
EMP04819,Male,28,4,IIM,Marketing,Brand Manager,3,Guwahati,3.1,3.8,18,16.3,11.49
EMP04820,Male,30,5,IIT,Legal,Legal Associate,2,Coimbatore,4.2,4.1,21,12.7,11.12
EMP04821,Female,45,21,Distance Learning,Operations,Process Improvement Specialist,5,Vadodara,3.9,,12,5.6,23.37
EMP04822,Male,49,23,"Top Private (ISB, XLRI, SP Jain)",Marketing,Growth Manager,6,Hyderabad,3.1,3.4,1,17.5,50.0
EMP04823,Female,37,10,Tier-2 Private,Marketing,Brand Manager,3,Indore,3.8,,7,14.5,13.68
EMP04824,Female,30,6,Tier-2 Private,Sales,Sales Executive,2,Bhopal,3.9,3.6,2,29.1,6.06
EMP04825,Male,28,2,IIIT,Product,Associate Product Manager,1,Lucknow,3.5,3.5,41,17.5,6.56
EMP04826,Male,29,7,Other,Marketing,Brand Manager,2,Chandigarh,3.8,4.6,28,20.9,9.27
EMP04827,Male,27,3,State University,Legal,Legal Associate,1,Bangalore,4.0,3.1,25,8.4,8.31
EMP04828,Male,45,18,NIT,Customer Support,Support Manager,5,Chennai,5.0,3.6,31,9.1,41.21
EMP04829,Female,27,1,State University,Engineering,Software Engineer,1,Chandigarh,4.5,3.1,18,12.8,5.74
EMP04830,Female,32,7,State University,Sales,Senior Account Manager,2,Chandigarh,2.7,4.4,11,32.4,6.53
EMP04831,Female,26,3,IIIT,Legal,Senior Legal Counsel,2,Patna,3.7,3.0,27,14.3,6.76
EMP04832,Male,32,6,Central University,Marketing,Brand Manager,2,Bhopal,5.0,3.4,10,21.2,7.82
EMP04833,Female,36,9,Central University,Product,Senior Product Manager,4,Nagpur,3.8,3.3,7,17.1,15.23
EMP04834,Female,36,12,IIIT,Marketing,Content Strategist,4,Visakhapatnam,5.0,2.0,1,20.2,19.08
EMP04835,Male,31,5,BITS,Customer Support,Customer Success Manager,3,Coimbatore,5.0,4.5,31,8.5,9.85
EMP04836,Female,35,10,Tier-2 Private,Data Science,Data Analyst,2,Visakhapatnam,2.8,3.3,4,9.9,7.84
EMP04837,Male,27,3,NIT,Finance,Financial Analyst,1,Indore,3.4,3.3,8,15.5,6.74
EMP04838,Male,30,7,Central University,Customer Support,Support Team Lead,3,Nagpur,3.6,4.2,1,9.4,11.28
EMP04839,Male,37,12,State University,Operations,Logistics Manager,5,Bangalore,2.5,3.4,5,6.4,24.14
EMP04840,Male,31,7,Central University,Product,Associate Product Manager,1,Vadodara,4.6,3.9,3,14.2,11.16
EMP04841,Female,29,4,Distance Learning,Operations,Operations Manager,2,Bangalore,3.8,2.7,7,7.0,7.02
EMP04842,Male,26,4,State University,Data Science,Senior Data Scientist,2,Kolkata,2.2,3.1,8,12.6,8.61
EMP04843,Male,36,12,Central University,Sales,Sales Manager,3,Surat,3.8,3.8,53,28.1,10.15
EMP04844,Male,28,2,Other,Marketing,Marketing Executive,1,Nagpur,2.9,3.2,5,20.8,7.08
EMP04845,Male,30,3,Tier-2 Private,Legal,Legal Associate,2,Bhopal,3.5,2.5,8,8.8,7.57
EMP04846,Male,32,9,State University,Sales,Senior Account Manager,4,Hyderabad,1.5,4.6,34,33.3,19.96
EMP04847,Male,29,4,BITS,Data Science,Data Scientist,2,Chennai,3.4,2.6,26,9.1,11.41
EMP04848,Female,25,2,Other,Operations,Operations Executive,1,Kochi,4.2,3.9,42,6.5,4.87
EMP04849,Male,41,15,State University,Operations,Process Improvement Specialist,4,Kochi,3.2,3.5,4,8.1,19.77
EMP04850,Female,26,2,Tier-2 Private,Product,Associate Product Manager,1,Vadodara,2.1,4.1,11,16.1,5.15
EMP04851,Male,31,5,Tier-2 Private,HR,HR Executive,2,Lucknow,3.5,3.6,4,6.2,10.39
EMP04852,Female,27,3,NIT,Product,Associate Product Manager,1,Lucknow,3.3,3.2,4,13.3,6.9
EMP04853,Female,27,4,"Top Private (ISB, XLRI, SP Jain)",Sales,Account Manager,2,Raipur,4.8,3.6,5,30.9,8.1
EMP04854,Male,28,3,Tier-2 Private,Product,Associate Product Manager,1,Jaipur,3.9,3.6,6,15.4,7.57
EMP04855,Male,34,9,BITS,Marketing,Digital Marketing Manager,3,Kolkata,3.3,3.8,31,24.0,18.01
EMP04856,Female,32,6,Distance Learning,Operations,Operations Executive,2,Kolkata,2.5,,52,7.4,6.46
EMP04857,Male,38,12,Central University,Engineering,Lead Engineer,5,Hyderabad,3.5,4.2,3,10.5,34.61
EMP04858,Female,29,3,State University,Customer Support,Support Team Lead,1,Kochi,5.0,2.8,5,8.5,4.58
EMP04859,Male,53,26,Tier-2 Private,Engineering,Principal Engineer,6,Guwahati,3.8,4.6,7,12.0,50.0
EMP04860,Male,25,1,Distance Learning,Legal,Senior Legal Counsel,2,Ahmedabad,4.0,3.9,4,12.0,9.33
EMP04861,Male,26,1,BITS,Operations,Operations Manager,1,Nagpur,1.5,4.4,3,6.6,6.08
EMP04862,Female,44,20,Other,HR,Compensation Analyst,6,Kolkata,4.2,2.8,96,8.0,37.19
EMP04863,Male,33,8,State University,Marketing,Marketing Executive,2,Lucknow,3.6,5.0,43,12.0,11.78
EMP04864,Female,29,7,Distance Learning,Finance,Finance Manager,2,Nagpur,3.5,3.7,17,12.0,7.69
EMP04865,Female,35,8,IIIT,Sales,Sales Manager,3,Kochi,3.6,4.7,11,15.9,10.88
EMP04866,Male,34,9,NIT,Finance,Finance Manager,3,Chennai,3.7,3.4,3,17.2,17.68
EMP04867,Male,32,7,IIT,HR,HR Manager,1,Visakhapatnam,3.3,2.9,34,7.9,8.99
EMP04868,Male,30,3,Distance Learning,Legal,Senior Legal Counsel,2,Visakhapatnam,3.1,3.5,13,14.9,8.7
EMP04869,Male,34,10,Diploma,Operations,Operations Manager,3,Bangalore,2.4,4.2,7,7.4,15.35
EMP04870,Female,33,9,IIT,Operations,Supply Chain Analyst,2,Nagpur,3.2,,24,5.5,11.17
EMP04871,Male,41,16,Diploma,HR,Learning & Development Manager,6,Bangalore,4.4,3.2,1,10.0,38.01
EMP04872,Male,47,20,Diploma,Engineering,Principal Engineer,6,Mumbai,3.1,,13,12.3,47.22
EMP04873,Female,30,7,Tier-2 Private,Engineering,Software Engineer,2,Chennai,4.1,3.6,11,12.3,9.86
EMP04874,Female,24,2,Diploma,Engineering,Senior Software Engineer,1,Coimbatore,2.6,,9,14.7,5.16
EMP04875,Male,42,20,NIT,Product,Director of Product,6,Hyderabad,2.4,2.8,11,18.5,41.32
EMP04876,Male,28,2,Diploma,Marketing,Marketing Executive,1,Mumbai,3.2,3.1,34,20.9,6.35
EMP04877,Male,29,7,Central University,Product,Senior Product Manager,2,Ahmedabad,4.2,2.7,2,13.7,10.14
EMP04878,Female,31,5,Central University,HR,HR Executive,2,Coimbatore,2.3,3.3,45,10.9,6.3
EMP04879,Male,31,4,Central University,Legal,Senior Legal Counsel,1,Jaipur,4.9,4.3,14,11.6,8.71
EMP04880,Male,36,10,Central University,Customer Support,Customer Success Manager,3,Lucknow,5.0,4.5,31,9.6,11.52
EMP04881,Male,30,7,Central University,Operations,Supply Chain Analyst,2,Delhi,4.1,3.1,1,5.0,11.13
EMP04882,Female,33,8,Other,Data Science,Lead Data Scientist,4,Bangalore,3.1,3.6,16,14.2,16.69
EMP04883,Female,27,3,Tier-2 Private,Sales,Sales Executive,1,Delhi,3.1,3.6,19,18.4,6.06
EMP04884,Male,27,5,State University,Legal,Legal Manager,2,Pune,2.9,2.4,39,11.7,8.75
EMP04885,Female,26,3,State University,Sales,Sales Executive,1,Hyderabad,2.9,3.5,11,28.8,7.21
EMP04886,Female,31,5,Tier-2 Private,Legal,Legal Manager,2,Patna,3.3,2.0,1,13.1,5.69
EMP04887,Male,30,5,State University,Engineering,Staff Engineer,2,Pune,2.0,3.5,10,12.7,10.49
EMP04888,Female,45,21,Central University,Finance,FP&A Analyst,6,Kolkata,3.8,2.8,7,13.4,50.0
EMP04889,Male,31,5,Central University,HR,HR Executive,1,Patna,2.6,4.0,4,8.1,6.22
EMP04890,Female,26,1,State University,Data Science,Data Scientist,1,Jaipur,2.8,3.8,33,14.0,5.18
EMP04891,Male,43,16,Tier-2 Private,Finance,Controller,5,Raipur,2.9,,13,14.8,29.22
EMP04892,Male,30,8,Other,Product,Product Manager,3,Mumbai,3.8,3.7,8,14.6,16.83
EMP04893,Male,28,5,Other,Product,Product Manager,1,Thiruvananthapuram,4.4,3.8,35,11.3,11.1
EMP04894,Male,27,4,Other,Operations,Operations Executive,2,Bhopal,2.7,3.0,7,6.9,7.55
EMP04895,Female,27,3,Tier-2 Private,Operations,Operations Executive,2,Bhopal,4.5,2.9,1,7.4,6.18
EMP04896,Male,50,23,Central University,Engineering,Principal Engineer,6,Pune,2.6,3.2,29,14.7,50.0
EMP04897,Male,30,6,Tier-2 Private,Operations,Operations Executive,1,Jaipur,2.9,3.5,65,7.0,5.67
EMP04898,Male,24,1,State University,Legal,Legal Associate,2,Hyderabad,4.2,5.0,18,8.2,11.44
EMP04899,Female,29,7,NIT,Engineering,Lead Engineer,3,Indore,2.2,3.4,15,9.1,14.67
EMP04900,Female,38,14,State University,Sales,Senior Account Manager,4,Hyderabad,3.1,4.2,13,19.2,25.53
EMP04901,Male,29,6,IIT,Sales,Senior Account Manager,2,Kochi,2.8,4.0,3,17.8,11.81
EMP04902,Male,26,3,Central University,Sales,Account Manager,2,Pune,3.1,4.2,27,21.3,8.32
EMP04903,Male,25,3,"Top Private (ISB, XLRI, SP Jain)",Customer Support,Customer Support Executive,1,Hyderabad,3.0,3.7,22,6.8,6.76
EMP04904,Female,28,3,Other,Sales,Account Manager,2,Thiruvananthapuram,2.1,3.2,9,26.9,5.48
EMP04905,Female,43,17,State University,Finance,Controller,5,Nagpur,4.0,3.4,17,11.4,24.54
EMP04906,Male,31,5,IIM,Data Science,Senior Data Scientist,2,Raipur,3.8,3.1,1,8.4,10.62
EMP04907,Female,23,1,Tier-2 Private,Customer Support,Customer Success Manager,2,Mumbai,4.2,2.9,29,9.9,5.71
EMP04908,Male,34,7,Diploma,Sales,Senior Account Manager,2,Ahmedabad,3.2,3.6,20,30.8,8.9
EMP04909,Female,31,6,Diploma,Marketing,Marketing Executive,1,Mumbai,3.4,3.4,1,15.6,5.31
EMP04910,Male,29,4,Distance Learning,HR,HR Business Partner,2,Delhi,4.2,2.2,19,9.4,9.59
EMP04911,Male,29,2,IIT,HR,HR Manager,1,Bhopal,3.7,,18,11.9,8.12
EMP04912,Male,25,2,Central University,Engineering,Software Engineer,1,Pune,4.2,4.0,6,8.8,8.9
EMP04913,Male,37,12,BITS,Product,Senior Product Manager,3,Hyderabad,4.2,4.1,24,19.2,26.79
EMP04914,Female,29,7,State University,Product,Product Manager,3,Raipur,3.5,2.2,30,16.7,10.94
EMP04915,Male,32,8,IIT,Operations,Supply Chain Analyst,3,Bangalore,3.6,3.7,18,6.5,18.46
EMP04916,Female,30,7,Tier-2 Private,Marketing,Brand Manager,2,Surat,3.4,5.0,1,23.5,6.65
EMP04917,Female,30,7,Diploma,Marketing,Digital Marketing Manager,3,Hyderabad,3.6,4.1,2,21.7,9.52
EMP04918,Female,29,4,IIIT,HR,HR Executive,1,Bangalore,3.1,2.5,24,6.1,5.62
EMP04919,Female,27,5,Central University,Legal,Senior Legal Counsel,2,Nagpur,3.8,3.4,4,9.0,7.41
EMP04920,Male,40,13,Other,Data Science,ML Engineer,4,Pune,3.6,3.7,3,10.1,21.49
EMP04921,Male,39,16,Tier-2 Private,Data Science,Analytics Manager,6,Jaipur,3.0,3.5,16,12.3,49.05
EMP04922,Male,24,2,State University,HR,HR Executive,1,Ranchi,3.8,4.3,19,8.2,7.67
EMP04923,Male,29,5,Tier-2 Private,Legal,Senior Legal Counsel,2,Pune,4.5,4.4,2,12.9,10.35
EMP04924,Female,34,10,State University,Customer Support,Support Team Lead,2,Chandigarh,3.5,2.9,4,8.8,8.0
EMP04925,Male,47,22,Other,Finance,Accounts Manager,6,Hyderabad,3.6,4.0,6,11.0,47.64
EMP04926,Male,47,21,Central University,Finance,Controller,5,Nagpur,3.6,,4,12.4,33.97
EMP04927,Male,28,3,NIT,Legal,Legal Associate,1,Coimbatore,2.0,3.5,9,10.7,8.14
EMP04928,Male,39,14,IIIT,Data Science,Senior Data Scientist,4,Chandigarh,3.2,4.7,11,9.2,23.96
EMP04929,Female,32,6,Tier-2 Private,Finance,Financial Analyst,1,Chennai,5.0,2.7,21,17.9,7.44
EMP04930,Male,37,12,Central University,Marketing,Brand Manager,4,Nagpur,3.5,4.2,48,19.5,13.88
EMP04931,Female,32,10,Diploma,Product,Product Manager,2,Jaipur,2.8,2.4,30,12.7,11.11
EMP04932,Female,26,2,Tier-2 Private,Marketing,Marketing Executive,1,Chennai,3.5,2.9,17,16.8,5.46
EMP04933,Female,34,8,IIM,Customer Support,Support Manager,3,Chandigarh,3.0,2.8,2,6.3,11.93
EMP04934,Male,35,12,Central University,Customer Support,Customer Success Manager,3,Kolkata,3.6,3.0,15,9.9,16.55
EMP04935,Female,32,5,Distance Learning,Finance,Financial Analyst,1,Delhi,3.6,2.3,42,17.0,6.34
EMP04936,Male,29,5,Tier-2 Private,Marketing,Brand Manager,2,Delhi,3.4,2.7,2,16.3,8.75
EMP04937,Male,25,2,Central University,Customer Support,Customer Support Executive,1,Pune,4.2,2.3,19,9.0,5.69
EMP04938,Female,33,9,State University,Product,Senior Product Manager,2,Chennai,2.5,2.7,36,17.1,7.11
EMP04939,Female,32,7,Tier-2 Private,HR,HR Business Partner,2,Delhi,3.8,,2,11.7,10.67
EMP04940,Male,29,3,BITS,Product,Associate Product Manager,1,Indore,4.3,3.6,12,12.1,10.06
EMP04941,Female,27,4,Tier-2 Private,Operations,Operations Executive,1,Delhi,3.3,4.2,39,5.5,7.01
EMP04942,Male,29,6,Distance Learning,Engineering,Senior Software Engineer,3,Bangalore,4.1,3.9,2,12.5,14.26
EMP04943,Female,26,4,IIM,Product,Product Manager,2,Visakhapatnam,3.3,3.5,11,17.4,9.55
EMP04944,Female,30,6,Central University,Sales,Senior Account Manager,2,Chandigarh,2.6,2.8,25,16.6,6.47
EMP04945,Male,28,1,State University,Operations,Operations Executive,2,Kolkata,2.0,3.9,37,8.4,8.88
EMP04946,Female,42,15,State University,Product,Director of Product,4,Raipur,3.1,3.7,2,18.4,17.35
EMP04947,Female,31,6,IIIT,Product,Associate Product Manager,2,Chennai,3.2,2.9,15,16.2,8.68
EMP04948,Female,27,2,Tier-2 Private,Sales,Sales Executive,1,Jaipur,5.0,4.0,47,27.9,5.1
EMP04949,Female,26,1,NIT,Customer Support,Customer Support Executive,1,Vadodara,3.5,3.1,5,8.2,4.38
EMP04950,Female,35,12,State University,HR,Talent Acquisition Specialist,3,Ahmedabad,3.0,3.1,1,9.8,10.08
EMP04951,Male,32,8,Diploma,Sales,Senior Account Manager,3,Vadodara,3.9,3.8,1,30.5,10.25
EMP04952,Female,34,7,Tier-2 Private,Sales,Sales Manager,3,Kochi,3.2,2.4,4,27.4,8.86
EMP04953,Male,36,11,Central University,Customer Support,Support Manager,3,Kolkata,4.3,3.2,10,7.0,16.75
EMP04954,Female,34,11,Tier-2 Private,Product,Associate Product Manager,2,Kolkata,4.7,3.2,26,13.2,11.35
EMP04955,Male,28,6,Central University,HR,HR Executive,1,Patna,3.6,3.1,38,7.8,6.3
EMP04956,Male,31,5,Central University,Data Science,Data Scientist,2,Raipur,2.1,3.9,3,9.9,13.97
EMP04957,Female,31,4,Central University,Finance,Senior Financial Analyst,2,Indore,3.4,2.7,1,15.8,6.51
EMP04958,Male,30,8,State University,Marketing,Brand Manager,2,Kolkata,3.4,3.2,14,13.9,13.53
EMP04959,Male,40,16,Central University,Customer Support,Support Manager,5,Nagpur,4.8,4.2,9,9.7,23.46
EMP04960,Female,32,5,Distance Learning,Finance,Controller,3,Pune,3.9,3.3,4,12.7,6.86
EMP04961,Male,40,17,Tier-2 Private,Engineering,Engineering Manager,5,Chennai,3.2,4.1,3,9.8,45.55
EMP04962,Male,30,7,State University,HR,HR Executive,1,Patna,4.6,4.0,1,11.8,8.48
EMP04963,Male,31,7,Distance Learning,Marketing,Brand Manager,2,Delhi,3.4,,16,14.1,12.72
EMP04964,Male,54,30,Tier-2 Private,Sales,Business Development Manager,5,Indore,3.4,3.3,6,31.1,50.0
EMP04965,Male,43,19,Tier-2 Private,Engineering,Lead Engineer,5,Kolkata,3.1,2.7,1,9.6,31.07
EMP04966,Male,46,19,IIT,Customer Support,Support Manager,4,Indore,4.4,2.4,19,8.7,30.88
EMP04967,Male,30,3,IIIT,Sales,Sales Executive,1,Chennai,3.1,3.2,1,25.6,8.99
EMP04968,Male,53,28,Central University,HR,Learning & Development Manager,6,Hyderabad,4.0,4.3,27,7.8,50.0
EMP04969,Male,27,5,Tier-2 Private,Legal,Senior Legal Counsel,2,Kochi,3.8,4.0,10,12.9,9.55
EMP04970,Female,28,5,IIIT,Product,Product Manager,2,Guwahati,3.6,3.2,24,13.9,8.51
EMP04971,Female,24,1,Distance Learning,Marketing,Marketing Manager,1,Thiruvananthapuram,4.2,4.8,21,17.0,4.19
EMP04972,Male,29,7,State University,Product,Product Manager,3,Kolkata,4.7,2.7,1,15.2,17.85
EMP04973,Male,26,2,Tier-2 Private,Product,Associate Product Manager,1,Visakhapatnam,2.5,4.3,17,17.0,6.16
EMP04974,Female,30,8,Distance Learning,Customer Support,Support Manager,4,Kolkata,3.4,2.9,4,10.0,9.21
EMP04975,Female,27,2,IIM,Customer Support,Support Team Lead,1,Lucknow,3.3,4.5,16,9.5,5.99
EMP04976,Male,44,21,Tier-2 Private,Product,Product Analyst,6,Ahmedabad,3.6,3.3,3,19.3,50.0
EMP04977,Male,34,8,Tier-2 Private,Product,Director of Product,4,Pune,3.0,4.3,10,19.0,23.64
EMP04978,Male,54,29,State University,Engineering,Principal Engineer,5,Mumbai,2.7,3.5,42,11.8,50.0
EMP04979,Female,29,2,Tier-2 Private,Data Science,Data Analyst,1,Chennai,3.4,5.0,27,11.5,5.32
EMP04980,Female,41,17,Diploma,Customer Support,Support Manager,6,Ahmedabad,4.3,,1,8.4,28.54
EMP04981,Female,23,1,Distance Learning,Data Science,Data Analyst,1,Raipur,3.3,,40,14.3,5.71
EMP04982,Male,33,6,Central University,Engineering,Senior Software Engineer,2,Dehradun,3.8,3.8,8,14.3,11.36
EMP04983,Male,26,3,Other,Legal,Legal Associate,1,Raipur,4.7,,45,11.3,6.8
EMP04984,Male,30,4,IIIT,Sales,Senior Account Manager,2,Surat,3.6,4.7,13,31.7,11.88
EMP04985,Male,30,4,Distance Learning,Sales,Account Manager,2,Ahmedabad,4.3,4.6,11,32.7,10.51
EMP04986,Male,30,3,Distance Learning,Data Science,Data Scientist,1,Thiruvananthapuram,4.4,,10,11.9,8.27
EMP04987,Female,27,2,Central University,Engineering,Senior Software Engineer,1,Mumbai,4.5,3.1,47,14.7,5.37
EMP04988,Male,29,4,State University,Operations,Operations Manager,2,Kochi,5.0,,15,8.3,8.81
EMP04989,Female,30,6,Diploma,HR,HR Manager,3,Surat,3.4,3.8,6,9.1,7.7
EMP04990,Male,37,13,IIT,Data Science,Analytics Manager,5,Coimbatore,4.2,3.2,8,15.0,34.71
EMP04991,Male,33,7,State University,Marketing,Brand Manager,2,Kochi,3.7,5.0,1,16.3,10.49
EMP04992,Female,38,13,BITS,Legal,Company Secretary,5,Lucknow,3.9,2.7,21,9.5,26.71
EMP04993,Female,24,2,State University,Customer Support,Customer Support Executive,1,Thiruvananthapuram,3.8,2.3,19,7.5,3.92
EMP04994,Male,28,4,NIT,Engineering,Software Engineer,2,Kolkata,4.5,3.7,14,9.7,11.89
EMP04995,Female,36,9,Distance Learning,Engineering,Senior Software Engineer,3,Hyderabad,3.1,,6,13.6,13.86
EMP04996,Male,30,7,Central University,Finance,Financial Analyst,1,Ranchi,3.8,2.9,61,16.1,6.6
EMP04997,Male,27,3,Central University,Sales,Sales Executive,1,Surat,2.5,,42,29.0,6.2
EMP04998,Male,38,11,Central University,Sales,Senior Account Manager,4,Chandigarh,2.9,3.2,31,23.4,18.78
EMP04999,Male,27,4,Distance Learning,HR,HR Executive,1,Kolkata,3.0,,4,7.2,6.74
EMP05000,Female,29,3,Central University,HR,HR Executive,1,Guwahati,4.0,3.4,52,12.0,4.69
EMP05001,Male,34,8,BITS,Marketing,Marketing Manager,3,Bhopal,3.8,3.2,4,17.6,13.96
EMP05002,Female,29,6,Diploma,Marketing,Brand Manager,2,Pune,4.6,4.7,17,21.7,7.97
EMP05003,Female,31,4,"Top Private (ISB, XLRI, SP Jain)",Data Science,Senior Data Scientist,2,Coimbatore,4.3,2.4,17,10.6,8.74
EMP05004,Male,28,4,Other,Marketing,Marketing Executive,1,Patna,3.5,2.6,4,19.3,5.87
EMP05005,Male,25,2,Diploma,Customer Support,Customer Support Executive,1,Mumbai,5.0,3.1,42,7.1,7.15
EMP05006,Male,27,4,NIT,HR,HR Executive,2,Mumbai,3.7,2.8,2,8.2,11.01
EMP05007,Female,36,13,Other,HR,Talent Acquisition Specialist,5,Dehradun,2.4,2.2,2,11.9,16.9
EMP05008,Female,32,7,State University,Customer Support,Customer Support Executive,2,Indore,2.5,3.5,10,9.3,6.74
EMP05009,Female,34,11,Other,Engineering,Staff Engineer,2,Raipur,4.1,2.5,26,10.3,13.11
EMP05010,Male,32,8,Tier-2 Private,Operations,Process Improvement Specialist,3,Coimbatore,2.2,3.5,32,5.0,12.77
EMP05011,Male,29,3,Distance Learning,Product,Product Manager,1,Chennai,3.6,3.3,45,14.3,6.86
EMP05012,Male,28,1,"Top Private (ISB, XLRI, SP Jain)",Marketing,Marketing Executive,2,Guwahati,3.2,4.6,7,13.0,8.87
EMP05013,Male,29,3,Central University,Engineering,Software Engineer,1,Ahmedabad,5.0,2.7,16,11.8,7.65
EMP05014,Female,28,3,Tier-2 Private,Finance,Senior Financial Analyst,2,Ahmedabad,2.6,3.6,4,10.7,7.07
EMP05015,Male,29,3,State University,HR,HR Executive,1,Ahmedabad,4.3,3.6,4,8.8,7.43
EMP05016,Male,36,12,Distance Learning,HR,Compensation Analyst,4,Guwahati,3.2,3.1,35,10.7,17.52
EMP05017,Male,34,11,Tier-2 Private,Finance,Finance Manager,3,Lucknow,3.1,3.5,5,11.9,16.34
EMP05018,Male,54,28,State University,Customer Support,Support Manager,6,Bangalore,4.7,3.9,17,5.8,50.0
EMP05019,Female,25,3,IIM,Product,Associate Product Manager,1,Hyderabad,3.1,2.2,1,11.2,6.12
EMP05020,Male,45,18,Other,Product,Product Analyst,5,Chandigarh,2.8,3.7,21,14.2,30.35
EMP05021,Female,42,18,Tier-2 Private,HR,Learning & Development Manager,6,Kolkata,3.1,3.3,2,8.5,30.41
EMP05022,Female,31,5,Distance Learning,Finance,Finance Manager,2,Vadodara,2.7,3.9,1,11.4,8.04
EMP05023,Female,30,8,NIT,Product,Senior Product Manager,3,Surat,2.3,3.6,5,16.9,11.25
EMP05024,Female,38,14,Other,Engineering,Staff Engineer,4,Guwahati,2.9,4.5,1,11.5,17.76
EMP05025,Female,29,5,Other,HR,HR Business Partner,3,Indore,2.2,4.1,46,6.8,8.11
EMP05026,Female,29,5,Central University,Operations,Process Improvement Specialist,3,Bangalore,2.8,3.1,11,5.1,12.17
EMP05027,Male,28,3,Central University,HR,HR Manager,1,Mysore,2.8,4.6,45,9.7,5.76
EMP05028,Male,26,1,Central University,Sales,Sales Executive,1,Mumbai,3.7,3.7,6,23.4,7.85
EMP05029,Female,33,6,"Top Private (ISB, XLRI, SP Jain)",Operations,Supply Chain Analyst,2,Lucknow,2.5,4.0,7,7.3,8.5
EMP05030,Male,29,3,State University,Operations,Operations Manager,1,Chennai,4.0,,1,8.3,8.23
EMP05031,Male,25,2,Distance Learning,Finance,Finance Manager,2,Ranchi,1.8,3.9,3,16.8,6.65
EMP05032,Female,35,8,State University,Legal,Compliance Officer,3,Kochi,2.8,2.1,32,10.5,8.53
EMP05033,Male,26,2,IIM,Legal,Legal Associate,2,Mysore,3.3,,9,12.8,9.72
EMP05034,Male,34,10,IIIT,Sales,Account Manager,3,Raipur,3.2,4.0,34,28.6,14.96
EMP05035,Female,30,8,Tier-2 Private,Data Science,Senior Data Scientist,3,Kolkata,3.5,3.7,24,9.9,12.4
EMP05036,Male,30,4,Tier-2 Private,Customer Support,Customer Support Executive,2,Kochi,2.4,2.4,1,6.0,7.07
EMP05037,Female,32,5,NIT,HR,HR Executive,2,Lucknow,5.0,3.0,57,11.3,9.2
EMP05038,Male,25,2,IIT,Marketing,Marketing Executive,1,Indore,4.8,3.0,9,14.9,7.89
EMP05039,Female,37,10,Tier-2 Private,Product,Senior Product Manager,4,Visakhapatnam,1.4,3.3,58,10.9,11.86
EMP05040,Female,28,6,State University,Engineering,Software Engineer,1,Kolkata,4.0,,31,9.3,9.95
EMP05041,Male,34,7,Tier-2 Private,Legal,Legal Associate,1,Chandigarh,3.2,3.1,55,13.9,10.03
EMP05042,Male,31,8,Central University,HR,HR Business Partner,3,Lucknow,3.4,,59,11.1,12.4
EMP05043,Male,27,3,Distance Learning,Customer Support,Customer Support Executive,1,Chennai,3.4,3.3,96,9.3,8.45
EMP05044,Male,24,2,NIT,Sales,Senior Account Manager,2,Ahmedabad,2.9,,10,22.3,7.45
EMP05045,Male,38,11,Central University,Legal,Senior Legal Counsel,2,Bangalore,3.4,3.3,63,14.4,11.59
EMP05046,Female,34,9,"Top Private (ISB, XLRI, SP Jain)",Marketing,Brand Manager,3,Surat,4.7,3.2,3,24.2,10.8
EMP05047,Male,31,4,Other,Finance,Financial Analyst,2,Hyderabad,5.0,2.4,6,13.8,12.2
EMP05048,Female,32,8,State University,Marketing,Marketing Manager,3,Chennai,3.4,2.6,8,21.4,9.87
EMP05049,Male,36,14,Distance Learning,Engineering,Engineering Manager,5,Hyderabad,2.2,4.2,3,9.3,33.75
EMP05050,Female,39,13,Diploma,Sales,Senior Account Manager,4,Guwahati,3.3,2.9,20,24.3,12.6
EMP05051,Male,26,4,Tier-2 Private,Legal,Legal Associate,2,Indore,3.2,,1,8.8,9.38
EMP05052,Male,27,2,Central University,Engineering,Senior Software Engineer,1,Delhi,4.6,3.2,5,14.1,8.53
EMP05053,Male,24,2,State University,Legal,Senior Legal Counsel,1,Kolkata,2.5,4.1,24,10.5,6.53
EMP05054,Male,27,4,IIM,Operations,Process Improvement Specialist,3,Chandigarh,2.0,2.8,34,5.3,11.83
EMP05055,Female,41,16,Diploma,HR,Learning & Development Manager,6,Bhopal,2.9,2.9,3,8.7,21.32
EMP05056,Male,29,3,Other,Sales,Senior Account Manager,2,Mumbai,4.0,3.9,24,19.2,8.09
EMP05057,Male,25,3,BITS,Engineering,Senior Software Engineer,1,Vadodara,2.7,3.4,15,12.5,6.69
EMP05058,Male,26,3,BITS,Customer Support,Customer Support Executive,1,Coimbatore,3.3,2.2,2,8.8,5.51
EMP05059,Female,31,4,Tier-2 Private,Legal,Legal Associate,1,Lucknow,4.1,3.2,34,10.3,5.03
EMP05060,Male,28,6,Tier-2 Private,Sales,Sales Executive,2,Delhi,2.3,,8,24.9,11.99
EMP05061,Male,25,2,State University,Finance,Financial Analyst,2,Bangalore,3.4,3.5,23,11.1,8.82
EMP05062,Male,39,12,Central University,Data Science,ML Engineer,3,Kochi,3.7,4.2,4,12.5,18.34
EMP05063,Male,30,5,IIT,Finance,Controller,3,Ahmedabad,4.0,,8,14.4,13.69
EMP05064,Male,52,30,Diploma,Marketing,Growth Manager,5,Kochi,3.2,4.3,19,13.5,50.0
EMP05065,Female,29,2,BITS,Customer Support,Customer Support Executive,1,Mumbai,4.7,3.8,81,9.7,4.28
EMP05066,Male,42,18,State University,Marketing,Digital Marketing Manager,5,Bangalore,3.1,4.2,35,23.5,40.25
EMP05067,Female,42,16,Other,Sales,Business Development Manager,6,Mysore,4.1,2.1,21,21.2,34.19
EMP05068,Male,29,4,Central University,Marketing,Marketing Executive,2,Mumbai,4.4,3.4,15,20.5,9.52
EMP05069,Male,28,4,Central University,Engineering,Senior Software Engineer,1,Mumbai,1.4,4.0,13,14.1,7.86
EMP05070,Male,27,3,Distance Learning,Sales,Sales Executive,1,Chennai,4.7,3.2,4,18.2,8.04
EMP05071,Male,28,3,IIT,Finance,Financial Analyst,1,Bangalore,2.6,2.3,1,13.7,7.57
EMP05072,Male,30,6,IIT,HR,HR Executive,2,Kochi,3.1,4.3,7,9.6,10.39
EMP05073,Male,29,6,NIT,Finance,Financial Analyst,1,Jaipur,4.4,4.2,3,16.9,9.9
EMP05074,Male,27,1,NIT,Sales,Account Manager,1,Lucknow,3.1,4.5,1,33.5,5.76
EMP05075,Female,56,30,State University,Legal,Company Secretary,6,Lucknow,3.4,1.9,2,9.6,50.0
EMP05076,Male,30,5,State University,Sales,Account Manager,3,Chennai,4.2,,4,34.4,12.41
EMP05077,Male,32,6,Central University,Legal,Legal Manager,2,Bangalore,3.6,3.3,27,10.6,8.16
EMP05078,Male,28,3,Diploma,Operations,Supply Chain Analyst,2,Visakhapatnam,2.7,2.9,38,8.1,6.4
EMP05079,Male,32,5,Central University,HR,Talent Acquisition Specialist,3,Kolkata,4.4,3.7,61,6.7,12.58
EMP05080,Female,31,4,Tier-2 Private,Sales,Sales Executive,2,Kolkata,3.8,3.5,12,27.7,8.72
EMP05081,Male,33,6,Central University,Operations,Operations Manager,2,Mumbai,2.2,,59,7.6,11.26
EMP05082,Female,27,5,Distance Learning,Product,Associate Product Manager,2,Kolkata,3.4,4.4,6,10.6,9.53
EMP05083,Male,32,10,State University,Product,Group Product Manager,4,Mumbai,3.8,2.2,20,11.7,21.85
EMP05084,Male,31,7,Diploma,Engineering,Senior Software Engineer,2,Surat,3.2,3.9,12,10.5,11.39
EMP05085,Female,35,9,Diploma,Sales,Sales Manager,4,Hyderabad,2.2,2.4,32,18.3,11.68
EMP05086,Male,29,6,Distance Learning,Data Science,Data Analyst,1,Guwahati,2.4,3.7,10,8.7,8.17
EMP05087,Female,29,7,Other,Engineering,Lead Engineer,3,Hyderabad,2.9,3.6,22,10.5,13.03
EMP05088,Male,27,5,Tier-2 Private,Legal,Senior Legal Counsel,2,Chennai,3.8,4.5,20,12.6,9.97
EMP05089,Female,37,12,Diploma,Engineering,Staff Engineer,4,Lucknow,4.4,3.1,10,13.5,15.56
EMP05090,Male,34,7,State University,Customer Support,Support Team Lead,3,Bangalore,2.4,3.7,80,7.3,11.39
EMP05091,Male,29,5,Central University,Product,Senior Product Manager,3,Raipur,3.0,2.0,15,12.0,8.8
EMP05092,Female,31,5,State University,Customer Support,Customer Support Executive,2,Jaipur,1.8,4.1,17,9.1,7.44
EMP05093,Male,27,5,Diploma,Operations,Operations Executive,1,Vadodara,3.5,4.0,9,7.5,6.2
EMP05094,Male,29,6,Central University,Engineering,Staff Engineer,2,Pune,4.7,3.7,5,13.4,10.17
EMP05095,Female,31,5,Tier-2 Private,Sales,Sales Executive,2,Delhi,4.3,3.4,8,29.5,6.06
EMP05096,Male,28,4,Diploma,Customer Support,Support Team Lead,2,Vadodara,3.3,3.1,50,5.6,9.03
EMP05097,Female,32,10,Diploma,Customer Support,Support Manager,3,Hyderabad,3.2,3.0,24,6.4,12.34
EMP05098,Female,33,10,Diploma,Legal,Legal Manager,3,Pune,3.2,2.8,96,14.2,10.63
EMP05099,Female,47,21,Central University,Product,Group Product Manager,5,Indore,3.2,2.7,15,18.0,32.7
EMP05100,Female,29,3,Tier-2 Private,Data Science,Data Analyst,2,Kolkata,3.5,3.4,16,8.1,6.92
EMP05101,Male,35,9,Tier-2 Private,Finance,Senior Financial Analyst,3,Kochi,3.2,4.6,18,13.8,14.61
EMP05102,Male,25,1,Tier-2 Private,HR,HR Manager,1,Dehradun,3.5,3.3,33,9.6,5.13
EMP05103,Male,37,10,Central University,Sales,Sales Manager,3,Indore,2.6,3.7,22,26.4,12.03
EMP05104,Female,29,2,Tier-2 Private,Customer Support,Customer Success Manager,2,Kolkata,3.8,3.2,49,7.2,7.3
EMP05105,Female,27,3,State University,Marketing,Marketing Executive,1,Bhopal,4.0,3.2,1,21.7,5.33
EMP05106,Male,30,7,IIM,Marketing,Marketing Manager,2,Bhopal,5.0,3.4,20,13.8,11.52
EMP05107,Male,30,3,"Top Private (ISB, XLRI, SP Jain)",Legal,Legal Associate,1,Jaipur,3.9,4.7,42,14.4,9.05
EMP05108,Male,27,3,Diploma,Customer Support,Support Team Lead,1,Ranchi,3.4,3.5,5,8.1,5.85
EMP05109,Male,28,4,BITS,Marketing,Marketing Manager,3,Thiruvananthapuram,4.8,4.2,30,23.6,11.15
EMP05110,Female,37,10,Tier-2 Private,HR,Talent Acquisition Specialist,3,Hyderabad,4.6,3.3,14,11.7,11.25
EMP05111,Male,26,3,Central University,Product,Associate Product Manager,1,Chennai,2.9,4.8,1,15.9,9.12
EMP05112,Female,32,5,Other,Finance,Finance Manager,2,Kolkata,4.9,,60,10.0,8.96
EMP05113,Female,26,4,BITS,Sales,Sales Executive,1,Mumbai,3.8,3.9,6,16.6,6.54
EMP05114,Female,33,10,IIIT,Data Science,Senior Data Scientist,2,Kolkata,2.4,3.8,22,13.7,10.96
EMP05115,Male,34,10,State University,Product,Group Product Manager,3,Bangalore,2.9,4.0,9,16.5,19.6
EMP05116,Female,25,1,Tier-2 Private,Data Science,Data Analyst,1,Hyderabad,3.0,3.0,5,11.4,6.24
EMP05117,Female,35,12,Tier-2 Private,Product,Product Analyst,5,Delhi,4.7,3.5,10,15.1,24.13
EMP05118,Female,30,3,Other,Sales,Sales Executive,1,Indore,3.6,,1,21.8,7.59
EMP05119,Male,32,7,Tier-2 Private,Legal,Senior Legal Counsel,2,Delhi,3.6,3.9,1,8.7,11.76
EMP05120,Male,29,3,BITS,Finance,Senior Financial Analyst,1,Mysore,3.4,3.2,16,14.2,7.45
EMP05121,Female,33,7,Diploma,Legal,Legal Associate,2,Jaipur,5.0,2.3,2,11.7,9.29
EMP05122,Male,55,30,Diploma,Marketing,Growth Manager,6,Guwahati,3.3,3.3,12,15.0,48.83
EMP05123,Male,31,6,IIIT,Product,Associate Product Manager,2,Chennai,3.2,2.8,7,13.2,11.37
EMP05124,Male,29,4,Tier-2 Private,Customer Support,Support Team Lead,2,Pune,4.4,3.9,1,6.6,9.53
EMP05125,Male,31,5,Tier-2 Private,HR,HR Executive,1,Raipur,3.6,2.6,37,5.9,4.79
EMP05126,Male,29,2,Distance Learning,Data Science,Data Analyst,1,Lucknow,4.6,2.5,38,10.0,7.68
EMP05127,Male,39,16,IIT,Product,Product Analyst,5,Hyderabad,3.2,3.7,12,19.8,31.36
EMP05128,Male,32,7,Distance Learning,Finance,Senior Financial Analyst,3,Bhopal,3.6,2.5,3,10.1,16.65
EMP05129,Female,25,2,Tier-2 Private,Data Science,Data Scientist,1,Visakhapatnam,4.9,3.4,21,9.5,6.95
EMP05130,Female,25,2,State University,Customer Support,Customer Support Executive,2,Bhopal,3.1,4.4,3,9.1,4.97
EMP05131,Male,33,6,Distance Learning,Operations,Operations Executive,1,Jaipur,4.3,3.9,14,7.0,10.64
EMP05132,Male,35,11,State University,Customer Support,Support Team Lead,3,Visakhapatnam,2.3,4.1,2,5.2,15.86
EMP05133,Male,28,2,Distance Learning,Product,Senior Product Manager,2,Bangalore,4.1,4.0,8,17.6,10.73
EMP05134,Male,39,13,Diploma,Legal,Legal Manager,3,Pune,3.0,2.3,1,14.3,17.92
EMP05135,Female,27,5,State University,Operations,Supply Chain Analyst,2,Chennai,4.2,1.8,7,5.5,7.1
EMP05136,Male,27,3,Central University,Finance,Financial Analyst,1,Delhi,2.6,3.9,5,11.4,7.16
EMP05137,Male,27,4,State University,Finance,Financial Analyst,1,Vadodara,4.3,,96,17.6,8.03
EMP05138,Male,43,20,NIT,Data Science,Analytics Manager,5,Chennai,3.4,3.9,26,12.2,50.0
EMP05139,Male,25,2,"Top Private (ISB, XLRI, SP Jain)",Sales,Account Manager,1,Patna,3.8,3.8,2,18.0,7.62
EMP05140,Female,28,3,NIT,Sales,Account Manager,2,Mysore,3.6,2.8,20,29.1,8.32
EMP05141,Female,33,11,IIIT,HR,Talent Acquisition Specialist,3,Mumbai,3.4,3.6,9,10.1,13.9
EMP05142,Male,31,7,Other,Legal,Legal Manager,2,Chennai,3.0,4.2,61,9.1,10.44
EMP05143,Male,26,3,NIT,Operations,Operations Executive,1,Bhopal,2.7,3.3,4,6.8,7.95
EMP05144,Female,38,11,BITS,Sales,Sales Executive,2,Indore,4.0,2.7,24,31.8,13.52
EMP05145,Male,38,12,IIIT,Customer Support,Support Manager,4,Surat,2.6,2.6,3,6.2,14.68
EMP05146,Female,31,7,Tier-2 Private,Finance,Controller,3,Coimbatore,3.4,2.4,14,15.1,9.68
EMP05147,Female,26,3,Distance Learning,Operations,Operations Executive,1,Mumbai,2.7,3.0,17,9.0,5.91
EMP05148,Male,30,4,State University,Operations,Operations Executive,2,Lucknow,3.2,3.7,5,5.5,7.93
EMP05149,Female,32,7,IIT,Customer Support,Support Team Lead,2,Kolkata,2.0,4.3,54,8.8,8.66
EMP05150,Male,27,2,Distance Learning,Sales,Sales Executive,1,Visakhapatnam,4.4,3.2,4,28.7,8.07
EMP05151,Female,37,15,IIM,Product,Group Product Manager,5,Mumbai,4.1,,6,18.2,30.66
EMP05152,Male,41,19,Tier-2 Private,Legal,Company Secretary,6,Nagpur,3.4,3.8,43,11.3,43.12
EMP05153,Male,30,5,State University,Legal,Legal Associate,2,Patna,3.6,3.2,17,12.7,9.64
EMP05154,Male,31,7,"Top Private (ISB, XLRI, SP Jain)",Data Science,Data Scientist,1,Mumbai,4.4,4.5,16,11.8,13.13
EMP05155,Male,39,13,IIM,Sales,Key Account Manager,4,Mumbai,3.1,4.1,11,30.1,18.38
EMP05156,Male,45,23,Other,Product,Director of Product,6,Coimbatore,4.5,4.0,29,17.4,50.0
EMP05157,Male,40,17,State University,Product,Director of Product,4,Kolkata,2.9,2.6,6,16.8,28.26
EMP05158,Female,27,1,Tier-2 Private,Marketing,Marketing Executive,1,Hyderabad,3.5,2.9,7,13.9,5.93
EMP05159,Male,31,4,State University,Finance,Senior Financial Analyst,3,Delhi,2.4,4.3,1,17.0,14.1
EMP05160,Male,34,8,State University,Legal,Legal Associate,2,Hyderabad,4.6,3.4,12,14.4,11.22
EMP05161,Female,26,4,Other,Data Science,Senior Data Scientist,3,Hyderabad,3.3,1.7,9,10.3,7.33
EMP05162,Female,43,21,Diploma,Legal,Company Secretary,5,Jaipur,3.8,4.5,12,12.7,35.73
EMP05163,Male,45,18,Tier-2 Private,Engineering,Principal Engineer,5,Dehradun,2.9,3.4,6,10.2,37.19
EMP05164,Male,27,3,Tier-2 Private,Product,Associate Product Manager,1,Hyderabad,3.3,3.8,96,13.4,7.27
EMP05165,Female,29,5,Central University,Marketing,Brand Manager,2,Pune,2.7,3.6,19,13.8,9.26
EMP05166,Female,30,3,Central University,HR,HR Executive,1,Pune,2.8,3.2,6,7.2,4.8
EMP05167,Male,28,5,NIT,Legal,Legal Manager,2,Delhi,2.2,4.4,5,9.2,10.21
EMP05168,Female,28,5,NIT,Operations,Supply Chain Analyst,3,Ahmedabad,3.3,3.2,45,6.0,9.07
EMP05169,Male,37,11,State University,HR,Talent Acquisition Specialist,4,Visakhapatnam,2.9,3.4,2,11.0,15.38
EMP05170,Male,30,3,Diploma,Data Science,Data Analyst,1,Bangalore,5.0,5.0,43,14.8,8.93
EMP05171,Female,24,0,Central University,Engineering,Senior Software Engineer,1,Chandigarh,2.6,2.2,5,11.9,4.93
EMP05172,Female,23,1,"Top Private (ISB, XLRI, SP Jain)",Sales,Sales Executive,1,Chennai,2.9,3.4,22,33.7,6.45
EMP05173,Female,24,2,State University,HR,HR Executive,1,Ranchi,4.1,3.6,1,10.9,4.98
EMP05174,Male,25,3,NIT,Marketing,Marketing Manager,1,Delhi,2.7,,14,15.1,7.47
EMP05175,Male,30,6,Distance Learning,HR,HR Executive,2,Thiruvananthapuram,3.3,5.0,16,9.7,7.94
EMP05176,Male,27,2,Central University,Legal,Senior Legal Counsel,1,Kolkata,4.0,3.7,18,14.0,7.62
EMP05177,Male,26,2,Distance Learning,Marketing,Marketing Executive,1,Bangalore,4.0,2.8,7,14.1,6.17
EMP05178,Male,26,3,State University,HR,HR Executive,1,Chennai,3.5,3.8,22,9.9,6.51
EMP05179,Male,28,2,Tier-2 Private,HR,HR Executive,1,Hyderabad,3.4,,4,9.9,6.2
EMP05180,Male,31,4,State University,Legal,Legal Manager,3,Coimbatore,4.2,4.4,2,13.2,13.05
EMP05181,Female,26,3,NIT,Product,Associate Product Manager,1,Coimbatore,4.4,,1,12.2,7.02
EMP05182,Male,35,9,Central University,Engineering,Lead Engineer,3,Kochi,3.5,3.5,2,13.7,15.1
EMP05183,Male,28,3,"Top Private (ISB, XLRI, SP Jain)",Customer Support,Support Team Lead,1,Hyderabad,3.9,3.3,9,5.3,8.84
EMP05184,Female,30,4,Diploma,Marketing,Marketing Manager,2,Mumbai,3.0,3.6,3,16.5,8.19
EMP05185,Male,26,4,Diploma,HR,HR Executive,2,Pune,4.4,3.8,20,5.2,8.76
EMP05186,Female,36,10,Distance Learning,Marketing,Marketing Manager,2,Raipur,4.1,2.2,24,21.3,10.02
EMP05187,Male,31,5,Central University,Product,Group Product Manager,3,Mumbai,3.2,2.6,1,14.0,9.67
EMP05188,Male,38,12,Diploma,Data Science,ML Engineer,4,Bhopal,3.0,3.9,5,10.2,22.7
EMP05189,Female,29,2,Distance Learning,Operations,Operations Executive,1,Vadodara,4.9,2.6,92,6.6,4.81
EMP05190,Male,31,5,Tier-2 Private,HR,HR Business Partner,2,Pune,3.0,2.6,5,5.7,8.85
EMP05191,Female,31,4,Central University,Operations,Operations Executive,2,Thiruvananthapuram,3.3,3.5,5,6.1,5.88
EMP05192,Female,28,2,IIIT,Sales,Account Manager,1,Jaipur,2.4,2.5,27,30.7,5.21
EMP05193,Male,29,5,Distance Learning,Product,Group Product Manager,3,Chennai,4.3,3.4,7,19.6,13.09
EMP05194,Female,47,20,IIT,Marketing,Content Strategist,6,Coimbatore,3.0,3.8,9,23.9,43.18
EMP05195,Female,29,3,Diploma,Operations,Operations Manager,1,Kochi,3.5,,22,5.7,3.59
EMP05196,Female,30,5,IIIT,Legal,Legal Associate,1,Hyderabad,3.4,3.7,20,10.6,6.71
EMP05197,Male,27,2,Tier-2 Private,Engineering,Senior Software Engineer,1,Hyderabad,5.0,4.2,12,8.1,9.33
EMP05198,Male,26,2,Central University,Product,Product Manager,1,Kochi,4.9,2.9,7,13.4,7.51
EMP05199,Female,28,3,Tier-2 Private,Data Science,Data Scientist,1,Pune,3.7,4.4,3,10.0,5.93
EMP05200,Male,28,4,NIT,Product,Product Manager,3,Raipur,2.9,3.0,1,16.7,11.36
EMP05201,Male,26,4,State University,Customer Support,Support Team Lead,2,Surat,3.6,3.8,63,8.7,8.45
EMP05202,Male,29,5,State University,Data Science,Data Scientist,1,Visakhapatnam,3.4,2.9,10,11.2,8.66
EMP05203,Male,28,1,Distance Learning,Sales,Sales Executive,2,Nagpur,4.7,3.0,9,24.4,7.76
EMP05204,Male,26,3,IIIT,Sales,Sales Executive,1,Bhopal,5.0,4.6,5,28.1,8.61
EMP05205,Male,34,8,Diploma,Sales,Account Manager,3,Bangalore,3.7,4.8,6,26.1,14.28
EMP05206,Male,26,2,State University,Data Science,Data Analyst,1,Guwahati,4.1,4.2,18,14.4,7.02
EMP05207,Male,27,4,IIIT,Engineering,Senior Software Engineer,2,Hyderabad,5.0,3.3,41,8.0,14.04
EMP05208,Female,31,7,Other,Data Science,Senior Data Scientist,2,Bhopal,3.9,2.6,32,12.3,7.02
EMP05209,Male,30,3,Tier-2 Private,Legal,Senior Legal Counsel,2,Mumbai,2.8,2.3,7,9.7,8.93
EMP05210,Male,29,7,Distance Learning,Engineering,Lead Engineer,3,Indore,3.4,3.7,13,11.9,11.58
EMP05211,Male,28,2,IIM,Sales,Sales Executive,2,Guwahati,3.5,2.4,8,22.3,9.69
EMP05212,Male,37,11,State University,Finance,Finance Manager,3,Nagpur,2.9,3.3,25,14.9,15.67
EMP05213,Female,30,7,Tier-2 Private,Customer Support,Support Team Lead,2,Kolkata,3.5,3.6,2,8.1,9.66
EMP05214,Female,32,6,State University,Marketing,Marketing Manager,2,Bangalore,2.3,2.6,1,23.0,8.99
EMP05215,Male,38,13,Central University,Marketing,Digital Marketing Manager,4,Visakhapatnam,1.9,3.5,36,14.0,19.15
EMP05216,Male,28,4,Diploma,Marketing,Brand Manager,2,Chennai,3.4,3.3,10,24.6,7.79
EMP05217,Male,26,3,"Top Private (ISB, XLRI, SP Jain)",Legal,Senior Legal Counsel,1,Ranchi,3.3,,12,13.3,6.74
EMP05218,Male,42,15,NIT,Sales,Key Account Manager,4,Indore,4.9,3.6,3,27.2,24.93
EMP05219,Male,44,21,NIT,Customer Support,Support Manager,6,Mumbai,3.1,3.1,7,7.0,50.0
EMP05220,Male,30,3,Distance Learning,Marketing,Marketing Executive,1,Hyderabad,3.7,2.6,22,19.2,7.47
EMP05221,Male,30,5,Tier-2 Private,Legal,Legal Associate,1,Delhi,3.1,4.9,38,8.3,9.66
EMP05222,Male,39,12,NIT,Engineering,Lead Engineer,4,Guwahati,2.0,,18,8.6,24.5
EMP05223,Male,28,5,Diploma,Operations,Operations Executive,2,Jaipur,3.4,3.0,8,6.5,9.27
EMP05224,Male,31,9,Central University,Operations,Logistics Manager,4,Coimbatore,3.7,4.4,1,9.9,18.29
EMP05225,Male,35,10,Tier-2 Private,Engineering,Software Engineer,2,Thiruvananthapuram,3.1,3.5,7,9.9,13.52
EMP05226,Male,28,4,IIT,Data Science,Senior Data Scientist,2,Pune,3.3,4.3,2,14.4,10.04
EMP05227,Male,33,8,Distance Learning,Customer Support,Support Manager,3,Delhi,4.2,3.6,1,9.3,11.72
EMP05228,Male,30,6,Tier-2 Private,Engineering,Senior Software Engineer,2,Ahmedabad,3.3,3.8,1,13.4,11.12
EMP05229,Male,25,2,IIIT,HR,HR Manager,1,Chennai,4.5,3.9,30,10.1,9.25
EMP05230,Male,29,3,IIIT,Sales,Account Manager,1,Delhi,3.7,3.6,32,23.6,8.27
EMP05231,Female,28,3,Central University,Customer Support,Support Team Lead,1,Coimbatore,4.3,2.6,2,6.3,5.15
EMP05232,Female,36,11,Other,Product,Product Manager,2,Indore,4.8,,36,12.2,8.33
EMP05233,Male,37,11,Tier-2 Private,Operations,Supply Chain Analyst,4,Hyderabad,2.8,,19,8.7,21.09
EMP05234,Male,36,10,Central University,Sales,Senior Account Manager,3,Nagpur,4.4,4.1,1,31.6,20.14
EMP05235,Female,31,8,Tier-2 Private,Customer Support,Support Team Lead,2,Delhi,4.6,2.8,32,9.9,7.3
EMP05236,Female,34,8,Diploma,Operations,Logistics Manager,4,Coimbatore,4.4,,23,6.8,9.47
EMP05237,Male,30,7,Tier-2 Private,Product,Product Manager,2,Indore,3.3,4.0,1,12.0,12.48
EMP05238,Male,35,8,Central University,Legal,Senior Legal Counsel,3,Hyderabad,1.3,3.6,9,11.8,15.11
EMP05239,Male,34,8,State University,Customer Support,Support Team Lead,3,Kochi,5.0,,2,6.9,8.95
EMP05240,Male,27,2,Central University,Finance,Finance Manager,2,Nagpur,2.2,2.1,1,11.5,7.9
EMP05241,Male,26,3,Distance Learning,Marketing,Marketing Executive,1,Bangalore,5.0,3.3,15,19.2,7.54
EMP05242,Male,29,2,Distance Learning,Operations,Operations Executive,1,Kolkata,2.6,3.2,6,9.5,5.73
EMP05243,Male,38,13,Tier-2 Private,Legal,Company Secretary,4,Kolkata,2.5,4.1,20,8.3,18.5
EMP05244,Male,45,19,Tier-2 Private,HR,Compensation Analyst,5,Thiruvananthapuram,3.6,3.7,15,7.6,32.71
EMP05245,Male,23,1,State University,Sales,Sales Executive,1,Hyderabad,3.4,4.7,4,17.4,6.57
EMP05246,Female,42,18,State University,Sales,Business Development Manager,5,Jaipur,5.0,4.5,36,20.6,27.94
EMP05247,Male,29,6,Tier-2 Private,Product,Product Manager,2,Chandigarh,3.0,4.1,48,17.0,13.88
EMP05248,Male,38,12,State University,Finance,Accounts Manager,5,Indore,4.2,3.8,33,12.7,34.52
EMP05249,Male,32,8,State University,Legal,Legal Manager,4,Bangalore,3.9,2.6,16,9.5,21.39
EMP05250,Female,38,16,Tier-2 Private,HR,Compensation Analyst,4,Bangalore,2.8,3.7,11,11.8,17.05
EMP05251,Male,32,7,Central University,Product,Associate Product Manager,2,Mumbai,3.9,5.0,10,14.3,12.09
EMP05252,Male,24,2,NIT,HR,HR Executive,1,Bangalore,3.4,4.5,3,6.4,7.61
EMP05253,Male,29,5,State University,Product,Associate Product Manager,2,Lucknow,4.4,3.2,18,12.3,12.25
EMP05254,Female,35,8,Other,Engineering,Staff Engineer,2,Visakhapatnam,3.3,3.1,4,8.9,7.32
EMP05255,Female,29,5,BITS,Marketing,Marketing Manager,2,Mumbai,4.7,4.6,25,20.8,8.63
EMP05256,Female,33,9,IIIT,Engineering,Staff Engineer,2,Kolkata,3.8,2.5,3,13.4,11.22
EMP05257,Female,27,5,Tier-2 Private,Customer Support,Support Team Lead,2,Vadodara,2.5,3.5,8,8.4,5.72
EMP05258,Male,27,3,Tier-2 Private,Customer Support,Customer Support Executive,1,Chennai,2.1,3.1,53,9.2,5.59
EMP05259,Male,29,2,Central University,Product,Product Manager,1,Coimbatore,5.0,3.3,9,17.9,7.94
EMP05260,Male,31,4,State University,Operations,Operations Manager,3,Lucknow,3.5,3.9,12,6.7,9.19
EMP05261,Female,33,6,NIT,Finance,Senior Financial Analyst,3,Coimbatore,3.5,3.7,42,12.9,10.31
EMP05262,Female,25,1,IIT,Operations,Supply Chain Analyst,2,Ranchi,3.7,3.0,42,6.9,5.12
EMP05263,Male,25,3,State University,HR,HR Manager,1,Ranchi,3.5,,9,5.6,7.12
EMP05264,Female,24,1,Central University,Sales,Sales Executive,1,Mumbai,3.6,3.8,1,32.8,4.28
EMP05265,Male,26,3,Distance Learning,Sales,Account Manager,1,Kolkata,2.2,,8,33.6,5.48
EMP05266,Male,35,13,State University,Engineering,Lead Engineer,5,Ahmedabad,4.3,3.8,4,14.9,27.29
EMP05267,Male,28,2,IIIT,Legal,Legal Associate,1,Bangalore,3.6,4.6,1,12.1,6.74
EMP05268,Female,34,9,Tier-2 Private,Product,Group Product Manager,3,Mumbai,4.1,2.6,13,19.4,12.22
EMP05269,Female,56,30,Distance Learning,Operations,Logistics Manager,6,Raipur,3.1,3.4,1,6.2,42.52
EMP05270,Male,39,16,Distance Learning,Operations,Logistics Manager,6,Chennai,3.5,3.4,2,8.4,39.2
EMP05271,Female,32,6,Tier-2 Private,Operations,Supply Chain Analyst,2,Indore,2.4,3.5,24,7.5,6.48
EMP05272,Female,33,11,Central University,Sales,Sales Manager,3,Delhi,4.4,4.1,15,22.0,14.77
EMP05273,Female,28,2,Diploma,Data Science,Data Analyst,1,Raipur,3.4,2.4,11,11.9,4.8
EMP05274,Female,28,2,State University,Operations,Operations Executive,1,Ahmedabad,1.6,3.3,4,7.7,5.99
EMP05275,Male,29,6,State University,Finance,Senior Financial Analyst,2,Bangalore,3.2,3.2,14,16.9,8.87
EMP05276,Female,30,7,Central University,Marketing,Marketing Manager,1,Kolkata,3.8,,17,19.7,5.82
EMP05277,Male,37,13,Distance Learning,Data Science,ML Engineer,4,Bangalore,4.7,4.7,2,13.6,27.76
EMP05278,Female,29,4,BITS,HR,HR Business Partner,3,Coimbatore,2.3,2.5,4,10.0,6.94
EMP05279,Male,31,6,Other,Finance,Financial Analyst,2,Mumbai,4.6,4.0,70,15.0,11.19
EMP05280,Female,28,6,Central University,Operations,Operations Executive,2,Chennai,4.1,5.0,25,5.8,10.21
EMP05281,Female,29,5,Distance Learning,Marketing,Digital Marketing Manager,3,Chennai,3.1,,1,13.1,9.73
EMP05282,Male,30,5,State University,Marketing,Marketing Manager,2,Hyderabad,4.2,3.6,6,22.7,11.7
EMP05283,Female,28,3,Central University,HR,HR Executive,1,Hyderabad,3.8,3.6,1,6.7,5.32
EMP05284,Male,32,7,IIM,HR,HR Manager,2,Raipur,3.1,4.2,14,8.8,9.9
EMP05285,Male,31,6,"Top Private (ISB, XLRI, SP Jain)",Operations,Operations Executive,2,Coimbatore,4.4,4.6,16,6.1,12.45
EMP05286,Male,28,4,"Top Private (ISB, XLRI, SP Jain)",Engineering,Software Engineer,2,Chennai,4.6,4.7,73,9.9,10.37
EMP05287,Female,34,9,State University,Legal,Legal Manager,2,Ahmedabad,2.4,2.6,20,8.2,8.43
EMP05288,Male,36,12,Diploma,Data Science,ML Engineer,4,Mumbai,3.8,4.4,2,11.3,23.62
EMP05289,Male,32,9,Tier-2 Private,Product,Group Product Manager,3,Mumbai,3.4,3.6,4,16.5,14.74
EMP05290,Female,25,2,State University,Sales,Sales Executive,1,Chennai,3.9,3.2,3,31.7,5.45
EMP05291,Male,30,6,Diploma,Engineering,Senior Software Engineer,3,Indore,3.2,,1,15.0,12.16
EMP05292,Male,25,3,Tier-2 Private,Finance,Senior Financial Analyst,2,Hyderabad,4.7,4.1,2,15.2,11.15
EMP05293,Female,29,6,Tier-2 Private,Operations,Operations Executive,2,Chennai,2.0,2.9,1,6.9,7.22
EMP05294,Female,25,3,Tier-2 Private,Sales,Sales Executive,1,Raipur,3.6,,22,25.7,4.57
EMP05295,Female,38,14,State University,Legal,Company Secretary,4,Delhi,3.1,3.2,28,12.8,21.7
EMP05296,Female,34,10,BITS,Operations,Operations Manager,3,Mysore,3.3,,5,6.0,13.3
EMP05297,Female,35,13,State University,Product,Director of Product,4,Mumbai,2.0,3.7,36,16.4,18.13
EMP05298,Male,34,12,State University,Finance,FP&A Analyst,4,Pune,4.5,2.9,13,14.2,26.25
EMP05299,Male,30,5,Central University,Engineering,Staff Engineer,2,Ahmedabad,2.4,3.0,29,11.1,9.43
EMP05300,Male,27,4,Tier-2 Private,Sales,Senior Account Manager,3,Pune,3.9,4.1,1,28.9,11.22
EMP05301,Male,47,20,Diploma,Engineering,Principal Engineer,6,Surat,3.1,2.6,10,14.6,45.45
EMP05302,Female,27,5,Central University,Data Science,Data Analyst,2,Mumbai,3.3,3.4,18,13.1,8.69
EMP05303,Female,26,2,Central University,Customer Support,Support Team Lead,1,Visakhapatnam,4.0,3.0,34,5.0,4.9
EMP05304,Male,38,12,Central University,Data Science,ML Engineer,4,Raipur,4.5,,15,13.5,21.72
EMP05305,Male,28,6,IIT,Product,Group Product Manager,3,Bangalore,2.4,3.9,12,11.4,17.88
EMP05306,Female,41,17,Diploma,Marketing,Digital Marketing Manager,5,Thiruvananthapuram,3.2,,24,17.4,21.68
EMP05307,Female,31,7,Tier-2 Private,Data Science,Data Analyst,2,Nagpur,3.7,3.7,5,14.8,9.2
EMP05308,Male,30,5,IIIT,Operations,Operations Manager,2,Guwahati,3.5,2.6,35,5.1,9.67
EMP05309,Male,44,17,"Top Private (ISB, XLRI, SP Jain)",Finance,FP&A Analyst,5,Mumbai,4.2,3.6,28,14.6,50.0
EMP05310,Male,27,2,State University,Product,Senior Product Manager,2,Chennai,4.7,4.2,7,12.9,10.23
EMP05311,Male,28,4,State University,HR,HR Executive,2,Patna,3.0,3.4,6,11.9,10.46
EMP05312,Male,27,3,Central University,Finance,Financial Analyst,1,Kochi,2.8,,4,12.1,7.88
EMP05313,Male,26,1,Tier-2 Private,Product,Associate Product Manager,1,Raipur,3.9,3.2,3,18.1,6.81
EMP05314,Female,34,11,IIIT,Legal,Legal Manager,3,Delhi,2.5,4.1,29,11.7,15.43
EMP05315,Male,30,4,Distance Learning,HR,HR Executive,2,Kochi,3.9,2.9,20,9.5,10.75
EMP05316,Male,35,11,Distance Learning,Legal,Senior Legal Counsel,3,Patna,3.5,,20,10.6,13.91
EMP05317,Male,29,7,Central University,Finance,Finance Manager,3,Visakhapatnam,3.4,2.9,3,10.9,9.81
EMP05318,Female,34,9,State University,Customer Support,Customer Success Manager,3,Coimbatore,4.1,3.9,8,8.0,8.74
EMP05319,Male,27,4,Diploma,Legal,Senior Legal Counsel,2,Patna,3.1,2.9,1,8.9,7.09
EMP05320,Male,27,3,Diploma,Engineering,Senior Software Engineer,1,Ahmedabad,5.0,3.1,75,12.8,8.62
EMP05321,Male,29,6,BITS,Data Science,ML Engineer,3,Coimbatore,3.3,3.4,25,9.9,14.35
EMP05322,Female,33,11,Other,Sales,Sales Manager,4,Delhi,2.9,,7,17.9,19.23
EMP05323,Female,28,5,Tier-2 Private,Product,Senior Product Manager,2,Pune,5.0,3.0,10,12.3,10.36
EMP05324,Male,30,3,Tier-2 Private,Sales,Account Manager,1,Thiruvananthapuram,3.5,3.6,4,21.1,6.55
EMP05325,Male,25,2,Central University,Marketing,Marketing Executive,2,Guwahati,2.6,2.3,5,12.9,6.87
EMP05326,Male,32,6,"Top Private (ISB, XLRI, SP Jain)",Product,Product Manager,2,Delhi,3.4,4.1,26,15.2,11.97
EMP05327,Female,28,4,Tier-2 Private,Product,Senior Product Manager,3,Ranchi,5.0,3.5,21,20.0,9.19
EMP05328,Female,27,5,Tier-2 Private,Product,Associate Product Manager,2,Hyderabad,3.7,,11,17.2,8.67
EMP05329,Male,32,5,State University,Operations,Operations Manager,2,Kolkata,2.8,1.9,16,8.8,7.26
EMP05330,Male,31,4,Central University,Engineering,Software Engineer,1,Bangalore,4.3,3.6,32,10.3,7.35
EMP05331,Female,30,7,Diploma,Data Science,Data Scientist,2,Chennai,4.0,2.8,10,10.7,9.26
EMP05332,Female,31,8,Tier-2 Private,Legal,Legal Associate,2,Delhi,4.0,2.8,51,8.1,9.64
EMP05333,Male,50,23,Diploma,Finance,Accounts Manager,6,Chennai,2.2,3.6,14,11.9,49.66
EMP05334,Male,32,10,BITS,Operations,Process Improvement Specialist,4,Coimbatore,2.7,4.4,18,8.8,17.05
EMP05335,Male,45,18,State University,Product,Director of Product,6,Mumbai,2.3,4.9,4,18.6,50.0
EMP05336,Female,26,3,"Top Private (ISB, XLRI, SP Jain)",Engineering,Software Engineer,1,Lucknow,3.2,4.1,8,13.3,6.99
EMP05337,Female,28,1,Central University,Marketing,Marketing Executive,2,Hyderabad,4.7,3.2,1,20.9,6.87
EMP05338,Female,32,5,Distance Learning,Product,Product Manager,3,Delhi,2.0,4.4,2,19.5,8.94
EMP05339,Female,34,11,Other,Sales,Key Account Manager,4,Delhi,2.5,4.3,2,22.4,13.56
EMP05340,Male,32,9,Central University,Legal,Legal Associate,2,Jaipur,2.1,3.7,6,9.1,11.97
EMP05341,Male,36,14,Central University,Legal,Company Secretary,5,Chennai,4.1,2.3,37,12.9,26.76
EMP05342,Male,27,1,NIT,Operations,Operations Executive,1,Ranchi,5.0,3.0,22,7.5,7.77
EMP05343,Female,38,14,BITS,Engineering,Staff Engineer,4,Kolkata,3.7,1.8,16,8.3,22.4
EMP05344,Female,32,7,Central University,Legal,Legal Manager,2,Mumbai,3.9,3.0,21,11.5,8.79
EMP05345,Male,27,2,Central University,Legal,Legal Manager,2,Bangalore,3.5,3.7,4,8.4,8.4
EMP05346,Male,35,10,BITS,Data Science,Senior Data Scientist,2,Pune,3.4,2.4,27,11.3,15.41
EMP05347,Female,29,6,IIM,Marketing,Brand Manager,3,Hyderabad,4.1,3.9,1,12.8,12.15
EMP05348,Female,31,7,Distance Learning,Customer Support,Customer Support Executive,2,Thiruvananthapuram,2.8,3.4,1,9.7,6.04
EMP05349,Female,37,12,Central University,Legal,Compliance Officer,3,Mumbai,4.0,2.0,8,13.8,12.55
EMP05350,Male,30,8,Central University,Product,Director of Product,4,Ahmedabad,3.2,3.8,27,19.6,18.49
EMP05351,Female,26,2,State University,Operations,Operations Manager,1,Delhi,3.5,2.1,39,8.5,4.57
EMP05352,Female,31,5,"Top Private (ISB, XLRI, SP Jain)",Finance,Financial Analyst,2,Mysore,3.0,4.8,5,11.6,7.76
EMP05353,Female,25,1,State University,Legal,Senior Legal Counsel,1,Kochi,1.8,,2,12.0,5.08
EMP05354,Female,33,9,Tier-2 Private,Customer Support,Support Team Lead,3,Pune,4.1,,10,6.5,10.09
EMP05355,Female,43,16,Distance Learning,Sales,Sales Manager,5,Mumbai,3.4,3.0,31,27.6,20.87
EMP05356,Female,27,2,Central University,Finance,Senior Financial Analyst,1,Kochi,3.4,3.4,1,17.6,6.73
EMP05357,Female,29,3,Diploma,Finance,Senior Financial Analyst,1,Chandigarh,5.0,3.0,15,17.4,5.55
EMP05358,Male,25,3,IIM,HR,HR Executive,1,Visakhapatnam,3.6,2.5,15,5.4,8.35
EMP05359,Male,31,4,Central University,Customer Support,Support Team Lead,1,Visakhapatnam,2.9,3.7,6,8.0,6.38
EMP05360,Female,34,8,Distance Learning,Finance,Senior Financial Analyst,3,Patna,2.3,2.9,4,16.6,8.39
EMP05361,Female,30,4,Central University,HR,HR Executive,2,Chennai,3.2,2.9,14,6.4,7.96
EMP05362,Male,35,9,Central University,Sales,Senior Account Manager,3,Chennai,3.8,4.7,11,28.7,19.21
EMP05363,Male,37,12,BITS,Finance,FP&A Analyst,4,Bhopal,2.3,,69,14.4,16.22
EMP05364,Female,38,13,Other,Finance,Finance Manager,3,Hyderabad,4.4,3.1,2,10.4,10.9
EMP05365,Female,27,2,Other,Finance,Senior Financial Analyst,1,Vadodara,3.2,3.4,44,16.4,5.07
EMP05366,Female,39,15,IIT,Marketing,Digital Marketing Manager,4,Indore,3.4,3.6,22,20.3,24.56
EMP05367,Male,42,16,Diploma,Engineering,Engineering Manager,5,Indore,3.5,3.8,1,14.1,32.23
EMP05368,Female,41,17,"Top Private (ISB, XLRI, SP Jain)",Engineering,Principal Engineer,5,Thiruvananthapuram,2.3,1.6,14,11.3,22.06
EMP05369,Female,31,5,Central University,Operations,Operations Executive,2,Raipur,3.1,3.1,6,8.8,6.29
EMP05370,Male,27,3,NIT,Customer Support,Customer Support Executive,1,Hyderabad,3.8,,1,6.3,8.44
EMP05371,Male,27,3,State University,Legal,Legal Associate,1,Coimbatore,3.4,2.8,16,12.6,7.44
EMP05372,Female,24,2,Tier-2 Private,Customer Support,Customer Support Executive,1,Kolkata,3.1,2.4,25,9.5,4.23
EMP05373,Male,33,6,Diploma,Legal,Compliance Officer,3,Hyderabad,3.2,4.4,12,14.5,11.4
EMP05374,Female,36,10,Tier-2 Private,Legal,Legal Manager,3,Bangalore,3.9,3.4,3,8.4,10.5
EMP05375,Female,38,15,Central University,Engineering,Lead Engineer,4,Chennai,4.6,2.9,65,8.1,22.44
EMP05376,Female,26,4,BITS,Legal,Legal Manager,2,Indore,3.3,3.5,14,15.0,9.45
EMP05377,Male,32,5,Central University,Marketing,Marketing Manager,2,Coimbatore,2.8,4.4,20,17.5,6.75
EMP05378,Female,27,5,State University,Operations,Supply Chain Analyst,2,Delhi,5.0,3.7,22,5.9,7.34
EMP05379,Male,27,3,Diploma,Legal,Senior Legal Counsel,2,Mumbai,4.3,4.5,1,11.3,11.62
EMP05380,Female,32,10,State University,Engineering,Software Engineer,2,Chandigarh,3.4,3.5,23,10.8,8.95
EMP05381,Male,33,7,State University,Product,Product Manager,2,Coimbatore,3.0,4.1,6,17.9,11.98
EMP05382,Female,29,6,Diploma,Engineering,Software Engineer,2,Hyderabad,4.9,3.1,45,9.1,8.58
EMP05383,Female,31,7,Diploma,Marketing,Marketing Manager,1,Mumbai,2.8,,4,20.3,5.7
EMP05384,Male,34,9,Tier-2 Private,Sales,Senior Account Manager,3,Coimbatore,3.5,4.8,17,19.1,15.9
EMP05385,Male,33,9,State University,Marketing,Brand Manager,3,Thiruvananthapuram,4.0,3.7,6,21.7,11.39
EMP05386,Female,29,3,Central University,HR,HR Business Partner,2,Kolkata,3.6,2.4,17,11.9,6.66
EMP05387,Male,36,11,IIIT,Product,Senior Product Manager,3,Dehradun,2.7,3.7,7,18.8,15.53
EMP05388,Male,31,7,Diploma,Product,Senior Product Manager,2,Surat,3.2,3.5,9,14.8,12.56
EMP05389,Male,27,4,Diploma,HR,HR Executive,1,Nagpur,3.5,,11,7.7,6.39
EMP05390,Female,31,7,BITS,Engineering,Software Engineer,2,Vadodara,2.6,3.1,77,13.4,7.56
EMP05391,Male,30,7,Diploma,Marketing,Marketing Executive,2,Kolkata,3.4,3.7,7,14.9,11.74
EMP05392,Male,37,12,Diploma,Customer Support,Support Manager,4,Chandigarh,4.7,4.0,2,5.6,20.61
EMP05393,Female,28,2,Distance Learning,HR,HR Executive,1,Ahmedabad,4.9,2.8,1,10.2,4.63
EMP05394,Male,40,15,Distance Learning,Engineering,Lead Engineer,4,Delhi,3.3,3.8,4,11.7,24.15
EMP05395,Male,28,6,Distance Learning,Marketing,Marketing Manager,3,Patna,3.4,3.8,2,19.8,9.81
EMP05396,Male,31,4,State University,Finance,Financial Analyst,2,Surat,3.3,2.0,1,14.9,7.67
EMP05397,Male,30,4,Diploma,Operations,Operations Executive,2,Indore,1.8,3.5,96,8.7,7.95
EMP05398,Male,29,3,Tier-2 Private,Operations,Operations Executive,1,Bangalore,3.9,2.6,67,9.5,6.29
EMP05399,Female,23,1,Tier-2 Private,Customer Support,Customer Support Executive,1,Hyderabad,3.7,4.3,32,5.3,4.71
EMP05400,Male,35,9,Tier-2 Private,Operations,Process Improvement Specialist,3,Kolkata,4.3,3.2,11,7.5,18.31
EMP05401,Female,48,24,Tier-2 Private,Product,Director of Product,5,Bangalore,4.3,,17,16.4,38.92
EMP05402,Male,28,1,State University,Data Science,Data Scientist,2,Guwahati,4.0,,25,14.7,9.62
EMP05403,Male,29,3,Central University,Data Science,Data Scientist,1,Delhi,4.0,1.9,50,13.0,8.34
EMP05404,Male,37,10,Diploma,Operations,Supply Chain Analyst,3,Bhopal,2.7,2.8,23,8.5,11.63
EMP05405,Male,27,5,Distance Learning,HR,HR Executive,1,Ranchi,3.6,4.5,2,7.2,7.9
EMP05406,Female,35,10,Distance Learning,Finance,Finance Manager,2,Ahmedabad,2.4,3.3,1,16.7,8.1
EMP05407,Male,31,5,Tier-2 Private,Sales,Senior Account Manager,2,Ahmedabad,3.2,2.6,4,20.4,9.12
EMP05408,Male,29,4,IIM,Data Science,Data Analyst,1,Hyderabad,4.8,3.1,4,14.2,9.09
EMP05409,Male,31,5,Central University,Sales,Senior Account Manager,2,Chandigarh,3.9,2.7,2,26.8,7.94
EMP05410,Female,27,1,NIT,Operations,Operations Executive,1,Delhi,3.7,2.8,16,6.1,4.6
EMP05411,Male,24,2,Diploma,Data Science,Data Analyst,1,Delhi,3.5,3.3,5,9.6,6.46
EMP05412,Female,34,11,Central University,Customer Support,Customer Success Manager,4,Ranchi,3.5,4.5,37,7.5,15.96
EMP05413,Male,38,13,Central University,Legal,Company Secretary,4,Pune,3.6,2.8,1,10.9,20.58
EMP05414,Male,40,16,Central University,Sales,Key Account Manager,5,Chandigarh,3.6,2.6,10,20.8,28.1
EMP05415,Female,32,8,Distance Learning,Operations,Operations Executive,2,Chennai,4.0,3.1,24,5.8,9.53
EMP05416,Male,28,1,BITS,Data Science,Data Scientist,2,Pune,5.0,3.6,7,8.0,13.69
EMP05417,Male,25,3,IIIT,Customer Support,Customer Support Executive,1,Pune,4.6,3.4,4,7.0,7.69
EMP05418,Female,40,15,Diploma,Data Science,Lead Data Scientist,4,Delhi,3.1,3.2,3,9.7,19.77
EMP05419,Male,41,18,Diploma,Legal,Company Secretary,5,Indore,3.0,,3,8.8,28.01
EMP05420,Male,37,15,BITS,Marketing,Digital Marketing Manager,5,Kolkata,3.1,2.8,25,15.5,24.38
EMP05421,Male,29,5,Central University,Operations,Operations Manager,2,Kochi,3.0,3.5,18,7.7,9.96
EMP05422,Male,26,2,IIT,Engineering,Senior Software Engineer,1,Chennai,2.1,4.6,37,12.4,8.64
EMP05423,Female,29,5,NIT,Finance,Senior Financial Analyst,2,Kolkata,3.6,,7,13.2,9.83
EMP05424,Male,28,6,Central University,Engineering,Staff Engineer,3,Surat,3.2,3.8,16,14.0,13.13
EMP05425,Female,44,18,State University,Sales,Business Development Manager,5,Chandigarh,3.5,2.0,7,15.2,21.08
EMP05426,Female,31,7,Other,Product,Senior Product Manager,2,Delhi,3.1,3.9,2,13.8,7.97
EMP05427,Female,31,6,Central University,Finance,Finance Manager,2,Chennai,3.5,3.9,33,16.7,9.22
EMP05428,Female,31,6,Tier-2 Private,Data Science,Data Analyst,2,Delhi,3.0,3.5,11,12.8,9.44
EMP05429,Female,33,8,State University,Data Science,Senior Data Scientist,3,Chandigarh,3.0,3.0,4,12.0,12.8
EMP05430,Female,34,9,Central University,HR,HR Business Partner,3,Lucknow,5.0,2.8,14,5.8,10.17
EMP05431,Male,26,3,Distance Learning,Finance,Senior Financial Analyst,1,Mumbai,2.5,4.3,11,16.8,6.36
EMP05432,Male,26,2,State University,Engineering,Software Engineer,1,Kolkata,5.0,,32,9.1,8.88
EMP05433,Female,40,15,Central University,Legal,Legal Manager,4,Guwahati,2.4,4.1,25,14.8,19.75
EMP05434,Male,23,1,BITS,Product,Associate Product Manager,1,Pune,2.8,,13,18.9,9.17
EMP05435,Female,45,19,NIT,Engineering,Principal Engineer,5,Lucknow,2.5,,9,9.5,25.71
EMP05436,Male,25,1,State University,Engineering,Software Engineer,1,Ranchi,3.2,2.9,35,8.9,6.23
EMP05437,Female,27,4,State University,Marketing,Marketing Manager,1,Mysore,1.0,4.4,15,17.2,5.52
EMP05438,Male,33,11,Distance Learning,HR,HR Business Partner,3,Bangalore,4.3,4.9,10,12.0,19.12
EMP05439,Female,29,6,State University,Data Science,Data Analyst,2,Bangalore,2.8,3.3,27,9.7,7.17
EMP05440,Male,26,2,Diploma,Finance,Financial Analyst,1,Hyderabad,3.8,2.3,8,16.1,7.77
EMP05441,Male,35,8,IIIT,Finance,Finance Manager,3,Chennai,4.9,4.5,8,14.3,16.27
EMP05442,Female,31,6,Diploma,Engineering,Staff Engineer,2,Lucknow,3.1,4.8,8,10.0,8.78
EMP05443,Female,29,5,IIT,Operations,Operations Manager,1,Coimbatore,3.8,3.1,10,9.2,6.93
EMP05444,Female,25,3,State University,Finance,Finance Manager,2,Visakhapatnam,2.8,3.1,64,14.6,7.16
EMP05445,Female,28,5,Central University,Sales,Sales Executive,1,Vadodara,4.2,3.1,2,31.6,5.59
EMP05446,Male,31,4,Diploma,Engineering,Software Engineer,2,Chennai,3.8,3.4,1,8.2,10.99
EMP05447,Female,52,30,Other,Engineering,DevOps Engineer,6,Chennai,2.5,4.1,6,11.0,50.0
EMP05448,Male,30,5,Tier-2 Private,Legal,Legal Associate,2,Chandigarh,4.6,4.0,21,9.2,10.8
EMP05449,Male,29,4,State University,Finance,Financial Analyst,2,Bhopal,3.4,2.9,41,10.7,10.04
EMP05450,Male,27,4,Tier-2 Private,Finance,Financial Analyst,2,Ahmedabad,3.4,3.4,39,17.0,9.55
EMP05451,Male,47,20,IIIT,Marketing,Growth Manager,6,Hyderabad,4.0,3.8,31,12.3,47.32
EMP05452,Male,25,1,Tier-2 Private,Operations,Operations Manager,1,Bhopal,4.3,,2,8.0,6.01
EMP05453,Female,32,7,State University,Sales,Sales Executive,1,Delhi,2.7,3.6,9,29.0,6.37
EMP05454,Male,27,5,Diploma,Sales,Account Manager,2,Kochi,4.2,3.7,46,24.5,10.83
EMP05455,Female,29,2,IIIT,Legal,Senior Legal Counsel,1,Mumbai,3.5,4.1,1,13.4,6.95
EMP05456,Male,25,3,Central University,HR,HR Manager,2,Coimbatore,3.3,4.1,4,9.4,9.07
EMP05457,Male,30,7,Other,Product,Associate Product Manager,2,Thiruvananthapuram,3.0,3.3,1,16.0,8.1
EMP05458,Female,30,3,Central University,HR,HR Executive,1,Indore,3.7,3.3,6,7.0,5.42
EMP05459,Male,32,7,NIT,Product,Senior Product Manager,2,Jaipur,2.4,3.1,45,12.3,9.4
EMP05460,Male,46,20,Tier-2 Private,Marketing,Growth Manager,6,Nagpur,2.8,5.0,48,24.1,38.95
EMP05461,Female,29,6,"Top Private (ISB, XLRI, SP Jain)",Engineering,Staff Engineer,2,Indore,2.2,3.8,1,10.1,8.23
EMP05462,Male,28,2,Tier-2 Private,Marketing,Marketing Executive,1,Pune,4.2,,6,21.3,7.68
EMP05463,Male,30,3,IIM,HR,HR Manager,1,Mumbai,3.6,,24,11.8,8.77
EMP05464,Female,29,4,State University,Finance,Financial Analyst,2,Guwahati,3.7,2.2,11,17.5,5.98
EMP05465,Male,27,4,Tier-2 Private,Data Science,Data Analyst,2,Kochi,3.1,,1,14.3,9.82
EMP05466,Female,33,6,Central University,Engineering,Senior Software Engineer,1,Vadodara,3.3,3.4,13,14.3,7.63
EMP05467,Female,29,7,NIT,Data Science,Senior Data Scientist,3,Ahmedabad,3.3,3.9,4,9.1,11.04
EMP05468,Male,47,20,Diploma,Finance,Accounts Manager,6,Guwahati,3.8,4.3,53,13.1,33.69
EMP05469,Male,28,6,Central University,Customer Support,Support Team Lead,2,Ahmedabad,2.3,2.6,96,9.9,8.12
EMP05470,Male,24,2,IIT,Marketing,Marketing Manager,1,Dehradun,3.6,,2,14.6,6.26
EMP05471,Female,35,13,Central University,Customer Support,Support Manager,4,Ranchi,3.9,3.5,3,6.4,14.96
EMP05472,Male,37,14,Tier-2 Private,Data Science,Senior Data Scientist,4,Delhi,3.9,,18,14.2,22.17
EMP05473,Female,33,7,Central University,Customer Support,Support Team Lead,2,Kolkata,5.0,2.2,7,5.8,6.35
EMP05474,Male,29,5,Tier-2 Private,Customer Support,Customer Success Manager,2,Pune,3.7,3.0,24,5.5,8.48
EMP05475,Female,31,9,State University,Engineering,Lead Engineer,3,Chennai,4.2,3.2,12,8.6,15.39
EMP05476,Male,29,5,State University,Engineering,Staff Engineer,3,Bangalore,4.3,4.1,45,9.9,13.9
EMP05477,Male,28,1,Tier-2 Private,Operations,Operations Manager,1,Pune,2.9,2.9,3,9.9,6.82
EMP05478,Male,33,8,Tier-2 Private,Product,Senior Product Manager,4,Delhi,4.1,3.2,36,16.8,19.91
EMP05479,Male,37,11,Central University,Operations,Operations Manager,3,Bangalore,2.0,3.4,13,5.4,11.44
EMP05480,Female,39,16,State University,Operations,Logistics Manager,4,Thiruvananthapuram,2.8,2.2,45,7.4,15.07
EMP05481,Male,28,3,IIIT,Engineering,Software Engineer,1,Chennai,4.1,3.3,29,8.8,10.69
EMP05482,Male,33,7,State University,Legal,Legal Associate,1,Indore,2.6,3.9,82,9.8,8.56
EMP05483,Male,33,7,NIT,Legal,Legal Associate,1,Patna,4.4,2.9,14,9.1,10.29
EMP05484,Male,28,6,Tier-2 Private,Marketing,Marketing Manager,3,Ahmedabad,4.3,3.3,34,21.6,12.93
EMP05485,Female,31,6,Tier-2 Private,Customer Support,Support Team Lead,2,Hyderabad,3.9,2.9,24,5.7,9.09
EMP05486,Female,32,6,Other,HR,HR Business Partner,2,Indore,3.7,3.7,7,8.0,7.67
EMP05487,Female,29,7,Central University,Sales,Account Manager,2,Ahmedabad,3.3,2.1,18,27.1,6.04
EMP05488,Male,34,10,State University,Product,Product Manager,3,Delhi,3.7,,14,15.9,15.03
EMP05489,Male,39,14,BITS,Operations,Logistics Manager,4,Hyderabad,4.3,4.7,8,7.8,31.0
EMP05490,Female,25,3,Tier-2 Private,Customer Support,Customer Support Executive,1,Patna,4.4,4.1,8,5.6,4.56
EMP05491,Male,31,5,State University,Sales,Sales Executive,2,Visakhapatnam,3.6,4.3,21,25.8,9.82
EMP05492,Female,31,4,State University,Operations,Operations Executive,1,Raipur,2.4,4.3,6,5.1,5.06
EMP05493,Male,29,4,BITS,Marketing,Marketing Executive,2,Kochi,3.3,2.9,11,13.7,9.04
EMP05494,Male,25,1,Central University,Data Science,Data Scientist,1,Bangalore,3.7,4.5,13,11.2,7.59
EMP05495,Female,28,6,BITS,Finance,Senior Financial Analyst,2,Guwahati,4.1,1.8,14,13.9,8.08
EMP05496,Male,34,8,Other,Sales,Account Manager,3,Mysore,3.9,,21,32.5,12.2
EMP05497,Female,32,5,Central University,HR,HR Business Partner,2,Hyderabad,4.5,3.7,8,9.4,9.28
EMP05498,Male,33,6,Tier-2 Private,Data Science,Data Analyst,2,Delhi,3.0,3.7,7,9.5,10.07
EMP05499,Male,33,8,NIT,Product,Senior Product Manager,2,Lucknow,3.0,3.8,31,12.0,11.37
EMP05500,Male,38,16,Central University,Marketing,Growth Manager,6,Raipur,4.3,2.9,14,21.5,44.5
EMP05501,Male,27,4,Central University,Engineering,Staff Engineer,2,Thiruvananthapuram,2.8,1.6,11,8.4,10.24
EMP05502,Male,25,2,Central University,Marketing,Marketing Executive,1,Ahmedabad,2.7,3.9,16,20.9,6.26
EMP05503,Male,27,5,IIT,Customer Support,Customer Support Executive,1,Mysore,3.6,4.3,7,5.8,6.79
EMP05504,Female,44,22,Tier-2 Private,Sales,Key Account Manager,5,Mumbai,4.1,3.4,25,32.1,39.64
EMP05505,Female,27,2,BITS,Customer Support,Support Team Lead,1,Kochi,3.7,3.5,15,7.2,7.07
EMP05506,Male,31,9,Tier-2 Private,Customer Support,Support Manager,4,Mysore,1.4,3.9,2,8.0,11.16
EMP05507,Male,35,13,Central University,Engineering,Lead Engineer,4,Hyderabad,3.4,3.0,10,14.1,27.49
EMP05508,Male,28,1,Diploma,Finance,Finance Manager,2,Mumbai,2.9,3.5,34,12.8,8.79
EMP05509,Female,33,8,Other,Product,Product Manager,3,Lucknow,4.5,2.5,17,15.1,9.85
EMP05510,Female,35,9,State University,Operations,Process Improvement Specialist,3,Patna,2.3,4.0,28,6.1,10.54
EMP05511,Male,28,5,IIIT,Engineering,Senior Software Engineer,2,Guwahati,4.0,2.0,3,10.9,8.74
EMP05512,Male,27,3,IIT,Operations,Operations Executive,1,Bangalore,3.5,3.4,11,8.6,7.83
EMP05513,Male,29,4,State University,Finance,Controller,3,Coimbatore,3.7,4.8,19,13.0,11.85
EMP05514,Male,30,4,IIIT,Data Science,Senior Data Scientist,2,Kochi,4.1,3.9,3,8.3,9.73
EMP05515,Male,28,4,Distance Learning,Product,Product Manager,3,Bangalore,3.3,2.8,1,12.8,12.1
EMP05516,Female,31,4,State University,Operations,Supply Chain Analyst,2,Visakhapatnam,3.6,3.6,7,7.9,5.76
EMP05517,Male,30,4,NIT,Marketing,Marketing Manager,3,Indore,4.9,4.2,2,12.2,12.53
EMP05518,Male,36,13,IIIT,Legal,Compliance Officer,5,Bangalore,4.3,3.7,11,12.4,39.68
EMP05519,Male,24,2,BITS,Customer Support,Customer Support Executive,1,Bhopal,4.2,4.0,16,9.4,7.25
EMP05520,Male,23,1,Diploma,HR,HR Executive,1,Nagpur,4.2,2.7,12,7.1,6.58
EMP05521,Male,41,14,IIM,Operations,Supply Chain Analyst,4,Thiruvananthapuram,5.0,3.1,47,8.2,27.93
EMP05522,Male,31,5,Tier-2 Private,Marketing,Marketing Executive,1,Visakhapatnam,4.0,,40,19.0,9.56
EMP05523,Male,28,4,Tier-2 Private,Finance,Financial Analyst,1,Pune,3.6,3.4,17,14.6,6.39
EMP05524,Female,31,5,IIT,Operations,Operations Manager,2,Pune,4.0,3.0,12,8.0,9.25
EMP05525,Male,34,7,BITS,Engineering,Staff Engineer,3,Surat,3.1,2.9,21,11.6,11.75
EMP05526,Female,26,4,Other,Legal,Senior Legal Counsel,2,Nagpur,4.2,4.3,16,12.7,6.89
EMP05527,Male,35,8,State University,Operations,Operations Manager,3,Coimbatore,4.3,3.7,48,7.9,11.45
EMP05528,Male,27,3,IIM,Product,Senior Product Manager,2,Surat,3.2,4.3,9,15.3,13.56
EMP05529,Female,28,4,Distance Learning,Engineering,Senior Software Engineer,2,Vadodara,3.4,1.8,52,9.5,5.01
EMP05530,Female,23,1,Central University,Data Science,Data Analyst,1,Patna,3.8,4.0,59,14.4,5.45
EMP05531,Male,39,13,Tier-2 Private,Sales,Sales Manager,5,Lucknow,3.0,2.8,11,19.3,31.12
EMP05532,Female,30,5,Diploma,Operations,Operations Manager,1,Delhi,2.7,,4,5.5,5.48
EMP05533,Male,31,9,State University,Operations,Operations Manager,2,Kolkata,3.3,3.7,13,8.6,8.08
EMP05534,Male,33,8,Other,Engineering,Lead Engineer,3,Lucknow,3.6,5.0,21,8.9,20.63
EMP05535,Female,30,8,Other,Engineering,Staff Engineer,3,Delhi,4.0,,18,9.6,17.01
EMP05536,Female,29,6,BITS,Legal,Legal Associate,1,Vadodara,3.9,3.2,20,14.1,5.59
EMP05537,Male,32,7,Diploma,Marketing,Marketing Executive,1,Patna,3.5,3.9,11,17.8,8.75
EMP05538,Female,29,3,Distance Learning,Finance,Financial Analyst,1,Chandigarh,4.0,2.9,28,15.3,5.62
EMP05539,Male,24,2,Other,Engineering,Software Engineer,1,Chennai,3.1,3.6,32,10.7,6.2
EMP05540,Male,29,5,State University,Data Science,Senior Data Scientist,2,Hyderabad,2.3,,11,12.5,12.29
EMP05541,Female,26,3,Diploma,Sales,Sales Executive,2,Mumbai,3.3,3.5,39,31.8,6.51
EMP05542,Male,42,16,IIT,Sales,Senior Account Manager,4,Pune,3.7,3.2,43,25.3,30.61
EMP05543,Female,33,7,Diploma,Product,Associate Product Manager,2,Kochi,3.0,3.6,5,16.1,8.99
EMP05544,Female,28,3,IIIT,Product,Associate Product Manager,1,Bhopal,2.3,3.6,10,10.7,5.8
EMP05545,Male,31,5,Other,Finance,Financial Analyst,1,Mumbai,2.8,2.8,31,11.9,8.19
EMP05546,Male,30,6,Other,Marketing,Marketing Manager,2,Guwahati,2.5,3.5,8,20.1,7.12
EMP05547,Female,30,5,Central University,Legal,Legal Manager,2,Raipur,2.4,2.9,2,8.3,4.46
EMP05548,Female,30,7,IIM,Marketing,Marketing Manager,1,Thiruvananthapuram,3.5,4.7,7,18.9,6.57
EMP05549,Female,33,6,Tier-2 Private,Sales,Senior Account Manager,2,Chennai,4.5,4.2,34,30.4,10.25
EMP05550,Male,25,2,Central University,Legal,Legal Associate,1,Chennai,3.5,4.3,37,14.5,6.47
EMP05551,Male,28,1,NIT,HR,HR Executive,1,Kochi,4.4,3.3,2,9.7,6.79
EMP05552,Male,30,4,State University,Product,Senior Product Manager,2,Lucknow,1.4,4.9,15,19.4,9.37
EMP05553,Male,35,8,Tier-2 Private,Customer Support,Support Team Lead,3,Delhi,3.7,3.4,2,9.5,13.39
EMP05554,Male,29,4,Distance Learning,Operations,Supply Chain Analyst,2,Delhi,4.0,3.1,15,7.1,10.96
EMP05555,Female,38,14,Tier-2 Private,Operations,Supply Chain Analyst,4,Bhopal,2.9,4.9,15,8.6,14.38
EMP05556,Female,28,5,State University,Customer Support,Support Team Lead,2,Chennai,2.8,3.8,3,6.8,7.01
EMP05557,Male,38,15,Diploma,Operations,Logistics Manager,4,Chennai,3.2,3.1,25,5.5,22.97
EMP05558,Male,40,13,State University,HR,HR Manager,3,Pune,4.2,3.3,9,6.7,18.74
EMP05559,Female,34,12,NIT,Legal,Compliance Officer,3,Visakhapatnam,2.6,3.8,3,12.4,10.83
EMP05560,Male,28,2,Central University,Data Science,Data Analyst,2,Coimbatore,2.8,3.4,6,10.9,10.71
EMP05561,Female,32,6,Tier-2 Private,Customer Support,Customer Support Executive,2,Pune,2.5,,73,7.7,8.21
EMP05562,Male,36,14,State University,Product,Group Product Manager,4,Nagpur,4.0,4.8,8,13.7,22.7
EMP05563,Male,34,7,Other,Customer Support,Customer Support Executive,1,Hyderabad,2.9,3.1,8,6.7,8.23
EMP05564,Male,30,8,Diploma,HR,HR Business Partner,4,Chandigarh,3.4,3.3,8,5.8,14.8
EMP05565,Female,24,2,NIT,Legal,Legal Associate,1,Mysore,3.9,5.0,13,9.7,6.5
EMP05566,Male,48,23,State University,Finance,FP&A Analyst,6,Chennai,3.1,3.9,1,13.7,50.0
EMP05567,Female,25,3,Tier-2 Private,Sales,Account Manager,2,Vadodara,2.3,3.7,15,18.0,4.72
EMP05568,Male,23,1,Diploma,HR,HR Executive,1,Hyderabad,3.9,,10,9.5,8.84
EMP05569,Male,29,4,Diploma,Operations,Operations Executive,2,Nagpur,4.0,,39,7.8,10.95
EMP05570,Female,28,1,Tier-2 Private,HR,HR Manager,2,Mumbai,4.8,4.2,6,7.1,6.3
EMP05571,Male,24,2,Central University,Customer Support,Customer Support Executive,1,Indore,3.7,2.6,3,8.6,4.31
EMP05572,Male,55,30,Central University,Sales,Key Account Manager,6,Kochi,3.6,3.9,22,18.6,50.0
EMP05573,Male,29,4,"Top Private (ISB, XLRI, SP Jain)",Product,Product Manager,2,Ahmedabad,3.7,,8,10.8,11.0
EMP05574,Female,24,2,Other,Operations,Operations Executive,1,Mumbai,3.4,,21,8.9,4.51
EMP05575,Male,28,6,Central University,Finance,Senior Financial Analyst,2,Mumbai,3.5,2.1,1,15.1,9.16
EMP05576,Male,27,3,Other,Operations,Operations Manager,2,Surat,3.0,2.6,55,5.6,7.6
EMP05577,Female,37,11,Central University,Marketing,Marketing Manager,3,Kolkata,3.7,3.3,63,17.6,12.91
EMP05578,Female,26,3,Other,Product,Associate Product Manager,1,Guwahati,3.7,3.8,9,11.9,4.85
EMP05579,Female,31,7,Distance Learning,Product,Product Manager,2,Mumbai,3.4,2.4,2,14.9,9.55
EMP05580,Female,26,2,State University,Marketing,Marketing Manager,1,Nagpur,2.7,,12,13.9,4.8
EMP05581,Female,56,30,Central University,Marketing,Growth Manager,6,Indore,2.3,,13,24.7,50.0
EMP05582,Male,31,8,Central University,Legal,Senior Legal Counsel,3,Bangalore,3.1,3.5,2,11.1,19.91
EMP05583,Male,31,5,State University,Operations,Operations Executive,2,Jaipur,3.0,,1,5.3,9.32
EMP05584,Female,30,4,Distance Learning,Sales,Senior Account Manager,3,Chennai,3.2,4.1,1,31.4,9.11
EMP05585,Female,29,4,IIT,Data Science,Data Scientist,2,Delhi,3.1,2.6,6,14.7,9.38
EMP05586,Female,29,3,Distance Learning,Data Science,Data Scientist,2,Coimbatore,4.9,3.2,25,13.1,7.13
EMP05587,Male,26,3,Other,Engineering,Software Engineer,2,Delhi,3.2,,1,8.6,10.22
EMP05588,Male,46,19,Diploma,Engineering,Engineering Manager,4,Indore,2.4,,28,14.7,25.26
EMP05589,Male,27,4,Tier-2 Private,Data Science,Senior Data Scientist,2,Visakhapatnam,3.5,4.2,32,11.1,10.7
EMP05590,Female,24,1,Diploma,Operations,Operations Executive,1,Ahmedabad,3.2,2.6,7,9.2,3.92
EMP05591,Male,27,2,Central University,Marketing,Marketing Executive,1,Delhi,5.0,4.6,40,17.0,7.29
EMP05592,Female,35,11,Central University,Marketing,Marketing Executive,2,Hyderabad,3.7,2.4,5,13.2,9.37
EMP05593,Female,29,5,"Top Private (ISB, XLRI, SP Jain)",Sales,Account Manager,2,Thiruvananthapuram,4.2,3.0,28,21.7,7.06
EMP05594,Male,31,5,IIM,Marketing,Marketing Manager,3,Thiruvananthapuram,3.5,2.8,10,24.9,12.87
EMP05595,Male,38,13,NIT,Engineering,Staff Engineer,4,Patna,3.7,3.3,1,8.3,24.38
EMP05596,Female,27,3,Central University,Engineering,Software Engineer,1,Nagpur,3.1,1.7,7,12.0,5.39
EMP05597,Female,35,9,IIIT,Data Science,Senior Data Scientist,4,Lucknow,3.5,3.3,4,13.4,16.77
EMP05598,Male,27,3,State University,Finance,Senior Financial Analyst,1,Nagpur,2.8,2.4,58,11.9,6.94
EMP05599,Male,36,9,Tier-2 Private,Legal,Legal Manager,2,Visakhapatnam,3.1,3.3,9,10.9,10.06
EMP05600,Male,31,4,Central University,Data Science,Senior Data Scientist,2,Chennai,3.8,4.4,7,14.0,11.68
EMP05601,Male,29,5,Other,Sales,Account Manager,1,Pune,3.8,3.7,4,21.5,7.9
EMP05602,Male,36,10,Central University,Engineering,Staff Engineer,3,Delhi,3.7,5.0,32,11.6,17.01
EMP05603,Female,36,10,Distance Learning,Data Science,ML Engineer,3,Lucknow,3.0,4.1,17,14.2,13.99
EMP05604,Female,32,5,Other,Finance,Financial Analyst,2,Hyderabad,5.0,4.0,48,14.4,11.37
EMP05605,Male,28,4,Central University,Operations,Process Improvement Specialist,3,Bangalore,3.4,3.2,1,7.6,13.34
EMP05606,Male,42,18,Tier-2 Private,Legal,Compliance Officer,5,Kolkata,3.7,,22,10.6,41.4
EMP05607,Male,32,9,Central University,Sales,Account Manager,3,Raipur,4.5,4.0,43,29.1,14.89
EMP05608,Female,29,4,Central University,Legal,Legal Manager,2,Jaipur,2.8,2.9,16,14.8,7.0
EMP05609,Male,28,3,IIM,Marketing,Marketing Manager,1,Kolkata,3.4,3.6,1,15.9,9.04
EMP05610,Female,36,12,Central University,Product,Product Manager,3,Kolkata,5.0,4.1,16,13.7,17.41
EMP05611,Male,29,6,Tier-2 Private,Marketing,Marketing Executive,2,Lucknow,3.9,3.7,76,15.2,11.8
EMP05612,Female,29,5,Central University,Product,Associate Product Manager,2,Ahmedabad,4.1,2.3,18,13.1,7.53
EMP05613,Male,31,6,NIT,Finance,Finance Manager,3,Bangalore,3.2,4.1,35,11.1,14.94
EMP05614,Female,29,7,NIT,Engineering,Software Engineer,2,Kolkata,3.2,3.0,19,9.7,11.45
EMP05615,Female,30,5,Central University,Sales,Senior Account Manager,2,Bhopal,2.6,2.9,37,34.5,5.84
EMP05616,Male,41,14,Central University,Customer Support,Support Manager,4,Raipur,5.0,5.0,1,9.6,20.55
EMP05617,Male,37,14,BITS,Engineering,Lead Engineer,4,Delhi,3.1,3.7,21,13.2,25.55
EMP05618,Female,32,8,Tier-2 Private,Engineering,Senior Software Engineer,3,Kolkata,2.4,4.8,20,11.3,11.68
EMP05619,Female,37,15,Tier-2 Private,Legal,Legal Manager,4,Thiruvananthapuram,4.4,2.8,31,14.5,20.18
EMP05620,Male,31,6,Central University,Customer Support,Customer Support Executive,2,Chandigarh,3.0,3.1,12,6.9,11.3
EMP05621,Male,33,9,Tier-2 Private,Engineering,Staff Engineer,4,Chennai,4.1,3.3,42,9.7,19.37
EMP05622,Male,39,12,Central University,Operations,Process Improvement Specialist,4,Guwahati,4.0,3.5,7,9.2,15.11
EMP05623,Female,39,12,Central University,Marketing,Digital Marketing Manager,3,Lucknow,4.3,3.1,5,12.6,11.92
EMP05624,Female,37,11,State University,Sales,Senior Account Manager,2,Chandigarh,2.4,2.6,1,29.3,8.81
EMP05625,Male,32,9,State University,HR,HR Manager,3,Coimbatore,3.8,4.3,26,5.8,13.63
EMP05626,Female,46,23,Central University,Product,Product Analyst,6,Mumbai,2.6,3.4,7,15.7,46.18
EMP05627,Female,28,4,State University,Product,Associate Product Manager,2,Coimbatore,3.5,3.9,14,17.6,7.54
EMP05628,Female,30,5,NIT,Operations,Supply Chain Analyst,2,Hyderabad,4.2,3.5,1,7.2,9.65
EMP05629,Male,27,5,Central University,Product,Senior Product Manager,3,Delhi,2.1,5.0,14,11.5,14.09
EMP05630,Male,28,4,Distance Learning,Data Science,Senior Data Scientist,2,Pune,3.1,3.7,15,11.1,7.44
EMP05631,Male,23,1,BITS,HR,HR Executive,1,Vadodara,2.7,4.3,26,8.4,5.2
EMP05632,Male,38,15,IIIT,Operations,Logistics Manager,5,Bhopal,3.6,,19,7.9,27.43
EMP05633,Male,26,2,Tier-2 Private,Sales,Sales Executive,1,Kolkata,2.6,2.8,13,19.7,5.38
EMP05634,Male,28,6,State University,Operations,Process Improvement Specialist,3,Chandigarh,4.0,2.9,6,6.9,12.52
EMP05635,Male,25,2,Diploma,Marketing,Brand Manager,2,Ahmedabad,3.3,2.9,9,17.4,8.61
EMP05636,Female,34,9,State University,Legal,Senior Legal Counsel,3,Indore,3.5,3.0,6,9.3,11.46
EMP05637,Male,30,3,Diploma,Marketing,Marketing Executive,1,Bangalore,3.7,3.4,51,18.9,7.03
EMP05638,Female,28,2,State University,Operations,Operations Manager,1,Guwahati,1.3,3.5,30,6.3,3.91
EMP05639,Male,29,6,State University,Customer Support,Customer Support Executive,1,Coimbatore,2.6,4.7,24,9.8,6.58
EMP05640,Male,30,3,State University,Customer Support,Customer Support Executive,1,Lucknow,4.7,2.5,70,8.4,6.52
EMP05641,Male,28,4,Tier-2 Private,Marketing,Marketing Executive,1,Guwahati,2.5,2.5,1,19.3,5.22
EMP05642,Female,30,6,Distance Learning,Marketing,Marketing Executive,2,Patna,2.7,2.9,11,20.4,6.02
EMP05643,Female,37,10,Central University,Legal,Senior Legal Counsel,3,Bangalore,3.2,2.6,11,8.9,10.98
EMP05644,Male,27,3,IIIT,HR,HR Manager,2,Delhi,4.1,2.6,52,6.5,8.82
EMP05645,Female,29,3,Central University,Sales,Account Manager,1,Lucknow,2.4,3.1,2,20.3,6.66
EMP05646,Male,28,6,BITS,Engineering,Senior Software Engineer,2,Indore,3.3,,94,11.2,11.15
EMP05647,Female,31,8,BITS,Legal,Senior Legal Counsel,3,Guwahati,4.5,3.3,27,14.8,12.02
EMP05648,Male,43,16,State University,Data Science,ML Engineer,5,Indore,3.8,3.2,18,12.0,33.18
EMP05649,Male,25,2,State University,Finance,Senior Financial Analyst,1,Bhopal,2.7,3.6,74,15.7,5.2
EMP05650,Male,31,4,Central University,Data Science,Data Scientist,2,Bangalore,4.3,2.4,2,10.4,11.34
EMP05651,Female,37,13,Central University,Customer Support,Support Manager,3,Hyderabad,3.2,3.8,21,7.7,10.84
EMP05652,Male,51,24,Diploma,Data Science,Analytics Manager,6,Hyderabad,3.9,3.6,1,8.7,50.0
EMP05653,Female,27,3,Other,HR,HR Manager,1,Hyderabad,2.9,3.6,18,8.3,5.53
EMP05654,Male,27,3,IIM,Data Science,Data Scientist,1,Chandigarh,4.3,3.7,2,9.0,9.25
EMP05655,Male,31,7,BITS,Engineering,Senior Software Engineer,1,Mumbai,3.2,2.5,7,13.2,8.59
EMP05656,Male,27,4,"Top Private (ISB, XLRI, SP Jain)",Product,Associate Product Manager,2,Mumbai,3.7,3.3,52,11.5,12.34
EMP05657,Female,30,3,State University,Engineering,Software Engineer,1,Ahmedabad,2.0,4.3,1,10.0,6.78
EMP05658,Female,32,7,Other,Product,Product Manager,2,Mumbai,4.7,3.7,14,19.5,7.35
EMP05659,Male,42,17,Tier-2 Private,Data Science,ML Engineer,5,Coimbatore,4.5,3.5,19,14.6,33.4
EMP05660,Female,26,2,IIIT,Operations,Operations Executive,1,Kochi,2.6,3.9,7,8.1,4.39
EMP05661,Male,43,17,State University,Data Science,ML Engineer,5,Pune,4.7,4.3,10,13.0,38.44
EMP05662,Male,28,4,IIM,Marketing,Marketing Manager,1,Kolkata,2.4,4.6,15,24.3,8.36
EMP05663,Male,30,7,Diploma,Engineering,Software Engineer,2,Ahmedabad,2.5,4.2,17,14.6,10.33
EMP05664,Male,40,18,Distance Learning,Customer Support,Support Manager,5,Chandigarh,3.3,4.6,12,5.2,38.78
EMP05665,Male,34,7,Tier-2 Private,Marketing,Marketing Manager,3,Lucknow,3.6,3.7,7,12.1,12.31
EMP05666,Female,26,4,Distance Learning,Finance,Financial Analyst,2,Kochi,4.2,4.0,4,16.5,7.9
EMP05667,Male,37,10,Distance Learning,Finance,Finance Manager,3,Coimbatore,3.4,2.9,3,11.4,14.62
EMP05668,Female,29,5,Central University,Engineering,Staff Engineer,2,Pune,2.7,3.9,15,11.9,8.48
EMP05669,Female,30,8,Central University,Product,Senior Product Manager,4,Hyderabad,4.4,3.4,47,19.3,17.94
EMP05670,Female,32,5,Central University,Legal,Senior Legal Counsel,3,Hyderabad,3.4,3.7,23,8.5,9.86
EMP05671,Female,37,11,Diploma,Finance,Senior Financial Analyst,3,Mumbai,4.0,4.2,1,10.8,15.38
EMP05672,Female,28,2,Tier-2 Private,Legal,Senior Legal Counsel,1,Ahmedabad,4.3,2.7,24,10.1,6.82
EMP05673,Male,27,2,State University,Data Science,Senior Data Scientist,2,Chandigarh,3.1,4.6,29,9.1,8.28
EMP05674,Male,28,2,"Top Private (ISB, XLRI, SP Jain)",Finance,Senior Financial Analyst,1,Bangalore,3.3,4.1,1,10.4,9.02
EMP05675,Male,27,5,Distance Learning,Operations,Supply Chain Analyst,2,Hyderabad,4.0,,14,6.0,10.24
EMP05676,Female,25,2,Central University,Engineering,Software Engineer,2,Bhopal,4.3,2.5,21,11.2,6.9
EMP05677,Male,28,3,Tier-2 Private,Finance,Financial Analyst,1,Delhi,3.0,3.2,50,17.9,7.14
EMP05678,Male,28,2,Tier-2 Private,Legal,Legal Associate,1,Raipur,3.5,4.3,1,8.8,7.39
EMP05679,Female,42,17,BITS,Marketing,Growth Manager,6,Ahmedabad,2.4,,29,24.0,24.41
EMP05680,Male,27,3,Central University,Customer Support,Support Team Lead,2,Raipur,3.2,4.4,1,7.8,7.41
EMP05681,Female,28,2,Distance Learning,Data Science,Data Scientist,1,Chennai,4.7,,19,15.0,5.59
EMP05682,Male,29,7,Central University,Customer Support,Customer Success Manager,2,Ranchi,2.0,3.1,1,8.4,6.19
EMP05683,Male,44,19,Distance Learning,Legal,Company Secretary,5,Pune,5.0,,1,12.7,47.05
EMP05684,Female,29,5,Distance Learning,Finance,Finance Manager,2,Kochi,5.0,,27,11.7,6.51
EMP05685,Male,29,5,State University,HR,HR Manager,2,Kochi,2.5,4.2,16,7.9,10.94
EMP05686,Male,36,14,Tier-2 Private,Data Science,ML Engineer,4,Ahmedabad,2.7,3.7,27,9.7,25.1
EMP05687,Male,38,11,State University,Data Science,Senior Data Scientist,4,Indore,3.5,3.6,9,10.1,21.92
EMP05688,Male,35,8,"Top Private (ISB, XLRI, SP Jain)",Finance,Finance Manager,3,Jaipur,3.2,3.9,9,13.8,13.21
EMP05689,Female,31,4,Central University,Finance,Financial Analyst,2,Lucknow,4.3,3.1,71,13.8,8.33
EMP05690,Female,35,8,Tier-2 Private,HR,HR Business Partner,3,Ahmedabad,4.1,3.9,22,9.5,12.38
EMP05691,Male,27,2,State University,Customer Support,Support Team Lead,1,Coimbatore,3.4,3.7,22,7.5,6.17
EMP05692,Male,26,3,BITS,Engineering,Software Engineer,2,Ahmedabad,2.4,4.5,22,12.4,12.19
EMP05693,Male,38,16,Tier-2 Private,Legal,Company Secretary,6,Vadodara,3.3,4.2,69,10.1,35.99
EMP05694,Female,40,15,Central University,Product,Group Product Manager,5,Vadodara,5.0,3.5,38,17.7,23.3
EMP05695,Female,35,8,Central University,Operations,Supply Chain Analyst,4,Hyderabad,3.7,4.3,38,5.8,14.47
EMP05696,Male,25,1,State University,Customer Support,Support Team Lead,1,Mysore,4.7,3.2,30,8.6,7.25
EMP05697,Male,29,2,Other,Sales,Sales Executive,1,Dehradun,3.8,3.7,14,22.4,5.51
EMP05698,Female,25,3,Distance Learning,Engineering,Software Engineer,1,Coimbatore,4.9,3.4,22,10.8,7.17
EMP05699,Female,28,5,Central University,HR,HR Manager,3,Coimbatore,3.5,3.6,32,10.4,9.62
EMP05700,Male,27,2,Other,Data Science,Data Analyst,1,Kolkata,4.5,,14,9.9,8.87
EMP05701,Female,29,5,Central University,Product,Product Manager,3,Mumbai,4.3,3.4,5,17.2,10.79
EMP05702,Male,46,20,Other,HR,Compensation Analyst,6,Kolkata,3.6,3.2,15,7.6,41.8
EMP05703,Male,32,8,BITS,HR,Talent Acquisition Specialist,3,Mysore,3.6,,1,9.2,13.28
EMP05704,Female,33,7,BITS,Customer Support,Customer Success Manager,2,Ahmedabad,2.3,3.2,4,9.6,6.72
EMP05705,Male,25,2,Central University,Product,Associate Product Manager,1,Kolkata,3.2,3.8,46,19.5,7.83
EMP05706,Male,23,1,Central University,Customer Support,Customer Support Executive,1,Mysore,5.0,2.9,3,8.3,5.65
EMP05707,Female,27,2,Tier-2 Private,Marketing,Marketing Manager,1,Indore,5.0,3.1,13,15.6,5.94
EMP05708,Female,26,1,Central University,Product,Product Manager,1,Visakhapatnam,3.5,3.7,1,14.5,5.87
EMP05709,Male,31,6,BITS,Operations,Operations Manager,2,Chennai,2.8,4.1,8,5.8,12.14
EMP05710,Female,29,7,Diploma,Operations,Process Improvement Specialist,3,Visakhapatnam,4.5,3.8,2,8.0,9.78
EMP05711,Female,27,3,State University,Legal,Senior Legal Counsel,1,Ranchi,3.8,2.6,1,11.1,5.76
EMP05712,Male,28,6,Tier-2 Private,Customer Support,Customer Success Manager,2,Pune,3.9,5.0,17,7.5,12.67
EMP05713,Female,42,16,State University,Operations,Supply Chain Analyst,4,Ahmedabad,3.3,2.2,10,8.8,14.09
EMP05714,Female,45,23,State University,Operations,Logistics Manager,6,Delhi,4.7,3.2,16,9.1,45.67
EMP05715,Male,37,10,IIIT,Product,Group Product Manager,4,Jaipur,3.7,2.0,1,11.2,16.38
EMP05716,Male,27,5,IIM,Product,Product Manager,2,Chandigarh,4.0,2.9,31,16.7,13.77
EMP05717,Female,35,10,Distance Learning,HR,HR Business Partner,3,Bhopal,2.7,2.7,2,8.1,12.72
EMP05718,Female,39,15,Central University,Operations,Supply Chain Analyst,4,Lucknow,2.9,4.2,48,7.4,17.45
EMP05719,Male,23,1,Central University,Finance,Senior Financial Analyst,2,Bhopal,2.6,4.8,66,15.2,7.13
EMP05720,Male,41,17,Central University,HR,Compensation Analyst,5,Ranchi,3.9,3.8,27,11.7,29.63
EMP05721,Female,26,4,State University,HR,HR Executive,2,Bhopal,3.6,3.0,8,11.9,5.86
EMP05722,Male,30,4,Tier-2 Private,Marketing,Brand Manager,2,Lucknow,2.4,1.8,64,16.9,6.64
EMP05723,Male,31,4,Central University,Engineering,Senior Software Engineer,2,Pune,3.8,3.0,6,13.3,7.92
EMP05724,Female,30,7,Distance Learning,Marketing,Brand Manager,3,Coimbatore,3.6,2.0,3,12.3,8.15
EMP05725,Female,26,2,NIT,Product,Product Manager,1,Ahmedabad,2.0,2.8,30,16.4,5.02
EMP05726,Female,26,4,Distance Learning,Data Science,Data Analyst,1,Coimbatore,2.9,3.1,2,11.5,5.38
EMP05727,Female,32,8,Diploma,Marketing,Marketing Manager,2,Raipur,3.7,3.4,25,21.9,7.56
EMP05728,Male,34,7,State University,Sales,Account Manager,1,Hyderabad,2.7,3.5,7,26.5,8.6
EMP05729,Female,32,7,"Top Private (ISB, XLRI, SP Jain)",Sales,Account Manager,2,Ranchi,3.3,3.0,17,26.6,6.98
EMP05730,Male,31,4,State University,Finance,Finance Manager,2,Raipur,2.9,3.2,1,16.2,8.1
EMP05731,Male,35,9,Tier-2 Private,HR,HR Executive,2,Visakhapatnam,2.2,3.5,10,5.1,10.17
EMP05732,Female,34,12,Distance Learning,Data Science,Lead Data Scientist,4,Surat,1.8,4.1,17,13.2,14.03
EMP05733,Female,34,12,NIT,Product,Director of Product,5,Bangalore,2.6,3.8,4,15.8,25.56
EMP05734,Female,32,8,Distance Learning,Marketing,Digital Marketing Manager,3,Bangalore,5.0,2.8,8,14.1,16.48
EMP05735,Male,38,11,State University,Finance,Senior Financial Analyst,3,Delhi,2.5,3.4,21,11.9,17.84
EMP05736,Female,34,11,Distance Learning,Operations,Supply Chain Analyst,3,Pune,3.4,4.7,1,6.4,12.18
EMP05737,Female,52,30,Tier-2 Private,Sales,Business Development Manager,6,Kolkata,3.4,2.9,14,32.5,50.0
EMP05738,Female,41,14,Central University,HR,HR Business Partner,4,Delhi,5.0,3.8,20,11.0,28.09
EMP05739,Female,28,5,Tier-2 Private,Engineering,Lead Engineer,3,Bangalore,1.8,4.0,1,14.3,10.88
EMP05740,Male,27,3,NIT,Legal,Legal Associate,1,Chandigarh,2.9,3.6,11,13.5,7.37
EMP05741,Female,31,5,Other,Marketing,Brand Manager,2,Pune,3.7,2.8,5,23.5,8.35
EMP05742,Female,26,4,Tier-2 Private,Legal,Senior Legal Counsel,2,Ahmedabad,3.4,2.0,45,14.8,7.05
EMP05743,Female,31,8,NIT,Product,Senior Product Manager,3,Chandigarh,3.2,3.7,24,17.9,13.26
EMP05744,Female,29,3,Other,Operations,Operations Executive,1,Visakhapatnam,3.9,3.5,30,7.7,5.2
EMP05745,Female,35,13,State University,Product,Group Product Manager,4,Thiruvananthapuram,1.8,2.8,4,17.6,12.69
EMP05746,Male,28,2,Tier-2 Private,HR,HR Executive,1,Lucknow,3.2,4.0,16,7.7,6.24
EMP05747,Male,26,1,Tier-2 Private,Legal,Senior Legal Counsel,1,Visakhapatnam,3.0,3.7,12,12.2,5.34
EMP05748,Female,28,5,Diploma,HR,HR Executive,2,Mumbai,4.2,2.8,20,11.0,8.26
EMP05749,Female,28,3,Other,Customer Support,Support Team Lead,1,Hyderabad,1.8,2.3,23,5.8,4.85
EMP05750,Female,25,2,State University,Finance,Senior Financial Analyst,1,Coimbatore,3.3,3.0,43,11.5,5.68
EMP05751,Male,30,3,Diploma,Data Science,Senior Data Scientist,2,Dehradun,3.3,4.6,31,14.0,10.34
EMP05752,Male,27,3,State University,Marketing,Marketing Executive,1,Visakhapatnam,3.1,4.1,60,16.5,4.86
EMP05753,Female,32,6,IIM,Legal,Legal Associate,1,Guwahati,3.0,3.6,7,9.2,6.45
EMP05754,Female,26,3,Tier-2 Private,HR,HR Manager,1,Guwahati,3.4,3.6,2,5.5,4.71
EMP05755,Male,31,4,Other,Operations,Operations Manager,2,Mysore,4.3,,7,7.1,7.44
EMP05756,Female,29,6,Central University,Legal,Legal Associate,2,Lucknow,4.0,3.0,4,11.9,8.02
EMP05757,Male,37,12,Diploma,Product,Director of Product,4,Surat,2.9,3.6,5,13.9,16.23
EMP05758,Male,42,16,Tier-2 Private,Sales,Key Account Manager,4,Visakhapatnam,2.9,3.6,63,27.1,27.39
EMP05759,Male,33,6,Distance Learning,Customer Support,Support Team Lead,2,Indore,2.6,2.9,2,8.6,6.39
EMP05760,Male,33,7,Tier-2 Private,Data Science,Data Scientist,2,Delhi,4.3,2.8,32,9.5,10.51
EMP05761,Male,31,5,IIT,Data Science,Data Analyst,1,Raipur,3.0,3.5,35,9.1,7.59
EMP05762,Female,34,8,State University,Customer Support,Customer Success Manager,3,Delhi,2.5,3.0,33,8.5,10.44
EMP05763,Female,31,7,State University,Customer Support,Support Manager,3,Mumbai,3.5,3.1,29,8.2,8.91
EMP05764,Female,41,15,Central University,Customer Support,Customer Success Manager,5,Jaipur,3.7,3.2,2,8.8,23.8
EMP05765,Male,26,1,"Top Private (ISB, XLRI, SP Jain)",Legal,Legal Associate,2,Delhi,3.2,,2,9.0,8.19
EMP05766,Male,30,5,Central University,Product,Product Manager,1,Ahmedabad,3.5,,11,12.8,7.94
EMP05767,Male,30,7,Central University,HR,HR Business Partner,2,Ranchi,3.3,3.9,15,11.1,9.75
EMP05768,Female,29,5,Central University,Customer Support,Customer Support Executive,2,Indore,3.8,2.6,45,6.0,7.0
EMP05769,Male,25,3,Tier-2 Private,Sales,Sales Executive,1,Kolkata,3.6,4.6,4,16.5,6.77
EMP05770,Female,28,2,Tier-2 Private,HR,HR Executive,2,Pune,2.9,4.5,1,6.3,6.83
EMP05771,Female,32,10,Tier-2 Private,Operations,Process Improvement Specialist,3,Coimbatore,3.9,3.0,17,7.8,8.22
EMP05772,Female,25,3,Diploma,Product,Product Manager,1,Chennai,2.7,2.4,20,12.2,7.86
EMP05773,Male,24,1,"Top Private (ISB, XLRI, SP Jain)",Finance,Financial Analyst,1,Pune,2.6,2.4,3,16.8,7.81
EMP05774,Male,33,11,Other,Sales,Key Account Manager,4,Hyderabad,3.6,3.7,7,25.4,23.16
EMP05775,Male,34,8,Distance Learning,Customer Support,Customer Success Manager,3,Pune,3.7,,7,6.9,12.66
EMP05776,Male,27,5,State University,Engineering,Staff Engineer,2,Vadodara,4.1,4.6,25,10.6,10.23
EMP05777,Female,27,3,Tier-2 Private,Marketing,Brand Manager,2,Delhi,4.9,,4,15.4,8.53
EMP05778,Male,31,5,Tier-2 Private,Operations,Process Improvement Specialist,3,Nagpur,2.0,3.1,3,9.7,9.71
EMP05779,Female,39,14,BITS,Marketing,Content Strategist,5,Vadodara,3.0,3.9,31,20.5,22.43
EMP05780,Male,26,1,Diploma,Legal,Legal Associate,1,Bangalore,3.5,2.1,2,14.1,7.88
EMP05781,Female,26,2,Distance Learning,Operations,Operations Executive,1,Pune,4.8,3.3,2,9.8,4.78
EMP05782,Female,27,3,Central University,Finance,Senior Financial Analyst,1,Hyderabad,3.1,3.4,30,16.1,6.61
EMP05783,Male,31,5,Tier-2 Private,Sales,Account Manager,2,Bhopal,2.1,3.9,11,27.2,7.26
EMP05784,Female,28,4,Tier-2 Private,Finance,Financial Analyst,2,Kolkata,2.6,2.9,1,17.7,6.32
EMP05785,Male,35,9,IIM,Marketing,Digital Marketing Manager,3,Kochi,3.3,3.5,25,23.0,15.91
EMP05786,Female,38,12,Distance Learning,Product,Group Product Manager,3,Lucknow,3.7,2.9,12,14.8,13.71
EMP05787,Female,30,7,IIM,Customer Support,Support Manager,3,Kochi,5.0,3.7,7,7.6,9.45
EMP05788,Female,30,8,"Top Private (ISB, XLRI, SP Jain)",Marketing,Brand Manager,3,Bhopal,2.9,3.8,8,20.7,11.96
EMP05789,Female,31,7,"Top Private (ISB, XLRI, SP Jain)",Customer Support,Customer Success Manager,2,Kolkata,3.9,2.7,46,8.7,7.39
EMP05790,Male,30,6,Other,HR,HR Business Partner,2,Bangalore,4.3,4.1,3,6.4,7.69
EMP05791,Female,24,2,Distance Learning,Data Science,Data Analyst,1,Chandigarh,3.0,2.5,9,10.1,4.81
EMP05792,Female,28,2,State University,Sales,Sales Executive,1,Chennai,4.8,3.1,3,31.9,5.06
EMP05793,Male,27,2,Distance Learning,Data Science,Data Analyst,1,Mysore,3.0,4.2,3,14.5,6.68
EMP05794,Male,30,5,BITS,Legal,Legal Associate,1,Ahmedabad,2.6,3.3,19,12.8,8.08
EMP05795,Female,33,7,State University,Customer Support,Support Team Lead,1,Hyderabad,4.7,3.0,8,7.8,5.65
EMP05796,Female,26,2,State University,HR,HR Manager,1,Delhi,3.4,3.4,4,5.8,5.2
EMP05797,Male,31,6,Other,Finance,Finance Manager,2,Lucknow,2.5,1.5,4,16.0,9.76
EMP05798,Female,26,3,BITS,Marketing,Marketing Executive,1,Mysore,3.1,2.8,7,19.1,6.72
EMP05799,Female,28,2,Diploma,Sales,Account Manager,1,Mumbai,2.8,3.0,20,31.2,4.88
EMP05800,Male,30,3,State University,Finance,Financial Analyst,1,Bangalore,3.0,3.4,47,11.8,7.68
EMP05801,Male,29,2,Diploma,Engineering,Software Engineer,1,Jaipur,3.6,3.7,14,12.4,6.32
EMP05802,Female,33,9,State University,HR,HR Business Partner,2,Visakhapatnam,3.1,3.3,33,6.6,8.0
EMP05803,Female,27,5,Central University,Sales,Sales Executive,2,Mysore,5.0,4.2,5,18.5,9.01
EMP05804,Male,37,10,Tier-2 Private,Data Science,Senior Data Scientist,2,Kochi,3.1,,2,11.3,12.78
EMP05805,Male,29,4,BITS,Finance,Senior Financial Analyst,2,Mumbai,3.3,3.5,18,14.5,9.48
EMP05806,Female,30,4,IIM,Marketing,Digital Marketing Manager,3,Kolkata,4.6,2.8,38,23.8,11.1
EMP05807,Female,45,22,Tier-2 Private,Operations,Logistics Manager,6,Patna,4.4,4.2,8,9.6,32.78
EMP05808,Female,28,1,State University,HR,HR Executive,1,Bangalore,4.0,3.1,1,10.1,4.75
EMP05809,Male,41,14,Central University,Sales,Key Account Manager,4,Indore,3.1,3.2,11,20.7,21.73
EMP05810,Female,41,19,Tier-2 Private,Operations,Process Improvement Specialist,5,Chennai,4.6,3.9,6,9.1,26.42
EMP05811,Male,35,10,Tier-2 Private,Sales,Sales Executive,2,Hyderabad,3.1,3.6,3,16.0,8.92
EMP05812,Male,28,4,IIT,Engineering,Senior Software Engineer,2,Hyderabad,2.6,4.2,24,11.7,11.16
EMP05813,Female,41,16,Tier-2 Private,Customer Support,Support Manager,5,Dehradun,2.9,2.8,60,7.6,17.23
EMP05814,Female,27,4,Distance Learning,Marketing,Brand Manager,2,Patna,4.1,3.1,2,21.3,6.43
EMP05815,Male,25,3,Diploma,Marketing,Marketing Manager,1,Visakhapatnam,3.2,4.2,16,14.9,7.19
EMP05816,Female,27,4,IIT,Sales,Sales Executive,2,Mumbai,3.6,1.8,7,32.6,8.35
EMP05817,Male,29,4,BITS,Marketing,Marketing Executive,2,Jaipur,2.6,3.3,28,13.9,8.12
EMP05818,Male,26,3,State University,Sales,Sales Executive,1,Delhi,4.1,4.3,7,17.4,8.26
EMP05819,Male,37,13,Distance Learning,Legal,Company Secretary,4,Delhi,2.8,3.4,15,10.9,23.77
EMP05820,Male,27,3,Central University,HR,HR Executive,1,Mumbai,2.7,4.4,1,9.8,6.52
EMP05821,Female,31,5,State University,HR,HR Business Partner,3,Coimbatore,3.2,2.8,17,8.3,8.19
EMP05822,Female,26,2,Tier-2 Private,Legal,Legal Associate,1,Pune,2.4,3.5,11,8.7,6.88
EMP05823,Female,28,6,Diploma,Sales,Sales Executive,2,Delhi,2.7,3.1,1,24.9,8.29
EMP05824,Male,27,2,Central University,Sales,Account Manager,2,Nagpur,2.7,2.5,11,19.3,9.07
EMP05825,Male,25,2,State University,Operations,Operations Executive,1,Dehradun,3.6,3.4,28,10.0,6.04
EMP05826,Male,28,5,Tier-2 Private,Sales,Sales Executive,2,Chandigarh,2.8,3.3,19,28.1,8.22
EMP05827,Female,38,12,State University,Sales,Key Account Manager,5,Kochi,3.7,2.8,1,20.8,21.06
EMP05828,Male,31,8,State University,Sales,Account Manager,2,Delhi,3.3,3.0,96,30.7,10.69
EMP05829,Male,30,8,State University,Marketing,Marketing Manager,3,Pune,3.0,,3,13.7,12.27
EMP05830,Female,29,5,Distance Learning,Sales,Sales Executive,2,Delhi,4.4,2.8,15,26.8,7.06
EMP05831,Female,28,4,IIM,HR,HR Executive,2,Pune,2.1,3.5,5,5.2,8.3
EMP05832,Male,36,10,NIT,Legal,Compliance Officer,3,Kochi,3.9,,12,9.2,16.44
EMP05833,Male,30,4,State University,Marketing,Brand Manager,2,Ranchi,2.5,,2,24.8,7.69
EMP05834,Female,32,10,State University,Engineering,Lead Engineer,3,Hyderabad,2.8,4.5,42,10.8,12.85
EMP05835,Male,40,14,State University,Legal,Legal Manager,4,Pune,3.1,4.7,1,9.0,24.85
EMP05836,Male,29,3,State University,HR,HR Executive,1,Kolkata,3.2,3.2,13,7.3,8.34
EMP05837,Female,26,3,Central University,Engineering,Senior Software Engineer,1,Bangalore,3.4,3.7,69,13.4,4.99
EMP05838,Male,28,4,State University,Legal,Senior Legal Counsel,1,Kolkata,3.5,4.4,9,12.4,8.66
EMP05839,Male,28,2,Central University,Engineering,Senior Software Engineer,1,Kochi,3.0,3.4,19,8.3,8.14
EMP05840,Male,29,4,Tier-2 Private,Data Science,Data Analyst,2,Visakhapatnam,1.5,4.3,49,12.5,9.5
EMP05841,Male,39,15,Tier-2 Private,Sales,Key Account Manager,5,Hyderabad,2.8,3.6,24,33.8,31.82
EMP05842,Male,28,2,Central University,Data Science,Senior Data Scientist,2,Vadodara,4.1,2.7,17,11.4,9.97
EMP05843,Male,40,15,Distance Learning,Product,Product Analyst,5,Chennai,3.9,5.0,6,10.3,31.25
EMP05844,Male,29,4,Central University,Marketing,Marketing Executive,2,Pune,3.9,2.4,7,13.6,9.67
EMP05845,Male,48,26,"Top Private (ISB, XLRI, SP Jain)",Customer Support,Support Manager,5,Mysore,3.2,2.6,20,8.6,34.97
EMP05846,Female,28,3,State University,HR,HR Manager,2,Guwahati,3.8,,6,9.8,6.73
EMP05847,Female,28,5,IIT,Customer Support,Support Team Lead,3,Delhi,3.0,3.9,55,6.8,13.02
EMP05848,Male,30,3,State University,Sales,Sales Executive,1,Lucknow,3.1,4.0,2,24.0,7.52
EMP05849,Male,26,3,Diploma,Product,Associate Product Manager,1,Ahmedabad,2.9,4.9,1,15.4,6.43
EMP05850,Female,37,15,Distance Learning,HR,Talent Acquisition Specialist,3,Vadodara,4.2,4.0,4,5.6,18.9
EMP05851,Female,32,8,State University,Finance,Finance Manager,3,Hyderabad,1.3,3.4,22,16.3,11.68
EMP05852,Female,36,12,State University,Product,Group Product Manager,4,Hyderabad,3.5,,4,12.2,16.73
EMP05853,Male,26,2,Other,HR,HR Manager,2,Kochi,3.5,3.4,50,6.0,7.92
EMP05854,Male,36,9,State University,Legal,Senior Legal Counsel,3,Hyderabad,3.6,3.7,33,9.7,14.98
EMP05855,Male,26,3,Diploma,Sales,Sales Executive,1,Vadodara,3.3,3.3,2,15.9,6.17
EMP05856,Female,29,2,NIT,Product,Associate Product Manager,1,Hyderabad,4.4,4.1,1,19.2,7.8
EMP05857,Female,29,7,Tier-2 Private,Product,Associate Product Manager,2,Guwahati,3.4,3.0,25,17.5,7.44
EMP05858,Male,32,7,IIM,Legal,Compliance Officer,3,Delhi,3.2,2.7,3,11.2,13.61
EMP05859,Male,28,6,Other,Operations,Operations Executive,2,Kochi,3.9,2.7,3,8.2,7.56
EMP05860,Male,32,9,BITS,Marketing,Marketing Manager,3,Pune,2.1,2.8,52,24.3,14.44
EMP05861,Female,33,11,BITS,Legal,Legal Manager,3,Chennai,2.8,3.6,4,11.8,15.45
EMP05862,Male,39,16,State University,Engineering,Principal Engineer,6,Delhi,4.2,3.5,48,12.0,36.84
EMP05863,Female,26,2,State University,Sales,Account Manager,2,Indore,3.6,3.3,17,15.5,6.34
EMP05864,Female,44,17,Central University,Marketing,Digital Marketing Manager,5,Delhi,2.3,3.6,2,17.2,24.49
EMP05865,Female,48,22,State University,Marketing,Growth Manager,6,Hyderabad,5.0,3.7,27,20.6,41.0
EMP05866,Male,30,4,IIM,Operations,Operations Executive,1,Guwahati,3.3,3.4,1,6.4,6.17
EMP05867,Female,25,1,Central University,Product,Associate Product Manager,1,Bangalore,2.8,3.2,20,19.0,5.56
EMP05868,Female,25,2,State University,Legal,Senior Legal Counsel,1,Kolkata,2.3,3.0,60,12.3,5.49
EMP05869,Male,27,4,"Top Private (ISB, XLRI, SP Jain)",Engineering,Senior Software Engineer,3,Indore,4.5,3.8,23,11.8,14.06
EMP05870,Male,46,24,Diploma,HR,Learning & Development Manager,6,Kolkata,2.7,3.5,40,6.6,50.0
EMP05871,Female,31,6,IIIT,Marketing,Marketing Manager,2,Indore,3.1,2.7,4,18.3,7.37
EMP05872,Male,29,3,"Top Private (ISB, XLRI, SP Jain)",Customer Support,Customer Support Executive,1,Kolkata,3.7,3.7,1,6.2,7.39
EMP05873,Male,28,3,Central University,Operations,Operations Executive,1,Ranchi,1.8,,19,9.0,7.28
EMP05874,Male,27,2,Tier-2 Private,Finance,Senior Financial Analyst,1,Delhi,4.1,4.8,16,13.8,8.24
EMP05875,Male,35,11,"Top Private (ISB, XLRI, SP Jain)",Marketing,Brand Manager,4,Visakhapatnam,2.7,2.8,38,23.4,21.02
EMP05876,Male,32,5,Distance Learning,Product,Senior Product Manager,2,Thiruvananthapuram,4.3,2.7,9,15.7,8.27
EMP05877,Female,53,26,Central University,Engineering,Principal Engineer,6,Visakhapatnam,3.6,2.3,3,12.6,42.5
EMP05878,Male,33,9,State University,Marketing,Digital Marketing Manager,3,Delhi,4.3,,7,15.0,15.92
EMP05879,Female,36,10,Tier-2 Private,Engineering,Staff Engineer,4,Kolkata,3.6,3.2,2,10.4,15.32
EMP05880,Male,29,5,IIT,Operations,Operations Executive,2,Kochi,4.2,,2,8.4,9.46
EMP05881,Male,24,2,State University,Customer Support,Customer Support Executive,1,Ahmedabad,3.8,2.6,36,9.1,5.38
EMP05882,Male,26,3,Other,Engineering,Software Engineer,1,Pune,3.4,,19,12.9,7.7
EMP05883,Female,29,2,Diploma,Customer Support,Customer Support Executive,1,Thiruvananthapuram,3.7,2.0,6,9.8,5.53
EMP05884,Female,35,11,Other,Engineering,Engineering Manager,4,Kolkata,1.0,4.5,2,9.1,20.0
EMP05885,Male,31,4,IIT,Marketing,Marketing Manager,1,Vadodara,3.0,4.0,6,14.0,9.05
EMP05886,Male,34,11,Distance Learning,Operations,Operations Manager,3,Visakhapatnam,4.4,4.6,8,7.0,18.38
EMP05887,Male,30,6,"Top Private (ISB, XLRI, SP Jain)",Operations,Operations Executive,2,Visakhapatnam,2.4,2.9,45,6.6,10.29
EMP05888,Male,26,4,State University,Finance,Senior Financial Analyst,2,Indore,2.9,3.3,22,10.7,7.26
EMP05889,Female,28,2,Tier-2 Private,Engineering,Software Engineer,1,Chennai,2.2,3.2,5,12.6,6.22
EMP05890,Male,30,7,NIT,Sales,Senior Account Manager,2,Bangalore,2.0,3.3,9,27.3,8.7
EMP05891,Female,27,5,Tier-2 Private,Marketing,Marketing Executive,1,Guwahati,3.1,3.5,18,14.3,6.56
EMP05892,Female,34,11,Other,Product,Associate Product Manager,2,Dehradun,3.7,3.5,15,16.1,10.14
EMP05893,Male,28,3,Central University,Marketing,Marketing Manager,2,Kolkata,3.2,3.0,18,24.8,8.0
EMP05894,Female,35,9,Central University,Marketing,Digital Marketing Manager,3,Thiruvananthapuram,2.4,4.6,17,18.4,10.47
EMP05895,Male,46,19,Diploma,HR,Learning & Development Manager,5,Kolkata,2.4,2.8,62,9.9,27.77
EMP05896,Female,30,7,Distance Learning,HR,HR Manager,1,Jaipur,2.6,3.6,27,9.3,5.65
EMP05897,Male,35,10,Tier-2 Private,HR,HR Manager,2,Dehradun,3.1,3.8,28,6.9,10.47
EMP05898,Female,33,9,IIIT,Customer Support,Customer Success Manager,3,Bangalore,2.6,3.5,7,7.9,10.66
EMP05899,Male,48,22,NIT,Customer Support,Customer Success Manager,6,Chennai,4.3,1.9,3,8.0,50.0
EMP05900,Male,33,7,"Top Private (ISB, XLRI, SP Jain)",Engineering,Staff Engineer,2,Jaipur,2.8,3.5,20,14.5,12.65
EMP05901,Female,31,9,BITS,Operations,Process Improvement Specialist,3,Lucknow,3.0,3.2,43,9.2,11.61
EMP05902,Male,27,5,IIM,Product,Group Product Manager,3,Ahmedabad,3.8,3.9,6,14.0,14.2
EMP05903,Male,28,3,Central University,Engineering,Senior Software Engineer,1,Lucknow,1.8,2.7,1,14.2,6.4
EMP05904,Female,27,2,NIT,Engineering,Senior Software Engineer,1,Raipur,4.6,3.5,65,9.8,6.9
EMP05905,Male,41,14,State University,Operations,Supply Chain Analyst,3,Kolkata,4.0,,19,7.4,17.95
EMP05906,Female,29,2,Tier-2 Private,Customer Support,Support Team Lead,2,Dehradun,4.0,,17,9.1,5.38
EMP05907,Female,32,10,Tier-2 Private,Sales,Sales Manager,3,Chennai,2.8,3.3,1,26.8,12.03
EMP05908,Female,33,8,IIT,Data Science,Data Scientist,3,Mysore,2.7,4.1,8,12.4,12.85
EMP05909,Male,35,11,State University,Product,Senior Product Manager,4,Dehradun,2.9,4.2,8,17.2,18.28
EMP05910,Male,28,4,Central University,Legal,Senior Legal Counsel,2,Vadodara,3.1,3.1,31,15.0,7.92
EMP05911,Female,25,3,Tier-2 Private,Operations,Operations Executive,1,Dehradun,4.4,3.4,19,6.4,4.2
EMP05912,Male,34,7,IIT,HR,Talent Acquisition Specialist,3,Hyderabad,1.8,4.3,10,11.1,16.21
EMP05913,Male,26,4,IIM,Data Science,Data Analyst,2,Ahmedabad,4.4,4.7,1,10.4,11.82
EMP05914,Male,29,2,Other,Sales,Sales Executive,1,Kolkata,3.2,,1,24.5,6.71
EMP05915,Male,50,23,"Top Private (ISB, XLRI, SP Jain)",Legal,Compliance Officer,6,Kolkata,4.2,3.0,14,13.2,44.7
EMP05916,Female,29,3,Central University,Finance,Financial Analyst,1,Visakhapatnam,3.7,2.6,3,12.6,5.91
EMP05917,Female,25,3,Central University,Customer Support,Customer Support Executive,1,Chandigarh,3.9,2.4,6,8.2,5.64
EMP05918,Female,29,5,State University,Marketing,Marketing Manager,2,Lucknow,4.2,3.3,21,23.2,8.3
EMP05919,Female,36,14,Distance Learning,Engineering,Principal Engineer,5,Kochi,3.3,2.9,2,12.6,24.21
EMP05920,Male,26,1,IIM,Customer Support,Customer Support Executive,1,Bangalore,2.6,4.0,13,8.5,6.87
EMP05921,Male,40,13,"Top Private (ISB, XLRI, SP Jain)",Data Science,ML Engineer,4,Bangalore,2.7,3.2,1,10.1,32.96
EMP05922,Male,28,3,IIIT,Engineering,Staff Engineer,2,Ranchi,4.2,2.8,7,14.1,9.28
EMP05923,Female,29,7,"Top Private (ISB, XLRI, SP Jain)",Marketing,Marketing Manager,3,Chandigarh,4.6,4.0,14,14.8,14.17
EMP05924,Male,26,3,Central University,Operations,Operations Manager,1,Visakhapatnam,2.8,3.6,9,5.9,5.93
EMP05925,Male,47,24,Central University,Operations,Process Improvement Specialist,6,Pune,4.3,4.2,8,5.6,50.0
EMP05926,Male,30,6,Diploma,Customer Support,Support Team Lead,3,Bhopal,4.2,3.3,1,7.2,10.72
EMP05927,Female,27,3,BITS,Marketing,Marketing Executive,1,Delhi,2.2,4.5,37,23.0,5.29
EMP05928,Female,30,4,NIT,Data Science,Data Analyst,2,Guwahati,4.1,3.6,31,12.0,6.13
EMP05929,Female,29,6,BITS,Marketing,Marketing Manager,2,Bangalore,2.9,2.5,9,19.0,7.68
EMP05930,Male,29,6,Tier-2 Private,Legal,Legal Manager,2,Nagpur,4.6,2.5,24,11.1,11.89
EMP05931,Female,31,8,Other,Engineering,Lead Engineer,3,Pune,3.6,3.5,3,13.6,10.91
EMP05932,Male,33,6,Diploma,Product,Associate Product Manager,2,Kolkata,5.0,3.9,29,11.6,10.03
EMP05933,Male,25,2,Central University,Operations,Operations Manager,1,Kolkata,3.4,4.1,3,7.8,6.77
EMP05934,Male,31,4,Central University,Product,Associate Product Manager,1,Indore,2.9,2.4,40,10.7,8.99
EMP05935,Male,34,9,IIM,Marketing,Marketing Manager,3,Nagpur,3.8,2.4,11,22.0,19.75
EMP05936,Male,26,3,State University,Data Science,Data Analyst,1,Kochi,4.0,2.3,1,13.5,4.88
EMP05937,Male,34,9,Central University,Data Science,Senior Data Scientist,3,Guwahati,3.9,3.0,25,8.7,15.93
EMP05938,Male,28,6,Tier-2 Private,Sales,Sales Executive,2,Chennai,3.1,4.0,19,30.9,11.36
EMP05939,Female,32,5,IIM,Sales,Account Manager,2,Bhopal,4.1,3.3,49,19.2,6.74
EMP05940,Female,40,13,Central University,Engineering,Lead Engineer,4,Jaipur,2.5,2.1,27,14.3,15.87
EMP05941,Female,24,1,State University,HR,HR Executive,1,Hyderabad,1.6,2.2,7,8.5,5.61
EMP05942,Female,26,3,IIM,Marketing,Marketing Executive,1,Jaipur,3.7,3.5,6,16.6,6.6
EMP05943,Male,38,14,Tier-2 Private,Finance,Senior Financial Analyst,3,Delhi,5.0,4.4,26,15.5,26.28
EMP05944,Female,47,21,IIIT,Operations,Logistics Manager,6,Surat,3.9,3.7,5,5.7,29.96
EMP05945,Male,54,29,Central University,Operations,Process Improvement Specialist,6,Mumbai,2.8,4.7,73,8.3,50.0
EMP05946,Male,28,6,Central University,Data Science,ML Engineer,3,Kochi,3.2,3.9,55,11.3,13.55
EMP05947,Male,30,8,State University,Customer Support,Support Manager,4,Coimbatore,3.4,,5,7.2,15.42
EMP05948,Female,33,10,"Top Private (ISB, XLRI, SP Jain)",Product,Associate Product Manager,2,Raipur,2.7,5.0,47,11.5,8.94
EMP05949,Male,40,14,Distance Learning,HR,HR Business Partner,3,Bangalore,2.6,,20,10.4,15.72
EMP05950,Female,30,7,Tier-2 Private,Data Science,Data Scientist,2,Lucknow,3.7,3.8,39,11.5,9.23
EMP05951,Male,38,11,Distance Learning,Operations,Operations Manager,3,Chennai,3.8,2.1,65,5.0,13.76
EMP05952,Male,31,8,Tier-2 Private,Engineering,Staff Engineer,4,Delhi,2.7,,15,10.6,21.87
EMP05953,Male,35,8,State University,Product,Product Manager,2,Mumbai,2.3,2.9,11,19.3,8.58
EMP05954,Male,30,3,IIM,Marketing,Marketing Manager,1,Hyderabad,3.3,4.0,11,16.9,9.89
EMP05955,Male,30,4,IIIT,Engineering,Software Engineer,1,Lucknow,3.1,,8,10.6,6.52
EMP05956,Female,27,4,Distance Learning,Marketing,Marketing Manager,3,Mumbai,3.9,3.6,25,14.2,8.33
EMP05957,Male,24,2,IIIT,HR,HR Executive,1,Vadodara,2.8,2.8,96,8.0,6.76
EMP05958,Male,24,1,IIIT,Customer Support,Support Team Lead,1,Surat,3.7,3.4,2,5.7,6.68
EMP05959,Female,29,4,Tier-2 Private,Finance,Senior Financial Analyst,3,Kolkata,3.7,3.8,5,16.1,10.48
EMP05960,Male,31,5,Central University,Sales,Senior Account Manager,2,Delhi,4.0,3.9,76,27.8,12.2
EMP05961,Male,33,6,Other,Product,Associate Product Manager,2,Pune,3.3,2.2,3,12.6,10.86
EMP05962,Male,35,8,Tier-2 Private,Customer Support,Customer Success Manager,3,Indore,2.9,3.5,4,5.6,11.69
EMP05963,Male,29,6,Tier-2 Private,Customer Support,Customer Success Manager,3,Jaipur,3.2,3.2,28,8.4,10.49
EMP05964,Male,29,5,Other,Sales,Senior Account Manager,2,Mumbai,3.3,2.9,14,15.3,9.43
EMP05965,Female,29,3,Distance Learning,Product,Associate Product Manager,1,Jaipur,5.0,2.8,1,19.8,6.03
EMP05966,Male,37,11,Central University,Customer Support,Customer Success Manager,3,Bangalore,3.0,4.1,9,6.0,14.77
EMP05967,Female,28,5,NIT,Finance,Finance Manager,3,Pune,4.9,4.4,23,11.2,10.94
EMP05968,Male,26,4,Distance Learning,Product,Associate Product Manager,1,Hyderabad,3.4,4.0,9,11.2,6.72
EMP05969,Female,27,5,Tier-2 Private,Marketing,Marketing Executive,2,Jaipur,3.1,2.9,7,21.8,6.12
EMP05970,Female,29,3,State University,Data Science,Data Analyst,1,Thiruvananthapuram,2.9,3.3,40,14.8,6.16
EMP05971,Male,28,4,State University,Finance,Finance Manager,3,Bangalore,2.5,3.6,6,15.6,11.38
EMP05972,Male,30,4,"Top Private (ISB, XLRI, SP Jain)",Finance,Finance Manager,2,Kolkata,3.3,4.2,21,17.1,10.12
EMP05973,Male,30,4,NIT,Customer Support,Support Team Lead,3,Kolkata,3.4,3.6,20,6.7,13.66
EMP05974,Female,36,9,Tier-2 Private,Marketing,Marketing Manager,2,Coimbatore,3.4,3.7,2,13.9,8.63
EMP05975,Female,32,8,"Top Private (ISB, XLRI, SP Jain)",Sales,Sales Manager,3,Pune,5.0,3.3,18,27.8,14.0
EMP05976,Male,42,17,IIM,Legal,Company Secretary,4,Thiruvananthapuram,4.5,4.0,44,10.2,28.89
EMP05977,Female,37,14,Diploma,Customer Support,Customer Success Manager,5,Indore,3.5,3.9,67,7.0,18.62
EMP05978,Male,50,23,Distance Learning,HR,Learning & Development Manager,6,Indore,3.1,2.8,19,11.0,39.32
EMP05979,Male,35,8,Other,HR,Talent Acquisition Specialist,4,Kolkata,2.3,3.5,1,7.8,15.88
EMP05980,Female,32,8,IIIT,Customer Support,Customer Success Manager,3,Coimbatore,3.6,3.1,3,5.1,9.27
EMP05981,Male,28,4,State University,Operations,Operations Executive,2,Pune,4.2,4.1,17,7.6,8.78
EMP05982,Male,36,10,Diploma,Product,Senior Product Manager,3,Kolkata,4.4,3.6,19,13.0,17.94
EMP05983,Female,27,3,Central University,HR,HR Executive,1,Delhi,3.0,,16,7.1,5.41
EMP05984,Male,28,2,Central University,HR,HR Executive,2,Delhi,2.3,3.3,36,11.1,7.21
EMP05985,Female,39,17,IIT,HR,Learning & Development Manager,6,Kolkata,3.4,3.4,50,7.9,35.34
EMP05986,Male,25,2,BITS,Operations,Operations Executive,1,Coimbatore,3.8,4.0,6,10.0,6.89
EMP05987,Male,34,8,Central University,Marketing,Marketing Manager,3,Patna,3.1,3.1,1,13.1,13.96
EMP05988,Male,30,3,Central University,Data Science,Data Analyst,1,Bhopal,3.8,3.2,2,13.1,5.86
EMP05989,Female,35,13,NIT,Finance,Accounts Manager,5,Chandigarh,3.3,2.9,21,16.6,25.4
EMP05990,Male,40,14,BITS,Sales,Sales Manager,4,Bhopal,3.5,3.2,10,27.6,24.81
EMP05991,Male,30,8,IIM,Customer Support,Customer Success Manager,3,Pune,3.6,3.3,44,5.4,15.65
EMP05992,Female,41,14,Diploma,Operations,Supply Chain Analyst,4,Surat,3.3,,10,5.0,15.52
EMP05993,Female,29,6,"Top Private (ISB, XLRI, SP Jain)",Sales,Account Manager,2,Hyderabad,2.4,,11,31.3,9.15
EMP05994,Female,52,28,Other,Data Science,Data Engineer,6,Kochi,4.4,,6,14.5,46.14
EMP05995,Male,36,10,Tier-2 Private,Sales,Senior Account Manager,3,Chennai,2.9,2.4,25,33.0,15.24
EMP05996,Male,30,3,Central University,Marketing,Marketing Manager,1,Nagpur,1.5,3.8,14,19.6,5.83
EMP05997,Female,30,6,Distance Learning,Sales,Sales Executive,2,Nagpur,3.3,2.2,2,21.0,5.44
EMP05998,Female,28,5,State University,Operations,Operations Executive,2,Dehradun,3.7,4.2,6,6.3,6.1
EMP05999,Female,32,5,Central University,Sales,Sales Executive,1,Bangalore,4.1,3.2,5,30.8,7.59
EMP06000,Female,28,1,Other,Sales,Sales Executive,1,Patna,3.5,3.4,4,31.5,4.32
EMP06001,Male,32,7,Tier-2 Private,Operations,Operations Executive,2,Bangalore,3.4,4.3,1,8.2,12.35
EMP06002,Male,24,2,State University,Marketing,Marketing Executive,1,Chennai,3.5,3.4,30,24.9,7.33
EMP06003,Male,28,1,Other,Legal,Legal Associate,1,Pune,2.8,3.9,47,14.7,5.57
EMP06004,Male,29,4,BITS,Sales,Account Manager,2,Hyderabad,3.1,3.9,19,15.4,11.55
EMP06005,Male,28,3,State University,Data Science,Data Analyst,2,Lucknow,4.1,,61,11.9,11.77
EMP06006,Male,25,3,Central University,Product,Product Manager,1,Bangalore,3.0,5.0,18,18.1,7.74
EMP06007,Female,27,0,Distance Learning,Product,Associate Product Manager,1,Kochi,3.5,3.3,11,18.6,3.98
EMP06008,Female,29,3,State University,Finance,Financial Analyst,1,Mysore,3.0,4.3,7,11.8,5.02
EMP06009,Female,28,5,BITS,Sales,Sales Executive,2,Visakhapatnam,2.9,,5,28.4,6.54
EMP06010,Female,27,3,Tier-2 Private,Engineering,Software Engineer,1,Kochi,3.2,3.1,1,10.8,5.61
EMP06011,Female,31,7,State University,Product,Associate Product Manager,2,Pune,3.3,,15,19.7,11.01
EMP06012,Female,43,16,IIM,Marketing,Content Strategist,6,Delhi,3.3,2.3,1,14.5,39.4
EMP06013,Male,32,8,Tier-2 Private,Data Science,Senior Data Scientist,2,Delhi,3.6,5.0,14,11.5,15.59
EMP06014,Female,39,12,Tier-2 Private,Data Science,ML Engineer,5,Pune,1.9,4.3,5,12.4,23.8
EMP06015,Male,39,13,Central University,Marketing,Growth Manager,5,Bangalore,3.1,3.3,37,19.4,26.63
EMP06016,Male,26,2,Distance Learning,Operations,Operations Manager,1,Indore,3.8,5.0,16,8.8,7.78
EMP06017,Male,32,8,IIIT,Finance,Finance Manager,4,Chandigarh,4.5,4.2,51,14.6,17.78
EMP06018,Female,38,12,Central University,Customer Support,Support Manager,3,Bhopal,2.4,3.5,1,8.1,9.24
EMP06019,Female,28,4,Tier-2 Private,Marketing,Digital Marketing Manager,3,Dehradun,2.5,3.6,1,22.9,8.17
EMP06020,Female,29,3,Central University,Customer Support,Support Team Lead,2,Kochi,3.6,2.8,52,5.6,8.13
EMP06021,Female,30,8,NIT,HR,HR Business Partner,4,Thiruvananthapuram,4.2,3.4,57,10.5,12.89
EMP06022,Female,26,2,Other,Finance,Financial Analyst,1,Lucknow,2.8,2.7,4,14.0,5.51
EMP06023,Male,27,2,State University,Data Science,Data Analyst,1,Mysore,1.9,3.6,78,12.8,5.43
EMP06024,Female,27,3,Central University,Sales,Account Manager,2,Kolkata,3.6,3.4,8,27.5,7.56
EMP06025,Female,35,8,State University,HR,HR Executive,2,Hyderabad,2.7,3.5,2,7.4,9.2
EMP06026,Female,30,7,Distance Learning,Customer Support,Support Team Lead,2,Mysore,4.6,3.3,3,6.6,7.98
EMP06027,Male,39,12,Diploma,Customer Support,Customer Success Manager,3,Dehradun,3.3,5.0,13,5.8,13.65
EMP06028,Male,25,3,IIT,HR,HR Manager,2,Delhi,2.4,2.5,1,6.3,8.73
EMP06029,Female,27,3,Other,Product,Associate Product Manager,1,Visakhapatnam,2.7,2.0,16,12.3,4.34
EMP06030,Male,33,8,State University,Finance,Senior Financial Analyst,3,Vadodara,3.5,3.0,30,10.9,12.3
EMP06031,Male,26,3,State University,Engineering,Software Engineer,1,Delhi,3.1,,46,12.3,10.1
EMP06032,Male,28,3,State University,Data Science,Data Scientist,1,Ranchi,3.5,3.3,5,10.4,6.88
EMP06033,Male,28,1,Diploma,Marketing,Marketing Manager,1,Kolkata,5.0,2.6,17,21.5,9.74
EMP06034,Male,31,7,Tier-2 Private,Data Science,Senior Data Scientist,2,Raipur,2.5,,10,14.9,10.75
EMP06035,Female,42,17,Distance Learning,Legal,Company Secretary,6,Hyderabad,4.0,,20,12.0,38.4
EMP06036,Female,29,2,BITS,Legal,Senior Legal Counsel,1,Ahmedabad,4.4,3.1,54,10.8,7.96
EMP06037,Female,39,12,Diploma,Data Science,Senior Data Scientist,4,Guwahati,4.3,2.7,9,10.0,16.39
EMP06038,Male,27,5,Other,Product,Senior Product Manager,2,Mumbai,2.6,,25,12.6,13.0
EMP06039,Male,27,1,State University,Legal,Legal Associate,1,Vadodara,3.5,3.2,58,9.6,6.08
EMP06040,Male,30,3,Distance Learning,Product,Associate Product Manager,1,Kolkata,2.2,3.9,77,14.5,7.16
EMP06041,Male,30,3,State University,Product,Associate Product Manager,1,Mumbai,4.0,2.7,43,11.9,8.19
EMP06042,Male,30,4,Central University,Sales,Sales Executive,2,Visakhapatnam,3.0,3.1,13,18.5,7.05
EMP06043,Female,30,8,"Top Private (ISB, XLRI, SP Jain)",Marketing,Digital Marketing Manager,3,Mumbai,3.6,3.9,53,12.2,10.99
EMP06044,Female,48,22,IIIT,Legal,Company Secretary,6,Bhopal,4.5,2.9,19,10.4,35.37
EMP06045,Male,29,2,BITS,HR,HR Executive,1,Indore,3.6,4.0,10,5.2,7.09
EMP06046,Male,29,4,State University,Product,Senior Product Manager,3,Dehradun,3.6,3.5,8,12.2,12.28
EMP06047,Male,25,3,BITS,Data Science,Data Analyst,1,Lucknow,3.2,3.4,2,11.2,7.53
EMP06048,Male,25,2,"Top Private (ISB, XLRI, SP Jain)",Operations,Supply Chain Analyst,2,Raipur,4.4,3.1,21,5.6,11.43
EMP06049,Male,29,6,"Top Private (ISB, XLRI, SP Jain)",Marketing,Brand Manager,2,Chandigarh,2.9,3.6,9,17.2,8.22
EMP06050,Male,33,6,BITS,Marketing,Marketing Executive,1,Delhi,3.7,3.5,11,21.3,7.85
EMP06051,Male,23,1,IIIT,Operations,Operations Manager,1,Pune,3.8,1.9,7,6.2,7.38
EMP06052,Male,32,6,Tier-2 Private,Product,Associate Product Manager,2,Kolkata,4.0,4.4,20,10.1,11.68
EMP06053,Female,25,2,Central University,Customer Support,Customer Support Executive,1,Vadodara,3.6,,39,5.0,3.4
EMP06054,Male,32,6,State University,HR,HR Business Partner,3,Thiruvananthapuram,2.6,2.6,69,10.2,10.84
EMP06055,Male,36,14,Central University,Legal,Legal Manager,4,Bangalore,3.4,3.5,15,12.7,25.56
EMP06056,Male,31,8,BITS,Sales,Senior Account Manager,3,Pune,2.1,3.4,4,34.6,14.76
EMP06057,Male,28,6,BITS,Operations,Supply Chain Analyst,2,Chennai,3.2,2.9,7,7.2,10.41
EMP06058,Male,29,4,Distance Learning,Engineering,Software Engineer,1,Indore,3.9,4.1,16,12.6,8.05
EMP06059,Female,32,6,State University,Sales,Sales Executive,2,Visakhapatnam,4.2,4.3,21,28.4,10.39
EMP06060,Female,32,8,BITS,Engineering,Lead Engineer,4,Guwahati,2.9,3.0,51,9.2,15.56
EMP06061,Female,33,8,State University,Sales,Account Manager,3,Pune,5.0,3.0,4,18.9,13.48
EMP06062,Male,30,5,Central University,Customer Support,Customer Success Manager,2,Chandigarh,2.2,2.9,10,8.6,9.13
EMP06063,Male,31,7,State University,HR,HR Business Partner,2,Surat,3.8,2.0,2,5.6,8.88
EMP06064,Male,28,2,BITS,Customer Support,Customer Support Executive,1,Kolkata,3.9,3.9,45,5.3,7.73
EMP06065,Male,26,3,Other,Operations,Operations Executive,1,Surat,3.9,4.9,30,9.9,4.21
EMP06066,Female,32,9,Tier-2 Private,HR,HR Manager,3,Chandigarh,3.7,3.2,6,9.1,15.01
EMP06067,Male,33,10,Central University,HR,HR Manager,2,Bhopal,3.5,3.5,1,7.0,10.77
EMP06068,Male,29,6,IIIT,Data Science,ML Engineer,3,Bhopal,4.8,3.6,7,12.4,17.5
EMP06069,Male,39,17,State University,Engineering,Principal Engineer,5,Lucknow,2.6,3.2,5,13.9,36.34
EMP06070,Male,30,8,Diploma,Engineering,Engineering Manager,4,Coimbatore,3.2,2.8,22,10.9,18.97
EMP06071,Female,27,5,IIIT,Legal,Legal Associate,2,Patna,3.5,5.0,15,13.7,7.72
EMP06072,Male,24,2,Diploma,Data Science,Data Scientist,2,Ranchi,3.3,3.9,21,12.8,10.01
EMP06073,Male,41,16,NIT,Operations,Process Improvement Specialist,5,Chandigarh,2.7,4.0,1,6.3,33.27
EMP06074,Male,33,10,Other,Product,Senior Product Manager,3,Mumbai,3.9,5.0,27,13.9,15.49
EMP06075,Female,46,21,State University,Finance,Accounts Manager,5,Chennai,3.6,3.4,5,15.7,33.19
EMP06076,Male,49,27,Diploma,Operations,Logistics Manager,5,Vadodara,4.8,3.0,25,9.5,45.59
EMP06077,Female,28,2,Central University,Legal,Senior Legal Counsel,1,Mumbai,4.1,2.5,23,8.2,5.41
EMP06078,Male,26,2,Central University,Data Science,Data Analyst,2,Surat,4.3,4.9,17,11.3,8.21
EMP06079,Male,24,0,State University,HR,HR Manager,1,Jaipur,4.3,4.2,3,7.7,5.58
EMP06080,Female,37,11,NIT,Data Science,Lead Data Scientist,4,Vadodara,2.6,,11,13.7,17.08
EMP06081,Male,36,9,Diploma,Product,Group Product Manager,3,Mumbai,3.2,3.2,20,17.8,14.64
EMP06082,Male,32,6,Central University,Sales,Senior Account Manager,3,Delhi,3.2,3.4,2,33.6,13.99
EMP06083,Male,26,2,Central University,Engineering,Staff Engineer,2,Vadodara,4.3,3.9,66,12.8,8.81
EMP06084,Male,29,5,Central University,Product,Senior Product Manager,2,Jaipur,3.6,4.9,40,19.7,10.62
EMP06085,Male,30,6,"Top Private (ISB, XLRI, SP Jain)",HR,HR Executive,2,Coimbatore,3.5,3.6,4,12.0,9.12
EMP06086,Female,32,10,Tier-2 Private,Product,Senior Product Manager,2,Dehradun,3.4,2.7,14,16.3,8.18
EMP06087,Male,31,7,Tier-2 Private,Finance,Senior Financial Analyst,2,Nagpur,4.3,,7,10.3,10.6
EMP06088,Male,35,9,Central University,HR,HR Manager,3,Chennai,2.7,,4,6.9,11.54
EMP06089,Male,28,5,Tier-2 Private,Customer Support,Customer Support Executive,2,Bangalore,3.5,4.4,7,6.3,10.11
EMP06090,Female,37,13,State University,Engineering,Senior Software Engineer,3,Ahmedabad,4.7,4.6,7,13.4,15.98
EMP06091,Male,31,9,Tier-2 Private,HR,HR Business Partner,3,Surat,3.9,5.0,40,9.9,11.27
EMP06092,Male,25,2,IIIT,Operations,Operations Manager,1,Nagpur,3.2,2.5,59,6.2,6.29
EMP06093,Female,37,15,IIIT,Marketing,Digital Marketing Manager,3,Kochi,3.7,3.3,12,14.3,10.58
EMP06094,Female,38,14,NIT,Engineering,Lead Engineer,3,Visakhapatnam,2.3,3.0,21,10.2,13.82
EMP06095,Female,31,8,State University,Sales,Sales Manager,3,Bangalore,2.9,,10,18.8,10.96
EMP06096,Male,34,7,Tier-2 Private,Product,Associate Product Manager,2,Nagpur,3.2,,3,19.8,12.07
EMP06097,Male,44,19,Diploma,Engineering,Engineering Manager,5,Patna,2.6,3.8,25,8.9,46.54
EMP06098,Male,25,1,BITS,Marketing,Marketing Executive,1,Bangalore,4.0,2.7,25,18.5,7.46
EMP06099,Female,39,14,Tier-2 Private,Data Science,Senior Data Scientist,4,Coimbatore,2.5,3.6,23,11.8,18.81
EMP06100,Male,31,4,Tier-2 Private,Operations,Operations Manager,3,Kochi,4.4,4.4,18,8.7,9.44
EMP06101,Male,36,13,Central University,HR,Talent Acquisition Specialist,5,Kochi,3.9,,1,8.2,25.1
EMP06102,Male,29,6,Tier-2 Private,Product,Associate Product Manager,1,Thiruvananthapuram,3.0,4.4,4,14.8,7.49
EMP06103,Female,27,2,Central University,Customer Support,Customer Support Executive,1,Patna,3.1,3.4,25,9.4,3.43
EMP06104,Female,26,4,State University,Legal,Legal Manager,3,Thiruvananthapuram,3.5,4.0,1,11.9,10.85
EMP06105,Male,37,12,Central University,Finance,FP&A Analyst,5,Mumbai,4.2,3.8,23,13.8,31.01
EMP06106,Female,27,5,"Top Private (ISB, XLRI, SP Jain)",Customer Support,Customer Support Executive,1,Pune,3.4,2.7,16,9.6,6.56
EMP06107,Female,30,3,Other,Finance,Senior Financial Analyst,1,Chandigarh,4.3,3.3,8,16.1,6.97
EMP06108,Male,29,3,"Top Private (ISB, XLRI, SP Jain)",Marketing,Marketing Executive,2,Guwahati,3.5,3.3,15,13.5,7.01
EMP06109,Male,31,9,IIT,HR,HR Manager,2,Bangalore,4.0,4.2,31,5.3,12.32
EMP06110,Female,45,20,Tier-2 Private,Product,Product Analyst,6,Lucknow,4.6,3.1,30,17.6,47.46
EMP06111,Male,24,1,BITS,Operations,Operations Executive,2,Indore,3.7,4.3,2,7.2,7.37
EMP06112,Male,55,30,Central University,Data Science,ML Engineer,5,Ahmedabad,2.6,4.0,13,13.6,50.0
EMP06113,Male,31,6,Distance Learning,Operations,Process Improvement Specialist,3,Thiruvananthapuram,3.3,3.7,34,9.3,10.98
EMP06114,Female,36,9,Tier-2 Private,Customer Support,Customer Success Manager,3,Thiruvananthapuram,5.0,3.5,1,8.6,13.56
EMP06115,Male,27,4,Central University,Finance,Senior Financial Analyst,3,Delhi,3.1,4.3,10,14.7,15.35
EMP06116,Female,31,6,NIT,Data Science,Data Scientist,1,Mumbai,2.0,,10,14.7,9.12
EMP06117,Male,33,6,Central University,HR,HR Manager,1,Pune,2.7,4.3,11,9.2,6.55
EMP06118,Male,24,2,"Top Private (ISB, XLRI, SP Jain)",Product,Product Manager,1,Vadodara,3.3,2.9,3,19.8,7.51
EMP06119,Female,26,3,Diploma,Sales,Sales Executive,1,Pune,3.9,2.9,1,33.2,6.54
EMP06120,Male,39,13,State University,Finance,Controller,4,Coimbatore,4.4,3.6,42,13.7,22.69
EMP06121,Male,24,2,State University,Engineering,Senior Software Engineer,1,Kolkata,2.8,3.4,1,8.6,6.91
EMP06122,Male,31,8,IIIT,Product,Senior Product Manager,3,Coimbatore,4.5,2.9,20,14.1,15.79
EMP06123,Female,31,4,Tier-2 Private,Legal,Legal Associate,1,Mumbai,4.1,4.2,19,13.0,7.55
EMP06124,Male,28,3,Other,Engineering,Software Engineer,1,Delhi,4.3,2.8,40,10.3,6.86
EMP06125,Male,46,24,Diploma,Legal,Company Secretary,6,Indore,4.3,,34,11.4,50.0
EMP06126,Male,30,3,Tier-2 Private,Product,Product Manager,1,Coimbatore,3.2,4.8,6,14.5,5.98
EMP06127,Male,27,2,Tier-2 Private,Product,Associate Product Manager,1,Nagpur,4.9,3.2,1,10.0,6.96
EMP06128,Male,29,5,Tier-2 Private,Sales,Sales Executive,1,Ranchi,4.5,2.0,48,27.7,6.0
EMP06129,Male,30,3,"Top Private (ISB, XLRI, SP Jain)",Customer Support,Support Team Lead,1,Bangalore,3.6,3.3,14,6.8,7.44
EMP06130,Male,29,6,Other,Product,Associate Product Manager,2,Mysore,4.6,3.1,13,19.1,9.42
EMP06131,Male,30,6,NIT,Customer Support,Customer Support Executive,2,Raipur,5.0,2.6,51,5.6,11.49
EMP06132,Female,32,7,Other,Sales,Account Manager,3,Chennai,4.3,3.6,1,29.6,10.78
EMP06133,Female,28,5,Other,Engineering,Senior Software Engineer,1,Chennai,2.0,3.6,82,12.0,6.5
EMP06134,Male,25,3,Central University,Marketing,Marketing Executive,1,Bangalore,2.2,3.9,44,22.9,6.87
EMP06135,Male,31,9,Tier-2 Private,Product,Product Manager,3,Lucknow,3.7,3.0,76,13.9,14.37
EMP06136,Male,28,5,State University,Engineering,Software Engineer,1,Kolkata,2.8,4.4,51,9.0,9.17
EMP06137,Female,26,4,Central University,Customer Support,Support Team Lead,3,Hyderabad,2.9,2.8,39,6.2,6.89
EMP06138,Male,42,17,Tier-2 Private,Legal,Company Secretary,5,Lucknow,3.7,2.9,22,11.8,28.07
EMP06139,Male,32,5,Central University,Legal,Compliance Officer,3,Mysore,3.2,2.8,2,11.2,9.3
EMP06140,Male,35,12,Central University,Operations,Process Improvement Specialist,4,Nagpur,4.2,3.1,11,5.3,20.46
EMP06141,Male,36,14,State University,Sales,Sales Manager,4,Ahmedabad,4.3,3.7,5,24.8,23.71
EMP06142,Male,36,14,Tier-2 Private,Operations,Process Improvement Specialist,5,Visakhapatnam,2.7,2.9,10,6.2,24.98
EMP06143,Male,31,9,Tier-2 Private,Engineering,Senior Software Engineer,2,Indore,3.7,3.0,7,12.2,12.33
EMP06144,Female,31,6,Distance Learning,Data Science,ML Engineer,3,Dehradun,3.1,4.4,42,12.6,10.36
EMP06145,Female,29,5,BITS,Legal,Legal Manager,3,Lucknow,4.1,2.8,9,9.1,9.64
EMP06146,Female,29,5,Central University,Operations,Operations Manager,2,Ahmedabad,3.3,3.9,9,7.2,6.89
EMP06147,Female,27,1,Central University,Finance,Financial Analyst,1,Nagpur,4.3,3.4,8,10.2,5.54
EMP06148,Male,34,10,Central University,Sales,Senior Account Manager,3,Delhi,3.4,4.3,21,30.7,14.82
EMP06149,Female,32,7,Tier-2 Private,HR,HR Manager,1,Ahmedabad,4.8,3.4,1,5.8,7.21
EMP06150,Female,37,10,"Top Private (ISB, XLRI, SP Jain)",Customer Support,Customer Success Manager,3,Surat,3.7,3.3,38,7.4,12.44
EMP06151,Female,28,5,Diploma,Marketing,Marketing Manager,2,Vadodara,2.3,3.1,4,20.3,6.2
EMP06152,Female,31,9,State University,Operations,Supply Chain Analyst,3,Mumbai,4.0,2.7,7,7.6,13.73
EMP06153,Male,25,2,Distance Learning,Customer Support,Support Team Lead,2,Hyderabad,3.3,3.8,28,9.4,7.9
EMP06154,Male,24,2,IIIT,Marketing,Marketing Executive,1,Kolkata,1.9,3.2,7,21.6,7.94
EMP06155,Male,27,1,Central University,Customer Support,Customer Support Executive,1,Ranchi,3.2,2.2,21,5.2,4.56
EMP06156,Male,32,5,NIT,Legal,Legal Manager,2,Indore,3.9,3.8,19,12.0,11.3
EMP06157,Male,28,3,Diploma,Engineering,Staff Engineer,2,Vadodara,4.1,3.5,15,10.4,9.57
EMP06158,Male,25,3,Central University,Engineering,Software Engineer,1,Pune,4.0,,1,10.7,9.83
EMP06159,Male,34,7,Tier-2 Private,Engineering,Senior Software Engineer,2,Jaipur,3.5,,13,9.8,12.18
EMP06160,Female,31,4,IIIT,Marketing,Brand Manager,3,Coimbatore,3.2,3.8,4,19.9,11.43
EMP06161,Female,26,2,Tier-2 Private,Legal,Senior Legal Counsel,1,Ahmedabad,2.8,3.6,8,14.1,5.67
EMP06162,Male,56,30,NIT,Sales,Key Account Manager,6,Surat,4.2,3.5,18,26.6,50.0
EMP06163,Male,30,5,Tier-2 Private,Sales,Sales Executive,2,Bhopal,4.1,3.9,9,19.0,9.43
EMP06164,Male,27,2,IIM,Finance,Financial Analyst,1,Mumbai,3.0,4.5,9,10.4,7.9
EMP06165,Female,27,3,Central University,Engineering,Software Engineer,1,Bhopal,4.7,,9,9.6,5.54
EMP06166,Female,28,5,Tier-2 Private,Engineering,Staff Engineer,2,Surat,4.2,1.9,9,12.7,7.2
EMP06167,Female,28,5,Tier-2 Private,Data Science,Data Scientist,2,Guwahati,4.2,4.0,32,14.0,8.41
EMP06168,Male,39,15,Tier-2 Private,Data Science,ML Engineer,4,Chennai,3.5,,24,14.5,27.85
EMP06169,Male,31,5,BITS,Customer Support,Customer Success Manager,2,Kolkata,5.0,,9,9.6,9.79
EMP06170,Female,48,22,Other,Data Science,Lead Data Scientist,6,Chennai,2.9,3.4,28,14.6,50.0
EMP06171,Female,26,4,Distance Learning,Finance,Senior Financial Analyst,2,Raipur,1.8,3.1,7,15.0,4.32
EMP06172,Male,30,8,State University,Legal,Legal Manager,3,Pune,4.2,3.9,19,8.8,14.19
EMP06173,Male,36,12,Tier-2 Private,Product,Product Analyst,5,Vadodara,4.3,4.2,11,11.5,32.11
EMP06174,Male,39,13,IIIT,Sales,Business Development Manager,5,Thiruvananthapuram,4.2,4.0,23,26.5,25.04
EMP06175,Male,40,15,Other,Marketing,Digital Marketing Manager,4,Hyderabad,4.5,3.4,22,13.2,29.01
EMP06176,Female,31,5,Tier-2 Private,Sales,Sales Executive,2,Hyderabad,4.4,4.2,8,27.8,8.95
EMP06177,Female,32,6,Distance Learning,Finance,Financial Analyst,1,Lucknow,4.5,2.6,19,15.5,6.74
EMP06178,Male,27,1,Tier-2 Private,Customer Support,Customer Support Executive,2,Hyderabad,3.8,3.1,50,5.7,7.49
EMP06179,Male,30,5,State University,Sales,Account Manager,2,Ahmedabad,3.8,4.7,13,30.2,9.74
EMP06180,Male,34,12,Tier-2 Private,Finance,FP&A Analyst,5,Pune,3.6,4.1,8,13.5,31.2
EMP06181,Male,34,11,Other,Operations,Operations Manager,3,Visakhapatnam,4.4,3.3,48,5.3,15.06
EMP06182,Male,31,5,IIM,Sales,Account Manager,2,Raipur,3.0,3.7,39,21.5,9.4
EMP06183,Female,42,19,Distance Learning,Customer Support,Support Manager,4,Chennai,3.4,4.7,31,9.9,21.63
EMP06184,Female,30,4,Tier-2 Private,Finance,Financial Analyst,2,Chennai,2.7,3.2,2,16.9,7.04
EMP06185,Male,27,3,State University,Customer Support,Customer Support Executive,1,Mysore,4.0,3.1,7,9.0,5.1
EMP06186,Female,26,4,Other,Sales,Senior Account Manager,2,Chandigarh,4.8,3.4,1,31.3,7.44
EMP06187,Female,28,2,IIIT,Marketing,Marketing Executive,1,Delhi,2.9,3.9,1,18.3,6.39
EMP06188,Male,36,9,Distance Learning,Operations,Supply Chain Analyst,3,Hyderabad,2.2,3.9,10,7.7,13.23
EMP06189,Female,31,7,NIT,HR,HR Business Partner,2,Pune,3.5,4.0,6,11.3,9.09
EMP06190,Female,31,9,Diploma,Customer Support,Support Team Lead,3,Kolkata,3.8,2.7,62,5.3,10.97
EMP06191,Female,28,4,Distance Learning,Engineering,Software Engineer,2,Thiruvananthapuram,3.4,2.5,41,10.6,5.79
EMP06192,Male,32,5,"Top Private (ISB, XLRI, SP Jain)",Sales,Sales Executive,2,Delhi,2.5,4.4,4,16.1,8.21
EMP06193,Male,24,1,NIT,Legal,Legal Associate,1,Hyderabad,4.4,2.8,16,10.3,8.84
EMP06194,Male,29,7,Central University,Engineering,Software Engineer,2,Kolkata,3.8,,1,9.5,13.16
EMP06195,Male,32,6,Tier-2 Private,HR,Talent Acquisition Specialist,3,Mysore,4.9,3.1,7,8.8,9.1
EMP06196,Male,25,2,IIIT,Operations,Operations Executive,1,Pune,4.3,3.0,40,8.5,7.36
EMP06197,Female,27,5,State University,Legal,Legal Associate,1,Nagpur,2.8,2.9,61,11.7,5.69
EMP06198,Male,31,5,State University,Data Science,Senior Data Scientist,2,Bangalore,3.9,2.4,1,13.7,10.55
EMP06199,Male,44,20,Central University,Product,Product Analyst,6,Surat,4.0,4.6,10,12.3,42.78
EMP06200,Female,24,2,State University,HR,HR Executive,2,Guwahati,4.8,2.2,46,10.8,5.92
EMP06201,Male,29,7,Central University,Operations,Operations Executive,2,Patna,3.0,5.0,1,8.8,8.51
EMP06202,Male,25,2,Other,Data Science,Data Analyst,1,Surat,2.5,,39,8.0,6.43
EMP06203,Male,26,4,Central University,Legal,Legal Manager,2,Mysore,3.5,5.0,12,13.9,7.65
EMP06204,Male,29,7,Diploma,Marketing,Marketing Manager,1,Visakhapatnam,3.3,3.1,47,23.5,8.31
EMP06205,Male,29,5,Other,Marketing,Marketing Executive,2,Raipur,3.3,3.3,41,17.3,10.3
EMP06206,Female,32,6,Distance Learning,Sales,Account Manager,2,Thiruvananthapuram,3.8,4.3,35,22.4,7.36
EMP06207,Male,31,7,IIIT,HR,HR Business Partner,3,Indore,1.3,2.9,89,8.5,12.63
EMP06208,Male,26,4,Central University,Product,Product Manager,1,Pune,2.6,4.2,40,12.4,7.94
EMP06209,Male,38,11,Central University,Marketing,Marketing Manager,3,Lucknow,3.6,,16,21.6,19.01
EMP06210,Female,29,4,Diploma,Data Science,Data Analyst,1,Dehradun,3.4,4.0,8,11.9,5.28
EMP06211,Male,32,5,State University,Legal,Legal Manager,2,Coimbatore,5.0,4.6,89,8.6,8.98
EMP06212,Female,32,7,Distance Learning,Finance,Finance Manager,2,Chandigarh,3.5,3.0,3,16.9,6.43
EMP06213,Male,31,7,Central University,Finance,Finance Manager,3,Mumbai,2.4,3.1,22,12.5,11.63
EMP06214,Female,34,9,State University,Data Science,Senior Data Scientist,3,Delhi,2.9,2.4,4,9.7,12.52
EMP06215,Male,29,7,Tier-2 Private,Finance,Finance Manager,3,Bangalore,4.3,2.6,16,16.2,13.81
EMP06216,Male,32,8,Diploma,Data Science,Data Scientist,2,Indore,3.3,,48,11.5,14.97
EMP06217,Male,28,4,State University,Engineering,Lead Engineer,3,Chennai,1.9,3.6,19,14.6,12.58
EMP06218,Female,25,2,Other,Operations,Operations Executive,1,Mumbai,4.0,2.9,5,6.2,5.26
EMP06219,Male,29,2,NIT,Finance,Financial Analyst,1,Ranchi,4.4,3.8,28,14.8,7.35
EMP06220,Male,28,1,Distance Learning,Sales,Sales Executive,1,Raipur,3.4,,34,15.7,6.95
EMP06221,Male,44,20,IIM,Product,Product Analyst,6,Delhi,3.1,3.2,30,19.8,46.34
EMP06222,Male,27,1,Other,HR,HR Executive,2,Bangalore,4.2,3.3,44,5.1,9.06
EMP06223,Male,36,13,IIM,Product,Senior Product Manager,4,Chennai,1.9,4.5,24,12.8,23.66
EMP06224,Male,30,3,BITS,Product,Associate Product Manager,1,Chennai,4.1,3.9,1,10.2,9.49
EMP06225,Male,39,13,State University,Customer Support,Customer Success Manager,4,Kolkata,3.5,3.5,32,6.4,20.07
EMP06226,Male,27,1,Tier-2 Private,HR,HR Executive,1,Kolkata,4.2,3.2,23,11.6,6.94
EMP06227,Male,30,5,Distance Learning,Engineering,Software Engineer,2,Dehradun,2.6,4.2,1,10.6,9.74
EMP06228,Male,42,16,State University,Customer Support,Customer Success Manager,4,Bangalore,3.5,3.4,1,7.3,27.02
EMP06229,Male,34,9,State University,Legal,Senior Legal Counsel,2,Ranchi,4.3,2.3,12,14.3,11.61
EMP06230,Male,31,4,State University,Finance,Financial Analyst,2,Bhopal,3.9,2.2,27,10.1,8.51
EMP06231,Female,26,1,Tier-2 Private,Product,Associate Product Manager,1,Nagpur,1.5,,6,19.1,4.87
EMP06232,Male,26,2,State University,Marketing,Marketing Executive,1,Bangalore,4.2,2.9,5,24.8,7.18
EMP06233,Female,38,15,Tier-2 Private,Sales,Sales Manager,5,Coimbatore,4.4,3.4,1,23.9,25.28
EMP06234,Male,31,4,State University,Marketing,Brand Manager,2,Raipur,3.8,2.3,1,14.5,9.47
EMP06235,Male,27,5,Central University,Data Science,Data Analyst,1,Thiruvananthapuram,3.6,,1,12.8,10.18
EMP06236,Male,29,7,Tier-2 Private,Data Science,Data Scientist,2,Kolkata,4.3,2.9,41,13.4,15.0
EMP06237,Male,24,2,Central University,Customer Support,Customer Success Manager,2,Mysore,3.6,4.3,25,7.1,8.96
EMP06238,Female,30,8,Distance Learning,Product,Group Product Manager,3,Coimbatore,2.1,2.8,43,18.2,8.69
EMP06239,Female,27,4,BITS,HR,HR Executive,2,Indore,2.9,3.9,4,6.7,8.13
EMP06240,Male,31,7,Distance Learning,Operations,Operations Manager,2,Chennai,4.7,3.6,4,5.2,11.51
EMP06241,Female,27,4,Diploma,Data Science,Data Scientist,3,Visakhapatnam,3.3,3.0,4,12.5,8.23
EMP06242,Male,26,2,Central University,Data Science,Data Analyst,1,Kochi,3.7,2.7,29,11.7,6.65
EMP06243,Male,28,4,State University,Finance,Senior Financial Analyst,1,Hyderabad,2.2,3.0,13,10.3,8.42
EMP06244,Female,33,9,Diploma,Operations,Process Improvement Specialist,3,Thiruvananthapuram,3.9,4.3,2,6.1,11.4
EMP06245,Male,29,7,IIIT,Legal,Legal Manager,3,Pune,4.0,3.5,10,12.1,13.67
EMP06246,Male,31,6,Other,Finance,Senior Financial Analyst,3,Hyderabad,5.0,3.0,8,15.2,13.92
EMP06247,Female,34,11,Central University,Product,Senior Product Manager,3,Jaipur,4.1,3.5,10,16.8,11.2
EMP06248,Female,30,5,Tier-2 Private,Finance,Finance Manager,3,Bangalore,4.3,3.0,9,13.3,9.89
EMP06249,Female,28,6,Central University,Sales,Senior Account Manager,2,Ahmedabad,2.0,2.8,4,29.8,6.23
EMP06250,Male,31,4,Diploma,HR,HR Manager,3,Pune,3.1,3.3,7,9.8,11.07
EMP06251,Female,37,11,Tier-2 Private,Operations,Supply Chain Analyst,2,Hyderabad,5.0,4.0,47,5.7,12.31
EMP06252,Male,31,7,Central University,Product,Product Manager,2,Visakhapatnam,4.2,,17,15.8,10.42
EMP06253,Male,28,4,NIT,Operations,Operations Executive,1,Hyderabad,3.9,4.1,37,5.9,7.33
EMP06254,Male,25,2,Diploma,Finance,Senior Financial Analyst,1,Kolkata,5.0,3.3,3,15.4,7.72
EMP06255,Female,40,13,State University,Legal,Compliance Officer,4,Pune,2.8,2.9,2,12.3,17.08
EMP06256,Female,29,3,IIIT,HR,HR Executive,1,Ranchi,3.8,4.3,1,11.5,4.65
EMP06257,Female,30,6,State University,Data Science,Senior Data Scientist,2,Thiruvananthapuram,3.9,2.5,39,9.3,8.49
EMP06258,Male,55,30,Central University,Operations,Logistics Manager,6,Delhi,3.4,,32,7.2,50.0
EMP06259,Male,32,10,NIT,Engineering,Engineering Manager,4,Bangalore,2.4,4.4,14,8.7,27.22
EMP06260,Male,44,18,"Top Private (ISB, XLRI, SP Jain)",Legal,Legal Manager,4,Kolkata,4.7,3.3,45,10.2,37.17
EMP06261,Female,29,4,Other,Marketing,Marketing Manager,1,Hyderabad,3.6,,1,20.9,7.31
EMP06262,Male,35,12,Tier-2 Private,Legal,Senior Legal Counsel,3,Jaipur,3.9,3.0,37,9.3,16.17
EMP06263,Male,32,6,Central University,Customer Support,Support Team Lead,2,Visakhapatnam,3.0,4.0,37,9.2,11.11
EMP06264,Female,29,7,State University,Marketing,Digital Marketing Manager,3,Bangalore,2.9,4.5,52,17.7,11.57
EMP06265,Male,48,24,State University,Data Science,Lead Data Scientist,5,Pune,3.2,3.7,37,10.5,50.0
EMP06266,Female,31,4,State University,Engineering,Staff Engineer,2,Mumbai,3.3,3.6,19,13.6,9.55
EMP06267,Male,32,6,Central University,Finance,Senior Financial Analyst,2,Patna,4.4,4.2,17,16.5,11.36
EMP06268,Female,25,3,"Top Private (ISB, XLRI, SP Jain)",Data Science,Data Analyst,1,Jaipur,3.8,1.5,8,8.7,5.19
EMP06269,Male,36,11,Tier-2 Private,Sales,Sales Executive,2,Raipur,2.7,4.6,1,34.7,11.01
EMP06270,Male,30,4,Central University,Engineering,Software Engineer,2,Bangalore,2.3,3.8,54,13.5,10.38
EMP06271,Male,37,12,Other,Sales,Senior Account Manager,4,Guwahati,4.3,3.6,6,22.5,17.27
EMP06272,Male,24,1,Central University,Data Science,Data Analyst,1,Bhopal,4.3,3.7,4,8.4,7.41
EMP06273,Female,34,8,IIIT,Data Science,ML Engineer,3,Vadodara,3.3,1.9,5,9.5,9.75
EMP06274,Male,27,3,Central University,Engineering,Software Engineer,1,Chennai,3.0,4.2,20,9.0,8.92
EMP06275,Male,37,10,Central University,Legal,Senior Legal Counsel,3,Bangalore,3.5,3.9,5,8.3,19.52
EMP06276,Female,32,5,Central University,Sales,Sales Executive,1,Mysore,3.5,,35,22.2,7.05
EMP06277,Male,31,4,IIIT,Legal,Senior Legal Counsel,2,Lucknow,3.7,3.9,15,9.1,10.03
EMP06278,Female,28,4,Central University,HR,HR Business Partner,2,Mysore,4.4,3.7,1,8.8,7.03
EMP06279,Female,29,3,State University,HR,HR Executive,1,Hyderabad,4.3,2.9,21,9.9,5.61
EMP06280,Male,32,10,"Top Private (ISB, XLRI, SP Jain)",Engineering,Senior Software Engineer,3,Pune,4.2,4.5,5,10.1,22.66
EMP06281,Female,28,2,BITS,Engineering,Senior Software Engineer,1,Pune,2.7,3.2,11,9.4,6.17
EMP06282,Male,31,5,Central University,Operations,Operations Executive,2,Dehradun,3.9,3.4,4,7.8,8.16
EMP06283,Male,33,7,IIM,HR,HR Business Partner,3,Pune,3.8,,23,11.8,21.58
EMP06284,Male,40,18,BITS,Legal,Company Secretary,5,Ahmedabad,2.5,3.0,4,13.0,37.74
EMP06285,Female,30,6,NIT,HR,HR Executive,2,Mysore,3.2,3.0,25,8.1,6.02
EMP06286,Male,28,5,State University,Engineering,Senior Software Engineer,2,Vadodara,3.9,2.8,14,9.6,9.05
EMP06287,Male,34,7,"Top Private (ISB, XLRI, SP Jain)",Operations,Process Improvement Specialist,3,Guwahati,2.4,3.5,7,7.0,11.89
EMP06288,Female,26,1,Other,Data Science,Data Analyst,1,Chennai,3.0,3.1,10,8.7,5.79
EMP06289,Male,27,2,State University,Legal,Legal Associate,1,Chandigarh,3.6,3.7,2,12.1,5.51
EMP06290,Female,28,4,Distance Learning,Marketing,Brand Manager,2,Hyderabad,3.2,4.0,20,15.2,7.14
EMP06291,Female,25,3,Diploma,Marketing,Marketing Executive,1,Mysore,4.4,3.8,5,14.0,6.4
EMP06292,Female,26,1,Distance Learning,Engineering,Staff Engineer,2,Ahmedabad,4.1,3.4,1,13.4,7.61
EMP06293,Female,36,11,IIM,Finance,Finance Manager,2,Surat,2.5,4.2,21,13.2,11.51
EMP06294,Female,31,7,Diploma,Engineering,Software Engineer,2,Kolkata,2.8,2.9,13,13.4,6.54
EMP06295,Male,31,6,"Top Private (ISB, XLRI, SP Jain)",Data Science,Data Analyst,2,Mysore,4.4,3.9,1,9.8,9.16
EMP06296,Female,27,3,Tier-2 Private,HR,HR Manager,1,Bangalore,4.0,,56,8.7,5.83
EMP06297,Female,31,6,"Top Private (ISB, XLRI, SP Jain)",Marketing,Brand Manager,2,Nagpur,1.2,4.6,26,12.7,6.61
EMP06298,Female,32,8,Central University,HR,HR Manager,2,Dehradun,4.6,3.4,15,8.8,7.6
EMP06299,Male,31,5,Other,Legal,Legal Manager,2,Pune,3.5,,1,12.3,9.39
EMP06300,Female,35,8,Other,Legal,Legal Manager,2,Delhi,3.5,3.3,11,14.4,9.2
EMP06301,Male,27,3,Diploma,Legal,Senior Legal Counsel,1,Mumbai,2.8,3.6,3,14.7,6.77
EMP06302,Male,28,6,Diploma,Engineering,Senior Software Engineer,2,Indore,4.5,3.1,9,11.0,13.45
EMP06303,Male,39,13,Tier-2 Private,Engineering,Engineering Manager,5,Nagpur,3.9,3.6,2,8.3,21.14
EMP06304,Male,41,14,Diploma,Legal,Company Secretary,4,Thiruvananthapuram,3.4,,1,12.2,22.88
EMP06305,Female,41,15,Diploma,Legal,Compliance Officer,4,Mysore,1.3,2.1,8,13.0,13.42
EMP06306,Male,31,7,State University,Engineering,Senior Software Engineer,1,Nagpur,3.1,1.9,1,9.3,8.7
EMP06307,Female,31,6,Tier-2 Private,Engineering,Staff Engineer,2,Indore,2.6,2.2,9,9.7,7.97
EMP06308,Female,28,4,Distance Learning,Finance,Financial Analyst,2,Indore,3.2,,6,16.4,5.93
EMP06309,Male,27,1,State University,HR,HR Business Partner,2,Mumbai,2.8,2.8,81,8.2,7.6
EMP06310,Female,28,2,Tier-2 Private,Engineering,Software Engineer,1,Ranchi,4.1,2.7,15,10.2,5.69
EMP06311,Male,30,5,Tier-2 Private,Marketing,Marketing Executive,2,Mumbai,4.7,2.9,7,23.0,9.73
EMP06312,Female,29,5,Central University,Product,Senior Product Manager,3,Pune,3.4,3.6,8,11.7,11.54
EMP06313,Female,39,16,State University,Customer Support,Support Manager,4,Patna,2.6,2.6,3,5.2,16.71
EMP06314,Male,40,15,Other,Legal,Compliance Officer,4,Ranchi,3.2,2.8,5,9.5,16.88
EMP06315,Female,27,3,Tier-2 Private,HR,HR Manager,1,Chandigarh,3.1,1.9,2,10.4,4.22
EMP06316,Male,37,10,Tier-2 Private,Data Science,Data Scientist,3,Visakhapatnam,4.8,,21,12.6,13.31
EMP06317,Male,26,4,NIT,Product,Product Manager,2,Hyderabad,3.5,4.5,8,10.4,13.99
EMP06318,Female,36,9,State University,Product,Senior Product Manager,4,Patna,4.7,3.5,10,11.6,13.29
EMP06319,Male,36,10,State University,Legal,Compliance Officer,4,Ranchi,2.4,3.7,19,9.0,21.41
EMP06320,Female,39,14,Central University,Operations,Process Improvement Specialist,4,Chandigarh,3.5,3.8,7,6.5,15.78
EMP06321,Male,31,4,State University,Finance,Senior Financial Analyst,3,Hyderabad,2.7,4.2,22,11.4,16.07
EMP06322,Male,38,12,Tier-2 Private,Engineering,Lead Engineer,4,Kolkata,3.4,2.8,25,12.8,22.5
EMP06323,Female,23,1,State University,Legal,Legal Associate,1,Nagpur,3.9,3.1,29,13.9,4.35
EMP06324,Male,38,14,Distance Learning,Operations,Supply Chain Analyst,3,Coimbatore,2.3,4.3,12,9.4,15.71
EMP06325,Female,32,5,State University,Product,Associate Product Manager,1,Visakhapatnam,3.1,2.9,27,14.8,5.65
EMP06326,Male,32,6,IIT,Legal,Legal Associate,1,Bangalore,3.3,3.7,1,8.9,9.83
EMP06327,Female,23,1,BITS,Sales,Sales Executive,1,Kochi,3.6,4.1,8,16.0,6.28
EMP06328,Male,27,4,"Top Private (ISB, XLRI, SP Jain)",Engineering,Software Engineer,2,Surat,2.3,5.0,45,10.8,10.8
EMP06329,Male,42,15,IIM,Engineering,Staff Engineer,3,Nagpur,3.8,4.3,7,11.5,25.54
EMP06330,Male,26,4,Central University,Engineering,Senior Software Engineer,1,Ahmedabad,3.9,,7,9.0,7.52
EMP06331,Male,36,9,NIT,Product,Director of Product,4,Dehradun,4.3,,47,10.2,18.58
EMP06332,Female,31,6,Other,Marketing,Brand Manager,2,Ahmedabad,2.2,4.1,20,13.3,7.6
EMP06333,Male,38,12,State University,Customer Support,Customer Success Manager,4,Patna,3.2,3.1,14,8.7,21.08
EMP06334,Male,29,6,IIIT,Legal,Senior Legal Counsel,1,Bangalore,3.5,,30,9.4,11.32
EMP06335,Female,27,3,Diploma,Customer Support,Customer Support Executive,1,Hyderabad,3.7,4.5,1,9.1,4.56
EMP06336,Male,32,6,Central University,Customer Support,Customer Success Manager,2,Raipur,3.6,4.3,18,9.6,10.03
EMP06337,Male,40,18,State University,Engineering,Lead Engineer,5,Dehradun,3.1,4.9,21,10.3,32.22
EMP06338,Male,30,8,Central University,Legal,Compliance Officer,3,Hyderabad,3.6,2.8,23,12.5,14.45
EMP06339,Male,30,5,Other,Customer Support,Customer Support Executive,1,Surat,5.0,2.2,17,6.4,7.5
EMP06340,Female,51,29,Tier-2 Private,Operations,Logistics Manager,6,Ahmedabad,4.0,,12,8.6,50.0
EMP06341,Female,40,13,Tier-2 Private,Customer Support,Customer Success Manager,4,Chennai,2.3,3.3,1,6.1,17.08
EMP06342,Female,36,10,"Top Private (ISB, XLRI, SP Jain)",Marketing,Marketing Manager,2,Chennai,4.7,2.7,2,17.3,10.67
EMP06343,Female,33,7,Tier-2 Private,Sales,Account Manager,1,Nagpur,4.8,2.8,1,32.2,5.43
EMP06344,Male,35,10,Distance Learning,Sales,Sales Manager,4,Kolkata,4.2,3.5,11,27.6,18.55
EMP06345,Male,35,10,State University,Product,Associate Product Manager,2,Kochi,4.5,3.3,11,10.8,10.48
EMP06346,Female,28,1,State University,Sales,Sales Executive,1,Thiruvananthapuram,5.0,3.9,14,16.6,5.41
EMP06347,Female,29,7,State University,Marketing,Marketing Executive,2,Jaipur,3.7,3.3,8,24.8,7.53
EMP06348,Female,28,5,IIT,Data Science,ML Engineer,3,Ranchi,4.3,2.9,9,10.6,10.86
EMP06349,Male,30,4,Tier-2 Private,Data Science,Data Analyst,2,Chandigarh,4.7,4.3,29,9.4,10.77
EMP06350,Female,27,5,State University,Sales,Sales Executive,1,Visakhapatnam,2.9,,4,24.2,6.81
EMP06351,Female,25,2,Central University,Legal,Legal Associate,1,Hyderabad,4.7,,3,10.6,6.62
EMP06352,Female,23,1,Central University,Sales,Sales Executive,1,Visakhapatnam,3.7,2.9,21,28.2,3.18
EMP06353,Female,36,14,Distance Learning,Customer Support,Support Manager,4,Ranchi,4.3,2.1,22,7.5,10.32
EMP06354,Male,32,8,Central University,Customer Support,Customer Success Manager,3,Hyderabad,4.2,3.4,29,8.2,16.08
EMP06355,Male,26,1,IIM,Data Science,Data Scientist,1,Bangalore,3.0,2.8,1,14.0,8.71
EMP06356,Male,26,4,NIT,Sales,Senior Account Manager,2,Nagpur,4.6,3.9,17,24.4,10.22
EMP06357,Male,38,11,Tier-2 Private,Product,Product Manager,3,Vadodara,3.2,4.8,7,17.0,16.01
EMP06358,Female,30,4,Distance Learning,Sales,Senior Account Manager,2,Lucknow,3.7,2.7,19,24.6,6.81
EMP06359,Male,39,14,Tier-2 Private,Marketing,Digital Marketing Manager,5,Delhi,4.2,3.2,27,22.9,30.43
EMP06360,Male,34,12,Tier-2 Private,Customer Support,Support Team Lead,3,Ranchi,4.0,4.1,15,7.2,16.14
EMP06361,Male,27,2,State University,Data Science,Data Scientist,1,Kolkata,3.0,3.1,1,10.0,6.62
EMP06362,Female,32,5,State University,Data Science,Data Scientist,2,Hyderabad,2.5,2.1,54,14.5,7.57
EMP06363,Male,27,4,IIIT,Operations,Operations Executive,1,Pune,2.8,,31,7.5,7.88
EMP06364,Male,27,2,Tier-2 Private,HR,HR Manager,1,Visakhapatnam,4.1,2.6,8,10.0,6.57
EMP06365,Female,27,2,Central University,Legal,Senior Legal Counsel,2,Chennai,3.9,3.2,16,12.7,7.07
EMP06366,Male,29,3,State University,Legal,Senior Legal Counsel,1,Pune,3.3,3.5,26,12.8,7.46
EMP06367,Male,30,3,IIIT,Product,Product Manager,1,Lucknow,3.3,3.3,30,11.0,8.37
EMP06368,Male,29,7,Central University,Operations,Operations Executive,2,Kolkata,3.3,4.0,14,7.0,12.33
EMP06369,Male,34,12,IIT,Sales,Senior Account Manager,4,Kochi,2.6,2.5,25,34.0,21.93
EMP06370,Female,30,8,Tier-2 Private,Customer Support,Customer Success Manager,3,Pune,4.2,3.5,22,7.5,9.22
EMP06371,Female,33,10,Tier-2 Private,Finance,Senior Financial Analyst,3,Hyderabad,2.6,2.7,27,10.9,10.95
EMP06372,Male,29,5,State University,Engineering,Senior Software Engineer,2,Surat,3.6,3.6,27,10.1,7.79
EMP06373,Female,36,9,IIIT,Finance,Finance Manager,3,Kolkata,4.5,2.7,1,10.8,14.48
EMP06374,Female,30,5,Tier-2 Private,Product,Senior Product Manager,2,Nagpur,3.5,3.4,6,14.1,7.6
EMP06375,Male,30,4,Distance Learning,Engineering,Senior Software Engineer,3,Lucknow,4.8,4.2,13,9.0,15.2
EMP06376,Male,47,22,State University,Product,Product Analyst,6,Mumbai,2.6,3.5,24,18.3,50.0
EMP06377,Male,28,1,IIT,Data Science,Data Analyst,1,Kochi,2.4,3.4,22,11.0,8.14
EMP06378,Female,24,1,Central University,Engineering,Software Engineer,1,Chennai,1.7,2.7,3,14.1,4.26
EMP06379,Male,33,7,Tier-2 Private,Sales,Account Manager,1,Nagpur,4.1,3.7,26,28.3,7.62
EMP06380,Male,28,5,IIT,Operations,Operations Executive,1,Mumbai,1.9,4.3,22,7.5,8.21
EMP06381,Female,25,2,Tier-2 Private,Data Science,Data Analyst,1,Thiruvananthapuram,4.8,3.2,23,8.7,5.36
EMP06382,Female,29,2,Central University,Marketing,Marketing Executive,1,Mysore,4.9,4.3,2,14.6,5.13
EMP06383,Female,25,3,BITS,Legal,Senior Legal Counsel,2,Thiruvananthapuram,3.7,3.1,34,11.4,6.02
EMP06384,Female,34,11,State University,Product,Senior Product Manager,4,Mysore,2.9,4.6,19,13.4,16.22
EMP06385,Male,38,14,NIT,Product,Group Product Manager,4,Nagpur,2.0,2.2,23,18.0,21.37
EMP06386,Female,41,19,IIM,Sales,Business Development Manager,6,Pune,3.8,2.9,8,27.0,47.61
EMP06387,Male,27,1,Tier-2 Private,Finance,Financial Analyst,2,Delhi,3.5,,11,12.7,7.03
EMP06388,Male,26,2,State University,Operations,Operations Executive,1,Kolkata,3.7,3.5,1,7.4,8.4
EMP06389,Female,26,2,State University,Data Science,Data Analyst,1,Vadodara,3.9,3.7,16,10.6,5.44
EMP06390,Male,37,14,Tier-2 Private,Engineering,Engineering Manager,4,Patna,2.6,5.0,2,11.8,20.11
EMP06391,Male,35,8,Other,HR,HR Business Partner,2,Hyderabad,3.3,,3,5.6,10.59
EMP06392,Female,30,6,State University,Marketing,Marketing Executive,2,Kolkata,3.6,3.9,9,18.3,7.51
EMP06393,Male,33,7,Tier-2 Private,Legal,Compliance Officer,3,Delhi,5.0,3.0,5,10.3,14.85
EMP06394,Male,30,5,NIT,Sales,Account Manager,3,Surat,4.1,3.4,34,31.0,13.98
EMP06395,Female,29,2,Central University,Finance,Senior Financial Analyst,1,Pune,3.6,3.8,3,12.8,5.55
EMP06396,Female,33,8,Central University,Data Science,Senior Data Scientist,3,Vadodara,2.7,2.2,2,13.2,10.02
EMP06397,Female,32,5,State University,HR,Talent Acquisition Specialist,3,Thiruvananthapuram,4.5,2.5,27,5.6,8.02
EMP06398,Male,28,2,Central University,Sales,Sales Executive,1,Surat,4.9,3.7,1,33.5,6.55
EMP06399,Male,31,9,NIT,Finance,Finance Manager,2,Kochi,2.3,3.5,12,13.7,10.9
EMP06400,Female,26,4,Tier-2 Private,Operations,Operations Executive,1,Delhi,2.0,3.5,56,7.0,4.48
EMP06401,Male,33,7,State University,Engineering,Lead Engineer,3,Mumbai,3.5,2.4,8,12.0,18.62
EMP06402,Male,27,5,IIM,Sales,Account Manager,3,Bhopal,3.3,3.4,43,22.8,13.12
EMP06403,Male,34,11,Diploma,Legal,Senior Legal Counsel,3,Indore,4.6,,1,10.0,20.85
EMP06404,Male,33,7,IIM,Product,Senior Product Manager,2,Jaipur,2.6,3.7,6,10.6,13.39
EMP06405,Male,27,3,IIM,Operations,Operations Executive,2,Lucknow,2.7,,16,7.2,7.35
EMP06406,Female,30,7,"Top Private (ISB, XLRI, SP Jain)",Sales,Sales Executive,2,Bangalore,2.3,3.3,8,21.3,9.07
EMP06407,Female,30,7,BITS,Product,Product Manager,2,Indore,2.7,2.5,35,17.6,8.45
EMP06408,Male,31,8,BITS,Data Science,ML Engineer,3,Mysore,3.6,3.8,3,8.6,14.8
EMP06409,Female,39,12,Tier-2 Private,Finance,Controller,4,Pune,2.3,2.1,28,10.4,14.56
EMP06410,Male,27,3,Other,Legal,Senior Legal Counsel,1,Mumbai,5.0,,11,11.2,9.87
EMP06411,Male,36,9,IIT,Finance,Controller,3,Mumbai,1.5,3.9,15,15.0,14.01
EMP06412,Female,27,1,Central University,Product,Associate Product Manager,1,Surat,3.1,3.3,2,13.5,4.6
EMP06413,Male,28,5,"Top Private (ISB, XLRI, SP Jain)",Product,Senior Product Manager,2,Chandigarh,3.7,4.1,15,18.9,12.0
EMP06414,Female,26,4,Diploma,Product,Group Product Manager,3,Kochi,4.5,2.4,3,13.3,8.49
EMP06415,Male,43,16,Central University,HR,Learning & Development Manager,6,Chennai,2.7,,20,7.7,40.73
EMP06416,Male,32,5,Distance Learning,Operations,Supply Chain Analyst,2,Chennai,2.0,3.0,1,6.8,9.79
EMP06417,Male,31,9,Central University,Product,Senior Product Manager,3,Pune,2.7,1.8,80,12.8,15.83
EMP06418,Male,24,1,Distance Learning,Finance,Financial Analyst,1,Ahmedabad,5.0,2.7,22,15.7,5.11
EMP06419,Female,30,4,Central University,Marketing,Marketing Manager,2,Delhi,1.9,5.0,10,24.4,6.56
EMP06420,Female,30,3,Central University,Finance,Financial Analyst,1,Thiruvananthapuram,4.3,4.1,5,16.7,4.89
EMP06421,Male,57,30,BITS,Marketing,Growth Manager,5,Jaipur,3.7,2.7,23,17.7,50.0
EMP06422,Male,26,3,State University,Engineering,Software Engineer,1,Kolkata,3.8,4.4,34,10.2,8.09
EMP06423,Female,33,6,Tier-2 Private,Finance,Finance Manager,2,Bangalore,4.5,4.2,12,16.6,9.33
EMP06424,Female,32,6,Central University,Legal,Legal Manager,2,Kolkata,2.9,2.3,33,12.8,7.32
EMP06425,Male,25,1,IIT,Marketing,Marketing Executive,1,Hyderabad,4.3,4.5,23,20.4,8.44
EMP06426,Male,28,4,Central University,Marketing,Marketing Manager,3,Surat,3.6,3.3,8,24.1,13.19
EMP06427,Male,34,8,Tier-2 Private,Operations,Supply Chain Analyst,2,Raipur,2.4,4.1,37,6.0,12.57
EMP06428,Male,33,6,Central University,Finance,Finance Manager,2,Chennai,3.4,4.3,3,15.0,11.61
EMP06429,Male,28,1,Distance Learning,Marketing,Marketing Executive,1,Bangalore,3.5,4.3,6,19.5,5.93
EMP06430,Male,28,4,"Top Private (ISB, XLRI, SP Jain)",Product,Senior Product Manager,2,Kolkata,1.5,3.5,33,19.2,10.28
EMP06431,Male,35,12,IIIT,Sales,Sales Manager,4,Jaipur,2.7,,59,18.9,24.74
EMP06432,Male,36,9,"Top Private (ISB, XLRI, SP Jain)",HR,Talent Acquisition Specialist,3,Ahmedabad,3.9,4.0,11,8.2,15.86
EMP06433,Male,37,14,Tier-2 Private,Engineering,Lead Engineer,4,Mumbai,3.6,4.2,8,8.0,21.51
EMP06434,Female,29,3,IIM,HR,HR Manager,1,Mumbai,4.3,3.6,11,5.4,6.78
EMP06435,Female,39,14,State University,Finance,Finance Manager,4,Bangalore,4.5,,15,11.3,16.68
EMP06436,Male,30,5,Distance Learning,Engineering,Staff Engineer,2,Coimbatore,2.8,,21,14.9,8.66
EMP06437,Male,41,18,Tier-2 Private,HR,Learning & Development Manager,5,Chennai,2.9,2.5,2,7.9,31.41
EMP06438,Male,29,6,Tier-2 Private,Engineering,Staff Engineer,2,Chandigarh,2.2,4.1,5,9.6,9.14
EMP06439,Female,26,1,State University,Data Science,Data Scientist,1,Pune,3.9,3.2,27,11.8,6.43
EMP06440,Male,33,10,Other,Operations,Process Improvement Specialist,4,Mumbai,3.1,4.4,34,9.0,21.13
EMP06441,Male,30,4,Tier-2 Private,HR,HR Executive,1,Dehradun,4.4,3.7,1,6.1,5.87
EMP06442,Female,31,4,Tier-2 Private,Product,Associate Product Manager,2,Visakhapatnam,4.3,3.7,4,16.3,9.08
EMP06443,Female,24,2,State University,Legal,Senior Legal Counsel,1,Raipur,3.9,,22,11.3,5.73
EMP06444,Female,45,18,Other,Customer Support,Customer Success Manager,4,Mumbai,3.1,3.0,46,8.6,19.25
EMP06445,Male,27,4,"Top Private (ISB, XLRI, SP Jain)",Engineering,Software Engineer,1,Bangalore,4.4,3.1,10,10.7,9.99
EMP06446,Male,40,18,Central University,Product,Group Product Manager,4,Nagpur,3.5,4.3,1,13.1,31.63
EMP06447,Female,31,4,Other,Engineering,Staff Engineer,3,Kolkata,3.7,3.5,6,13.1,11.73
EMP06448,Male,26,3,"Top Private (ISB, XLRI, SP Jain)",Data Science,Data Analyst,1,Bangalore,2.0,3.8,3,14.6,6.62
EMP06449,Female,40,15,IIIT,Finance,Controller,3,Bangalore,3.8,3.9,10,12.8,19.93
EMP06450,Female,27,5,Distance Learning,Engineering,Lead Engineer,3,Chandigarh,3.5,3.7,38,13.1,11.41
EMP06451,Male,27,5,Central University,Customer Support,Support Team Lead,3,Hyderabad,3.4,4.6,12,8.6,12.59
EMP06452,Male,25,2,IIT,Operations,Operations Manager,1,Bangalore,3.0,3.4,4,6.0,8.59
EMP06453,Male,29,4,State University,Engineering,Software Engineer,2,Pune,2.3,4.0,8,14.9,7.77
EMP06454,Male,31,8,IIIT,Product,Group Product Manager,4,Dehradun,3.5,,43,13.1,21.02
EMP06455,Female,25,2,Tier-2 Private,Sales,Account Manager,1,Pune,1.8,2.9,11,17.3,4.19
EMP06456,Female,31,4,Diploma,Product,Product Manager,1,Ahmedabad,3.3,2.6,7,19.7,6.4
EMP06457,Male,27,4,IIT,Marketing,Marketing Manager,2,Raipur,3.0,3.5,41,19.6,12.27
EMP06458,Female,28,6,NIT,Data Science,Data Scientist,2,Chennai,4.5,3.3,10,12.7,13.18
EMP06459,Male,39,17,Central University,Legal,Company Secretary,5,Coimbatore,5.0,3.8,1,12.2,44.25
EMP06460,Female,31,4,Central University,Engineering,Software Engineer,1,Kochi,2.3,,13,14.9,5.66
EMP06461,Male,27,3,Diploma,Engineering,Software Engineer,1,Mumbai,4.1,4.0,4,13.1,9.81
EMP06462,Female,57,30,Central University,Product,Product Analyst,6,Dehradun,3.0,,31,17.3,50.0
EMP06463,Female,30,4,NIT,Finance,Senior Financial Analyst,2,Indore,3.1,4.2,2,14.2,9.39
EMP06464,Male,28,5,IIM,Finance,Finance Manager,2,Kochi,3.1,3.2,1,10.1,11.54
EMP06465,Male,30,4,Tier-2 Private,Operations,Operations Manager,2,Delhi,4.5,4.2,15,5.2,7.36
EMP06466,Female,28,4,"Top Private (ISB, XLRI, SP Jain)",Operations,Process Improvement Specialist,3,Kochi,3.4,3.3,20,9.2,9.87
EMP06467,Male,31,6,Central University,Engineering,Staff Engineer,2,Chennai,3.8,4.1,24,9.8,9.93
EMP06468,Female,36,11,Central University,Data Science,Senior Data Scientist,3,Delhi,2.2,3.5,37,9.4,17.32
EMP06469,Female,34,8,Central University,Finance,Senior Financial Analyst,3,Kolkata,2.6,2.1,23,10.9,11.62
EMP06470,Female,35,12,State University,Finance,Finance Manager,4,Delhi,3.1,,1,13.2,16.13
EMP06471,Male,34,12,Other,Sales,Senior Account Manager,4,Mumbai,3.5,3.7,1,33.9,27.06
EMP06472,Female,33,7,Diploma,Customer Support,Support Team Lead,2,Surat,4.0,,2,5.6,7.24
EMP06473,Female,34,7,Tier-2 Private,Product,Product Manager,3,Thiruvananthapuram,3.0,2.5,32,16.3,8.29
EMP06474,Male,38,13,Tier-2 Private,Operations,Logistics Manager,4,Pune,4.6,4.6,28,6.1,25.09
EMP06475,Male,24,2,BITS,Product,Product Manager,2,Chennai,3.3,,70,12.2,13.21
EMP06476,Male,52,30,Central University,Customer Support,Support Manager,5,Delhi,2.9,2.9,12,8.2,50.0
EMP06477,Female,29,4,Diploma,Operations,Operations Executive,1,Delhi,4.2,3.3,4,9.5,4.51
EMP06478,Male,31,4,BITS,Engineering,Staff Engineer,2,Mumbai,4.1,4.2,1,12.4,12.75
EMP06479,Male,27,2,State University,Engineering,Software Engineer,2,Lucknow,2.1,4.4,27,14.4,9.17
EMP06480,Male,25,2,Distance Learning,Marketing,Marketing Manager,1,Hyderabad,4.8,2.7,21,25.0,7.36
EMP06481,Female,36,11,Tier-2 Private,Marketing,Digital Marketing Manager,3,Thiruvananthapuram,3.1,2.8,5,23.9,7.42
EMP06482,Male,51,29,State University,Product,Director of Product,6,Vadodara,3.3,4.3,1,12.8,50.0
EMP06483,Female,28,4,IIT,Engineering,Senior Software Engineer,1,Bangalore,2.8,2.5,12,8.5,7.67
EMP06484,Female,34,7,Central University,Customer Support,Customer Success Manager,3,Indore,3.2,,11,8.4,11.32
EMP06485,Female,32,7,Distance Learning,Operations,Operations Executive,1,Mumbai,2.1,3.3,1,8.1,5.21
EMP06486,Female,34,12,Other,Customer Support,Support Manager,4,Lucknow,3.7,3.2,14,5.4,12.57
EMP06487,Male,51,28,Other,Product,Product Analyst,6,Pune,3.0,,34,16.4,50.0
EMP06488,Female,39,17,Other,HR,Learning & Development Manager,6,Coimbatore,3.2,4.0,59,6.2,31.09
EMP06489,Male,29,5,"Top Private (ISB, XLRI, SP Jain)",Operations,Operations Executive,2,Pune,4.3,,4,8.1,11.67
EMP06490,Female,31,8,Central University,Finance,Controller,4,Ranchi,3.9,2.9,7,12.3,13.48
EMP06491,Male,36,9,IIIT,Operations,Process Improvement Specialist,3,Chennai,3.5,3.9,16,9.5,14.91
EMP06492,Female,28,5,Diploma,HR,HR Executive,2,Hyderabad,5.0,,22,6.5,7.48
EMP06493,Female,24,2,Diploma,Legal,Legal Associate,1,Hyderabad,2.6,,7,11.0,5.68
EMP06494,Male,27,3,Diploma,Legal,Senior Legal Counsel,1,Delhi,3.5,3.5,7,8.3,9.08
EMP06495,Female,39,13,State University,Customer Support,Customer Success Manager,5,Jaipur,4.5,2.9,5,8.7,20.2
EMP06496,Male,40,14,State University,HR,HR Business Partner,4,Dehradun,4.7,3.2,26,11.3,22.38
EMP06497,Male,32,5,Tier-2 Private,Engineering,Senior Software Engineer,2,Chandigarh,2.3,,13,14.5,8.76
EMP06498,Male,31,7,Central University,Sales,Account Manager,2,Kochi,2.9,2.9,20,19.0,8.37
EMP06499,Male,38,13,Other,Marketing,Marketing Manager,3,Coimbatore,4.4,,6,20.2,18.24
EMP06500,Female,26,1,NIT,Operations,Operations Executive,1,Chennai,3.1,3.3,17,8.8,5.0
EMP06501,Female,26,4,Distance Learning,Operations,Supply Chain Analyst,3,Guwahati,3.5,3.7,1,7.0,7.61
EMP06502,Male,46,24,Central University,Engineering,DevOps Engineer,6,Patna,3.1,3.1,1,11.0,50.0
EMP06503,Male,33,7,"Top Private (ISB, XLRI, SP Jain)",Data Science,ML Engineer,3,Pune,3.5,3.0,25,10.2,17.52
EMP06504,Female,26,2,Distance Learning,Sales,Sales Executive,1,Bangalore,1.0,3.1,62,27.2,4.26
EMP06505,Female,32,6,Central University,HR,HR Business Partner,2,Coimbatore,3.2,2.7,33,5.1,7.85
EMP06506,Male,39,12,Central University,Product,Group Product Manager,4,Thiruvananthapuram,3.4,3.5,1,17.8,22.82
EMP06507,Female,24,1,State University,Legal,Senior Legal Counsel,1,Ahmedabad,3.1,1.7,10,14.6,5.61
EMP06508,Male,32,6,Diploma,Legal,Legal Associate,1,Pune,3.6,4.6,25,13.9,8.71
EMP06509,Female,27,4,State University,Product,Associate Product Manager,1,Bangalore,2.4,,6,18.5,5.94
EMP06510,Male,27,1,BITS,Finance,Financial Analyst,1,Delhi,3.7,2.3,5,17.7,6.39
EMP06511,Female,28,6,State University,Data Science,Senior Data Scientist,3,Ranchi,4.8,2.9,2,10.0,11.76
EMP06512,Male,28,5,Tier-2 Private,HR,HR Manager,2,Surat,4.5,,1,8.2,10.3
EMP06513,Male,29,5,Distance Learning,Sales,Account Manager,1,Vadodara,4.1,3.5,46,22.1,7.24
EMP06514,Female,28,4,State University,Product,Product Manager,2,Kolkata,3.7,2.4,28,15.4,9.83
EMP06515,Male,24,2,Central University,Engineering,Software Engineer,1,Mumbai,2.9,4.5,21,14.2,8.31
EMP06516,Male,29,2,Central University,Engineering,Senior Software Engineer,1,Vadodara,3.1,4.2,75,11.4,6.13
EMP06517,Female,25,3,State University,Product,Product Manager,1,Delhi,4.2,2.4,21,15.1,6.4
EMP06518,Female,38,11,Central University,Sales,Sales Manager,3,Pune,3.4,,17,33.2,12.63
EMP06519,Male,30,7,IIM,Finance,Financial Analyst,2,Patna,5.0,2.9,27,14.0,13.12
EMP06520,Male,31,5,IIM,Sales,Senior Account Manager,2,Nagpur,2.1,,25,15.4,13.82
EMP06521,Female,28,2,Tier-2 Private,Customer Support,Customer Support Executive,1,Chandigarh,3.3,2.6,32,9.1,5.58
EMP06522,Male,28,4,Tier-2 Private,Customer Support,Support Team Lead,1,Kolkata,3.1,4.1,3,7.1,8.49
EMP06523,Male,35,10,IIIT,Finance,FP&A Analyst,4,Bangalore,4.1,2.9,59,15.8,18.39
EMP06524,Male,30,8,Other,HR,HR Manager,2,Bhopal,4.3,,3,10.3,12.2
EMP06525,Male,31,4,BITS,Sales,Sales Executive,2,Delhi,2.5,2.6,4,21.6,10.57
EMP06526,Female,22,0,Tier-2 Private,Data Science,Data Analyst,2,Lucknow,2.4,3.8,13,14.4,7.55
EMP06527,Male,28,3,Distance Learning,Operations,Operations Executive,1,Jaipur,2.9,3.4,7,8.5,4.9
EMP06528,Male,26,4,Other,Data Science,Data Analyst,2,Kochi,3.9,3.9,1,9.2,9.26
EMP06529,Male,29,3,Diploma,HR,HR Executive,1,Guwahati,3.8,2.7,3,5.6,6.6
EMP06530,Male,28,4,Other,Finance,Financial Analyst,1,Bangalore,2.2,5.0,16,11.5,6.17
EMP06531,Male,34,10,State University,Finance,Finance Manager,3,Mumbai,3.7,4.9,9,14.7,21.47
EMP06532,Female,27,5,Other,Finance,Financial Analyst,1,Jaipur,3.6,1.5,58,11.2,5.91
EMP06533,Female,35,12,Central University,Marketing,Content Strategist,4,Hyderabad,3.5,4.2,9,17.8,17.68
EMP06534,Male,26,2,Central University,Marketing,Marketing Executive,1,Raipur,4.0,,8,14.6,5.66
EMP06535,Male,30,4,Central University,Product,Product Manager,2,Chennai,3.7,3.9,34,10.2,9.88
EMP06536,Male,26,1,"Top Private (ISB, XLRI, SP Jain)",Product,Associate Product Manager,1,Coimbatore,3.6,3.9,23,14.0,6.42
EMP06537,Male,27,4,Tier-2 Private,Marketing,Marketing Manager,1,Delhi,4.4,4.2,1,15.1,8.19
EMP06538,Female,27,2,BITS,Customer Support,Customer Support Executive,1,Lucknow,4.7,2.9,19,7.2,6.05
EMP06539,Male,37,14,State University,Operations,Logistics Manager,5,Mumbai,3.2,,57,7.7,25.45
EMP06540,Female,33,8,Tier-2 Private,Engineering,Software Engineer,2,Delhi,3.4,2.8,40,10.9,10.91
EMP06541,Female,37,12,Tier-2 Private,Engineering,Senior Software Engineer,3,Raipur,4.0,2.7,22,10.4,10.66
EMP06542,Male,27,4,State University,Sales,Sales Executive,1,Indore,3.3,3.6,48,22.4,5.64
EMP06543,Female,25,2,State University,HR,HR Executive,1,Kochi,4.1,3.3,9,5.8,6.03
EMP06544,Male,27,2,Diploma,HR,HR Executive,1,Mysore,3.6,3.2,13,9.2,5.29
EMP06545,Male,32,7,IIT,Finance,Financial Analyst,2,Mumbai,4.1,3.1,73,11.7,13.25
EMP06546,Female,48,21,NIT,HR,Compensation Analyst,6,Bangalore,4.0,3.8,27,7.8,38.13
EMP06547,Male,32,8,Tier-2 Private,HR,HR Manager,3,Patna,3.4,,20,9.8,12.21
EMP06548,Male,28,4,Tier-2 Private,Operations,Operations Manager,3,Pune,4.2,4.1,7,8.2,15.58
EMP06549,Female,29,5,IIIT,Customer Support,Customer Success Manager,2,Ranchi,4.1,3.3,53,9.9,6.29
EMP06550,Male,32,5,Central University,Customer Support,Customer Success Manager,2,Visakhapatnam,5.0,3.2,10,8.7,7.62
EMP06551,Female,47,24,IIM,Legal,Company Secretary,6,Delhi,2.0,2.6,27,9.3,40.71
EMP06552,Male,38,14,IIIT,Operations,Logistics Manager,4,Chandigarh,4.0,4.6,39,5.1,24.3
EMP06553,Female,31,7,State University,Operations,Supply Chain Analyst,3,Ahmedabad,4.3,2.1,31,5.2,8.07
EMP06554,Male,31,6,IIM,Product,Product Manager,2,Chennai,5.0,3.9,1,10.1,13.18
EMP06555,Male,33,7,Diploma,Legal,Senior Legal Counsel,2,Patna,3.1,3.5,8,13.4,7.09
EMP06556,Male,32,8,Distance Learning,Product,Senior Product Manager,3,Bangalore,3.6,3.4,42,15.2,15.81
EMP06557,Female,27,4,Central University,Data Science,Data Analyst,2,Kolkata,3.1,2.4,6,11.4,8.79
EMP06558,Male,29,3,Other,Legal,Legal Associate,2,Visakhapatnam,4.9,3.1,72,12.2,8.2
EMP06559,Female,35,12,"Top Private (ISB, XLRI, SP Jain)",Marketing,Digital Marketing Manager,4,Mumbai,2.9,4.9,9,14.4,16.72
EMP06560,Male,33,6,Central University,Marketing,Brand Manager,3,Bangalore,3.1,,4,15.2,13.71
EMP06561,Male,36,11,Tier-2 Private,Operations,Supply Chain Analyst,3,Indore,2.3,4.3,3,9.8,15.15
EMP06562,Male,43,19,Distance Learning,Sales,Key Account Manager,6,Jaipur,1.3,4.1,1,17.7,37.58
EMP06563,Male,31,8,Central University,Engineering,Senior Software Engineer,3,Mumbai,3.5,3.8,2,8.6,16.37
EMP06564,Female,33,7,Tier-2 Private,Finance,Senior Financial Analyst,2,Dehradun,3.4,4.3,3,16.9,7.47
EMP06565,Male,55,30,IIIT,Sales,Key Account Manager,6,Hyderabad,3.3,3.8,65,33.7,50.0
EMP06566,Female,33,6,NIT,Sales,Sales Executive,1,Bangalore,4.0,5.0,5,15.6,8.35
EMP06567,Male,28,2,Distance Learning,Operations,Operations Executive,1,Pune,4.1,4.5,10,8.8,6.36
EMP06568,Male,30,4,Central University,Marketing,Marketing Manager,3,Thiruvananthapuram,3.0,3.9,31,17.4,9.74
EMP06569,Female,39,17,Tier-2 Private,Finance,Accounts Manager,5,Bangalore,3.6,3.8,14,11.7,29.67
EMP06570,Female,24,2,State University,Marketing,Marketing Manager,1,Ahmedabad,3.4,3.3,4,12.7,5.42
EMP06571,Female,28,3,Central University,Data Science,Data Scientist,1,Kolkata,3.5,4.5,7,10.3,5.91
EMP06572,Male,35,13,Central University,Customer Support,Support Manager,4,Vadodara,4.7,3.2,16,8.8,19.07
EMP06573,Female,32,5,Tier-2 Private,Data Science,Senior Data Scientist,2,Guwahati,3.8,3.8,3,13.8,7.46
EMP06574,Female,32,5,"Top Private (ISB, XLRI, SP Jain)",Marketing,Marketing Manager,3,Pune,4.3,3.4,51,20.8,8.54
EMP06575,Male,37,12,IIT,Sales,Senior Account Manager,4,Chennai,3.3,3.1,20,18.9,30.31
EMP06576,Female,29,3,State University,Product,Product Manager,1,Delhi,2.6,3.6,2,13.9,5.67
EMP06577,Male,26,2,Diploma,Customer Support,Support Team Lead,1,Ranchi,4.4,1.7,65,5.7,4.87
EMP06578,Female,29,2,Diploma,HR,HR Executive,1,Lucknow,4.1,3.9,20,5.3,5.08
EMP06579,Female,31,9,BITS,Data Science,Senior Data Scientist,3,Vadodara,3.1,4.4,96,9.2,11.65
EMP06580,Female,30,7,Tier-2 Private,Engineering,Software Engineer,2,Chandigarh,3.4,,7,11.3,10.24
EMP06581,Female,29,3,Central University,Finance,Senior Financial Analyst,1,Patna,3.9,3.1,96,13.2,6.03
EMP06582,Female,28,2,Tier-2 Private,Product,Associate Product Manager,1,Thiruvananthapuram,3.8,3.2,10,13.2,5.16
EMP06583,Female,28,5,IIM,Engineering,Staff Engineer,2,Mumbai,3.4,4.0,6,10.6,11.6
EMP06584,Male,39,13,BITS,Operations,Logistics Manager,4,Mumbai,2.6,4.7,17,7.0,23.14
EMP06585,Male,27,3,Tier-2 Private,HR,HR Executive,1,Kolkata,5.0,4.5,28,11.5,6.6
EMP06586,Male,30,3,Distance Learning,Engineering,Senior Software Engineer,1,Kochi,3.5,4.4,21,11.3,7.63
EMP06587,Male,25,2,Central University,Legal,Senior Legal Counsel,1,Lucknow,4.4,3.9,12,10.6,6.78
EMP06588,Female,30,4,IIT,Marketing,Marketing Manager,2,Vadodara,1.5,1.9,3,12.3,5.68
EMP06589,Female,30,7,Distance Learning,HR,HR Business Partner,2,Dehradun,2.5,3.2,33,11.7,7.1
EMP06590,Male,48,26,NIT,HR,Learning & Development Manager,6,Kolkata,4.4,4.3,38,6.0,50.0
EMP06591,Male,33,7,Central University,Legal,Senior Legal Counsel,2,Guwahati,3.4,4.2,10,9.1,9.14
EMP06592,Female,31,5,Central University,Product,Product Manager,2,Raipur,4.3,3.2,20,18.7,7.87
EMP06593,Male,34,11,State University,Engineering,Engineering Manager,4,Delhi,3.0,2.3,13,11.0,21.29
EMP06594,Female,34,9,Distance Learning,Product,Product Manager,3,Dehradun,3.4,3.9,1,12.9,13.98
EMP06595,Female,31,4,State University,Operations,Operations Manager,2,Chennai,2.9,2.7,8,6.4,6.38
EMP06596,Male,54,30,Tier-2 Private,Operations,Logistics Manager,6,Indore,4.3,3.0,12,6.3,50.0
EMP06597,Male,30,5,Diploma,Finance,Financial Analyst,2,Patna,3.2,4.3,1,12.4,6.9
EMP06598,Male,30,7,Distance Learning,Customer Support,Customer Success Manager,2,Pune,4.2,3.7,1,6.5,9.67
EMP06599,Male,33,8,BITS,Operations,Supply Chain Analyst,3,Chandigarh,4.7,,3,7.5,17.03
EMP06600,Male,34,7,NIT,Finance,Senior Financial Analyst,3,Nagpur,3.3,2.6,53,12.3,10.07
EMP06601,Male,42,17,State University,Customer Support,Support Manager,4,Kochi,3.4,3.5,1,6.4,22.22
EMP06602,Male,26,4,State University,Product,Associate Product Manager,1,Ahmedabad,3.1,2.4,17,12.8,6.02
EMP06603,Male,36,10,IIM,Engineering,Software Engineer,2,Chennai,5.0,,15,10.5,15.27
EMP06604,Male,30,6,"Top Private (ISB, XLRI, SP Jain)",Customer Support,Customer Support Executive,2,Mumbai,3.4,4.2,1,8.4,13.64
EMP06605,Female,34,12,Tier-2 Private,Marketing,Digital Marketing Manager,5,Chennai,3.3,2.6,18,24.2,22.8
EMP06606,Male,30,5,Central University,Legal,Senior Legal Counsel,2,Bangalore,2.6,,27,14.4,10.17
EMP06607,Female,27,4,Central University,Legal,Legal Manager,3,Hyderabad,3.1,3.7,3,11.8,11.41
EMP06608,Male,37,10,Other,Customer Support,Customer Success Manager,3,Lucknow,3.1,2.9,2,6.5,13.43
EMP06609,Male,34,7,"Top Private (ISB, XLRI, SP Jain)",Sales,Account Manager,2,Mumbai,4.4,2.4,3,26.1,13.81
EMP06610,Male,29,3,Central University,Engineering,Senior Software Engineer,1,Nagpur,3.3,3.6,22,11.1,7.81
EMP06611,Female,40,15,Central University,HR,HR Business Partner,3,Ranchi,3.2,3.8,4,9.9,12.24
EMP06612,Male,33,10,State University,Customer Support,Support Manager,4,Pune,4.1,2.9,2,7.0,16.86
EMP06613,Male,27,5,IIT,Sales,Sales Manager,3,Chennai,3.5,4.5,13,27.5,14.93
EMP06614,Male,26,4,Tier-2 Private,Legal,Senior Legal Counsel,3,Hyderabad,2.6,3.9,32,12.8,9.69
EMP06615,Female,31,7,Other,Sales,Sales Manager,3,Kochi,4.7,4.2,1,31.1,10.92
EMP06616,Male,32,9,Central University,Product,Group Product Manager,4,Hyderabad,3.1,2.9,18,16.6,23.85
EMP06617,Male,28,1,Tier-2 Private,Sales,Sales Executive,1,Bangalore,3.7,2.9,26,31.6,6.03
EMP06618,Female,30,7,State University,Operations,Operations Executive,1,Thiruvananthapuram,3.9,2.8,30,8.6,5.61
EMP06619,Male,32,9,Tier-2 Private,HR,HR Manager,3,Ahmedabad,1.7,,21,10.8,9.6
EMP06620,Male,27,1,Central University,Data Science,Data Analyst,1,Mumbai,3.2,3.7,2,10.9,7.66
EMP06621,Female,33,6,Distance Learning,Data Science,Data Scientist,2,Indore,3.0,3.2,3,13.5,11.89
EMP06622,Male,33,9,IIM,Marketing,Content Strategist,4,Bangalore,2.5,4.6,15,23.8,22.03
EMP06623,Male,31,9,NIT,Product,Director of Product,4,Guwahati,3.4,2.7,19,10.8,20.7
EMP06624,Male,32,10,BITS,Operations,Process Improvement Specialist,4,Bhopal,3.6,,10,8.0,16.64
EMP06625,Male,29,4,Diploma,Finance,Finance Manager,3,Mumbai,3.9,3.5,8,10.7,13.39
EMP06626,Female,29,2,Central University,Data Science,Data Analyst,1,Patna,3.6,4.4,28,11.8,5.14
EMP06627,Female,25,1,BITS,Engineering,Software Engineer,1,Guwahati,3.5,4.0,27,8.6,5.66
EMP06628,Female,34,12,Distance Learning,Customer Support,Customer Success Manager,4,Chennai,4.8,3.0,23,8.3,12.8
EMP06629,Male,33,9,Tier-2 Private,Data Science,ML Engineer,3,Mysore,3.2,4.8,36,10.4,17.64
EMP06630,Female,35,13,Tier-2 Private,Customer Support,Support Manager,4,Hyderabad,2.2,3.4,6,5.6,16.11
EMP06631,Female,27,3,Tier-2 Private,HR,HR Manager,1,Bangalore,2.8,3.7,12,10.3,6.04
EMP06632,Male,34,10,"Top Private (ISB, XLRI, SP Jain)",Legal,Compliance Officer,3,Mysore,4.4,3.9,4,10.5,15.37
EMP06633,Female,28,2,State University,Customer Support,Support Team Lead,1,Bangalore,3.3,4.5,3,7.1,5.66
EMP06634,Male,25,3,Tier-2 Private,Data Science,Data Scientist,1,Surat,2.8,,12,10.8,7.9
EMP06635,Female,30,6,Tier-2 Private,HR,HR Executive,2,Pune,4.1,,25,7.8,7.63
EMP06636,Male,32,9,State University,Operations,Operations Manager,3,Indore,4.7,5.0,19,6.8,16.94
EMP06637,Male,43,19,Diploma,Operations,Logistics Manager,4,Lucknow,3.4,2.7,21,9.7,24.42
EMP06638,Female,32,5,Central University,Legal,Legal Associate,1,Ranchi,4.0,,3,12.5,6.95
EMP06639,Female,29,3,State University,Data Science,Data Analyst,1,Bangalore,4.7,3.5,2,10.0,6.35
EMP06640,Male,30,3,Tier-2 Private,Data Science,Data Scientist,2,Chennai,5.0,4.5,19,13.5,11.06
EMP06641,Male,25,3,Tier-2 Private,Legal,Legal Associate,1,Guwahati,4.0,3.8,29,8.3,7.92
EMP06642,Female,54,28,NIT,Operations,Process Improvement Specialist,6,Bangalore,3.5,3.2,15,6.8,50.0
EMP06643,Male,37,10,NIT,Customer Support,Support Manager,3,Nagpur,3.5,3.6,15,6.8,15.65
EMP06644,Male,39,13,IIT,Product,Director of Product,5,Mumbai,1.8,3.3,15,14.1,35.08
EMP06645,Female,31,5,"Top Private (ISB, XLRI, SP Jain)",Engineering,Lead Engineer,3,Jaipur,2.5,3.0,46,11.8,10.21
EMP06646,Male,28,6,Tier-2 Private,Operations,Process Improvement Specialist,3,Kolkata,3.9,2.6,25,5.8,9.94
EMP06647,Male,35,9,Central University,Sales,Sales Executive,2,Dehradun,5.0,5.0,10,31.5,13.4
EMP06648,Male,31,4,Tier-2 Private,Operations,Process Improvement Specialist,3,Nagpur,3.1,3.7,8,8.1,9.64
EMP06649,Female,27,4,Distance Learning,Engineering,Software Engineer,1,Chandigarh,3.3,2.6,1,14.5,4.67
EMP06650,Male,27,3,Tier-2 Private,Legal,Legal Associate,1,Hyderabad,3.8,,49,12.5,10.31
EMP06651,Female,28,4,Diploma,Product,Product Manager,2,Mumbai,4.8,1.7,7,12.5,9.33
EMP06652,Female,28,6,Central University,Marketing,Marketing Executive,2,Mumbai,2.8,2.4,1,13.9,6.43
EMP06653,Female,25,3,State University,Engineering,Senior Software Engineer,1,Kolkata,3.2,3.5,19,11.1,4.58
EMP06654,Male,30,7,NIT,Sales,Sales Executive,2,Bangalore,3.5,3.6,7,18.3,11.67
EMP06655,Male,29,7,IIT,Legal,Legal Manager,3,Coimbatore,3.6,4.0,18,14.7,19.83
EMP06656,Male,30,5,Diploma,Data Science,Data Analyst,1,Thiruvananthapuram,3.7,3.0,13,14.3,6.65
EMP06657,Female,25,3,"Top Private (ISB, XLRI, SP Jain)",Engineering,Software Engineer,2,Coimbatore,3.8,3.0,33,8.8,7.41
EMP06658,Female,28,6,IIM,Operations,Operations Executive,2,Bangalore,4.0,3.2,12,9.6,8.09
EMP06659,Female,29,4,Central University,HR,HR Executive,2,Raipur,3.8,2.7,13,9.5,6.56
EMP06660,Male,29,6,Tier-2 Private,Legal,Legal Associate,2,Delhi,3.5,2.8,24,9.3,10.57
EMP06661,Male,37,13,Central University,Product,Group Product Manager,3,Pune,2.4,4.7,12,16.1,17.3
EMP06662,Female,26,2,Distance Learning,Sales,Sales Executive,1,Hyderabad,2.5,2.6,6,19.5,4.02
EMP06663,Male,51,27,Distance Learning,Legal,Company Secretary,5,Kochi,2.9,3.4,2,8.7,48.77
EMP06664,Female,29,5,Central University,Legal,Legal Associate,2,Kolkata,4.4,2.6,12,9.7,9.38
EMP06665,Male,30,8,Central University,Engineering,Software Engineer,2,Mumbai,4.7,3.2,56,10.5,12.58
EMP06666,Female,25,3,Tier-2 Private,Operations,Operations Executive,1,Bangalore,2.5,2.3,8,9.1,5.44
EMP06667,Female,37,13,Other,Finance,FP&A Analyst,4,Surat,4.3,2.4,36,11.6,15.03
EMP06668,Male,30,5,Diploma,HR,HR Business Partner,2,Guwahati,2.3,3.3,51,11.4,10.03
EMP06669,Male,30,4,Tier-2 Private,Operations,Operations Manager,2,Visakhapatnam,4.0,3.4,9,5.2,10.6
EMP06670,Female,27,4,Diploma,Customer Support,Customer Success Manager,3,Dehradun,3.2,3.5,1,6.2,7.62
EMP06671,Male,27,5,Other,Marketing,Marketing Executive,1,Bangalore,1.8,5.0,3,24.0,7.64
EMP06672,Male,33,8,Tier-2 Private,Finance,Controller,3,Lucknow,2.7,3.8,16,15.4,13.45
EMP06673,Male,33,6,Tier-2 Private,Data Science,Data Scientist,2,Dehradun,3.1,3.2,19,13.5,9.93
EMP06674,Male,28,5,IIIT,Sales,Sales Manager,3,Nagpur,3.9,1.9,53,32.5,11.95
EMP06675,Female,25,3,Other,Finance,Finance Manager,2,Chandigarh,3.5,2.4,26,11.3,5.01
EMP06676,Male,27,3,Tier-2 Private,Operations,Operations Executive,1,Mumbai,3.4,4.8,17,9.5,9.45
EMP06677,Male,29,4,"Top Private (ISB, XLRI, SP Jain)",Product,Associate Product Manager,2,Raipur,3.3,4.1,3,18.5,8.36
EMP06678,Female,33,8,Tier-2 Private,Legal,Legal Manager,3,Pune,4.3,,15,12.8,14.7
EMP06679,Male,31,9,IIIT,Operations,Process Improvement Specialist,3,Jaipur,2.7,4.0,24,10.0,12.01
EMP06680,Male,35,10,Tier-2 Private,Marketing,Digital Marketing Manager,3,Mysore,4.0,2.8,27,24.5,12.86
EMP06681,Female,30,6,"Top Private (ISB, XLRI, SP Jain)",Customer Support,Support Team Lead,1,Coimbatore,5.0,,34,6.7,6.77
EMP06682,Female,29,7,Central University,Marketing,Marketing Executive,2,Bhopal,4.0,3.1,11,22.9,7.63
EMP06683,Female,32,5,Tier-2 Private,HR,HR Executive,2,Ranchi,3.9,4.1,5,6.1,5.68
EMP06684,Female,26,1,Central University,Engineering,Software Engineer,1,Vadodara,3.0,3.2,9,10.8,5.41
EMP06685,Male,28,5,Tier-2 Private,Operations,Operations Executive,2,Pune,5.0,3.0,1,8.8,9.66
EMP06686,Male,30,4,Central University,Customer Support,Support Team Lead,3,Bangalore,2.9,3.8,53,8.0,11.85
EMP06687,Female,28,2,Other,HR,HR Executive,1,Bhopal,3.5,3.0,17,8.6,5.75
EMP06688,Female,27,4,Tier-2 Private,Finance,Finance Manager,2,Pune,1.8,3.7,13,11.0,7.04
EMP06689,Male,33,6,State University,Operations,Operations Manager,2,Coimbatore,3.0,3.6,15,7.2,9.42
EMP06690,Male,27,2,State University,HR,HR Executive,1,Kochi,4.1,4.3,1,5.2,5.9
EMP06691,Male,26,3,IIT,Product,Product Manager,1,Ranchi,3.4,2.9,7,14.1,7.84
EMP06692,Male,41,17,IIIT,Data Science,Senior Data Scientist,4,Pune,4.4,4.7,40,10.1,30.75
EMP06693,Female,24,1,IIT,Legal,Legal Associate,1,Vadodara,3.7,3.6,12,13.2,5.46
EMP06694,Female,32,5,Tier-2 Private,Operations,Supply Chain Analyst,2,Mumbai,3.9,3.3,15,9.5,8.06
EMP06695,Male,25,2,State University,Legal,Legal Associate,1,Pune,4.3,4.3,20,14.6,6.76
EMP06696,Male,27,3,Central University,Finance,Financial Analyst,1,Kochi,2.3,4.1,43,14.3,5.95
EMP06697,Male,27,5,State University,Customer Support,Support Team Lead,2,Coimbatore,4.2,4.1,5,8.6,10.14
EMP06698,Male,30,3,Other,HR,HR Manager,1,Hyderabad,3.2,3.9,43,7.2,6.81
EMP06699,Female,32,9,Diploma,Legal,Compliance Officer,4,Mumbai,3.1,3.8,26,11.4,14.15
EMP06700,Male,40,15,State University,Sales,Key Account Manager,4,Guwahati,2.7,3.4,11,27.9,24.41
EMP06701,Male,34,10,IIM,Customer Support,Customer Success Manager,2,Nagpur,3.9,4.0,8,5.3,11.31
EMP06702,Female,37,12,State University,Operations,Process Improvement Specialist,3,Nagpur,3.6,2.9,38,5.6,9.77
EMP06703,Female,27,2,Other,Sales,Sales Executive,1,Hyderabad,4.2,,1,23.1,5.69
EMP06704,Male,28,5,IIT,Engineering,Software Engineer,2,Kochi,2.3,3.2,34,11.8,14.71
EMP06705,Male,32,8,BITS,HR,HR Executive,2,Delhi,4.4,2.4,4,5.8,13.27
EMP06706,Male,36,11,Central University,Legal,Legal Manager,3,Delhi,3.9,2.7,5,10.1,16.88
EMP06707,Male,43,20,State University,Legal,Company Secretary,6,Patna,2.8,3.4,19,12.2,42.57
EMP06708,Male,34,12,State University,HR,Talent Acquisition Specialist,5,Hyderabad,4.3,2.5,27,7.8,25.06
EMP06709,Female,34,11,Tier-2 Private,Customer Support,Customer Success Manager,4,Indore,3.8,3.0,1,9.9,16.2
EMP06710,Male,54,30,Central University,Product,Director of Product,6,Surat,2.5,,40,11.5,50.0
EMP06711,Male,29,6,State University,Sales,Senior Account Manager,2,Chandigarh,3.6,,8,22.7,9.45
EMP06712,Female,27,4,BITS,Finance,Finance Manager,2,Mumbai,1.5,3.0,7,12.8,8.94
EMP06713,Male,32,6,Diploma,Product,Senior Product Manager,2,Kolkata,4.1,3.5,41,13.3,11.73
EMP06714,Female,29,3,State University,Legal,Legal Associate,1,Visakhapatnam,3.0,,10,13.8,5.5
EMP06715,Female,33,6,Distance Learning,Legal,Legal Manager,2,Coimbatore,2.2,3.4,1,9.1,6.23
EMP06716,Female,27,1,State University,Customer Support,Support Team Lead,1,Vadodara,1.6,3.8,41,7.4,3.5
EMP06717,Female,28,4,Distance Learning,Marketing,Marketing Executive,2,Visakhapatnam,3.7,4.0,3,15.9,7.0
EMP06718,Female,32,5,IIIT,Legal,Senior Legal Counsel,2,Mysore,3.4,3.0,1,9.5,7.55
EMP06719,Female,38,11,BITS,Sales,Senior Account Manager,4,Hyderabad,3.2,,34,17.2,16.87
EMP06720,Male,36,13,Distance Learning,Legal,Company Secretary,5,Indore,3.7,3.8,32,11.4,22.09
EMP06721,Male,26,3,Central University,Finance,Senior Financial Analyst,2,Hyderabad,3.5,4.3,27,16.0,10.3
EMP06722,Male,52,25,IIIT,Marketing,Growth Manager,6,Guwahati,4.1,3.4,14,13.4,50.0
EMP06723,Male,33,6,BITS,Sales,Account Manager,1,Lucknow,3.5,,32,16.2,10.21
EMP06724,Male,34,7,Tier-2 Private,Marketing,Marketing Executive,2,Bangalore,3.1,,19,20.6,8.5
EMP06725,Male,25,1,State University,Customer Support,Customer Support Executive,1,Kolkata,3.1,3.8,23,5.0,5.38
EMP06726,Male,30,3,Other,Legal,Legal Manager,2,Ranchi,3.7,3.6,15,10.1,7.42
EMP06727,Male,38,12,Central University,Engineering,Staff Engineer,3,Indore,3.9,2.7,42,8.2,12.98
EMP06728,Male,32,6,IIIT,Finance,Senior Financial Analyst,2,Coimbatore,3.0,,6,16.9,11.77
EMP06729,Female,31,6,Tier-2 Private,HR,HR Manager,3,Guwahati,3.1,,8,6.0,7.66
EMP06730,Male,30,7,Tier-2 Private,Sales,Sales Executive,1,Mumbai,3.7,2.7,12,22.4,8.14
EMP06731,Female,28,2,State University,HR,HR Manager,1,Kochi,3.8,,48,8.6,4.92
EMP06732,Male,32,5,Central University,Operations,Operations Manager,2,Bangalore,2.8,4.2,1,9.3,8.14
EMP06733,Female,43,16,State University,HR,Talent Acquisition Specialist,5,Hyderabad,2.5,4.4,7,5.5,22.62
EMP06734,Female,37,12,Central University,Data Science,ML Engineer,4,Jaipur,3.5,2.7,1,12.7,18.96
EMP06735,Male,27,5,IIIT,Finance,Financial Analyst,2,Bangalore,3.9,3.9,18,16.0,9.23
EMP06736,Female,44,18,State University,Finance,Finance Manager,4,Pune,3.7,3.0,9,17.9,19.95
EMP06737,Male,25,2,Central University,Finance,Senior Financial Analyst,1,Kolkata,2.4,2.0,29,11.5,6.76
EMP06738,Female,26,3,Tier-2 Private,Product,Product Manager,1,Nagpur,3.8,3.8,1,17.1,7.56
EMP06739,Female,44,22,IIM,Customer Support,Support Manager,6,Surat,4.2,2.6,12,9.7,42.87
EMP06740,Male,31,9,"Top Private (ISB, XLRI, SP Jain)",Data Science,Lead Data Scientist,4,Nagpur,3.2,4.1,71,12.7,21.35
EMP06741,Female,28,4,Tier-2 Private,Finance,Financial Analyst,1,Coimbatore,3.0,3.7,2,10.6,7.04
EMP06742,Male,28,5,Tier-2 Private,Marketing,Marketing Manager,2,Mumbai,4.4,3.3,4,14.9,9.39
EMP06743,Male,27,3,IIIT,Operations,Operations Executive,1,Chennai,4.4,3.9,8,7.7,9.42
EMP06744,Male,32,7,Central University,Data Science,Data Analyst,2,Patna,2.8,4.2,51,9.2,11.36
EMP06745,Male,31,6,Diploma,Sales,Sales Executive,2,Bangalore,3.7,2.4,57,29.8,11.39
EMP06746,Male,30,6,Distance Learning,Engineering,Software Engineer,2,Visakhapatnam,2.6,3.8,2,10.8,13.27
EMP06747,Female,26,2,Central University,Engineering,Staff Engineer,2,Kolkata,3.8,3.6,1,14.7,7.1
EMP06748,Male,34,7,State University,Product,Product Manager,2,Indore,3.1,3.4,9,16.6,10.29
EMP06749,Male,27,4,BITS,Product,Senior Product Manager,2,Coimbatore,2.7,4.7,27,16.4,10.22
EMP06750,Female,25,3,State University,Operations,Operations Executive,1,Delhi,2.4,3.5,7,9.2,6.07
EMP06751,Male,40,14,Tier-2 Private,Legal,Compliance Officer,4,Coimbatore,4.5,5.0,3,11.2,21.03
EMP06752,Male,49,27,Distance Learning,Legal,Compliance Officer,5,Chennai,3.1,4.6,12,11.3,50.0
EMP06753,Female,49,23,State University,Data Science,Lead Data Scientist,5,Hyderabad,5.0,4.6,2,11.4,32.6
EMP06754,Female,32,9,IIM,Marketing,Brand Manager,3,Pune,4.6,3.8,8,23.0,15.6
EMP06755,Male,32,5,Distance Learning,Data Science,Data Analyst,2,Raipur,4.5,4.4,1,9.9,9.1
EMP06756,Male,28,5,Central University,Operations,Operations Manager,2,Chennai,1.9,3.4,3,9.6,8.44
EMP06757,Female,30,8,BITS,Product,Product Manager,3,Mysore,3.4,4.8,7,12.5,11.06
EMP06758,Female,28,4,Central University,Operations,Operations Executive,2,Bangalore,1.8,2.5,13,7.8,6.47
EMP06759,Male,39,15,Central University,Sales,Sales Manager,3,Delhi,3.9,,20,21.8,22.09
EMP06760,Male,27,1,State University,Operations,Operations Manager,1,Vadodara,3.5,3.5,6,8.9,6.73
EMP06761,Male,29,4,"Top Private (ISB, XLRI, SP Jain)",Engineering,Software Engineer,2,Bangalore,4.7,2.7,1,14.9,10.07
EMP06762,Female,37,10,Tier-2 Private,Customer Support,Customer Support Executive,2,Mumbai,2.7,3.7,10,7.6,8.91
EMP06763,Female,29,3,Other,Marketing,Marketing Executive,1,Thiruvananthapuram,3.9,3.3,14,18.7,5.05
EMP06764,Female,28,5,Tier-2 Private,Operations,Supply Chain Analyst,3,Kolkata,3.5,3.8,10,7.6,9.08
EMP06765,Male,31,9,NIT,Operations,Process Improvement Specialist,3,Ahmedabad,3.5,5.0,36,7.1,15.37
EMP06766,Female,40,17,Tier-2 Private,HR,Learning & Development Manager,6,Pune,4.1,2.5,5,10.1,30.73
EMP06767,Female,29,2,State University,Customer Support,Customer Support Executive,2,Guwahati,3.9,4.4,5,8.8,7.23
EMP06768,Male,28,2,Distance Learning,Legal,Legal Associate,1,Nagpur,4.2,4.1,2,12.4,7.84
EMP06769,Female,29,3,Distance Learning,Operations,Operations Executive,2,Mumbai,3.9,,14,5.3,7.52
EMP06770,Male,25,2,Distance Learning,Operations,Operations Manager,1,Delhi,3.8,2.4,1,6.4,8.72
EMP06771,Male,26,2,Other,Finance,Financial Analyst,1,Pune,2.9,4.0,72,14.5,6.81
EMP06772,Female,29,3,Distance Learning,Marketing,Brand Manager,2,Delhi,3.3,4.1,31,13.3,7.85
EMP06773,Male,41,14,Central University,Engineering,Staff Engineer,4,Raipur,2.7,5.0,3,12.2,20.68
EMP06774,Female,29,4,State University,Sales,Senior Account Manager,2,Hyderabad,3.3,2.2,9,17.5,7.09
EMP06775,Male,28,6,"Top Private (ISB, XLRI, SP Jain)",Data Science,Data Analyst,2,Bangalore,3.9,3.4,2,14.3,12.49
EMP06776,Male,30,3,Central University,Product,Product Manager,2,Chandigarh,2.4,5.0,8,19.8,9.28
EMP06777,Male,36,9,IIIT,HR,HR Manager,2,Hyderabad,4.1,2.2,42,6.9,13.86
EMP06778,Male,44,22,Central University,Operations,Logistics Manager,6,Delhi,3.3,,21,7.8,50.0
EMP06779,Male,27,3,IIM,Engineering,Senior Software Engineer,2,Bangalore,3.4,3.8,5,12.9,12.49
EMP06780,Female,47,20,Tier-2 Private,Sales,Business Development Manager,6,Pune,3.5,2.9,24,23.3,33.73
EMP06781,Male,34,7,Central University,Data Science,Data Scientist,2,Bhopal,3.6,3.4,30,10.5,9.21
EMP06782,Male,33,6,BITS,Operations,Operations Executive,2,Mumbai,1.5,5.0,1,9.1,10.02
EMP06783,Female,35,8,Tier-2 Private,Sales,Senior Account Manager,2,Bangalore,3.4,4.0,11,26.9,8.34
EMP06784,Male,29,7,NIT,Data Science,Data Scientist,2,Bhopal,2.9,3.5,1,9.0,12.73
EMP06785,Female,44,22,Other,Finance,Accounts Manager,6,Chandigarh,3.3,2.8,9,17.5,37.63
EMP06786,Male,32,8,BITS,HR,Talent Acquisition Specialist,3,Pune,4.1,4.3,5,9.7,15.55
EMP06787,Male,33,8,Tier-2 Private,HR,Talent Acquisition Specialist,4,Kochi,3.1,3.4,8,11.6,16.16
EMP06788,Female,28,4,Central University,Legal,Legal Manager,2,Jaipur,2.9,2.7,7,9.7,6.74
EMP06789,Female,33,10,State University,Customer Support,Customer Support Executive,2,Mumbai,3.7,3.2,15,7.1,7.83
EMP06790,Female,26,3,Central University,Marketing,Marketing Executive,1,Guwahati,2.6,3.6,10,17.5,4.57
EMP06791,Male,31,6,Distance Learning,HR,HR Executive,1,Surat,4.5,3.5,20,5.7,7.23
EMP06792,Male,57,30,Other,Customer Support,Customer Success Manager,6,Hyderabad,5.0,4.9,25,6.0,50.0
EMP06793,Female,27,1,Other,Operations,Operations Executive,1,Delhi,2.4,3.9,20,9.3,3.78
EMP06794,Female,30,7,State University,Engineering,Staff Engineer,3,Indore,4.0,3.1,21,9.5,10.49
EMP06795,Female,29,7,"Top Private (ISB, XLRI, SP Jain)",Finance,Financial Analyst,2,Pune,4.7,3.9,28,10.8,12.07
EMP06796,Male,28,5,IIM,Operations,Supply Chain Analyst,2,Mumbai,3.1,3.4,46,9.1,10.48
EMP06797,Female,31,5,Central University,Customer Support,Customer Support Executive,1,Pune,3.0,,28,9.6,6.36
EMP06798,Male,28,6,Central University,Product,Senior Product Manager,2,Hyderabad,3.0,3.6,2,18.8,11.86
EMP06799,Male,31,5,Other,Product,Product Manager,2,Bangalore,4.5,3.3,11,16.5,12.48
EMP06800,Male,32,7,IIIT,Operations,Operations Executive,1,Visakhapatnam,4.6,4.4,12,7.4,9.05
EMP06801,Male,29,4,Tier-2 Private,Data Science,Data Analyst,1,Nagpur,3.3,4.4,3,10.2,6.81
EMP06802,Female,51,24,Tier-2 Private,Customer Support,Customer Success Manager,6,Coimbatore,4.7,2.6,8,6.7,39.01
EMP06803,Male,30,5,IIT,Customer Support,Support Team Lead,2,Surat,2.5,4.8,4,5.8,10.03
EMP06804,Male,34,9,IIT,HR,Talent Acquisition Specialist,3,Delhi,3.9,4.0,13,11.4,20.94
EMP06805,Female,27,3,Other,Finance,Financial Analyst,1,Kolkata,2.8,1.8,9,15.5,4.61
EMP06806,Female,36,11,Tier-2 Private,Marketing,Brand Manager,4,Mumbai,3.6,3.5,1,18.7,15.44
EMP06807,Male,34,10,Central University,HR,Talent Acquisition Specialist,3,Chandigarh,3.2,4.1,24,6.5,13.66
EMP06808,Female,30,8,NIT,Legal,Senior Legal Counsel,3,Mumbai,2.7,2.8,36,9.5,14.55
EMP06809,Male,24,2,State University,Sales,Sales Executive,2,Delhi,3.8,5.0,1,25.6,9.49
EMP06810,Female,29,3,Tier-2 Private,Marketing,Brand Manager,2,Pune,2.5,2.7,2,18.4,6.84
EMP06811,Male,44,19,Tier-2 Private,Operations,Process Improvement Specialist,6,Lucknow,4.1,4.0,47,9.4,44.17
EMP06812,Male,27,3,"Top Private (ISB, XLRI, SP Jain)",HR,HR Executive,1,Kochi,4.1,3.1,10,11.7,5.45
EMP06813,Male,35,9,Tier-2 Private,Data Science,Senior Data Scientist,4,Coimbatore,3.6,3.2,9,12.1,20.24
EMP06814,Male,27,3,IIT,Finance,Senior Financial Analyst,1,Kochi,3.3,3.7,4,16.4,8.02
EMP06815,Male,35,12,Distance Learning,Product,Senior Product Manager,4,Delhi,4.1,3.0,28,15.7,19.95
EMP06816,Male,28,3,Tier-2 Private,HR,HR Business Partner,2,Guwahati,4.2,3.4,11,6.6,10.84
EMP06817,Female,27,3,NIT,Customer Support,Customer Support Executive,1,Bangalore,3.1,2.8,13,6.3,6.71
EMP06818,Male,30,3,Central University,Sales,Sales Executive,2,Kochi,3.6,2.5,7,28.7,8.69
EMP06819,Male,30,4,State University,Operations,Supply Chain Analyst,2,Lucknow,3.2,,5,5.2,8.57
EMP06820,Female,34,8,Tier-2 Private,HR,HR Business Partner,3,Hyderabad,3.9,4.8,28,9.8,14.6
EMP06821,Female,32,6,Diploma,Finance,Finance Manager,2,Mumbai,2.9,,38,15.5,9.04
EMP06822,Female,28,2,BITS,Product,Senior Product Manager,2,Mumbai,3.7,3.3,33,11.2,7.72
EMP06823,Male,31,5,Tier-2 Private,Customer Support,Customer Support Executive,2,Ahmedabad,3.4,3.7,13,9.0,8.9
EMP06824,Male,26,2,IIIT,Engineering,Software Engineer,1,Pune,4.2,,34,8.4,10.09
EMP06825,Male,35,9,Tier-2 Private,Customer Support,Support Manager,4,Ranchi,3.1,3.9,73,5.9,13.68
EMP06826,Male,32,10,IIM,Product,Senior Product Manager,2,Kochi,3.7,3.0,14,11.6,20.61
EMP06827,Male,30,5,State University,Legal,Legal Manager,2,Bangalore,3.2,2.4,29,9.0,11.09
EMP06828,Female,32,7,Diploma,Legal,Legal Associate,2,Kolkata,2.3,2.6,8,12.0,7.37
EMP06829,Female,42,20,Diploma,Customer Support,Support Manager,6,Pune,3.3,3.4,1,8.9,50.0
EMP06830,Female,30,5,Tier-2 Private,Customer Support,Customer Success Manager,2,Lucknow,4.0,2.5,9,7.7,6.3
EMP06831,Male,25,3,NIT,HR,HR Executive,1,Bhopal,4.0,,10,7.6,8.31
EMP06832,Female,35,9,IIIT,HR,Talent Acquisition Specialist,4,Jaipur,3.0,3.1,6,11.3,12.74
EMP06833,Male,27,2,Distance Learning,Engineering,Senior Software Engineer,1,Delhi,4.3,4.5,21,10.6,7.82
EMP06834,Female,30,5,Distance Learning,Legal,Legal Associate,1,Mumbai,4.5,3.0,10,12.1,7.07
EMP06835,Male,28,3,"Top Private (ISB, XLRI, SP Jain)",HR,HR Executive,1,Surat,2.8,3.0,30,11.4,6.44
EMP06836,Male,26,3,Tier-2 Private,Engineering,Software Engineer,1,Chennai,3.6,2.9,2,13.8,8.13
EMP06837,Male,30,5,State University,Finance,Finance Manager,2,Indore,4.4,4.0,9,12.6,10.73
EMP06838,Female,34,11,Other,Legal,Legal Manager,3,Hyderabad,4.5,4.2,22,11.3,16.13
EMP06839,Female,39,13,"Top Private (ISB, XLRI, SP Jain)",Finance,FP&A Analyst,4,Delhi,3.7,,1,13.8,23.39
EMP06840,Female,33,11,IIM,Product,Product Manager,3,Delhi,4.4,2.5,9,16.7,25.73
EMP06841,Female,29,7,State University,Product,Associate Product Manager,2,Mumbai,4.5,3.4,2,10.6,11.6
EMP06842,Female,31,5,Diploma,Data Science,Data Scientist,1,Bangalore,4.0,3.2,6,14.0,6.83
EMP06843,Female,23,1,NIT,HR,HR Manager,1,Chandigarh,3.3,1.8,6,9.6,4.35
EMP06844,Male,34,7,"Top Private (ISB, XLRI, SP Jain)",Product,Product Manager,3,Bangalore,3.8,3.6,6,16.5,18.54
EMP06845,Female,23,1,Other,HR,HR Manager,2,Visakhapatnam,3.0,3.9,6,5.3,5.53
EMP06846,Male,26,1,BITS,Marketing,Marketing Executive,2,Bangalore,3.0,4.7,23,14.5,8.33
EMP06847,Male,32,5,IIIT,Operations,Operations Manager,2,Surat,2.3,4.2,1,7.1,7.25
EMP06848,Male,33,7,Central University,HR,HR Manager,2,Bangalore,4.2,,3,5.5,10.6
EMP06849,Male,29,4,BITS,Engineering,Software Engineer,1,Guwahati,4.3,3.0,57,13.3,6.65
EMP06850,Female,43,17,Other,Engineering,Engineering Manager,4,Hyderabad,2.0,4.0,30,10.7,22.95
EMP06851,Female,34,8,Other,Finance,Senior Financial Analyst,3,Pune,3.1,2.5,12,16.2,8.97
EMP06852,Male,27,5,State University,Finance,Financial Analyst,1,Nagpur,3.0,,34,11.9,8.61
EMP06853,Female,38,15,Central University,Marketing,Digital Marketing Manager,3,Nagpur,3.9,3.0,5,24.7,17.17
EMP06854,Male,41,18,State University,Sales,Key Account Manager,5,Kochi,3.5,3.6,15,24.6,32.17
EMP06855,Male,31,8,NIT,Customer Support,Customer Success Manager,2,Pune,4.0,2.8,5,5.1,8.89
EMP06856,Male,26,3,Tier-2 Private,Sales,Sales Executive,1,Coimbatore,3.5,3.8,4,24.5,8.98
EMP06857,Male,29,4,Tier-2 Private,Finance,Financial Analyst,1,Delhi,3.7,3.3,1,15.1,8.09
EMP06858,Male,29,2,NIT,Product,Associate Product Manager,1,Chennai,3.5,,1,11.2,9.75
EMP06859,Male,30,5,IIIT,Finance,Finance Manager,2,Kochi,4.4,3.3,23,10.3,9.12
EMP06860,Male,24,2,Diploma,Product,Associate Product Manager,1,Lucknow,2.7,5.0,12,15.0,8.61
EMP06861,Male,30,4,IIIT,HR,HR Executive,2,Chennai,2.9,4.0,10,8.8,7.46
EMP06862,Female,32,7,BITS,Operations,Operations Executive,1,Raipur,2.8,3.2,27,7.1,4.75
EMP06863,Male,27,1,IIIT,Product,Product Manager,2,Mysore,3.9,3.1,14,15.0,10.28
EMP06864,Male,26,2,Other,Operations,Operations Manager,2,Jaipur,2.2,3.5,29,9.5,6.06
EMP06865,Male,28,4,State University,Finance,Finance Manager,2,Surat,2.0,3.3,15,10.9,8.79
EMP06866,Male,30,5,Distance Learning,Marketing,Brand Manager,2,Kolkata,4.0,,13,24.0,11.06
EMP06867,Male,30,4,Distance Learning,Product,Senior Product Manager,3,Mumbai,2.4,,2,12.0,13.12
EMP06868,Male,28,5,Central University,HR,HR Manager,2,Kolkata,2.8,4.7,3,9.2,11.84
EMP06869,Female,28,3,Tier-2 Private,Engineering,Software Engineer,1,Pune,2.4,3.8,14,11.4,5.25
EMP06870,Male,29,2,Tier-2 Private,Marketing,Marketing Manager,1,Patna,2.9,4.3,4,21.7,7.74
EMP06871,Female,26,4,Distance Learning,Marketing,Digital Marketing Manager,3,Chandigarh,5.0,,15,16.5,9.29
EMP06872,Male,28,5,Other,Marketing,Brand Manager,3,Delhi,3.2,,10,24.5,13.26
EMP06873,Male,29,4,Distance Learning,Customer Support,Customer Support Executive,1,Indore,3.5,2.7,1,5.6,8.07
EMP06874,Male,33,6,Distance Learning,Sales,Sales Executive,2,Bangalore,2.7,,3,27.1,10.25
EMP06875,Male,35,8,Central University,HR,Talent Acquisition Specialist,4,Chennai,3.4,3.6,31,8.8,24.92
EMP06876,Male,34,9,Central University,Legal,Legal Associate,2,Vadodara,4.3,3.5,31,8.1,8.7
EMP06877,Male,28,3,Tier-2 Private,Operations,Operations Manager,2,Pune,3.6,5.0,1,5.8,12.23
EMP06878,Male,26,2,Tier-2 Private,Operations,Operations Executive,1,Chandigarh,5.0,4.0,43,9.7,6.62
EMP06879,Female,38,14,BITS,Marketing,Content Strategist,5,Chennai,2.9,2.6,1,18.2,19.43
EMP06880,Male,33,7,State University,Product,Product Manager,2,Pune,1.8,3.8,1,13.0,16.14
EMP06881,Male,28,3,BITS,Product,Associate Product Manager,1,Bangalore,3.8,3.9,1,14.4,7.53
EMP06882,Female,32,7,Tier-2 Private,Customer Support,Customer Support Executive,1,Raipur,3.8,2.8,3,5.5,4.83
EMP06883,Male,39,12,Tier-2 Private,Operations,Process Improvement Specialist,4,Hyderabad,3.6,4.2,1,9.7,24.63
EMP06884,Female,42,20,State University,Engineering,Engineering Manager,6,Hyderabad,2.4,2.5,17,10.5,42.18
EMP06885,Female,34,7,IIIT,Product,Senior Product Manager,3,Chennai,3.1,2.7,5,17.3,11.48
EMP06886,Female,38,12,IIM,Customer Support,Support Manager,4,Ahmedabad,3.7,,30,5.3,14.15
EMP06887,Male,27,2,Central University,Product,Associate Product Manager,1,Hyderabad,3.7,3.3,25,18.0,7.45
EMP06888,Male,30,5,Tier-2 Private,HR,HR Manager,2,Kolkata,4.0,,27,7.7,9.89
EMP06889,Female,29,4,Tier-2 Private,Finance,Controller,3,Chennai,2.7,2.8,5,14.4,7.69
EMP06890,Female,32,7,Diploma,Sales,Account Manager,3,Chandigarh,2.0,3.6,1,32.0,8.3
EMP06891,Female,42,18,IIM,Legal,Company Secretary,5,Hyderabad,3.4,3.5,22,11.8,39.15
EMP06892,Male,33,7,State University,Marketing,Marketing Executive,2,Thiruvananthapuram,4.0,,15,21.7,9.85
EMP06893,Male,26,3,Tier-2 Private,Engineering,Software Engineer,1,Mumbai,2.4,,1,8.2,8.92
EMP06894,Male,27,2,NIT,Finance,Financial Analyst,1,Indore,4.8,3.9,15,14.3,7.48
EMP06895,Male,44,19,Distance Learning,Engineering,Engineering Manager,5,Jaipur,3.2,3.5,3,11.3,31.44
EMP06896,Male,32,8,BITS,Product,Product Manager,3,Pune,4.4,3.0,32,13.5,21.79
EMP06897,Female,34,8,Distance Learning,Finance,Finance Manager,3,Jaipur,4.9,,10,10.9,10.43
EMP06898,Male,27,4,Distance Learning,Data Science,Data Scientist,3,Hyderabad,2.2,3.2,22,8.2,10.23
EMP06899,Female,32,7,Tier-2 Private,Engineering,Senior Software Engineer,2,Raipur,3.9,3.0,20,11.3,8.63
EMP06900,Female,26,3,State University,Finance,Senior Financial Analyst,1,Bhopal,4.9,3.1,2,12.7,5.48
EMP06901,Male,30,7,Central University,Engineering,Staff Engineer,2,Ahmedabad,3.1,3.3,2,8.2,9.99
EMP06902,Male,27,2,NIT,Product,Product Manager,2,Vadodara,5.0,,12,17.9,8.33
EMP06903,Female,31,4,Central University,Data Science,ML Engineer,3,Vadodara,4.3,2.1,35,14.5,7.76
EMP06904,Male,26,3,Central University,HR,HR Manager,1,Hyderabad,3.2,3.9,10,5.5,7.65
EMP06905,Male,22,0,NIT,Sales,Sales Executive,1,Patna,3.5,,5,31.2,5.27
EMP06906,Female,26,4,State University,Legal,Legal Manager,2,Thiruvananthapuram,2.2,3.2,24,9.1,7.46
EMP06907,Female,27,3,Diploma,Operations,Operations Manager,1,Pune,3.0,3.0,8,6.2,5.83
EMP06908,Female,31,5,Tier-2 Private,Engineering,Software Engineer,2,Lucknow,4.0,3.3,3,8.8,8.46
EMP06909,Female,32,6,"Top Private (ISB, XLRI, SP Jain)",Engineering,Senior Software Engineer,2,Jaipur,3.3,,4,12.0,8.93
EMP06910,Male,43,20,BITS,Sales,Business Development Manager,6,Ahmedabad,3.8,3.3,2,22.7,50.0
EMP06911,Female,34,7,BITS,Sales,Account Manager,2,Kolkata,4.4,3.4,2,32.4,11.92
EMP06912,Female,29,7,State University,Product,Product Manager,3,Jaipur,4.4,3.9,24,16.0,13.96
EMP06913,Female,33,8,NIT,Customer Support,Customer Support Executive,2,Vadodara,3.8,3.5,10,6.1,9.18
EMP06914,Female,38,11,State University,Operations,Supply Chain Analyst,4,Thiruvananthapuram,3.1,4.0,7,8.9,12.74
EMP06915,Female,34,8,Tier-2 Private,Marketing,Marketing Manager,2,Kochi,3.6,,44,23.1,11.34
EMP06916,Female,33,7,State University,Operations,Operations Executive,2,Vadodara,3.7,3.0,13,6.3,7.2
EMP06917,Male,32,9,Tier-2 Private,Engineering,Staff Engineer,3,Patna,3.0,4.7,1,10.5,14.77
EMP06918,Female,27,1,State University,Sales,Account Manager,1,Jaipur,3.8,3.0,15,29.6,4.68
EMP06919,Male,50,26,State University,Product,Product Analyst,5,Hyderabad,2.9,2.7,12,17.0,46.63
EMP06920,Female,42,18,State University,Engineering,Engineering Manager,5,Chandigarh,3.5,3.5,15,14.0,28.53
EMP06921,Female,32,7,State University,Operations,Operations Manager,1,Thiruvananthapuram,3.0,3.7,1,8.3,5.08
EMP06922,Female,27,2,NIT,Engineering,Senior Software Engineer,1,Chennai,3.1,4.7,34,9.6,6.28
EMP06923,Male,37,14,BITS,Engineering,Engineering Manager,4,Visakhapatnam,4.2,4.2,3,10.7,33.24
EMP06924,Male,30,3,Central University,Data Science,Data Analyst,1,Mysore,4.2,4.5,29,10.8,8.52
EMP06925,Male,35,8,Diploma,Customer Support,Support Manager,3,Coimbatore,3.4,4.5,93,7.0,13.49
EMP06926,Male,25,2,IIM,Customer Support,Customer Support Executive,1,Vadodara,4.5,3.2,2,6.2,5.72
EMP06927,Male,51,28,BITS,Marketing,Content Strategist,5,Lucknow,4.1,,55,18.6,50.0
EMP06928,Female,24,2,Central University,Finance,Financial Analyst,1,Raipur,4.0,,1,13.9,4.49
EMP06929,Male,30,6,Central University,Marketing,Brand Manager,2,Guwahati,3.4,3.7,5,19.7,9.0
EMP06930,Female,24,1,"Top Private (ISB, XLRI, SP Jain)",Operations,Operations Executive,1,Lucknow,4.0,3.3,10,9.8,5.21
EMP06931,Male,32,5,Central University,HR,HR Executive,2,Chandigarh,3.2,3.8,30,5.3,9.56
EMP06932,Female,31,4,IIIT,Finance,Financial Analyst,2,Surat,3.7,4.4,9,16.5,7.66
EMP06933,Male,39,13,Tier-2 Private,Product,Senior Product Manager,4,Vadodara,4.5,4.5,38,13.9,21.88
EMP06934,Female,27,4,State University,Marketing,Marketing Executive,1,Lucknow,4.2,3.3,42,13.2,5.19
EMP06935,Female,39,13,Tier-2 Private,Product,Senior Product Manager,4,Jaipur,3.0,3.1,19,18.2,15.69
EMP06936,Female,26,2,Distance Learning,Marketing,Marketing Executive,1,Chennai,4.4,4.2,9,19.1,4.09
EMP06937,Female,27,4,Central University,Engineering,Staff Engineer,3,Surat,2.5,3.5,4,10.0,10.44
EMP06938,Male,30,5,IIIT,Data Science,Data Scientist,1,Kolkata,3.5,4.5,10,9.9,14.36
EMP06939,Male,30,8,Diploma,Customer Support,Support Team Lead,3,Bangalore,4.4,2.0,6,6.6,16.7
EMP06940,Male,34,7,Distance Learning,Finance,Senior Financial Analyst,2,Kolkata,2.9,3.6,36,17.6,12.05
EMP06941,Female,32,10,Diploma,Marketing,Digital Marketing Manager,4,Coimbatore,3.8,4.2,8,14.2,15.96
EMP06942,Male,30,7,NIT,Data Science,Data Scientist,1,Mysore,3.9,2.8,3,8.1,9.66
EMP06943,Male,32,9,Other,Legal,Legal Manager,3,Coimbatore,4.5,2.6,30,14.5,15.02
EMP06944,Female,28,3,"Top Private (ISB, XLRI, SP Jain)",Product,Product Manager,1,Pune,3.1,2.3,23,19.1,6.03
EMP06945,Male,33,7,State University,Product,Product Manager,1,Kolkata,4.2,3.7,13,15.7,9.4
EMP06946,Female,45,18,IIT,Marketing,Content Strategist,5,Hyderabad,2.9,2.8,4,21.7,22.34
EMP06947,Female,25,1,NIT,Legal,Legal Associate,1,Thiruvananthapuram,3.2,3.6,12,11.0,5.04
EMP06948,Female,31,8,Distance Learning,Sales,Senior Account Manager,3,Chennai,3.5,,4,15.8,11.04
EMP06949,Female,31,9,IIT,Data Science,Data Scientist,3,Ranchi,3.4,2.8,86,9.6,13.1
EMP06950,Female,41,16,Tier-2 Private,Data Science,Lead Data Scientist,5,Hyderabad,4.3,3.7,23,14.1,32.19
EMP06951,Female,37,10,Central University,Product,Product Manager,3,Indore,5.0,3.4,66,16.3,13.89
EMP06952,Female,28,6,Other,Data Science,Data Scientist,3,Thiruvananthapuram,3.5,1.9,33,11.4,9.36
EMP06953,Male,35,8,Central University,HR,HR Executive,2,Chandigarh,3.5,,59,11.9,9.45
EMP06954,Female,26,3,Other,Product,Product Manager,1,Ahmedabad,4.9,3.7,3,14.8,6.23
EMP06955,Female,31,4,State University,Engineering,Senior Software Engineer,1,Hyderabad,5.0,3.7,11,9.9,7.72
EMP06956,Male,24,2,"Top Private (ISB, XLRI, SP Jain)",Sales,Account Manager,2,Guwahati,3.4,2.6,39,18.3,7.3
EMP06957,Male,44,17,BITS,Finance,FP&A Analyst,5,Surat,3.8,3.5,25,12.5,31.34
EMP06958,Male,31,8,Central University,Product,Group Product Manager,4,Bangalore,2.4,2.1,8,16.1,13.45
EMP06959,Male,26,3,Distance Learning,Data Science,Data Scientist,1,Vadodara,2.9,3.6,16,13.6,8.95
EMP06960,Female,30,7,Central University,Legal,Senior Legal Counsel,3,Mumbai,2.2,3.7,2,14.5,8.82
EMP06961,Male,35,13,State University,Operations,Process Improvement Specialist,4,Indore,3.3,2.5,19,7.7,21.06
EMP06962,Male,38,12,NIT,Finance,Accounts Manager,5,Bangalore,4.8,2.9,1,12.1,34.29
EMP06963,Male,25,3,Central University,Legal,Legal Associate,1,Hyderabad,2.8,2.7,15,14.1,6.45
EMP06964,Male,24,0,Central University,Finance,Senior Financial Analyst,2,Ahmedabad,3.0,3.7,20,17.0,8.58
EMP06965,Male,34,7,State University,Product,Associate Product Manager,2,Chandigarh,3.9,,60,16.7,12.47
EMP06966,Male,27,3,Tier-2 Private,Finance,Financial Analyst,1,Ahmedabad,2.2,,10,17.6,5.88
EMP06967,Male,35,9,State University,Engineering,Staff Engineer,3,Coimbatore,3.8,2.5,30,10.6,14.33
EMP06968,Male,37,11,NIT,Marketing,Marketing Executive,2,Chandigarh,1.5,,1,20.2,11.03
EMP06969,Female,39,13,State University,Sales,Sales Manager,4,Kolkata,3.3,4.0,1,23.8,19.25
EMP06970,Male,47,20,State University,Marketing,Growth Manager,6,Kochi,2.3,3.8,15,21.7,45.57
EMP06971,Female,36,14,State University,HR,HR Business Partner,3,Ahmedabad,2.9,,16,6.2,11.36
EMP06972,Male,43,20,Other,Finance,Accounts Manager,6,Visakhapatnam,3.4,3.5,47,17.0,47.38
EMP06973,Male,38,15,IIIT,Legal,Compliance Officer,4,Kochi,3.4,4.3,1,14.2,25.29
EMP06974,Female,38,16,State University,Customer Support,Customer Success Manager,5,Chandigarh,3.3,,1,8.2,21.91
EMP06975,Male,27,5,Central University,HR,HR Executive,2,Coimbatore,5.0,4.1,15,6.4,11.07
EMP06976,Male,24,2,State University,Operations,Operations Executive,1,Pune,4.1,,25,8.5,8.08
EMP06977,Female,57,30,Tier-2 Private,Operations,Logistics Manager,6,Surat,2.2,2.3,24,8.0,40.11
EMP06978,Male,33,6,"Top Private (ISB, XLRI, SP Jain)",Legal,Legal Associate,2,Indore,2.4,3.0,1,8.1,8.21
EMP06979,Female,39,14,IIIT,Customer Support,Support Manager,4,Visakhapatnam,4.6,2.8,35,6.4,17.24
EMP06980,Female,31,4,Distance Learning,Legal,Legal Associate,2,Mysore,3.5,3.2,13,8.5,6.56
EMP06981,Female,35,11,State University,Engineering,Engineering Manager,4,Kochi,4.5,3.2,43,11.6,13.11
EMP06982,Female,25,1,Tier-2 Private,Marketing,Marketing Executive,1,Bhopal,4.3,3.9,11,13.8,4.65
EMP06983,Male,31,4,State University,HR,HR Executive,2,Hyderabad,3.3,,46,7.3,8.42
EMP06984,Female,27,5,BITS,Sales,Account Manager,2,Guwahati,3.6,4.3,4,18.6,6.96
EMP06985,Male,30,8,Central University,HR,HR Manager,3,Lucknow,3.0,,9,11.7,11.72
EMP06986,Female,37,12,Diploma,Marketing,Brand Manager,3,Indore,4.3,,26,14.5,13.87
EMP06987,Female,25,2,Tier-2 Private,HR,HR Business Partner,2,Guwahati,3.6,4.5,29,7.5,5.12
EMP06988,Male,35,9,IIT,HR,Compensation Analyst,4,Ranchi,4.5,3.5,2,5.7,21.13
EMP06989,Male,39,14,"Top Private (ISB, XLRI, SP Jain)",Operations,Process Improvement Specialist,4,Mumbai,3.0,,3,9.9,25.99
EMP06990,Male,53,30,State University,Sales,Key Account Manager,6,Delhi,3.3,,1,25.7,50.0
EMP06991,Male,31,9,Central University,Marketing,Brand Manager,3,Bhopal,3.1,3.7,96,15.5,13.17
EMP06992,Male,26,4,IIT,HR,HR Executive,1,Pune,4.7,3.3,13,10.2,11.19
EMP06993,Female,26,2,Tier-2 Private,Data Science,Data Analyst,1,Bangalore,3.5,2.8,37,8.2,5.8
EMP06994,Male,44,21,Other,HR,Learning & Development Manager,6,Pune,3.4,4.2,1,9.6,48.52
EMP06995,Female,32,10,"Top Private (ISB, XLRI, SP Jain)",Finance,Finance Manager,4,Pune,3.3,3.2,10,13.4,18.56
EMP06996,Female,31,5,IIIT,Engineering,Software Engineer,1,Surat,4.4,2.4,58,8.4,6.61
EMP06997,Female,28,1,Tier-2 Private,Product,Product Manager,2,Delhi,5.0,2.5,16,14.1,6.82
EMP06998,Male,30,3,Central University,Customer Support,Customer Support Executive,1,Jaipur,5.0,4.3,84,5.3,6.21
EMP06999,Female,31,9,NIT,HR,Compensation Analyst,4,Bangalore,4.1,2.3,23,11.7,16.89
EMP07000,Female,30,7,State University,Engineering,Senior Software Engineer,2,Ahmedabad,2.7,2.4,19,13.4,8.19
EMP07001,Female,25,1,Distance Learning,Legal,Legal Associate,1,Dehradun,3.0,4.1,9,11.6,4.57
EMP07002,Female,36,9,Other,Data Science,Senior Data Scientist,3,Hyderabad,3.7,3.8,1,10.5,14.17
EMP07003,Female,27,2,IIT,Operations,Operations Executive,1,Thiruvananthapuram,1.6,4.3,51,6.4,4.26
EMP07004,Male,39,15,BITS,Engineering,Staff Engineer,4,Thiruvananthapuram,3.0,4.2,12,11.6,26.5
EMP07005,Female,34,7,Central University,Legal,Legal Manager,2,Pune,4.2,3.7,14,14.7,9.34
EMP07006,Male,29,4,State University,Operations,Operations Executive,2,Hyderabad,2.2,3.8,11,7.7,7.53
EMP07007,Female,39,12,"Top Private (ISB, XLRI, SP Jain)",Legal,Legal Manager,4,Pune,3.9,3.5,5,13.9,17.95
EMP07008,Male,34,7,Other,Finance,Senior Financial Analyst,2,Thiruvananthapuram,3.1,,32,10.1,11.52
EMP07009,Male,42,15,Tier-2 Private,Legal,Company Secretary,4,Delhi,3.0,3.0,22,10.5,22.57
EMP07010,Male,31,6,Other,Legal,Senior Legal Counsel,2,Coimbatore,4.0,3.4,32,9.9,10.48
EMP07011,Male,30,6,State University,Marketing,Marketing Manager,2,Kolkata,4.8,2.8,7,12.1,12.44
EMP07012,Female,26,4,Diploma,HR,HR Executive,2,Hyderabad,3.4,3.5,9,6.8,6.65
EMP07013,Male,33,7,"Top Private (ISB, XLRI, SP Jain)",Finance,Finance Manager,3,Thiruvananthapuram,4.6,4.1,15,12.0,19.11
EMP07014,Female,42,19,State University,Sales,Sales Manager,5,Ranchi,3.8,,39,19.8,28.8
EMP07015,Male,26,4,Tier-2 Private,Operations,Operations Executive,2,Pune,2.6,,24,5.0,8.08
EMP07016,Female,35,9,Distance Learning,Data Science,ML Engineer,4,Ahmedabad,4.4,4.1,7,8.9,16.24
EMP07017,Male,27,3,IIT,Marketing,Marketing Executive,1,Coimbatore,4.5,3.2,29,13.5,4.36
EMP07018,Male,26,1,IIT,Marketing,Marketing Manager,1,Hyderabad,3.8,3.4,1,19.7,8.42
EMP07019,Male,32,6,Distance Learning,Marketing,Digital Marketing Manager,3,Visakhapatnam,2.5,4.3,8,16.5,16.12
EMP07020,Male,30,7,Tier-2 Private,Operations,Process Improvement Specialist,3,Patna,2.3,3.6,13,7.7,10.86
EMP07021,Female,31,5,Central University,Product,Senior Product Manager,2,Mysore,3.9,3.1,1,13.6,6.92
EMP07022,Female,27,2,IIT,Data Science,Data Analyst,1,Chandigarh,3.9,,46,12.3,7.69
EMP07023,Male,32,7,Tier-2 Private,Marketing,Brand Manager,2,Nagpur,4.1,3.8,40,19.2,8.49
EMP07024,Male,30,7,State University,Finance,Financial Analyst,2,Ranchi,1.8,,1,16.3,10.57
EMP07025,Male,29,3,State University,Customer Support,Customer Success Manager,2,Chandigarh,2.8,3.4,6,9.1,7.42
EMP07026,Male,25,2,Central University,Sales,Sales Executive,1,Mysore,3.0,3.3,4,23.8,5.34
EMP07027,Female,30,5,Central University,Product,Senior Product Manager,2,Thiruvananthapuram,4.4,3.3,44,18.1,7.04
EMP07028,Male,35,9,Diploma,Operations,Logistics Manager,4,Delhi,3.5,3.1,7,5.7,18.19
EMP07029,Female,30,8,State University,Operations,Operations Manager,3,Chandigarh,4.4,2.7,8,7.3,11.47
EMP07030,Female,27,3,Central University,Customer Support,Customer Support Executive,1,Bangalore,2.7,3.0,1,6.2,5.0
EMP07031,Male,32,6,State University,Sales,Sales Executive,2,Patna,2.0,4.1,4,34.6,9.46
EMP07032,Male,34,11,Central University,HR,Compensation Analyst,4,Delhi,4.2,4.3,2,7.9,23.13
EMP07033,Male,24,2,Tier-2 Private,Product,Associate Product Manager,1,Delhi,3.3,2.4,1,15.9,6.16
EMP07034,Male,30,6,IIM,Product,Product Manager,2,Chennai,3.5,3.8,26,18.2,14.98
EMP07035,Male,39,15,IIIT,Finance,Senior Financial Analyst,3,Surat,2.5,3.5,22,13.2,18.71
EMP07036,Female,29,2,Diploma,Legal,Legal Associate,1,Vadodara,3.6,5.0,96,10.8,5.01
EMP07037,Male,39,13,IIIT,Legal,Legal Manager,4,Ahmedabad,3.7,3.4,6,11.5,27.39
EMP07038,Female,41,18,Central University,Customer Support,Customer Success Manager,5,Kochi,3.5,,3,9.5,22.47
EMP07039,Female,28,5,Diploma,Customer Support,Support Team Lead,2,Lucknow,4.0,3.8,4,7.0,7.5
EMP07040,Female,27,4,NIT,Marketing,Marketing Executive,2,Visakhapatnam,4.1,,6,14.1,6.53
EMP07041,Female,39,12,Other,Operations,Supply Chain Analyst,3,Delhi,4.5,3.1,16,5.9,15.7
EMP07042,Male,29,5,"Top Private (ISB, XLRI, SP Jain)",Engineering,Staff Engineer,2,Bangalore,3.6,,11,11.5,15.07
EMP07043,Male,28,1,BITS,Data Science,Data Analyst,1,Indore,4.9,4.4,5,13.0,7.24
EMP07044,Male,27,5,IIT,Product,Associate Product Manager,2,Delhi,2.5,4.5,27,14.1,10.69
EMP07045,Female,33,8,NIT,Data Science,Senior Data Scientist,3,Ahmedabad,4.3,3.7,4,11.7,13.61
EMP07046,Female,32,10,Diploma,Sales,Account Manager,3,Guwahati,3.5,2.8,3,24.8,12.65
EMP07047,Male,28,3,State University,Legal,Senior Legal Counsel,1,Dehradun,3.4,2.7,22,14.0,7.42
EMP07048,Male,27,5,NIT,Engineering,Software Engineer,2,Kochi,3.1,3.1,18,8.8,10.68
EMP07049,Male,33,11,IIM,Operations,Process Improvement Specialist,4,Pune,3.9,4.3,31,9.0,24.58
EMP07050,Male,27,5,IIM,Product,Senior Product Manager,2,Bangalore,5.0,4.0,5,11.0,12.72
EMP07051,Female,28,2,Other,Marketing,Marketing Executive,1,Hyderabad,4.6,2.0,41,17.1,5.91
EMP07052,Male,39,14,Diploma,Finance,FP&A Analyst,4,Hyderabad,4.2,2.2,4,15.8,20.42
EMP07053,Male,30,5,Central University,Data Science,Senior Data Scientist,2,Surat,3.4,1.8,20,11.4,11.04
EMP07054,Male,35,12,Central University,Sales,Sales Manager,4,Patna,4.8,3.9,25,16.1,21.77
EMP07055,Male,25,2,Distance Learning,Finance,Senior Financial Analyst,1,Visakhapatnam,3.8,3.4,4,10.9,5.48
EMP07056,Male,29,5,BITS,Marketing,Marketing Manager,2,Visakhapatnam,2.7,,4,24.3,9.92
EMP07057,Female,35,8,Central University,HR,Compensation Analyst,4,Chennai,2.9,3.3,5,7.5,13.13
EMP07058,Male,31,5,Tier-2 Private,HR,HR Manager,2,Pune,4.8,3.3,8,9.8,8.83
EMP07059,Female,24,2,"Top Private (ISB, XLRI, SP Jain)",Data Science,Data Analyst,1,Chennai,4.4,2.9,43,8.4,6.49
EMP07060,Male,23,1,Other,Operations,Operations Executive,1,Raipur,4.5,4.6,20,9.7,6.75
EMP07061,Male,41,17,IIIT,Data Science,Lead Data Scientist,5,Bhopal,3.6,4.2,12,13.1,38.48
EMP07062,Male,30,7,State University,Sales,Account Manager,3,Hyderabad,2.8,4.3,3,26.6,13.9
EMP07063,Male,37,13,Tier-2 Private,Operations,Process Improvement Specialist,5,Kolkata,2.1,,3,8.3,25.49
EMP07064,Male,38,11,Central University,Finance,Controller,3,Bangalore,2.8,,4,11.0,14.58
EMP07065,Male,32,9,"Top Private (ISB, XLRI, SP Jain)",Finance,Finance Manager,3,Pune,2.3,2.9,1,17.4,14.7
EMP07066,Female,29,4,Central University,Data Science,Senior Data Scientist,2,Mumbai,5.0,3.7,4,14.9,9.92
EMP07067,Female,32,8,Distance Learning,Marketing,Marketing Manager,3,Mumbai,3.1,2.0,14,14.8,9.55
EMP07068,Female,41,16,Distance Learning,Data Science,Lead Data Scientist,5,Vadodara,3.1,2.8,21,12.4,25.13
EMP07069,Male,31,6,IIIT,HR,Talent Acquisition Specialist,3,Kolkata,3.1,4.3,1,9.8,12.17
EMP07070,Female,47,22,State University,Data Science,Lead Data Scientist,6,Lucknow,2.1,2.9,1,10.6,38.72
EMP07071,Female,25,2,Distance Learning,Legal,Legal Associate,1,Pune,2.0,3.6,10,14.6,5.29
EMP07072,Male,28,1,NIT,Data Science,Data Analyst,1,Bangalore,4.8,4.7,1,9.4,10.61
EMP07073,Male,35,12,NIT,Sales,Account Manager,3,Kolkata,4.9,3.6,12,21.3,22.19
EMP07074,Male,25,3,Other,Marketing,Marketing Executive,1,Bhopal,4.5,3.4,3,19.4,5.9
EMP07075,Female,47,25,IIIT,Finance,Accounts Manager,6,Pune,3.9,3.1,14,11.5,50.0
EMP07076,Male,37,15,BITS,Data Science,Lead Data Scientist,5,Visakhapatnam,2.5,3.3,10,9.0,30.21
EMP07077,Male,42,18,Tier-2 Private,Operations,Logistics Manager,5,Hyderabad,4.5,,8,7.8,32.67
EMP07078,Female,37,11,State University,Sales,Account Manager,2,Guwahati,3.5,3.2,22,25.4,8.53
EMP07079,Male,25,3,"Top Private (ISB, XLRI, SP Jain)",Operations,Operations Manager,1,Mumbai,3.9,3.8,61,7.3,7.99
EMP07080,Female,23,1,State University,Engineering,Software Engineer,1,Surat,3.7,3.1,34,14.3,5.92
EMP07081,Female,42,17,NIT,Legal,Company Secretary,5,Ahmedabad,4.1,3.1,24,12.8,29.36
EMP07082,Female,27,2,IIM,Customer Support,Support Team Lead,1,Surat,4.3,,11,9.7,6.29
EMP07083,Female,43,18,"Top Private (ISB, XLRI, SP Jain)",Sales,Business Development Manager,6,Patna,3.4,2.5,6,16.9,33.73
EMP07084,Male,31,9,Other,Engineering,Lead Engineer,3,Nagpur,4.3,3.5,6,10.6,18.32
EMP07085,Female,28,5,Other,HR,HR Manager,2,Kochi,3.3,3.8,1,5.3,6.76
EMP07086,Female,32,8,Tier-2 Private,Finance,Senior Financial Analyst,3,Jaipur,4.3,2.5,1,15.6,7.55
EMP07087,Female,34,8,BITS,Operations,Process Improvement Specialist,3,Guwahati,4.3,,16,9.5,13.16
EMP07088,Male,30,5,IIM,Sales,Account Manager,2,Kochi,2.2,4.1,39,27.8,10.99
EMP07089,Male,42,16,State University,Legal,Company Secretary,5,Raipur,3.5,4.9,8,9.9,35.54
EMP07090,Male,41,16,"Top Private (ISB, XLRI, SP Jain)",Legal,Company Secretary,5,Hyderabad,1.8,3.8,10,10.3,23.54
EMP07091,Male,30,6,"Top Private (ISB, XLRI, SP Jain)",Customer Support,Customer Support Executive,1,Hyderabad,2.3,,23,5.5,9.45
EMP07092,Male,28,3,Distance Learning,Engineering,Staff Engineer,2,Mumbai,3.6,3.6,8,12.8,12.88
EMP07093,Female,39,15,"Top Private (ISB, XLRI, SP Jain)",Data Science,Senior Data Scientist,4,Jaipur,3.4,2.9,12,11.7,27.24
EMP07094,Female,23,1,Central University,Legal,Senior Legal Counsel,1,Vadodara,3.3,3.2,1,9.9,3.95
EMP07095,Female,33,8,State University,Sales,Senior Account Manager,3,Delhi,4.0,2.4,23,30.0,8.53
EMP07096,Male,33,10,Central University,Sales,Account Manager,3,Jaipur,3.2,3.6,1,34.6,12.75
EMP07097,Male,26,3,Diploma,Product,Associate Product Manager,1,Lucknow,2.6,,5,13.6,7.2
EMP07098,Male,37,11,Tier-2 Private,Marketing,Brand Manager,2,Indore,2.3,4.5,4,13.5,12.98
EMP07099,Male,27,5,Distance Learning,Operations,Operations Manager,3,Bangalore,2.2,4.1,28,8.0,10.37
EMP07100,Male,26,4,State University,Operations,Supply Chain Analyst,3,Pune,2.8,3.0,5,8.3,12.08
EMP07101,Male,35,11,Distance Learning,Legal,Compliance Officer,3,Raipur,2.9,,6,12.2,13.48
EMP07102,Male,27,2,Distance Learning,Finance,Financial Analyst,1,Mumbai,4.6,3.5,25,13.4,7.43
EMP07103,Male,38,11,"Top Private (ISB, XLRI, SP Jain)",Legal,Compliance Officer,3,Ahmedabad,3.6,3.4,33,13.1,16.91
EMP07104,Male,26,1,Other,Finance,Senior Financial Analyst,1,Delhi,2.7,4.4,7,12.5,5.6
EMP07105,Male,30,7,BITS,Sales,Account Manager,2,Mumbai,4.2,3.4,9,22.4,11.86
EMP07106,Male,30,6,State University,Engineering,Senior Software Engineer,2,Kolkata,4.1,3.4,39,14.7,11.95
EMP07107,Female,28,4,Central University,Product,Associate Product Manager,1,Pune,3.2,3.6,29,17.1,5.99
EMP07108,Male,31,7,Tier-2 Private,Engineering,Senior Software Engineer,1,Surat,4.5,2.7,15,8.0,8.01
EMP07109,Male,31,5,Other,Product,Senior Product Manager,3,Visakhapatnam,4.3,3.5,1,13.7,13.22
EMP07110,Male,38,12,Tier-2 Private,HR,HR Business Partner,4,Pune,3.3,4.5,2,10.6,17.31
EMP07111,Female,34,8,Tier-2 Private,Legal,Legal Manager,3,Guwahati,3.5,4.3,1,14.3,12.02
EMP07112,Female,32,8,Central University,Engineering,Staff Engineer,2,Delhi,3.2,,28,9.3,11.5
EMP07113,Female,30,7,Tier-2 Private,HR,HR Executive,1,Nagpur,3.9,2.6,10,10.7,5.95
EMP07114,Male,26,4,"Top Private (ISB, XLRI, SP Jain)",Data Science,Data Scientist,2,Coimbatore,1.7,3.2,1,10.2,10.19
EMP07115,Female,30,4,Diploma,Data Science,Senior Data Scientist,2,Patna,4.3,1.0,32,11.2,7.42
EMP07116,Female,34,7,NIT,Engineering,Software Engineer,1,Mumbai,2.4,4.5,6,10.9,9.28
EMP07117,Male,27,5,Diploma,HR,HR Executive,2,Coimbatore,3.0,4.1,47,8.3,8.83
EMP07118,Female,35,13,Tier-2 Private,Operations,Logistics Manager,4,Bangalore,5.0,2.5,7,6.0,20.17
EMP07119,Male,29,6,Tier-2 Private,Product,Associate Product Manager,1,Lucknow,3.3,2.6,20,10.2,8.87
EMP07120,Female,33,7,State University,Operations,Operations Manager,1,Mumbai,3.8,,6,6.1,6.21
EMP07121,Male,25,2,Tier-2 Private,Marketing,Marketing Executive,1,Mysore,3.9,3.9,20,20.7,5.62
EMP07122,Male,33,11,NIT,Sales,Account Manager,2,Lucknow,3.8,5.0,1,23.5,12.42
EMP07123,Female,28,4,Tier-2 Private,HR,HR Executive,1,Lucknow,3.2,3.0,3,6.2,4.32
EMP07124,Female,26,2,Central University,Customer Support,Customer Success Manager,2,Kolkata,3.9,3.5,38,9.0,6.29
EMP07125,Male,43,19,Central University,Operations,Logistics Manager,6,Delhi,3.5,,13,6.5,44.7
EMP07126,Female,34,9,Tier-2 Private,Customer Support,Support Manager,4,Chennai,2.1,3.2,1,7.7,11.21
EMP07127,Male,34,11,"Top Private (ISB, XLRI, SP Jain)",Customer Support,Customer Success Manager,4,Chennai,2.6,4.9,19,5.6,18.98
EMP07128,Male,30,8,IIIT,Product,Senior Product Manager,3,Mumbai,3.4,5.0,51,12.7,15.28
EMP07129,Female,27,5,IIIT,Finance,Senior Financial Analyst,2,Mumbai,3.9,3.8,43,12.5,10.14
EMP07130,Male,30,4,Central University,Finance,Financial Analyst,2,Pune,4.0,2.7,18,14.6,10.25
EMP07131,Male,35,10,Tier-2 Private,Operations,Logistics Manager,4,Thiruvananthapuram,3.7,4.3,13,6.5,18.19
EMP07132,Female,36,13,Tier-2 Private,HR,Talent Acquisition Specialist,4,Chandigarh,3.5,3.3,18,8.3,15.03
EMP07133,Male,32,5,Distance Learning,Marketing,Marketing Executive,2,Mysore,3.4,,20,16.9,8.14
EMP07134,Male,50,25,IIIT,Engineering,Principal Engineer,6,Ranchi,3.8,3.5,3,13.7,50.0
EMP07135,Male,31,5,State University,Marketing,Digital Marketing Manager,3,Kolkata,2.8,3.2,20,24.2,9.92
EMP07136,Female,28,2,Other,Data Science,Data Analyst,1,Patna,3.6,3.7,71,14.9,5.29
EMP07137,Male,24,1,Tier-2 Private,Customer Support,Customer Support Executive,1,Jaipur,4.2,3.2,26,7.9,5.78
EMP07138,Male,26,1,NIT,Legal,Legal Associate,1,Mysore,3.6,3.4,17,12.5,5.42
EMP07139,Female,29,4,Tier-2 Private,Data Science,Data Scientist,2,Patna,2.7,3.3,4,8.5,6.44
EMP07140,Male,29,5,Tier-2 Private,Marketing,Brand Manager,2,Ranchi,2.7,3.8,1,12.3,7.93
EMP07141,Male,34,9,Other,Operations,Operations Manager,3,Indore,4.5,,1,7.5,11.98
EMP07142,Female,29,5,Tier-2 Private,Marketing,Brand Manager,2,Visakhapatnam,3.4,3.6,7,23.8,8.72
EMP07143,Female,32,10,Other,Data Science,ML Engineer,4,Ahmedabad,2.4,3.0,8,9.4,16.37
EMP07144,Male,28,6,Tier-2 Private,Sales,Senior Account Manager,2,Surat,2.7,4.0,5,22.0,8.71
EMP07145,Female,30,6,Central University,Customer Support,Customer Success Manager,2,Delhi,2.2,4.9,6,8.2,7.9
EMP07146,Female,31,4,Central University,Legal,Legal Manager,2,Kolkata,2.2,2.7,38,13.0,6.73
EMP07147,Male,39,16,Distance Learning,Finance,Accounts Manager,5,Pune,3.7,3.6,4,12.9,32.4
EMP07148,Female,27,2,Tier-2 Private,Legal,Legal Associate,2,Mumbai,3.0,3.0,22,9.9,7.53
EMP07149,Female,29,7,Tier-2 Private,Legal,Compliance Officer,3,Coimbatore,2.5,,15,8.1,8.29
EMP07150,Female,30,5,Diploma,Legal,Senior Legal Counsel,2,Bhopal,4.5,2.5,3,8.2,6.57
EMP07151,Male,33,10,Distance Learning,Legal,Senior Legal Counsel,3,Bangalore,3.3,3.7,1,10.8,16.03
EMP07152,Female,29,5,State University,Product,Senior Product Manager,2,Chennai,3.5,,21,12.4,7.19
EMP07153,Female,32,6,Other,HR,HR Business Partner,2,Kolkata,4.1,4.5,12,9.0,8.84
EMP07154,Male,29,5,Distance Learning,Operations,Operations Manager,2,Indore,2.3,3.8,20,5.9,9.59
EMP07155,Female,43,16,Diploma,Legal,Company Secretary,4,Pune,2.5,2.4,16,10.0,20.17
EMP07156,Female,28,6,Tier-2 Private,Data Science,Data Scientist,2,Pune,3.5,,1,11.5,10.34
EMP07157,Female,46,24,Other,Engineering,DevOps Engineer,6,Mumbai,1.0,3.4,9,14.1,36.97
EMP07158,Female,30,7,"Top Private (ISB, XLRI, SP Jain)",Customer Support,Support Team Lead,2,Indore,5.0,2.5,18,9.8,8.34
EMP07159,Male,29,6,Distance Learning,Operations,Operations Executive,2,Mumbai,3.8,3.6,3,9.4,11.6
EMP07160,Male,29,5,IIT,Product,Product Manager,2,Ahmedabad,3.4,3.8,3,10.6,10.25
EMP07161,Female,35,8,Central University,Customer Support,Support Manager,4,Guwahati,3.9,4.8,12,6.7,10.21
EMP07162,Male,27,4,Tier-2 Private,Finance,Financial Analyst,1,Chennai,4.0,2.8,11,12.5,8.04
EMP07163,Male,30,6,Other,Operations,Operations Manager,2,Ahmedabad,3.8,3.9,10,5.0,9.21
EMP07164,Female,28,6,Central University,Customer Support,Support Team Lead,3,Guwahati,4.2,2.5,4,7.0,9.73
EMP07165,Female,33,7,Distance Learning,Legal,Senior Legal Counsel,2,Guwahati,4.4,3.1,18,10.4,9.02
EMP07166,Male,32,7,State University,Operations,Operations Executive,1,Surat,4.9,2.9,6,6.5,7.86
EMP07167,Female,30,8,Diploma,HR,HR Manager,3,Hyderabad,2.8,4.3,7,10.4,10.27
EMP07168,Male,30,6,Distance Learning,Product,Senior Product Manager,3,Pune,2.5,4.5,20,14.3,13.05
EMP07169,Male,41,18,Central University,Data Science,Analytics Manager,6,Raipur,2.5,,8,13.7,36.09
EMP07170,Male,32,8,State University,Engineering,Staff Engineer,4,Hyderabad,3.7,3.2,19,8.1,18.39
EMP07171,Male,53,30,State University,Engineering,Engineering Manager,6,Delhi,2.0,3.0,1,12.0,50.0
EMP07172,Male,32,6,Central University,Marketing,Digital Marketing Manager,3,Mumbai,2.4,3.6,24,19.8,12.05
EMP07173,Female,33,11,Tier-2 Private,Finance,Financial Analyst,2,Delhi,3.9,4.6,19,17.4,10.57
EMP07174,Female,28,3,State University,HR,HR Manager,1,Visakhapatnam,3.1,4.0,11,10.8,5.57
EMP07175,Male,42,16,IIIT,HR,Learning & Development Manager,5,Indore,3.4,5.0,18,11.8,37.55
EMP07176,Male,25,3,BITS,Operations,Operations Executive,1,Pune,4.8,3.4,7,8.6,8.77
EMP07177,Male,35,8,Tier-2 Private,Data Science,Senior Data Scientist,3,Mumbai,4.3,3.6,15,14.3,18.19
EMP07178,Female,31,5,Tier-2 Private,Data Science,Data Scientist,2,Kochi,3.7,3.8,2,13.6,9.42
EMP07179,Female,31,8,IIT,Data Science,Data Scientist,2,Ranchi,2.7,3.3,13,8.0,9.67
EMP07180,Male,29,5,IIT,Sales,Account Manager,1,Patna,3.3,3.6,10,15.9,10.96
EMP07181,Male,29,3,Central University,Customer Support,Customer Support Executive,1,Chennai,2.8,2.9,2,7.9,7.1
EMP07182,Male,30,5,Tier-2 Private,Finance,Controller,3,Delhi,3.3,3.0,24,17.5,11.77
EMP07183,Female,43,17,Central University,Data Science,Lead Data Scientist,5,Guwahati,2.7,4.9,68,8.3,23.9
EMP07184,Male,35,8,Other,Customer Support,Customer Success Manager,3,Delhi,3.5,,1,8.6,11.59
EMP07185,Male,26,2,IIT,Product,Associate Product Manager,2,Chennai,3.2,,25,15.0,11.37
EMP07186,Male,35,13,Diploma,Operations,Logistics Manager,5,Delhi,2.7,2.4,27,7.4,19.85
EMP07187,Male,27,3,IIM,Legal,Legal Associate,1,Delhi,2.5,3.6,4,14.5,8.25
EMP07188,Male,35,10,Tier-2 Private,Customer Support,Customer Success Manager,4,Guwahati,4.8,2.9,2,5.8,11.7
EMP07189,Male,34,8,Other,Product,Group Product Manager,3,Kolkata,2.9,3.5,5,18.7,17.37
EMP07190,Female,32,9,NIT,Engineering,Engineering Manager,4,Hyderabad,4.3,,18,10.2,18.36
EMP07191,Male,49,22,"Top Private (ISB, XLRI, SP Jain)",Marketing,Growth Manager,6,Jaipur,3.4,3.4,23,14.1,50.0
EMP07192,Male,25,3,IIIT,Customer Support,Support Team Lead,1,Bangalore,3.5,4.9,47,7.6,7.84
EMP07193,Male,34,9,IIT,Marketing,Brand Manager,3,Thiruvananthapuram,3.6,3.8,18,17.2,15.09
EMP07194,Male,38,14,BITS,Legal,Compliance Officer,5,Bangalore,3.2,3.7,2,9.9,28.07
EMP07195,Female,29,3,Tier-2 Private,Legal,Legal Associate,1,Pune,3.5,3.1,2,14.8,5.77
EMP07196,Female,26,3,Diploma,HR,HR Executive,1,Ranchi,3.9,2.7,2,6.0,6.08
EMP07197,Male,31,4,Central University,Legal,Senior Legal Counsel,3,Bangalore,2.4,,35,9.3,11.94
EMP07198,Female,29,7,IIM,Customer Support,Customer Support Executive,2,Hyderabad,3.3,3.6,39,9.3,10.76
EMP07199,Female,28,2,Tier-2 Private,Operations,Supply Chain Analyst,2,Lucknow,3.5,2.8,9,5.7,5.97
EMP07200,Female,32,8,"Top Private (ISB, XLRI, SP Jain)",Sales,Senior Account Manager,3,Hyderabad,4.0,3.1,44,25.0,15.17
EMP07201,Male,27,2,IIM,Marketing,Marketing Manager,1,Delhi,3.1,3.4,5,19.1,8.96
EMP07202,Male,37,14,State University,Customer Support,Customer Success Manager,4,Visakhapatnam,3.3,4.8,6,5.8,19.08
EMP07203,Male,32,8,State University,Finance,FP&A Analyst,4,Kochi,4.1,3.7,6,15.5,19.37
EMP07204,Female,47,23,"Top Private (ISB, XLRI, SP Jain)",Sales,Business Development Manager,6,Jaipur,2.2,3.5,30,33.9,45.87
EMP07205,Female,32,9,Tier-2 Private,Customer Support,Support Team Lead,3,Delhi,4.4,2.7,26,6.7,8.46
EMP07206,Male,26,4,Central University,Customer Support,Support Team Lead,2,Nagpur,2.8,3.0,11,7.8,7.15
EMP07207,Male,27,3,Tier-2 Private,Legal,Legal Associate,2,Mysore,4.3,2.9,5,13.6,6.79
EMP07208,Male,31,7,State University,Data Science,Senior Data Scientist,2,Dehradun,4.5,3.5,2,9.3,12.92
EMP07209,Male,31,5,Distance Learning,Customer Support,Support Team Lead,3,Chandigarh,3.2,2.4,3,6.8,10.79
EMP07210,Female,37,13,Other,Data Science,Lead Data Scientist,4,Visakhapatnam,4.3,,14,10.6,18.45
EMP07211,Male,28,3,State University,Product,Product Manager,1,Chandigarh,3.2,3.9,1,11.6,7.32
EMP07212,Female,48,24,Other,HR,Compensation Analyst,5,Vadodara,2.9,2.4,27,9.7,28.01
EMP07213,Female,38,14,Distance Learning,Data Science,ML Engineer,4,Delhi,3.8,3.1,1,13.1,21.03
EMP07214,Female,31,5,Distance Learning,Sales,Senior Account Manager,2,Kolkata,4.2,,26,24.8,11.42
EMP07215,Female,47,21,State University,Customer Support,Customer Success Manager,5,Chennai,2.7,3.3,31,7.2,26.81
EMP07216,Male,30,3,IIT,Product,Associate Product Manager,1,Raipur,2.1,2.7,19,13.3,7.29
EMP07217,Female,30,6,IIIT,Finance,Controller,3,Ranchi,3.6,4.1,41,12.9,10.96
EMP07218,Female,24,2,Other,Marketing,Marketing Manager,1,Hyderabad,4.8,4.0,14,20.6,6.73
EMP07219,Male,47,22,Distance Learning,Engineering,DevOps Engineer,6,Dehradun,3.5,4.5,21,12.7,50.0
EMP07220,Male,25,1,Tier-2 Private,Data Science,Data Scientist,1,Chandigarh,4.5,,25,12.9,7.67
EMP07221,Male,24,2,Other,Customer Support,Support Team Lead,2,Ranchi,4.4,5.0,10,8.0,7.7
EMP07222,Male,30,3,Tier-2 Private,Customer Support,Support Team Lead,1,Patna,4.2,3.8,7,7.9,6.07
EMP07223,Male,40,15,Other,HR,HR Business Partner,4,Bangalore,3.3,3.5,19,11.9,34.3
EMP07224,Male,36,11,Other,Sales,Senior Account Manager,4,Bangalore,3.0,3.8,1,22.9,20.21
EMP07225,Female,31,6,"Top Private (ISB, XLRI, SP Jain)",Engineering,Software Engineer,2,Hyderabad,3.6,3.9,25,9.8,12.41
EMP07226,Male,39,12,Central University,Engineering,Principal Engineer,5,Lucknow,2.6,,24,9.2,26.27
EMP07227,Male,31,5,BITS,Legal,Legal Associate,2,Jaipur,4.2,3.0,39,11.0,9.31
EMP07228,Male,34,8,Central University,Engineering,Senior Software Engineer,3,Chandigarh,3.2,3.4,2,11.0,11.97
EMP07229,Male,45,19,IIM,Sales,Sales Manager,5,Coimbatore,3.4,3.1,2,17.4,37.36
EMP07230,Female,31,5,Central University,Customer Support,Customer Success Manager,2,Jaipur,3.3,,57,8.9,4.84
EMP07231,Male,29,3,Distance Learning,Sales,Account Manager,2,Bangalore,2.9,3.8,9,18.5,10.61
EMP07232,Male,30,8,NIT,Finance,Controller,3,Ranchi,3.0,4.3,5,10.7,13.44
EMP07233,Male,34,10,Central University,HR,Compensation Analyst,4,Indore,3.8,3.0,8,8.1,18.2
EMP07234,Male,29,6,Central University,Operations,Operations Manager,2,Guwahati,2.6,3.1,15,8.7,7.19
EMP07235,Female,39,12,Diploma,Marketing,Marketing Manager,3,Kolkata,2.6,2.8,16,14.0,9.96
EMP07236,Female,30,5,State University,Customer Support,Customer Success Manager,2,Pune,2.8,4.0,40,6.3,6.23
EMP07237,Male,31,6,"Top Private (ISB, XLRI, SP Jain)",Engineering,Software Engineer,2,Mumbai,3.5,3.2,2,12.8,14.55
EMP07238,Female,32,7,Tier-2 Private,Customer Support,Customer Success Manager,2,Kolkata,2.2,,11,7.1,7.86
EMP07239,Male,33,7,Distance Learning,Legal,Legal Associate,1,Visakhapatnam,2.9,3.7,38,14.6,7.95
EMP07240,Female,44,18,NIT,Engineering,Principal Engineer,5,Jaipur,1.6,3.0,2,14.6,22.23
EMP07241,Male,30,7,Diploma,HR,HR Business Partner,2,Hyderabad,2.2,2.9,14,5.4,9.64
EMP07242,Male,31,4,"Top Private (ISB, XLRI, SP Jain)",Operations,Operations Executive,2,Kolkata,3.1,3.6,1,5.7,11.51
EMP07243,Female,34,8,Tier-2 Private,Customer Support,Support Manager,3,Indore,3.7,3.4,16,6.3,12.62
EMP07244,Female,35,12,State University,Customer Support,Customer Success Manager,4,Ranchi,3.6,3.1,8,7.2,18.18
EMP07245,Male,35,10,State University,Marketing,Marketing Manager,2,Hyderabad,3.5,3.5,26,15.2,13.32
EMP07246,Female,34,10,IIM,Data Science,Lead Data Scientist,4,Jaipur,3.0,2.1,20,10.0,15.36
EMP07247,Female,26,2,Tier-2 Private,Legal,Legal Associate,1,Hyderabad,4.4,2.6,24,13.0,6.08
EMP07248,Male,28,1,Distance Learning,Operations,Operations Manager,1,Jaipur,3.1,3.8,8,6.2,5.24
EMP07249,Female,37,14,Tier-2 Private,HR,HR Business Partner,4,Coimbatore,2.3,3.8,17,9.5,18.49
EMP07250,Female,35,8,BITS,Sales,Senior Account Manager,3,Jaipur,4.6,2.8,1,32.4,14.15
EMP07251,Male,30,5,Diploma,Engineering,Senior Software Engineer,2,Ahmedabad,2.8,4.9,18,8.1,9.93
EMP07252,Male,35,9,State University,Engineering,Senior Software Engineer,3,Lucknow,3.3,3.4,1,13.6,16.77
EMP07253,Female,49,23,Tier-2 Private,Marketing,Growth Manager,6,Dehradun,4.3,,22,14.3,44.14
EMP07254,Female,41,16,Distance Learning,Finance,Controller,5,Kolkata,3.0,3.4,7,17.0,20.64
EMP07255,Male,34,11,Other,Data Science,Data Scientist,3,Chennai,4.4,3.8,3,11.5,22.43
EMP07256,Male,30,3,Central University,Product,Product Manager,1,Pune,3.6,3.6,11,17.8,8.36
EMP07257,Male,28,3,NIT,Marketing,Marketing Manager,1,Surat,3.9,,11,15.8,6.61
EMP07258,Female,25,1,Tier-2 Private,Engineering,Software Engineer,1,Hyderabad,3.7,3.7,5,11.3,4.98
EMP07259,Female,32,9,Tier-2 Private,Sales,Sales Manager,3,Mumbai,3.3,4.2,4,30.2,12.72
EMP07260,Male,35,13,Other,Engineering,Engineering Manager,5,Bangalore,4.7,2.9,28,10.4,34.68
EMP07261,Female,36,13,Distance Learning,Operations,Logistics Manager,4,Pune,4.1,2.7,1,6.6,22.13
EMP07262,Female,31,9,Tier-2 Private,Finance,Controller,3,Indore,2.1,3.4,30,11.4,9.16
EMP07263,Male,32,5,BITS,Data Science,Senior Data Scientist,3,Chandigarh,3.1,4.2,21,10.3,16.62
EMP07264,Male,28,4,State University,HR,HR Executive,2,Hyderabad,4.1,,36,10.6,11.27
EMP07265,Male,28,3,Diploma,Operations,Operations Executive,1,Mumbai,1.6,3.7,11,9.9,5.93
EMP07266,Male,31,5,Diploma,Customer Support,Support Team Lead,2,Guwahati,2.8,,2,5.0,9.14
EMP07267,Male,30,3,Central University,Marketing,Marketing Executive,1,Lucknow,4.3,,75,14.1,6.05
EMP07268,Female,44,20,IIT,Customer Support,Customer Success Manager,6,Ranchi,3.7,3.7,21,8.2,46.58
EMP07269,Female,24,2,Distance Learning,Marketing,Marketing Manager,1,Delhi,3.1,3.4,6,18.9,5.1
EMP07270,Male,30,5,Distance Learning,Legal,Senior Legal Counsel,2,Jaipur,4.1,3.8,11,14.6,8.94
EMP07271,Female,28,1,Diploma,Product,Associate Product Manager,1,Bangalore,5.0,3.8,2,12.5,6.1
EMP07272,Female,31,7,Other,Sales,Sales Manager,3,Delhi,2.7,2.7,6,16.9,9.9
EMP07273,Male,28,6,IIT,Product,Associate Product Manager,1,Chennai,2.5,2.7,7,10.3,8.7
EMP07274,Male,30,4,IIIT,Engineering,Senior Software Engineer,3,Pune,4.9,4.0,5,11.0,18.9
EMP07275,Female,28,3,Central University,Data Science,Data Analyst,1,Patna,4.3,3.3,3,9.9,6.15
EMP07276,Female,28,6,Distance Learning,Marketing,Brand Manager,3,Hyderabad,3.3,4.6,96,16.2,10.5
EMP07277,Male,26,4,IIM,Data Science,Data Scientist,2,Mumbai,3.5,2.6,48,12.6,10.59
EMP07278,Female,30,5,Central University,Sales,Account Manager,2,Coimbatore,4.2,3.9,11,26.7,8.67
EMP07279,Female,45,23,Central University,Engineering,Lead Engineer,5,Mysore,4.2,2.6,4,10.3,37.39
EMP07280,Female,29,6,Distance Learning,Customer Support,Support Manager,3,Mysore,4.2,3.4,19,7.2,8.94
EMP07281,Female,31,8,Other,Finance,Controller,3,Bangalore,2.8,3.8,96,12.6,10.84
EMP07282,Male,28,4,"Top Private (ISB, XLRI, SP Jain)",Marketing,Marketing Manager,2,Mysore,3.3,3.6,14,18.1,8.4
EMP07283,Male,29,3,NIT,Sales,Sales Executive,1,Bangalore,5.0,3.7,39,15.6,9.2
EMP07284,Male,29,5,State University,Sales,Account Manager,1,Lucknow,4.0,3.5,1,24.7,8.03
EMP07285,Female,57,30,Diploma,Legal,Company Secretary,6,Guwahati,4.8,3.3,9,9.6,50.0
EMP07286,Female,29,4,NIT,Customer Support,Support Team Lead,2,Guwahati,3.7,2.4,25,6.7,6.68
EMP07287,Female,31,7,Tier-2 Private,Finance,Senior Financial Analyst,3,Bangalore,3.1,2.7,1,15.5,8.3
EMP07288,Male,28,3,Diploma,Operations,Operations Executive,1,Dehradun,2.7,3.6,12,7.9,6.06
EMP07289,Male,22,0,State University,Operations,Operations Executive,1,Coimbatore,3.2,3.6,7,8.4,5.36
EMP07290,Male,30,3,IIT,Sales,Sales Executive,1,Mumbai,4.5,3.5,2,33.4,7.98
EMP07291,Male,53,30,"Top Private (ISB, XLRI, SP Jain)",Product,Director of Product,6,Ranchi,3.6,2.8,25,19.3,50.0
EMP07292,Male,36,9,Central University,Customer Support,Support Manager,4,Ranchi,2.3,4.3,1,7.1,13.16
EMP07293,Female,44,19,Diploma,Product,Product Analyst,5,Jaipur,2.7,3.5,1,19.1,20.81
EMP07294,Male,27,4,Other,Sales,Account Manager,3,Patna,5.0,3.8,1,29.1,10.84
EMP07295,Female,25,1,Tier-2 Private,Legal,Senior Legal Counsel,1,Kochi,2.8,,1,11.4,5.68
EMP07296,Female,24,2,Other,Data Science,Data Scientist,1,Thiruvananthapuram,3.7,2.6,38,10.3,5.09
EMP07297,Female,32,7,Central University,HR,HR Manager,3,Coimbatore,4.2,2.2,15,5.1,8.04
EMP07298,Male,29,7,Other,Customer Support,Customer Success Manager,2,Kochi,3.3,3.6,32,7.8,7.98
EMP07299,Female,31,6,State University,Data Science,Data Analyst,2,Bangalore,1.6,2.8,66,13.7,11.06
EMP07300,Female,27,4,State University,Legal,Senior Legal Counsel,1,Hyderabad,2.5,2.9,1,11.1,5.96
EMP07301,Male,33,11,Tier-2 Private,Legal,Senior Legal Counsel,3,Kolkata,2.7,4.1,26,13.5,17.38
EMP07302,Female,27,4,State University,Product,Associate Product Manager,1,Ranchi,2.4,3.2,18,15.5,5.26
EMP07303,Female,29,7,Diploma,Sales,Account Manager,2,Kolkata,4.6,3.8,3,33.6,7.17
EMP07304,Male,33,6,Diploma,Customer Support,Customer Support Executive,1,Mumbai,4.1,,2,5.1,6.22
EMP07305,Male,31,4,Central University,Finance,Finance Manager,2,Pune,4.5,3.4,9,15.9,9.09
EMP07306,Male,30,3,IIIT,Engineering,Software Engineer,1,Patna,2.8,3.5,44,9.8,6.62
EMP07307,Male,30,4,Central University,Product,Product Manager,2,Guwahati,3.3,2.3,7,18.5,7.46
EMP07308,Female,45,22,Distance Learning,Customer Support,Support Manager,6,Bangalore,4.3,2.8,25,6.5,37.07
EMP07309,Male,39,13,NIT,Customer Support,Support Manager,4,Lucknow,2.1,4.5,3,6.4,22.82
EMP07310,Male,38,12,IIT,Legal,Compliance Officer,4,Indore,5.0,3.1,1,10.5,30.87
EMP07311,Male,26,3,Other,HR,HR Manager,1,Hyderabad,4.4,3.7,6,8.1,7.01
EMP07312,Male,29,2,BITS,Product,Associate Product Manager,1,Mumbai,3.8,3.1,4,11.6,8.03
EMP07313,Male,40,13,Distance Learning,Operations,Logistics Manager,5,Pune,3.0,3.1,25,9.2,26.29
EMP07314,Female,35,11,Tier-2 Private,Legal,Senior Legal Counsel,2,Mumbai,2.4,3.5,1,8.1,10.37
EMP07315,Male,31,6,State University,Legal,Legal Associate,1,Pune,4.0,2.8,19,8.6,8.96
EMP07316,Male,31,4,State University,Engineering,Staff Engineer,2,Mumbai,4.7,4.1,4,9.5,12.85
EMP07317,Female,25,2,"Top Private (ISB, XLRI, SP Jain)",Sales,Sales Executive,1,Raipur,3.8,3.8,23,29.9,5.91
EMP07318,Female,38,11,State University,Customer Support,Support Team Lead,3,Kochi,4.0,3.7,10,6.2,13.02
EMP07319,Male,36,13,State University,Data Science,Lead Data Scientist,4,Mumbai,4.0,,14,9.4,24.94
EMP07320,Male,30,3,Central University,Operations,Operations Executive,1,Bangalore,3.6,3.6,4,5.3,8.08
EMP07321,Male,26,3,Diploma,Operations,Operations Manager,1,Delhi,3.9,4.9,5,5.1,5.12
EMP07322,Male,40,14,Distance Learning,HR,Compensation Analyst,4,Hyderabad,4.7,2.3,1,8.3,23.42
EMP07323,Male,28,3,NIT,Sales,Account Manager,1,Kolkata,4.0,4.7,6,25.4,9.52
EMP07324,Female,45,21,Tier-2 Private,Customer Support,Support Manager,6,Bangalore,3.6,1.5,5,5.8,29.24
EMP07325,Female,29,5,Tier-2 Private,Operations,Supply Chain Analyst,2,Hyderabad,2.9,,4,5.6,8.61
EMP07326,Male,27,4,IIM,Engineering,Senior Software Engineer,1,Coimbatore,4.2,2.4,14,13.9,6.88
EMP07327,Female,32,6,State University,HR,Talent Acquisition Specialist,3,Guwahati,3.6,3.4,1,5.3,6.79
EMP07328,Male,31,4,Tier-2 Private,HR,HR Business Partner,2,Bangalore,3.6,,8,5.9,9.97
EMP07329,Male,38,13,Central University,Product,Product Manager,3,Delhi,3.9,2.7,22,11.6,13.78
EMP07330,Male,34,11,Tier-2 Private,Sales,Key Account Manager,4,Delhi,3.5,5.0,37,18.5,22.2
EMP07331,Male,38,12,Other,HR,Compensation Analyst,4,Chennai,3.8,2.8,22,9.6,24.19
EMP07332,Female,30,6,BITS,Data Science,Data Scientist,1,Pune,3.7,3.5,1,12.6,8.09
EMP07333,Male,31,4,"Top Private (ISB, XLRI, SP Jain)",Sales,Sales Executive,2,Chennai,3.2,2.9,33,23.6,9.12
EMP07334,Female,29,6,Other,Engineering,Senior Software Engineer,1,Raipur,4.2,4.2,51,14.9,7.5
EMP07335,Male,29,4,Central University,Legal,Senior Legal Counsel,1,Kochi,1.4,4.8,70,14.2,5.14
EMP07336,Female,40,16,Distance Learning,Operations,Logistics Manager,5,Thiruvananthapuram,4.0,3.0,8,8.8,21.52
EMP07337,Female,39,12,Central University,Customer Support,Customer Success Manager,3,Ahmedabad,2.7,4.4,8,5.4,11.4
EMP07338,Male,27,5,IIM,Finance,Senior Financial Analyst,1,Bhopal,4.4,3.8,1,13.0,7.26
EMP07339,Male,28,3,State University,Product,Associate Product Manager,1,Kolkata,2.0,3.4,39,12.1,6.91
EMP07340,Female,43,17,BITS,Marketing,Digital Marketing Manager,5,Pune,3.1,,21,18.6,26.42
EMP07341,Male,30,6,State University,Legal,Senior Legal Counsel,2,Nagpur,3.8,3.1,38,9.8,10.57
EMP07342,Male,30,5,State University,Operations,Operations Manager,1,Mysore,3.4,4.2,9,6.3,8.76
EMP07343,Female,40,17,Tier-2 Private,Marketing,Content Strategist,5,Bhopal,2.9,2.8,30,14.9,20.44
EMP07344,Male,28,4,Distance Learning,Finance,Senior Financial Analyst,1,Chennai,4.4,4.1,38,14.4,8.04
EMP07345,Male,31,4,Central University,Sales,Account Manager,2,Bhopal,2.4,,1,25.4,7.22
EMP07346,Male,29,5,Tier-2 Private,Product,Senior Product Manager,2,Indore,3.6,4.7,1,15.9,9.72
EMP07347,Male,25,2,NIT,Engineering,Senior Software Engineer,1,Bangalore,3.0,,2,9.3,10.32
EMP07348,Male,32,7,Other,Product,Product Manager,3,Hyderabad,4.1,2.4,3,19.0,16.6
EMP07349,Male,27,3,Central University,Product,Associate Product Manager,1,Jaipur,3.0,2.7,17,18.0,5.72
EMP07350,Male,30,4,NIT,Data Science,Data Scientist,2,Chandigarh,3.5,3.9,8,10.1,11.33
EMP07351,Male,25,3,State University,Finance,Financial Analyst,1,Dehradun,3.3,3.6,1,15.4,6.12
EMP07352,Male,31,4,Central University,Sales,Sales Executive,1,Ranchi,3.4,3.6,7,34.7,6.9
EMP07353,Female,29,3,Tier-2 Private,Product,Associate Product Manager,2,Indore,3.6,3.8,13,14.0,5.22
EMP07354,Male,34,7,IIM,Data Science,Senior Data Scientist,2,Bangalore,3.5,2.8,8,11.2,11.27
EMP07355,Male,29,5,State University,Finance,Controller,3,Bangalore,3.5,3.1,6,10.1,12.5
EMP07356,Male,30,6,Distance Learning,Customer Support,Support Team Lead,1,Jaipur,2.9,3.3,1,9.4,7.47
EMP07357,Female,54,30,Central University,Customer Support,Support Manager,6,Delhi,3.7,3.4,4,7.9,50.0
EMP07358,Male,32,5,Central University,Engineering,Senior Software Engineer,1,Coimbatore,2.6,3.0,1,14.0,6.52
EMP07359,Male,31,9,Central University,Engineering,Staff Engineer,3,Pune,3.8,3.3,19,9.8,17.98
EMP07360,Female,35,10,Other,Finance,Finance Manager,3,Mumbai,3.5,2.9,1,10.8,11.58
EMP07361,Male,28,5,BITS,Data Science,Data Analyst,1,Delhi,1.7,2.5,9,13.5,8.15
EMP07362,Female,32,7,BITS,Legal,Senior Legal Counsel,3,Surat,3.7,,5,9.2,9.07
EMP07363,Female,33,6,IIT,Data Science,Data Analyst,2,Jaipur,4.9,3.6,12,14.7,13.32
EMP07364,Female,32,6,Diploma,Engineering,Lead Engineer,3,Pune,3.4,2.5,5,11.5,10.15
EMP07365,Male,26,4,Central University,Product,Senior Product Manager,2,Kolkata,3.6,,5,11.4,11.77
EMP07366,Male,28,4,State University,HR,HR Manager,2,Chennai,2.9,3.3,33,11.9,8.73
EMP07367,Male,28,6,Tier-2 Private,Data Science,Data Scientist,3,Mysore,5.0,3.1,29,8.2,10.9
EMP07368,Female,25,1,BITS,Product,Associate Product Manager,2,Pune,5.0,2.0,26,12.9,8.28
EMP07369,Female,40,17,BITS,HR,Compensation Analyst,5,Chennai,4.9,1.9,1,11.4,30.28
EMP07370,Female,53,27,Distance Learning,Customer Support,Support Manager,6,Bangalore,5.0,4.0,6,7.7,42.38
EMP07371,Male,31,6,Central University,Legal,Legal Manager,3,Kolkata,2.8,3.0,15,14.4,14.86
EMP07372,Female,32,9,Tier-2 Private,Product,Senior Product Manager,4,Hyderabad,2.5,,33,18.6,14.34
EMP07373,Male,39,12,Distance Learning,Product,Group Product Manager,4,Mysore,5.0,4.0,58,20.0,25.72
EMP07374,Female,28,2,Tier-2 Private,Engineering,Software Engineer,2,Kochi,3.4,4.4,11,11.6,7.49
EMP07375,Male,36,11,Other,Product,Product Manager,2,Kolkata,2.8,3.8,9,14.0,12.31
EMP07376,Male,28,4,State University,Operations,Operations Manager,2,Chennai,3.9,3.1,2,6.5,8.77
EMP07377,Male,53,30,Other,HR,Compensation Analyst,6,Kolkata,2.6,4.0,26,5.7,50.0
EMP07378,Female,30,5,Tier-2 Private,Finance,Senior Financial Analyst,2,Hyderabad,3.7,1.8,18,16.3,8.54
EMP07379,Male,37,11,Distance Learning,Engineering,Lead Engineer,4,Bangalore,2.8,4.2,49,14.7,22.64
EMP07380,Male,32,5,State University,Customer Support,Customer Success Manager,2,Mumbai,4.2,4.9,7,7.8,11.76
EMP07381,Male,54,28,NIT,Finance,Accounts Manager,5,Pune,2.8,,51,14.7,50.0
EMP07382,Male,26,4,State University,Customer Support,Support Manager,3,Hyderabad,2.6,3.4,4,7.3,12.38
EMP07383,Female,40,13,IIIT,Sales,Sales Manager,4,Hyderabad,2.7,3.4,6,26.8,22.5
EMP07384,Male,32,9,Central University,Sales,Account Manager,3,Bhopal,3.8,3.3,19,17.0,16.0
EMP07385,Male,30,8,Distance Learning,Marketing,Marketing Manager,3,Indore,3.0,3.5,7,12.6,16.58
EMP07386,Female,32,7,Distance Learning,Data Science,Data Analyst,2,Hyderabad,4.2,2.7,13,8.7,9.01
EMP07387,Male,27,3,BITS,Product,Associate Product Manager,1,Kochi,3.5,3.2,18,10.6,7.29
EMP07388,Male,22,0,Diploma,Operations,Operations Executive,1,Mumbai,4.0,5.0,6,6.0,8.72
EMP07389,Male,35,12,IIM,HR,Talent Acquisition Specialist,4,Hyderabad,2.7,,64,9.9,24.76
EMP07390,Male,27,4,Distance Learning,Engineering,Senior Software Engineer,2,Kochi,3.4,1.8,6,14.1,8.56
EMP07391,Male,37,13,Central University,Legal,Legal Manager,4,Pune,3.5,3.2,28,9.5,21.63
EMP07392,Male,33,7,"Top Private (ISB, XLRI, SP Jain)",Engineering,Lead Engineer,3,Chandigarh,2.9,3.3,15,8.2,15.43
EMP07393,Male,40,14,IIM,Marketing,Digital Marketing Manager,4,Mumbai,3.1,4.7,1,24.6,25.6
EMP07394,Female,32,10,Tier-2 Private,Data Science,Data Scientist,3,Hyderabad,3.8,4.3,2,9.1,12.97
EMP07395,Female,24,1,Other,Data Science,Data Analyst,1,Indore,2.1,3.4,14,13.5,5.01
EMP07396,Female,34,9,Central University,Marketing,Marketing Executive,2,Kochi,3.1,2.5,3,24.0,8.46
EMP07397,Male,30,4,Central University,Finance,Finance Manager,2,Patna,3.4,3.8,50,15.9,9.06
EMP07398,Male,35,13,Tier-2 Private,Marketing,Marketing Manager,3,Pune,2.5,3.0,59,13.2,14.81
EMP07399,Female,33,9,"Top Private (ISB, XLRI, SP Jain)",Customer Support,Support Manager,4,Thiruvananthapuram,1.8,3.5,18,9.3,10.37
EMP07400,Female,31,9,Diploma,Sales,Senior Account Manager,4,Kolkata,3.4,4.0,16,27.6,16.5
EMP07401,Male,28,4,State University,Finance,Finance Manager,2,Patna,2.7,3.2,23,12.9,8.13
EMP07402,Male,27,3,State University,HR,HR Executive,1,Delhi,2.1,3.7,38,9.0,8.6
EMP07403,Male,27,4,Tier-2 Private,Finance,Senior Financial Analyst,2,Bhopal,2.8,4.1,5,17.0,8.62
EMP07404,Male,28,1,IIT,Product,Product Manager,2,Raipur,3.7,3.9,2,16.7,9.15
EMP07405,Male,30,4,Other,Marketing,Marketing Manager,3,Hyderabad,3.8,,5,22.1,9.19
EMP07406,Male,27,2,State University,Data Science,Data Scientist,1,Bangalore,3.3,3.6,12,14.0,7.03
EMP07407,Female,28,2,State University,Product,Associate Product Manager,1,Ahmedabad,4.4,,3,12.4,4.71
EMP07408,Male,29,6,State University,HR,HR Manager,1,Delhi,4.0,3.8,1,10.1,8.98
EMP07409,Female,35,8,Tier-2 Private,Sales,Senior Account Manager,3,Mumbai,2.5,3.9,17,29.5,8.84
EMP07410,Male,29,5,BITS,Operations,Operations Executive,2,Vadodara,3.0,3.9,13,9.0,8.96
EMP07411,Female,28,4,Tier-2 Private,Customer Support,Customer Support Executive,2,Mysore,1.8,3.5,21,6.8,5.6
EMP07412,Female,28,3,Distance Learning,Product,Associate Product Manager,1,Dehradun,4.6,3.5,19,18.5,4.66
EMP07413,Male,29,4,Diploma,Data Science,Data Scientist,2,Surat,3.1,4.0,13,8.9,8.8
EMP07414,Female,28,3,State University,Operations,Operations Manager,2,Lucknow,5.0,2.7,57,8.8,6.03
EMP07415,Female,31,5,State University,HR,HR Business Partner,3,Chandigarh,3.1,2.8,1,6.1,8.65
EMP07416,Female,25,2,State University,Legal,Legal Associate,1,Indore,3.3,,1,8.7,4.97
EMP07417,Male,35,9,IIM,Data Science,ML Engineer,4,Chennai,4.0,4.5,63,13.7,31.14
EMP07418,Female,27,4,Distance Learning,Product,Product Manager,2,Chennai,4.9,3.7,15,14.0,6.57
EMP07419,Male,30,7,State University,Marketing,Marketing Manager,3,Indore,5.0,4.1,55,20.4,16.93
EMP07420,Male,35,11,Central University,Legal,Company Secretary,4,Mysore,3.5,3.4,8,12.3,14.98
EMP07421,Male,32,7,NIT,Data Science,Data Analyst,1,Bangalore,3.4,3.7,28,12.2,12.01
EMP07422,Male,35,10,Central University,Customer Support,Support Manager,3,Delhi,3.0,3.5,13,7.3,11.89
EMP07423,Male,23,1,NIT,Data Science,Data Analyst,1,Bhopal,5.0,2.7,10,13.3,7.93
EMP07424,Male,30,4,State University,Customer Support,Support Team Lead,3,Pune,4.0,3.8,7,6.5,13.3
EMP07425,Female,38,13,Tier-2 Private,Operations,Logistics Manager,4,Indore,3.0,3.2,27,8.5,14.07
EMP07426,Male,33,8,"Top Private (ISB, XLRI, SP Jain)",Data Science,Data Analyst,2,Indore,4.3,4.2,15,10.3,14.92
EMP07427,Female,48,22,Tier-2 Private,Customer Support,Customer Success Manager,6,Pune,4.0,2.2,11,5.6,33.68
EMP07428,Male,45,19,"Top Private (ISB, XLRI, SP Jain)",Engineering,Lead Engineer,5,Indore,2.9,3.3,3,9.2,44.73
EMP07429,Female,31,7,Tier-2 Private,Finance,Financial Analyst,2,Ahmedabad,3.1,2.0,5,13.2,6.67
EMP07430,Female,29,5,BITS,Sales,Account Manager,2,Kolkata,2.6,3.6,2,22.5,7.25
EMP07431,Female,26,3,"Top Private (ISB, XLRI, SP Jain)",Finance,Senior Financial Analyst,1,Mumbai,4.4,3.9,1,16.2,6.9
EMP07432,Female,29,4,Central University,Finance,Senior Financial Analyst,3,Visakhapatnam,3.1,3.6,2,12.9,9.75
EMP07433,Female,27,4,"Top Private (ISB, XLRI, SP Jain)",Product,Associate Product Manager,1,Jaipur,2.5,4.7,16,17.8,5.8
EMP07434,Male,28,3,Tier-2 Private,Data Science,Data Analyst,1,Mumbai,4.7,4.0,24,8.5,8.94
EMP07435,Male,27,3,"Top Private (ISB, XLRI, SP Jain)",HR,HR Business Partner,2,Raipur,3.8,3.0,1,6.8,7.97
EMP07436,Male,31,8,Distance Learning,Marketing,Marketing Manager,3,Ranchi,1.8,4.5,30,24.8,13.14
EMP07437,Male,43,19,Tier-2 Private,Legal,Legal Manager,4,Vadodara,4.1,5.0,3,10.3,32.87
EMP07438,Male,38,11,State University,HR,HR Manager,3,Nagpur,1.9,,3,7.9,12.24
EMP07439,Male,29,4,IIT,HR,HR Executive,2,Dehradun,2.8,3.1,6,8.1,6.04
EMP07440,Female,36,12,State University,Data Science,Lead Data Scientist,4,Patna,3.8,2.8,2,13.7,12.8
EMP07441,Female,31,7,Central University,Product,Product Manager,2,Ranchi,3.8,3.5,2,17.1,9.87
EMP07442,Female,30,5,Central University,Engineering,Lead Engineer,3,Bhopal,2.9,3.0,9,9.0,11.02
EMP07443,Female,27,5,BITS,Customer Support,Support Manager,3,Bangalore,2.4,4.1,43,9.3,8.93
EMP07444,Male,30,5,Central University,Sales,Sales Executive,1,Bangalore,4.9,3.4,4,21.5,8.57
EMP07445,Male,31,9,Diploma,Product,Senior Product Manager,3,Indore,4.7,4.2,3,19.0,16.29
EMP07446,Female,33,6,Other,Marketing,Marketing Manager,1,Nagpur,3.3,3.8,35,23.3,5.93
EMP07447,Female,28,3,Diploma,HR,HR Manager,1,Guwahati,3.4,2.3,20,5.6,5.3
EMP07448,Male,25,3,State University,Product,Associate Product Manager,1,Bangalore,2.9,3.5,23,14.6,9.12
EMP07449,Male,31,7,State University,Data Science,Senior Data Scientist,2,Bangalore,3.2,,23,13.8,10.72
EMP07450,Male,35,8,State University,Customer Support,Support Manager,4,Delhi,3.5,3.5,57,8.7,14.97
EMP07451,Male,31,4,Tier-2 Private,Finance,Financial Analyst,2,Indore,4.1,3.8,11,14.8,9.83
EMP07452,Male,24,2,Central University,Sales,Account Manager,1,Jaipur,2.1,,57,34.2,7.99
EMP07453,Male,37,14,Tier-2 Private,Operations,Operations Manager,3,Raipur,3.8,3.0,11,5.4,16.57
EMP07454,Female,34,12,Central University,Marketing,Brand Manager,4,Kochi,4.7,4.5,4,23.0,17.86
EMP07455,Female,25,1,Tier-2 Private,Operations,Operations Executive,1,Nagpur,3.2,2.8,9,9.4,4.25
EMP07456,Male,42,15,Central University,Product,Product Analyst,5,Bangalore,2.7,3.0,32,13.1,27.06
EMP07457,Female,31,5,Diploma,Product,Associate Product Manager,1,Visakhapatnam,4.3,,74,10.2,5.85
EMP07458,Female,29,6,State University,Sales,Sales Executive,1,Chennai,2.6,2.9,52,32.8,5.56
EMP07459,Male,36,13,NIT,Sales,Senior Account Manager,4,Kochi,2.4,3.7,15,27.2,24.75
EMP07460,Female,44,19,Central University,Sales,Business Development Manager,6,Pune,2.0,3.6,15,19.6,39.06
EMP07461,Male,37,12,NIT,Operations,Supply Chain Analyst,4,Chennai,3.9,4.3,1,9.8,26.8
EMP07462,Male,31,7,Tier-2 Private,Legal,Legal Manager,2,Mumbai,2.5,,41,10.5,9.52
EMP07463,Male,26,2,State University,Finance,Finance Manager,2,Ahmedabad,2.1,3.5,1,12.7,7.67
EMP07464,Female,28,1,"Top Private (ISB, XLRI, SP Jain)",Engineering,Software Engineer,1,Dehradun,3.6,3.1,7,13.2,7.93
EMP07465,Female,36,11,State University,Product,Senior Product Manager,3,Kochi,2.6,3.3,1,15.2,13.3
EMP07466,Male,41,15,Other,Operations,Logistics Manager,4,Hyderabad,3.9,4.1,21,9.2,23.04
EMP07467,Male,30,3,Tier-2 Private,HR,HR Manager,1,Guwahati,3.9,4.6,9,9.7,5.82
EMP07468,Male,29,5,Distance Learning,Product,Senior Product Manager,2,Chennai,3.5,3.7,2,12.5,11.87
EMP07469,Female,30,4,Central University,Sales,Senior Account Manager,3,Bangalore,2.8,2.8,2,15.1,9.24
EMP07470,Female,30,4,Tier-2 Private,Customer Support,Support Team Lead,2,Bangalore,4.1,3.5,6,8.0,6.56
EMP07471,Male,35,12,Tier-2 Private,Data Science,ML Engineer,4,Jaipur,2.3,,21,13.9,23.12
EMP07472,Female,30,7,Central University,Engineering,Senior Software Engineer,1,Kochi,4.4,3.5,12,11.9,6.49
EMP07473,Male,27,5,BITS,Operations,Operations Executive,2,Raipur,3.3,4.3,1,8.8,11.57
EMP07474,Male,55,30,State University,Marketing,Content Strategist,6,Ahmedabad,3.4,3.1,2,14.4,50.0
EMP07475,Male,28,2,"Top Private (ISB, XLRI, SP Jain)",Operations,Operations Executive,1,Mumbai,3.8,3.2,12,7.7,8.2
EMP07476,Male,34,8,"Top Private (ISB, XLRI, SP Jain)",Sales,Account Manager,2,Bhopal,4.5,3.7,17,31.8,13.89
EMP07477,Male,26,2,Tier-2 Private,Engineering,Software Engineer,2,Hyderabad,3.7,4.4,2,13.0,9.36
EMP07478,Male,31,5,Diploma,Sales,Account Manager,3,Nagpur,3.1,4.8,49,20.0,12.49
EMP07479,Male,28,6,Distance Learning,Data Science,Data Scientist,2,Indore,3.9,4.0,1,9.3,14.97
EMP07480,Female,35,10,State University,Operations,Operations Manager,3,Kochi,4.4,3.5,6,8.1,14.26
EMP07481,Male,29,5,Central University,Customer Support,Customer Support Executive,2,Coimbatore,4.3,2.9,10,5.2,6.74
EMP07482,Female,30,4,Diploma,Marketing,Marketing Executive,1,Hyderabad,3.6,3.8,8,13.2,6.4
EMP07483,Male,31,4,Central University,Finance,Finance Manager,2,Kolkata,3.7,,67,14.3,11.96
EMP07484,Female,27,2,Distance Learning,Customer Support,Customer Support Executive,1,Mysore,3.8,4.1,12,5.2,5.2
EMP07485,Male,34,9,State University,Marketing,Brand Manager,3,Pune,4.2,3.7,12,12.5,17.13
EMP07486,Female,34,7,Central University,HR,HR Business Partner,2,Raipur,3.4,3.4,20,5.8,8.86
EMP07487,Male,32,8,Distance Learning,Product,Product Manager,3,Kochi,3.6,4.5,16,11.7,14.96
EMP07488,Male,27,5,Distance Learning,HR,HR Manager,1,Mysore,3.6,3.7,13,7.9,9.97
EMP07489,Male,30,5,NIT,Engineering,Staff Engineer,2,Chennai,2.4,3.3,2,12.6,9.97
EMP07490,Male,37,13,Diploma,Legal,Legal Manager,4,Ranchi,3.0,,17,8.2,20.24
EMP07491,Female,37,12,State University,Operations,Logistics Manager,5,Coimbatore,4.3,2.7,1,6.1,17.56
EMP07492,Female,42,16,Diploma,Marketing,Digital Marketing Manager,5,Mumbai,5.0,3.5,18,21.0,31.93
EMP07493,Female,32,7,Other,Sales,Sales Executive,1,Coimbatore,3.5,3.2,1,24.2,6.3
EMP07494,Male,38,15,State University,Operations,Logistics Manager,4,Guwahati,3.4,3.1,20,5.0,15.74
EMP07495,Female,29,4,IIT,Marketing,Marketing Manager,1,Bangalore,3.1,5.0,28,16.2,5.72
EMP07496,Female,29,5,Diploma,Finance,Financial Analyst,2,Kolkata,1.6,3.2,10,17.1,5.57
EMP07497,Male,36,13,Distance Learning,Engineering,Engineering Manager,4,Kolkata,4.7,3.2,12,8.3,20.01
EMP07498,Male,36,10,Diploma,Product,Senior Product Manager,2,Kolkata,2.9,2.4,20,14.8,13.69
EMP07499,Female,27,4,Distance Learning,Marketing,Marketing Manager,2,Mumbai,2.2,2.8,13,12.1,6.16
EMP07500,Male,27,2,Diploma,Marketing,Marketing Manager,2,Jaipur,3.7,4.1,15,18.0,8.44
EMP07501,Male,32,5,Central University,Customer Support,Support Team Lead,2,Hyderabad,3.5,2.5,10,6.5,9.88
EMP07502,Female,26,3,Other,Finance,Financial Analyst,1,Vadodara,5.0,2.5,19,12.1,4.24
EMP07503,Male,44,20,IIIT,Marketing,Content Strategist,6,Vadodara,3.9,4.3,8,19.7,43.99
EMP07504,Male,33,10,Other,Engineering,Senior Software Engineer,3,Kochi,4.8,3.3,18,9.4,22.77
EMP07505,Male,27,3,State University,Engineering,Software Engineer,2,Delhi,4.1,3.3,1,14.5,12.48
EMP07506,Female,25,2,Central University,Marketing,Marketing Executive,1,Bangalore,3.0,3.4,1,20.9,5.81
EMP07507,Female,30,3,Other,Finance,Senior Financial Analyst,1,Kochi,5.0,4.1,9,12.3,6.4
EMP07508,Female,27,4,Central University,Operations,Supply Chain Analyst,2,Pune,4.8,2.6,3,7.7,7.53
EMP07509,Female,30,5,Other,Legal,Legal Associate,1,Guwahati,4.0,4.7,33,11.1,5.19
EMP07510,Female,35,13,Tier-2 Private,Engineering,Staff Engineer,4,Visakhapatnam,4.4,3.4,4,8.3,23.88
EMP07511,Female,27,3,Tier-2 Private,Data Science,Data Analyst,1,Raipur,3.8,3.3,9,9.1,4.47
EMP07512,Male,57,30,IIM,HR,Learning & Development Manager,5,Jaipur,3.7,4.0,3,9.6,50.0
EMP07513,Male,29,3,Central University,Engineering,Software Engineer,1,Kolkata,3.9,2.1,13,10.1,8.08
EMP07514,Female,25,2,Other,Finance,Financial Analyst,1,Mumbai,5.0,3.5,64,13.6,6.14
EMP07515,Female,46,19,Other,Sales,Senior Account Manager,4,Mumbai,4.5,3.4,1,20.9,29.5
EMP07516,Male,41,15,Other,Engineering,Engineering Manager,4,Delhi,3.5,4.9,12,9.6,21.21
EMP07517,Female,29,5,Central University,Operations,Process Improvement Specialist,3,Mumbai,3.7,4.9,1,5.1,10.75
EMP07518,Female,34,7,Diploma,Engineering,Senior Software Engineer,1,Pune,2.3,3.4,37,12.9,7.09
EMP07519,Male,31,8,Tier-2 Private,Sales,Account Manager,3,Bangalore,3.6,3.7,48,33.4,14.69
EMP07520,Male,29,6,NIT,Sales,Sales Executive,1,Kolkata,4.0,3.5,15,19.7,7.85
EMP07521,Male,29,2,Tier-2 Private,Engineering,Senior Software Engineer,1,Chennai,3.8,,8,9.3,7.55
EMP07522,Male,28,1,State University,HR,HR Manager,1,Chennai,3.7,3.3,1,11.5,6.44
EMP07523,Male,29,3,Tier-2 Private,Marketing,Marketing Executive,1,Jaipur,3.0,4.3,38,21.7,9.53
EMP07524,Male,44,21,Central University,Customer Support,Support Manager,6,Bhopal,4.2,4.6,1,6.3,47.76
EMP07525,Male,45,22,State University,Engineering,Principal Engineer,6,Jaipur,4.3,,6,13.6,49.78
EMP07526,Male,30,5,Tier-2 Private,Operations,Operations Manager,1,Thiruvananthapuram,3.6,4.5,10,5.7,8.79
EMP07527,Female,25,3,Tier-2 Private,HR,HR Manager,2,Guwahati,3.6,3.6,13,6.6,6.8
EMP07528,Female,34,7,BITS,Customer Support,Customer Support Executive,2,Bangalore,3.5,3.8,9,9.1,8.6
EMP07529,Male,35,8,State University,Sales,Sales Manager,4,Hyderabad,3.8,4.1,19,19.6,18.76
EMP07530,Male,35,9,IIM,Product,Senior Product Manager,2,Pune,3.9,2.6,18,10.4,14.04
EMP07531,Male,28,1,Central University,Data Science,Data Scientist,1,Delhi,2.2,,9,8.1,7.21
EMP07532,Male,53,30,Distance Learning,HR,Learning & Development Manager,6,Pune,3.1,3.2,47,7.0,50.0
EMP07533,Male,40,13,Tier-2 Private,Legal,Company Secretary,5,Vadodara,2.5,3.5,14,12.4,23.98
EMP07534,Male,28,5,Central University,HR,Talent Acquisition Specialist,3,Delhi,3.1,3.5,9,11.7,11.75
EMP07535,Male,25,3,Central University,HR,HR Executive,1,Dehradun,4.5,4.0,1,10.6,7.03
EMP07536,Female,35,12,Tier-2 Private,HR,Talent Acquisition Specialist,3,Lucknow,2.7,3.0,10,10.7,12.47
EMP07537,Male,34,8,Diploma,Finance,Finance Manager,4,Visakhapatnam,2.2,2.0,35,14.6,15.23
EMP07538,Female,33,6,Central University,Legal,Legal Associate,2,Delhi,2.4,3.5,44,9.2,8.82
EMP07539,Male,33,8,IIIT,Data Science,ML Engineer,3,Raipur,3.7,,11,11.9,13.49
EMP07540,Male,28,5,IIM,HR,HR Business Partner,2,Hyderabad,4.1,3.9,23,6.4,13.25
EMP07541,Female,33,8,State University,Legal,Compliance Officer,3,Ahmedabad,3.5,2.5,1,12.6,8.82
EMP07542,Male,35,10,Tier-2 Private,Product,Group Product Manager,4,Mumbai,1.8,3.9,1,15.7,22.06
EMP07543,Female,32,7,State University,Marketing,Marketing Manager,2,Patna,2.9,2.7,19,17.6,5.6
EMP07544,Female,31,7,Central University,Sales,Account Manager,2,Indore,4.8,2.1,37,28.2,9.61
EMP07545,Male,38,16,Tier-2 Private,Data Science,Lead Data Scientist,5,Visakhapatnam,3.6,3.4,8,13.1,38.92
EMP07546,Male,25,1,State University,Product,Associate Product Manager,1,Hyderabad,1.8,2.4,4,10.4,6.67
EMP07547,Male,30,3,Tier-2 Private,Sales,Sales Executive,1,Chandigarh,2.8,3.1,33,33.9,5.96
EMP07548,Male,30,6,Central University,Engineering,Software Engineer,2,Hyderabad,1.8,3.7,2,9.6,10.53
EMP07549,Male,25,3,Diploma,Finance,Financial Analyst,1,Jaipur,3.1,2.6,26,12.2,7.33
EMP07550,Male,28,4,Central University,HR,HR Manager,2,Pune,3.6,3.8,4,10.3,10.59
EMP07551,Female,38,14,State University,Legal,Legal Manager,4,Dehradun,3.4,2.3,1,11.0,14.34
EMP07552,Female,30,5,IIM,Data Science,Senior Data Scientist,3,Hyderabad,3.2,2.6,3,12.8,11.55
EMP07553,Male,26,1,State University,HR,HR Executive,1,Jaipur,5.0,2.8,17,9.7,9.2
EMP07554,Male,28,4,State University,Sales,Sales Executive,2,Pune,3.7,4.0,7,27.0,8.49
EMP07555,Female,28,6,IIM,Finance,Finance Manager,2,Indore,3.2,3.4,27,14.9,6.59
EMP07556,Female,30,6,Diploma,Marketing,Marketing Executive,2,Kolkata,4.1,3.0,4,12.0,6.16
EMP07557,Male,30,8,NIT,Marketing,Brand Manager,3,Guwahati,4.1,2.1,6,24.6,13.03
EMP07558,Male,33,8,Central University,Legal,Legal Manager,4,Mumbai,3.8,3.5,1,9.1,17.31
EMP07559,Female,29,5,Tier-2 Private,Operations,Operations Manager,2,Indore,5.0,,39,7.4,7.15
EMP07560,Female,26,2,Tier-2 Private,Marketing,Marketing Executive,1,Bhopal,2.9,2.4,27,20.6,4.98
EMP07561,Female,29,4,Central University,Engineering,Senior Software Engineer,2,Vadodara,4.5,,17,8.9,9.92
EMP07562,Male,29,3,BITS,Finance,Financial Analyst,1,Delhi,4.4,3.0,13,13.8,8.69
EMP07563,Male,27,4,Tier-2 Private,Legal,Senior Legal Counsel,2,Ranchi,2.3,3.6,30,8.1,8.26
EMP07564,Male,34,9,State University,Marketing,Brand Manager,4,Pune,3.9,2.9,11,13.1,23.94
EMP07565,Male,33,8,Tier-2 Private,Finance,Controller,3,Lucknow,2.7,4.2,6,13.3,14.63
EMP07566,Female,35,10,IIIT,Sales,Sales Manager,4,Indore,3.6,3.7,3,32.3,16.68
EMP07567,Male,28,4,IIIT,Customer Support,Support Team Lead,3,Delhi,4.5,4.3,13,9.0,15.92
EMP07568,Female,40,17,Central University,Data Science,Lead Data Scientist,5,Vadodara,3.6,4.1,31,8.9,25.58
EMP07569,Female,32,9,Central University,Customer Support,Customer Success Manager,3,Visakhapatnam,1.7,,5,8.9,7.08
EMP07570,Female,28,6,Central University,Finance,Financial Analyst,2,Vadodara,4.1,,10,10.0,7.99
EMP07571,Female,31,9,Tier-2 Private,HR,HR Business Partner,3,Delhi,2.2,1.6,2,5.7,8.79
EMP07572,Female,29,3,BITS,Product,Associate Product Manager,1,Mysore,3.1,2.9,1,17.6,5.23
EMP07573,Male,23,1,BITS,Engineering,Software Engineer,1,Lucknow,4.5,,4,14.2,7.15
EMP07574,Male,30,3,Tier-2 Private,Finance,Financial Analyst,1,Bangalore,2.6,,8,13.4,6.94
EMP07575,Male,37,10,State University,Legal,Senior Legal Counsel,3,Bangalore,3.9,3.2,6,9.4,17.12
EMP07576,Female,29,6,State University,Customer Support,Support Team Lead,2,Delhi,2.9,4.0,32,5.8,6.25
EMP07577,Female,29,5,NIT,Finance,Financial Analyst,1,Delhi,1.7,3.4,7,12.3,7.56
EMP07578,Male,27,3,State University,Operations,Operations Manager,1,Kolkata,2.9,2.5,4,6.3,7.44
EMP07579,Male,25,1,Central University,Sales,Sales Executive,1,Coimbatore,3.0,,12,34.6,5.29
EMP07580,Male,40,16,Other,HR,Compensation Analyst,6,Lucknow,2.5,4.2,55,8.7,35.44
EMP07581,Male,29,5,State University,Legal,Senior Legal Counsel,3,Mumbai,3.5,3.0,36,10.7,17.82
EMP07582,Female,30,4,Diploma,Data Science,Data Analyst,1,Dehradun,3.6,3.0,10,13.3,5.75
EMP07583,Male,27,3,Central University,Customer Support,Customer Support Executive,1,Delhi,3.2,3.9,8,8.9,6.94
EMP07584,Female,37,14,Central University,HR,Learning & Development Manager,5,Coimbatore,3.2,3.8,1,6.2,16.99
EMP07585,Male,35,11,"Top Private (ISB, XLRI, SP Jain)",Data Science,Data Scientist,3,Mysore,4.0,,1,10.9,16.29
EMP07586,Male,30,3,Central University,Sales,Account Manager,1,Pune,2.4,,6,22.7,7.1
EMP07587,Male,40,13,Central University,Customer Support,Support Manager,4,Pune,4.5,,1,5.6,23.21
EMP07588,Female,27,5,Central University,Finance,Financial Analyst,1,Hyderabad,3.0,3.5,4,11.0,5.87
EMP07589,Female,28,3,Diploma,Marketing,Marketing Executive,1,Pune,3.2,2.2,1,24.5,5.32
EMP07590,Male,31,4,Tier-2 Private,Customer Support,Customer Success Manager,3,Thiruvananthapuram,2.7,3.5,14,5.8,11.43
EMP07591,Male,26,3,Tier-2 Private,HR,HR Manager,1,Chennai,2.5,,7,9.4,6.86
EMP07592,Female,24,2,Tier-2 Private,Finance,Finance Manager,2,Raipur,4.3,3.2,4,15.3,7.39
EMP07593,Female,33,10,State University,Operations,Supply Chain Analyst,3,Visakhapatnam,2.8,4.2,73,7.3,10.57
EMP07594,Female,28,5,State University,Data Science,Data Scientist,3,Mysore,3.9,,54,10.0,11.3
EMP07595,Female,36,9,Diploma,Finance,Senior Financial Analyst,2,Hyderabad,3.8,4.1,39,17.1,10.58
EMP07596,Female,30,7,State University,Legal,Senior Legal Counsel,3,Visakhapatnam,3.3,2.8,1,10.4,8.9
EMP07597,Male,31,8,"Top Private (ISB, XLRI, SP Jain)",Engineering,Lead Engineer,3,Mumbai,4.4,,50,9.2,15.91
EMP07598,Female,24,1,IIM,HR,HR Executive,1,Visakhapatnam,3.6,2.5,7,10.5,6.41
EMP07599,Male,27,3,Tier-2 Private,Operations,Operations Executive,1,Indore,1.7,3.4,2,8.2,6.41
EMP07600,Female,36,9,State University,HR,HR Manager,3,Mumbai,3.0,,13,6.3,9.84
EMP07601,Female,24,2,"Top Private (ISB, XLRI, SP Jain)",Finance,Senior Financial Analyst,1,Thiruvananthapuram,5.0,1.9,2,15.9,5.37
EMP07602,Female,31,7,Tier-2 Private,Customer Support,Customer Success Manager,2,Indore,3.5,3.2,16,5.9,7.96
EMP07603,Male,27,2,State University,Legal,Legal Associate,1,Hyderabad,3.4,,9,10.7,5.71
EMP07604,Male,28,6,Diploma,Legal,Senior Legal Counsel,2,Raipur,4.3,,9,14.7,9.89
EMP07605,Female,40,18,BITS,Engineering,Lead Engineer,4,Mysore,4.7,3.9,3,8.7,26.89
EMP07606,Female,37,10,BITS,Customer Support,Support Manager,4,Mysore,2.7,3.2,2,8.9,12.53
EMP07607,Female,24,1,Central University,HR,HR Manager,1,Jaipur,3.5,2.3,6,7.5,5.05
EMP07608,Male,33,10,Distance Learning,Operations,Operations Manager,3,Chandigarh,3.5,3.8,27,9.8,12.02
EMP07609,Male,45,21,Other,Finance,FP&A Analyst,6,Hyderabad,2.3,3.6,4,15.5,50.0
EMP07610,Female,52,30,IIT,HR,Compensation Analyst,6,Chandigarh,3.3,3.2,49,6.8,40.32
EMP07611,Female,30,8,Central University,Sales,Key Account Manager,4,Ahmedabad,3.7,3.3,50,28.9,10.62
EMP07612,Female,24,2,IIIT,HR,HR Manager,1,Pune,3.3,,10,10.5,6.47
EMP07613,Female,33,8,NIT,HR,HR Business Partner,3,Ranchi,5.0,,25,7.8,11.32
EMP07614,Male,42,18,Diploma,Finance,FP&A Analyst,5,Coimbatore,4.1,4.0,8,10.5,27.17
EMP07615,Male,28,5,Tier-2 Private,Customer Support,Customer Success Manager,3,Visakhapatnam,3.8,,8,8.4,13.54
EMP07616,Female,39,12,Diploma,Data Science,Lead Data Scientist,4,Chandigarh,3.5,3.8,37,10.5,14.72
EMP07617,Male,26,3,Tier-2 Private,Finance,Financial Analyst,1,Mumbai,4.1,3.6,3,16.6,8.66
EMP07618,Female,29,7,IIIT,Legal,Senior Legal Counsel,3,Indore,3.3,3.3,40,14.5,7.55
EMP07619,Female,23,1,Central University,Marketing,Marketing Executive,1,Ahmedabad,2.2,3.1,8,15.5,3.6
EMP07620,Female,29,3,Other,Engineering,Software Engineer,1,Thiruvananthapuram,2.5,3.3,23,10.0,5.66
EMP07621,Male,31,6,Diploma,Data Science,Data Analyst,1,Kolkata,3.7,3.7,4,9.9,12.34
EMP07622,Female,27,4,Distance Learning,Legal,Senior Legal Counsel,2,Lucknow,4.5,2.8,13,11.9,7.43
EMP07623,Male,25,2,BITS,Customer Support,Support Team Lead,2,Bangalore,3.1,3.2,13,8.3,8.68
EMP07624,Male,27,4,BITS,Product,Associate Product Manager,1,Ahmedabad,4.2,3.0,11,13.5,6.96
EMP07625,Male,31,7,Other,Product,Senior Product Manager,2,Delhi,3.9,4.1,16,11.2,11.12
EMP07626,Male,31,5,Tier-2 Private,Product,Senior Product Manager,2,Ahmedabad,4.5,3.8,36,14.9,9.54
EMP07627,Female,31,6,Central University,Customer Support,Customer Support Executive,2,Hyderabad,2.6,,5,6.6,6.53
EMP07628,Female,36,10,Central University,Engineering,Senior Software Engineer,3,Hyderabad,2.6,2.8,1,12.9,10.19
EMP07629,Male,26,4,State University,Engineering,Software Engineer,2,Chennai,4.9,4.0,15,12.5,13.14
EMP07630,Female,40,15,Central University,Finance,Finance Manager,4,Chennai,2.1,2.8,7,14.7,16.57
EMP07631,Male,29,3,Central University,Customer Support,Support Team Lead,1,Bhopal,3.8,3.1,4,9.9,7.25
EMP07632,Female,46,23,State University,Engineering,Principal Engineer,5,Visakhapatnam,4.8,3.8,14,8.1,33.71
EMP07633,Female,38,13,Diploma,Finance,Controller,3,Ranchi,3.8,3.0,2,11.6,11.74
EMP07634,Male,26,4,"Top Private (ISB, XLRI, SP Jain)",Data Science,Data Scientist,2,Nagpur,4.7,3.8,1,8.2,11.93
EMP07635,Male,31,4,Tier-2 Private,Finance,Financial Analyst,2,Visakhapatnam,4.6,3.2,1,17.9,9.08
EMP07636,Male,32,6,State University,Operations,Operations Executive,1,Chandigarh,4.2,3.4,2,5.4,6.37
EMP07637,Male,34,9,"Top Private (ISB, XLRI, SP Jain)",Data Science,Lead Data Scientist,4,Pune,3.8,,6,9.3,24.12
EMP07638,Female,38,13,State University,Marketing,Digital Marketing Manager,5,Hyderabad,2.6,4.0,73,12.5,23.56
EMP07639,Male,28,2,IIT,Data Science,Data Analyst,1,Indore,2.3,3.9,4,10.1,8.47
EMP07640,Male,32,8,Diploma,Engineering,Staff Engineer,3,Hyderabad,3.3,3.9,5,13.2,17.97
EMP07641,Male,28,1,NIT,Marketing,Marketing Executive,1,Bhopal,2.0,3.9,12,12.8,5.25
EMP07642,Female,28,5,Diploma,Finance,Financial Analyst,1,Delhi,4.0,4.0,35,17.7,8.98
EMP07643,Male,42,16,Tier-2 Private,Sales,Key Account Manager,5,Delhi,5.0,4.7,4,24.3,36.36
EMP07644,Female,28,2,Central University,Engineering,Senior Software Engineer,1,Jaipur,3.5,3.7,69,11.7,5.56
EMP07645,Female,28,1,State University,Engineering,Software Engineer,1,Coimbatore,3.8,2.7,50,9.6,5.74
EMP07646,Male,29,7,State University,Customer Support,Support Manager,3,Pune,2.5,3.8,45,5.5,15.97
EMP07647,Male,39,15,Diploma,Marketing,Digital Marketing Manager,4,Mumbai,3.4,4.5,8,16.9,23.74
EMP07648,Male,32,7,BITS,Legal,Legal Associate,2,Jaipur,3.6,2.7,8,8.0,13.28
EMP07649,Male,26,1,BITS,Data Science,Senior Data Scientist,2,Chandigarh,3.3,4.8,10,9.7,10.06
EMP07650,Female,27,1,Central University,Finance,Financial Analyst,2,Mumbai,3.8,3.8,1,16.9,5.54
EMP07651,Female,31,6,NIT,Operations,Operations Manager,2,Visakhapatnam,3.0,3.5,34,8.3,7.88
EMP07652,Male,25,2,State University,Product,Product Manager,2,Lucknow,3.6,3.4,9,18.7,8.68
EMP07653,Male,32,6,IIT,Product,Product Manager,2,Surat,3.9,3.2,2,14.7,14.37
EMP07654,Male,30,6,State University,Data Science,Senior Data Scientist,3,Hyderabad,4.6,4.3,5,8.8,14.33
EMP07655,Male,31,4,"Top Private (ISB, XLRI, SP Jain)",Finance,Senior Financial Analyst,2,Dehradun,3.6,2.7,28,17.1,8.29
EMP07656,Female,46,21,Diploma,Sales,Business Development Manager,6,Ahmedabad,3.0,4.8,18,34.4,30.87
EMP07657,Female,34,9,IIIT,Product,Associate Product Manager,2,Hyderabad,3.4,3.9,4,16.2,12.41
EMP07658,Female,39,14,Central University,Data Science,Lead Data Scientist,4,Dehradun,3.9,3.7,6,12.5,18.33
EMP07659,Male,38,11,State University,Operations,Supply Chain Analyst,3,Jaipur,2.8,,12,9.9,15.08
EMP07660,Male,32,5,Central University,Operations,Operations Manager,1,Pune,2.9,3.1,2,9.2,7.96
EMP07661,Male,30,5,Distance Learning,Marketing,Marketing Executive,2,Bhopal,3.6,3.7,45,17.6,6.35
EMP07662,Female,29,4,Diploma,Product,Product Manager,3,Chandigarh,1.9,2.3,4,15.9,5.73
EMP07663,Female,31,9,Central University,Sales,Sales Manager,3,Mumbai,3.4,2.6,3,15.4,13.31
EMP07664,Female,25,3,Diploma,Sales,Sales Executive,2,Indore,3.1,2.2,47,20.3,5.5
EMP07665,Male,46,20,Distance Learning,HR,Learning & Development Manager,6,Chennai,4.0,3.7,10,5.8,50.0
EMP07666,Male,27,3,NIT,Finance,Financial Analyst,1,Kolkata,2.8,3.3,23,12.1,7.85
EMP07667,Female,31,7,State University,HR,Talent Acquisition Specialist,3,Ahmedabad,3.1,,22,9.1,12.0
EMP07668,Male,30,5,Tier-2 Private,Data Science,Data Scientist,2,Chennai,3.5,3.8,10,10.1,11.37
EMP07669,Female,27,4,Tier-2 Private,Engineering,Senior Software Engineer,2,Pune,2.9,4.2,2,11.3,9.26
EMP07670,Male,50,27,Other,Product,Director of Product,6,Chennai,2.7,2.5,2,17.6,50.0
EMP07671,Female,26,4,Other,HR,HR Business Partner,2,Kolkata,3.0,4.3,1,9.5,7.4
EMP07672,Male,30,4,Central University,Operations,Process Improvement Specialist,3,Raipur,1.8,3.7,11,6.3,8.62
EMP07673,Female,28,3,Tier-2 Private,Product,Associate Product Manager,1,Mumbai,2.7,3.0,34,14.8,5.95
EMP07674,Male,29,6,Tier-2 Private,Operations,Operations Executive,1,Mumbai,4.0,3.8,16,5.2,8.02
EMP07675,Male,30,5,BITS,Finance,Finance Manager,2,Delhi,2.2,3.9,24,16.2,9.11
EMP07676,Male,24,2,NIT,HR,HR Executive,1,Visakhapatnam,2.6,4.4,12,10.2,6.36
EMP07677,Male,30,4,Central University,Data Science,Senior Data Scientist,2,Delhi,3.3,3.5,4,11.5,10.33
EMP07678,Female,32,9,Central University,Finance,Controller,3,Jaipur,4.0,2.4,7,13.5,11.84
EMP07679,Female,35,12,State University,Data Science,ML Engineer,3,Hyderabad,2.5,2.3,4,13.7,11.49
EMP07680,Female,33,6,Central University,Operations,Operations Manager,2,Ahmedabad,2.9,3.8,73,9.8,5.88
EMP07681,Female,32,6,State University,Sales,Sales Executive,1,Surat,4.6,3.7,1,18.2,6.68
EMP07682,Female,30,4,Central University,Engineering,Lead Engineer,3,Mysore,3.6,4.6,18,12.1,9.28
EMP07683,Male,29,4,Central University,Finance,Finance Manager,2,Visakhapatnam,4.0,2.6,10,13.5,11.35
EMP07684,Female,28,3,Other,Operations,Operations Manager,1,Kolkata,2.6,3.6,1,5.1,4.23
EMP07685,Male,25,2,BITS,Sales,Sales Executive,1,Hyderabad,3.0,4.2,15,22.0,7.2
EMP07686,Female,26,3,BITS,Sales,Sales Executive,1,Bangalore,4.3,3.5,23,31.5,8.05
EMP07687,Male,38,11,Central University,Sales,Senior Account Manager,3,Bhopal,3.8,3.5,64,34.7,11.59
EMP07688,Female,31,4,Tier-2 Private,Data Science,Data Analyst,1,Ahmedabad,4.0,3.1,9,8.9,6.85
EMP07689,Male,30,4,Distance Learning,Operations,Supply Chain Analyst,2,Mumbai,4.0,3.4,41,5.7,9.33
EMP07690,Male,31,4,Diploma,Legal,Senior Legal Counsel,2,Ahmedabad,4.2,3.8,1,12.0,10.6
EMP07691,Male,40,14,IIIT,HR,Talent Acquisition Specialist,4,Kochi,3.2,4.4,40,6.3,26.05
EMP07692,Male,27,3,State University,Customer Support,Customer Support Executive,1,Dehradun,2.6,2.7,1,9.6,4.77
EMP07693,Male,33,7,Central University,Legal,Senior Legal Counsel,1,Patna,2.9,3.3,47,9.1,9.31
EMP07694,Male,31,5,BITS,Customer Support,Customer Success Manager,2,Kolkata,3.1,4.7,3,9.6,10.56
EMP07695,Male,28,6,Distance Learning,Customer Support,Support Team Lead,1,Raipur,1.7,2.7,32,5.4,5.96
EMP07696,Female,34,7,State University,Engineering,Staff Engineer,2,Chennai,3.9,3.6,21,9.1,10.44
EMP07697,Male,30,6,Distance Learning,Finance,Finance Manager,2,Visakhapatnam,4.2,1.7,16,15.7,10.4
EMP07698,Female,33,10,Diploma,Legal,Compliance Officer,3,Kochi,3.6,,2,13.1,9.6
EMP07699,Male,29,5,IIIT,Engineering,Software Engineer,2,Bangalore,3.0,3.0,5,14.7,11.89
EMP07700,Male,43,20,State University,Engineering,DevOps Engineer,6,Jaipur,3.6,4.4,51,14.0,50.0
EMP07701,Male,29,6,Central University,Product,Associate Product Manager,2,Indore,2.1,2.8,1,19.2,8.64
EMP07702,Male,26,1,Distance Learning,Finance,Financial Analyst,1,Visakhapatnam,2.0,2.8,18,11.4,5.91
EMP07703,Male,36,9,State University,Operations,Supply Chain Analyst,4,Visakhapatnam,4.8,3.0,11,8.2,18.06
EMP07704,Female,31,7,Other,HR,HR Manager,2,Mumbai,1.8,2.9,11,6.1,6.04
EMP07705,Male,29,6,Tier-2 Private,Sales,Account Manager,2,Mumbai,4.1,3.3,38,20.2,11.69
EMP07706,Male,31,5,Central University,Product,Senior Product Manager,3,Mumbai,4.6,3.2,13,18.5,13.29
EMP07707,Male,24,1,Central University,Marketing,Marketing Manager,1,Delhi,3.5,3.8,12,13.5,8.35
EMP07708,Male,26,1,Distance Learning,Finance,Financial Analyst,2,Ranchi,3.4,2.8,10,12.1,7.11
EMP07709,Male,42,19,BITS,Customer Support,Customer Success Manager,5,Hyderabad,3.6,3.9,2,9.9,32.58
EMP07710,Female,27,4,State University,Customer Support,Customer Support Executive,2,Hyderabad,1.8,2.8,38,9.8,6.91
EMP07711,Male,34,11,Central University,Legal,Compliance Officer,3,Chennai,3.0,2.1,13,12.4,13.59
EMP07712,Female,25,1,Distance Learning,Data Science,Data Analyst,1,Guwahati,4.6,3.2,34,9.0,5.65
EMP07713,Male,29,2,NIT,Engineering,Software Engineer,1,Bhopal,3.6,3.9,96,8.1,6.7
EMP07714,Male,35,9,IIT,HR,Talent Acquisition Specialist,3,Chennai,3.3,2.9,7,7.5,17.37
EMP07715,Male,31,5,Central University,Sales,Senior Account Manager,2,Chennai,3.5,3.7,10,34.5,8.04
EMP07716,Male,30,8,State University,Legal,Senior Legal Counsel,3,Bangalore,2.9,3.3,81,8.2,11.4
EMP07717,Male,27,5,IIIT,Sales,Sales Manager,3,Vadodara,2.5,3.2,1,27.2,12.82
EMP07718,Female,29,5,BITS,Product,Product Manager,2,Indore,4.2,3.7,4,15.6,10.13
EMP07719,Female,30,3,"Top Private (ISB, XLRI, SP Jain)",Finance,Financial Analyst,1,Delhi,2.7,,9,12.4,6.68
EMP07720,Male,24,2,State University,Customer Support,Customer Support Executive,1,Pune,5.0,2.8,25,7.7,8.14
EMP07721,Male,42,16,IIT,Sales,Sales Manager,5,Mysore,3.2,2.9,3,26.9,29.19
EMP07722,Female,44,18,State University,Customer Support,Support Manager,6,Delhi,3.8,,14,9.2,29.47
EMP07723,Male,25,2,"Top Private (ISB, XLRI, SP Jain)",Product,Associate Product Manager,1,Raipur,4.8,2.8,10,12.2,6.76
EMP07724,Male,24,2,Tier-2 Private,Product,Associate Product Manager,1,Chandigarh,3.8,3.0,7,17.4,6.66
EMP07725,Female,26,4,IIM,Operations,Operations Executive,1,Kochi,2.4,3.1,29,8.4,6.74
EMP07726,Male,29,7,IIM,Marketing,Brand Manager,3,Ranchi,3.0,3.2,5,14.0,12.62
EMP07727,Male,32,5,IIM,Customer Support,Support Team Lead,2,Kochi,2.1,3.2,10,8.2,8.18
EMP07728,Male,34,8,"Top Private (ISB, XLRI, SP Jain)",Engineering,Engineering Manager,4,Nagpur,3.3,,7,9.2,20.74
EMP07729,Female,31,5,Tier-2 Private,Operations,Operations Executive,1,Bangalore,2.6,3.1,37,7.6,5.23
EMP07730,Male,27,5,IIIT,Customer Support,Support Team Lead,2,Guwahati,3.3,3.7,10,7.0,8.76
EMP07731,Female,57,30,Central University,HR,Learning & Development Manager,6,Mysore,4.6,3.4,3,7.7,50.0
EMP07732,Male,30,4,State University,Data Science,Data Analyst,1,Guwahati,4.8,4.8,6,10.8,8.48
EMP07733,Male,45,19,IIT,Engineering,Engineering Manager,6,Mumbai,2.1,4.0,4,8.2,50.0
EMP07734,Male,40,16,Central University,Marketing,Content Strategist,5,Thiruvananthapuram,2.0,3.5,3,23.2,28.16
EMP07735,Female,31,8,State University,Sales,Sales Manager,4,Pune,3.5,4.4,17,30.8,16.23
EMP07736,Male,27,1,Tier-2 Private,Operations,Operations Manager,1,Bangalore,3.3,3.0,81,8.4,5.74
EMP07737,Female,28,6,Central University,Data Science,Data Analyst,2,Indore,2.4,4.6,5,11.0,7.56
EMP07738,Male,27,4,Tier-2 Private,Operations,Operations Manager,2,Thiruvananthapuram,3.3,5.0,1,8.4,7.39
EMP07739,Male,28,6,"Top Private (ISB, XLRI, SP Jain)",Customer Support,Customer Support Executive,1,Bangalore,3.4,4.2,10,8.2,8.93
EMP07740,Male,24,2,IIIT,Operations,Operations Executive,1,Kolkata,3.2,3.5,1,7.7,7.0
EMP07741,Male,35,10,Central University,Product,Senior Product Manager,3,Jaipur,4.4,4.3,12,13.6,18.35
EMP07742,Male,35,12,Diploma,Engineering,Engineering Manager,4,Vadodara,4.3,,14,8.9,18.17
EMP07743,Female,40,13,Other,HR,HR Business Partner,4,Mumbai,3.3,2.6,9,10.0,14.43
EMP07744,Female,31,4,Distance Learning,Sales,Account Manager,2,Guwahati,4.5,3.9,7,27.9,7.79
EMP07745,Female,25,2,Central University,Legal,Senior Legal Counsel,1,Mysore,4.2,3.1,25,15.0,4.92
EMP07746,Female,33,7,Diploma,Sales,Senior Account Manager,2,Bhopal,3.5,2.7,1,29.9,6.88
EMP07747,Male,42,20,"Top Private (ISB, XLRI, SP Jain)",Marketing,Growth Manager,6,Delhi,1.4,3.8,6,22.6,38.5
EMP07748,Female,29,6,State University,HR,HR Manager,3,Kochi,2.3,3.4,16,10.3,9.69
EMP07749,Male,33,8,IIM,Data Science,ML Engineer,3,Indore,3.1,2.7,2,10.4,18.48
EMP07750,Female,28,5,Diploma,Sales,Senior Account Manager,2,Nagpur,3.8,4.3,27,32.7,7.83
EMP07751,Female,26,4,Distance Learning,Operations,Process Improvement Specialist,3,Nagpur,2.4,3.4,4,5.1,6.44
EMP07752,Male,31,9,State University,Engineering,Lead Engineer,3,Thiruvananthapuram,4.3,4.2,13,8.4,17.46
EMP07753,Female,30,5,Tier-2 Private,Finance,Senior Financial Analyst,3,Jaipur,4.6,4.0,31,15.3,7.85
EMP07754,Female,31,8,BITS,Data Science,Senior Data Scientist,3,Lucknow,3.8,2.8,7,12.2,12.34
EMP07755,Male,31,8,Distance Learning,Customer Support,Customer Success Manager,4,Vadodara,3.8,5.0,1,9.9,14.58
EMP07756,Female,30,7,Other,Engineering,Lead Engineer,3,Dehradun,4.0,4.8,31,8.1,12.96
EMP07757,Male,35,8,NIT,HR,HR Executive,2,Hyderabad,3.8,2.9,11,5.5,13.91
EMP07758,Male,30,3,Central University,Finance,Financial Analyst,1,Ahmedabad,3.5,3.6,17,16.3,9.57
EMP07759,Male,29,3,Distance Learning,Customer Support,Support Team Lead,1,Vadodara,3.3,,1,9.8,4.92
EMP07760,Male,27,5,Tier-2 Private,Product,Associate Product Manager,2,Guwahati,4.2,,86,17.0,10.92
EMP07761,Male,28,5,Central University,Customer Support,Customer Support Executive,1,Raipur,4.2,3.3,59,6.4,7.09
EMP07762,Female,31,4,Other,Data Science,Data Scientist,3,Coimbatore,2.3,5.0,3,11.1,8.73
EMP07763,Male,32,7,BITS,Engineering,Software Engineer,1,Mumbai,3.4,3.3,33,13.3,9.88
EMP07764,Male,33,11,Diploma,Marketing,Brand Manager,3,Kolkata,3.8,5.0,9,12.5,21.2
EMP07765,Female,36,13,IIIT,Marketing,Growth Manager,5,Hyderabad,2.3,,3,22.5,22.21
EMP07766,Male,42,16,Central University,Operations,Logistics Manager,5,Jaipur,4.0,3.9,10,5.9,26.03
EMP07767,Female,29,2,Other,HR,HR Executive,1,Bhopal,3.3,4.3,22,9.9,5.4
EMP07768,Male,26,2,Tier-2 Private,HR,HR Business Partner,2,Delhi,5.0,4.3,9,11.9,10.94
EMP07769,Female,26,4,NIT,Finance,Finance Manager,2,Ahmedabad,4.0,,9,12.1,8.26
EMP07770,Female,28,6,State University,Legal,Legal Manager,3,Kochi,3.5,4.0,1,8.8,8.61
EMP07771,Male,28,5,Tier-2 Private,HR,HR Business Partner,2,Chennai,3.8,3.3,1,6.0,7.52
EMP07772,Male,30,4,Central University,Finance,Finance Manager,2,Mumbai,3.6,3.5,9,11.5,13.66
EMP07773,Male,30,4,Other,Engineering,Senior Software Engineer,2,Chennai,2.2,,38,9.0,8.93
EMP07774,Female,31,8,Other,Marketing,Digital Marketing Manager,4,Vadodara,3.4,3.8,25,22.5,15.55
EMP07775,Female,29,2,Central University,Marketing,Marketing Executive,1,Nagpur,2.1,2.9,25,17.0,4.85
EMP07776,Male,57,30,Tier-2 Private,Engineering,DevOps Engineer,6,Lucknow,3.2,2.6,1,9.3,50.0
EMP07777,Male,33,6,Other,Legal,Legal Manager,3,Bhopal,3.6,4.1,1,9.6,9.92
EMP07778,Female,38,12,IIT,Sales,Sales Manager,5,Delhi,2.5,3.1,3,29.9,29.73
EMP07779,Male,29,4,IIT,Product,Product Manager,3,Lucknow,3.4,4.8,10,11.4,14.59
EMP07780,Female,36,9,Central University,Operations,Operations Manager,3,Bangalore,4.6,3.9,1,6.4,12.4
EMP07781,Female,32,6,Diploma,Data Science,Data Scientist,3,Kochi,3.0,4.3,23,13.1,11.63
EMP07782,Male,37,11,Distance Learning,Data Science,Data Scientist,3,Raipur,2.7,3.6,10,11.5,12.86
EMP07783,Male,29,5,BITS,Operations,Process Improvement Specialist,3,Indore,4.3,,30,9.5,15.87
EMP07784,Male,40,17,Tier-2 Private,Data Science,Analytics Manager,5,Indore,3.6,4.3,7,11.4,31.18
EMP07785,Male,27,2,Distance Learning,Customer Support,Customer Support Executive,1,Nagpur,3.4,1.9,44,7.6,5.75
EMP07786,Female,35,11,Tier-2 Private,Data Science,Senior Data Scientist,3,Chennai,3.9,,19,9.2,14.43
EMP07787,Female,30,6,Central University,Operations,Operations Manager,2,Patna,3.6,3.3,42,9.9,8.29
EMP07788,Female,28,2,Diploma,Marketing,Marketing Executive,1,Coimbatore,2.8,,7,18.4,3.63
EMP07789,Male,48,23,Tier-2 Private,Engineering,DevOps Engineer,6,Indore,2.5,3.1,48,9.4,45.01
EMP07790,Male,45,22,Central University,Engineering,Engineering Manager,6,Guwahati,4.9,4.0,8,12.3,50.0
EMP07791,Female,24,1,State University,Data Science,Data Analyst,1,Coimbatore,3.8,3.6,22,12.6,4.28
EMP07792,Male,31,6,Tier-2 Private,Sales,Account Manager,2,Chennai,4.7,4.1,51,21.7,8.99
EMP07793,Male,32,9,NIT,Customer Support,Support Manager,3,Ahmedabad,3.3,2.9,5,5.8,11.86
EMP07794,Male,31,8,Distance Learning,Finance,Controller,3,Kochi,4.5,4.3,4,11.8,14.44
EMP07795,Female,40,17,State University,Product,Director of Product,5,Delhi,2.8,2.8,2,11.9,21.45
EMP07796,Female,40,15,Other,Customer Support,Customer Success Manager,3,Ahmedabad,2.2,3.7,20,5.0,12.65
EMP07797,Male,31,7,Central University,Marketing,Marketing Executive,1,Coimbatore,3.8,4.1,3,21.8,9.51
EMP07798,Female,53,29,Central University,Product,Director of Product,6,Coimbatore,4.2,4.8,23,10.7,49.47
EMP07799,Male,33,11,"Top Private (ISB, XLRI, SP Jain)",HR,HR Manager,3,Mumbai,4.3,4.8,28,9.3,21.43
EMP07800,Male,26,4,Central University,Finance,Controller,3,Lucknow,3.8,,1,10.6,13.02
EMP07801,Male,30,4,Central University,Finance,Financial Analyst,2,Pune,2.9,3.4,57,10.8,9.88
EMP07802,Female,41,14,IIIT,Customer Support,Customer Success Manager,4,Delhi,3.8,3.4,1,5.1,22.68
EMP07803,Male,26,3,Tier-2 Private,Sales,Sales Executive,2,Surat,3.8,3.9,1,15.4,9.3
EMP07804,Male,31,4,BITS,Data Science,Data Scientist,2,Visakhapatnam,3.4,3.2,4,14.3,10.88
EMP07805,Male,30,5,Diploma,HR,HR Manager,2,Visakhapatnam,3.1,,26,5.7,8.89
EMP07806,Female,30,7,State University,Legal,Senior Legal Counsel,3,Chennai,2.6,3.9,15,12.3,11.75
EMP07807,Female,30,5,Central University,Marketing,Marketing Executive,1,Visakhapatnam,3.6,3.9,33,16.5,5.94
EMP07808,Male,24,2,Other,Data Science,Data Scientist,1,Chennai,3.7,2.9,1,13.3,8.6
EMP07809,Female,37,13,Tier-2 Private,Marketing,Brand Manager,3,Kolkata,2.3,3.3,16,13.3,15.16
EMP07810,Male,30,4,Distance Learning,Marketing,Brand Manager,2,Vadodara,5.0,4.3,7,12.1,9.56
EMP07811,Male,51,24,Central University,Product,Product Analyst,6,Bangalore,2.3,4.2,25,18.4,50.0
EMP07812,Female,30,7,Tier-2 Private,Legal,Legal Associate,1,Dehradun,2.9,3.2,8,12.5,5.25
EMP07813,Female,41,14,IIM,Engineering,Engineering Manager,5,Coimbatore,3.7,3.3,20,12.6,28.76
EMP07814,Male,34,9,IIT,Data Science,Lead Data Scientist,4,Kolkata,3.8,3.3,1,14.9,30.28
EMP07815,Male,38,15,Central University,Data Science,Lead Data Scientist,4,Bangalore,2.8,4.0,1,13.9,30.2
EMP07816,Male,35,9,"Top Private (ISB, XLRI, SP Jain)",Engineering,Staff Engineer,2,Hyderabad,2.7,2.5,7,9.8,10.15
EMP07817,Male,34,7,Tier-2 Private,Product,Associate Product Manager,2,Lucknow,3.4,2.9,12,18.5,12.45
EMP07818,Female,36,13,State University,Product,Product Analyst,5,Hyderabad,3.4,2.9,21,16.6,21.44
EMP07819,Female,52,30,Distance Learning,Legal,Compliance Officer,6,Patna,4.6,3.7,13,14.3,50.0
EMP07820,Male,28,5,"Top Private (ISB, XLRI, SP Jain)",Product,Senior Product Manager,2,Bangalore,2.6,4.6,46,18.6,10.38
EMP07821,Female,36,10,Tier-2 Private,Product,Product Manager,3,Mumbai,3.5,3.6,12,12.8,12.99
EMP07822,Male,28,6,Other,Marketing,Brand Manager,2,Kolkata,3.3,2.8,11,22.6,7.27
EMP07823,Male,31,8,Other,Engineering,Staff Engineer,3,Kochi,3.8,3.5,3,11.4,13.9
EMP07824,Male,29,6,Tier-2 Private,Sales,Sales Executive,2,Hyderabad,3.2,3.0,1,17.9,8.93
EMP07825,Female,23,1,IIT,Legal,Senior Legal Counsel,1,Chandigarh,4.3,,45,13.5,4.81
EMP07826,Male,30,5,Distance Learning,Engineering,Senior Software Engineer,2,Ahmedabad,4.0,3.0,43,11.3,12.86
EMP07827,Female,38,12,State University,Operations,Supply Chain Analyst,4,Thiruvananthapuram,4.5,3.1,2,7.4,13.88
EMP07828,Male,25,3,NIT,HR,HR Executive,2,Kolkata,3.6,3.0,60,9.7,12.26
EMP07829,Female,38,11,State University,Customer Support,Customer Success Manager,4,Chandigarh,3.5,,75,5.0,14.1
EMP07830,Male,33,6,"Top Private (ISB, XLRI, SP Jain)",Sales,Sales Executive,2,Bangalore,3.1,3.9,2,34.0,11.99
EMP07831,Female,32,5,NIT,Customer Support,Support Team Lead,2,Hyderabad,2.3,2.7,49,6.3,7.42
EMP07832,Female,37,11,Diploma,Legal,Legal Manager,3,Thiruvananthapuram,3.8,3.3,5,12.8,10.35
EMP07833,Male,33,9,"Top Private (ISB, XLRI, SP Jain)",Operations,Operations Manager,3,Vadodara,3.8,4.8,1,5.6,15.39
EMP07834,Female,31,8,NIT,Customer Support,Customer Success Manager,4,Delhi,3.9,3.9,9,9.1,18.89
EMP07835,Female,39,12,Diploma,Operations,Process Improvement Specialist,3,Jaipur,3.1,3.2,5,5.6,11.86
EMP07836,Male,31,6,Diploma,Legal,Senior Legal Counsel,2,Ahmedabad,2.5,3.2,5,8.6,8.79
EMP07837,Male,25,1,Distance Learning,Marketing,Marketing Executive,1,Mumbai,2.8,3.8,25,21.8,6.63
EMP07838,Female,28,4,Other,Data Science,Data Analyst,1,Mumbai,3.6,2.9,1,8.8,7.17
EMP07839,Female,24,1,Tier-2 Private,Operations,Operations Manager,1,Guwahati,4.3,4.1,37,6.7,4.5
EMP07840,Male,33,9,IIM,Data Science,Data Analyst,2,Lucknow,2.2,5.0,7,8.8,13.8
EMP07841,Female,37,11,Other,HR,Talent Acquisition Specialist,3,Pune,4.8,3.4,9,6.3,12.57
EMP07842,Male,36,11,Other,Sales,Account Manager,3,Pune,1.8,3.7,49,20.7,15.46
EMP07843,Male,32,8,IIM,Legal,Senior Legal Counsel,3,Raipur,4.9,2.8,77,9.8,18.79
EMP07844,Female,33,11,IIIT,Product,Group Product Manager,4,Kolkata,2.6,4.4,10,19.6,18.58
EMP07845,Male,26,2,State University,Legal,Legal Associate,2,Kochi,4.6,4.0,5,11.7,10.02
EMP07846,Male,28,5,Central University,Product,Senior Product Manager,2,Mumbai,3.1,2.4,12,13.5,10.81
EMP07847,Male,26,2,State University,Sales,Account Manager,1,Pune,4.6,3.9,11,31.0,5.77
EMP07848,Male,26,4,IIM,Legal,Legal Associate,1,Chennai,1.6,3.6,3,9.3,8.11
EMP07849,Male,45,18,IIIT,Operations,Logistics Manager,5,Hyderabad,3.9,3.7,2,8.1,28.08
EMP07850,Female,36,13,IIIT,Marketing,Content Strategist,4,Kolkata,4.3,3.0,10,22.2,16.87
EMP07851,Male,31,9,IIIT,HR,Talent Acquisition Specialist,4,Hyderabad,3.7,3.7,21,9.5,15.91
EMP07852,Female,30,5,Central University,Finance,Finance Manager,2,Lucknow,3.9,2.6,14,16.3,7.25
EMP07853,Female,27,3,Other,Data Science,Data Scientist,1,Bangalore,4.3,3.4,20,13.8,6.0
EMP07854,Male,33,6,Tier-2 Private,Marketing,Digital Marketing Manager,3,Raipur,3.6,,26,20.3,12.01
EMP07855,Male,37,13,IIM,Engineering,Lead Engineer,3,Mysore,3.1,3.5,35,9.1,21.21
EMP07856,Female,33,8,"Top Private (ISB, XLRI, SP Jain)",Product,Senior Product Manager,3,Hyderabad,2.4,2.8,2,17.6,11.19
EMP07857,Male,28,1,State University,Customer Support,Customer Success Manager,2,Surat,4.2,4.6,16,9.7,6.76
EMP07858,Male,33,6,IIM,Engineering,Senior Software Engineer,2,Bangalore,4.4,4.4,6,13.6,14.86
EMP07859,Female,27,1,BITS,Engineering,Senior Software Engineer,1,Jaipur,4.0,2.6,21,11.8,6.1
EMP07860,Female,35,10,Central University,Customer Support,Customer Success Manager,4,Pune,4.1,3.0,14,6.5,12.72
EMP07861,Female,29,3,Central University,Sales,Account Manager,2,Vadodara,3.7,3.3,73,15.3,5.56
EMP07862,Male,25,2,Tier-2 Private,Product,Associate Product Manager,1,Mumbai,3.1,3.8,34,14.4,8.61
EMP07863,Male,37,10,"Top Private (ISB, XLRI, SP Jain)",Data Science,Data Scientist,3,Delhi,4.4,4.1,13,13.4,22.88
EMP07864,Male,35,8,Tier-2 Private,HR,HR Business Partner,4,Kochi,3.1,,10,8.3,18.16
EMP07865,Female,31,7,Central University,Customer Support,Customer Success Manager,2,Lucknow,3.6,2.7,11,6.3,7.83
EMP07866,Male,50,28,State University,Engineering,Engineering Manager,6,Delhi,3.9,3.8,2,13.8,50.0
EMP07867,Male,35,9,NIT,Customer Support,Support Manager,3,Visakhapatnam,4.6,3.1,4,8.8,11.28
EMP07868,Male,25,3,Tier-2 Private,Data Science,Data Analyst,1,Kochi,1.2,4.0,8,13.4,6.9
EMP07869,Female,30,8,State University,Customer Support,Customer Success Manager,2,Mumbai,4.2,3.7,1,10.0,11.08
EMP07870,Female,31,4,Tier-2 Private,Data Science,Data Analyst,1,Hyderabad,3.1,4.6,4,13.8,7.19
EMP07871,Male,39,14,IIIT,Product,Group Product Manager,4,Lucknow,3.9,4.6,35,17.5,25.22
EMP07872,Male,32,7,IIIT,Engineering,Lead Engineer,3,Indore,2.0,4.1,8,8.5,11.15
EMP07873,Male,34,7,Tier-2 Private,Marketing,Brand Manager,2,Delhi,2.9,3.4,25,24.2,8.53
EMP07874,Male,29,2,Central University,Operations,Operations Executive,1,Mumbai,4.4,3.0,3,7.6,6.74
EMP07875,Male,33,6,Distance Learning,Data Science,Senior Data Scientist,3,Delhi,4.4,,8,14.0,15.45
EMP07876,Male,27,5,State University,Engineering,Staff Engineer,3,Guwahati,3.3,3.9,3,14.1,10.99
EMP07877,Female,25,2,BITS,Data Science,Data Analyst,1,Nagpur,4.9,2.8,24,9.3,7.16
EMP07878,Female,31,5,State University,Marketing,Brand Manager,3,Visakhapatnam,3.5,3.4,1,13.7,8.36
EMP07879,Female,30,8,Other,HR,Compensation Analyst,4,Delhi,3.8,3.2,24,9.8,11.47
EMP07880,Female,29,6,BITS,Operations,Operations Executive,1,Nagpur,2.8,3.1,3,6.9,6.81
EMP07881,Male,27,2,BITS,Customer Support,Support Team Lead,1,Patna,3.1,3.7,26,9.2,6.11
EMP07882,Male,28,4,Distance Learning,Finance,Financial Analyst,1,Thiruvananthapuram,3.8,3.2,1,12.9,6.55
EMP07883,Male,27,4,Central University,HR,HR Manager,2,Lucknow,1.6,2.8,20,8.0,6.76
EMP07884,Female,33,6,Other,Data Science,Senior Data Scientist,3,Vadodara,3.6,4.6,1,13.0,8.7
EMP07885,Male,30,6,Tier-2 Private,Finance,Senior Financial Analyst,3,Bangalore,3.8,3.5,31,16.0,11.6
EMP07886,Male,28,4,Central University,Product,Associate Product Manager,2,Visakhapatnam,3.5,,96,13.4,9.97
EMP07887,Male,29,4,Central University,Data Science,Senior Data Scientist,2,Hyderabad,4.6,2.5,22,12.2,11.69
EMP07888,Male,32,6,Central University,Data Science,ML Engineer,3,Ahmedabad,3.1,2.7,18,12.3,11.39
EMP07889,Female,35,11,Distance Learning,Engineering,Staff Engineer,2,Chandigarh,3.3,2.7,9,10.1,9.01
EMP07890,Female,34,7,Diploma,Product,Product Manager,2,Chennai,3.2,2.7,1,10.6,8.15
EMP07891,Male,39,16,State University,Engineering,Principal Engineer,5,Thiruvananthapuram,3.3,2.9,33,11.2,27.14
EMP07892,Female,40,13,"Top Private (ISB, XLRI, SP Jain)",Finance,FP&A Analyst,4,Hyderabad,3.4,2.7,40,12.4,16.64
EMP07893,Male,44,17,Other,Engineering,Engineering Manager,4,Mysore,3.0,4.2,11,9.4,26.01
EMP07894,Male,37,15,Tier-2 Private,Finance,Controller,4,Surat,4.4,3.1,20,11.5,20.84
EMP07895,Male,44,18,Tier-2 Private,Legal,Company Secretary,5,Pune,4.6,2.1,2,10.3,37.82
EMP07896,Female,24,2,Central University,Product,Product Manager,1,Patna,4.4,3.4,12,13.1,5.24
EMP07897,Female,33,9,Tier-2 Private,Engineering,Lead Engineer,3,Guwahati,4.1,3.0,3,10.7,11.08
EMP07898,Male,41,14,State University,Product,Director of Product,5,Lucknow,2.7,4.7,5,18.5,26.89
EMP07899,Female,39,16,Diploma,Marketing,Growth Manager,5,Mumbai,3.4,,12,20.6,19.0
EMP07900,Male,28,3,State University,Operations,Operations Manager,1,Visakhapatnam,5.0,4.5,8,8.3,6.92
EMP07901,Male,35,9,IIIT,Operations,Process Improvement Specialist,4,Ahmedabad,3.3,3.4,66,8.7,16.95
EMP07902,Female,30,6,Distance Learning,Engineering,Senior Software Engineer,3,Bhopal,3.8,2.9,6,12.3,9.08
EMP07903,Female,44,22,IIIT,Customer Support,Customer Success Manager,6,Indore,2.3,,53,6.2,30.84
EMP07904,Female,24,2,Tier-2 Private,Marketing,Marketing Manager,1,Kolkata,3.9,2.4,9,19.2,4.8
EMP07905,Female,28,3,State University,Finance,Financial Analyst,1,Bangalore,3.0,4.1,30,16.4,6.51
EMP07906,Male,23,1,Tier-2 Private,Customer Support,Customer Success Manager,2,Surat,3.3,3.3,4,9.0,5.49
EMP07907,Female,28,6,Central University,Data Science,Senior Data Scientist,3,Coimbatore,1.3,2.2,42,13.3,9.94
EMP07908,Female,56,29,"Top Private (ISB, XLRI, SP Jain)",Sales,Key Account Manager,6,Lucknow,3.5,3.7,1,26.6,48.17
EMP07909,Male,30,5,State University,Customer Support,Customer Support Executive,2,Raipur,4.2,3.5,43,6.6,9.0
EMP07910,Male,30,6,Tier-2 Private,Finance,Financial Analyst,1,Chennai,4.2,2.8,48,17.2,8.98
EMP07911,Female,30,8,Tier-2 Private,Marketing,Brand Manager,3,Surat,3.2,3.6,11,24.4,6.48
EMP07912,Male,31,5,Central University,HR,HR Business Partner,2,Visakhapatnam,4.1,,11,11.9,12.31
EMP07913,Male,32,7,Tier-2 Private,Legal,Legal Manager,2,Mumbai,4.3,4.1,24,8.2,15.39
EMP07914,Female,30,7,State University,Customer Support,Support Team Lead,2,Delhi,2.9,3.2,15,8.5,6.2
EMP07915,Female,29,3,BITS,HR,HR Manager,2,Ahmedabad,4.3,3.6,8,7.6,8.02
EMP07916,Female,28,5,Central University,Sales,Account Manager,3,Vadodara,3.2,3.1,48,24.6,7.57
EMP07917,Female,35,10,Central University,Legal,Compliance Officer,3,Chennai,2.4,2.2,4,8.3,9.34
EMP07918,Male,36,11,Diploma,HR,HR Business Partner,3,Raipur,2.9,4.2,1,9.6,11.53
EMP07919,Female,38,15,Tier-2 Private,Sales,Key Account Manager,4,Indore,3.7,2.8,15,33.7,17.62
EMP07920,Male,34,7,IIT,HR,HR Manager,1,Ranchi,2.3,2.2,24,5.3,7.5
EMP07921,Female,33,7,State University,HR,HR Business Partner,2,Pune,1.8,3.0,11,7.9,8.09
EMP07922,Male,33,10,Diploma,Legal,Company Secretary,4,Visakhapatnam,3.8,,3,8.4,19.54
EMP07923,Female,25,3,Central University,Finance,Senior Financial Analyst,1,Patna,3.8,3.9,3,17.1,5.65
EMP07924,Male,26,3,State University,Data Science,Data Analyst,1,Mumbai,3.3,3.1,56,13.3,9.53
EMP07925,Female,29,5,IIIT,Sales,Account Manager,3,Patna,3.6,3.2,8,21.9,9.23
EMP07926,Male,27,2,State University,HR,HR Manager,1,Coimbatore,4.0,4.0,12,9.0,6.4
EMP07927,Male,32,8,IIM,HR,HR Manager,3,Bangalore,2.1,3.6,24,7.8,15.42
EMP07928,Male,34,12,"Top Private (ISB, XLRI, SP Jain)",Finance,Controller,4,Bhopal,1.3,4.3,47,17.7,23.85
EMP07929,Male,29,3,"Top Private (ISB, XLRI, SP Jain)",Sales,Account Manager,1,Kolkata,4.1,4.3,6,18.3,8.69
EMP07930,Female,32,8,IIM,Marketing,Marketing Manager,3,Hyderabad,3.8,2.6,38,18.2,11.14
EMP07931,Male,27,3,IIIT,Operations,Operations Executive,2,Jaipur,3.9,3.9,6,7.9,8.65
EMP07932,Male,27,2,Central University,Engineering,Software Engineer,1,Mumbai,2.8,4.7,26,8.8,7.32
EMP07933,Male,52,25,State University,Customer Support,Support Manager,6,Thiruvananthapuram,3.6,3.0,6,9.0,50.0
EMP07934,Male,24,2,IIT,Sales,Sales Executive,1,Kolkata,4.3,2.8,9,16.1,7.57
EMP07935,Female,29,2,NIT,Marketing,Marketing Manager,1,Ranchi,3.7,3.8,37,13.0,5.31
EMP07936,Male,32,7,Distance Learning,Data Science,Data Scientist,3,Nagpur,3.1,3.1,4,11.6,14.42
EMP07937,Male,32,7,NIT,Customer Support,Support Team Lead,1,Lucknow,3.7,5.0,2,6.4,10.49
EMP07938,Male,31,9,"Top Private (ISB, XLRI, SP Jain)",HR,Talent Acquisition Specialist,4,Guwahati,4.6,3.4,19,5.5,17.35
EMP07939,Male,50,24,State University,Marketing,Digital Marketing Manager,5,Vadodara,3.6,3.0,30,13.9,43.76
EMP07940,Female,29,3,Central University,Customer Support,Customer Support Executive,2,Raipur,2.6,2.9,3,9.3,5.92
EMP07941,Male,29,4,BITS,Customer Support,Support Team Lead,2,Thiruvananthapuram,4.9,4.6,42,9.3,7.98
EMP07942,Male,44,18,IIM,Product,Group Product Manager,4,Coimbatore,3.2,2.7,11,16.6,31.01
EMP07943,Female,38,11,Central University,Operations,Process Improvement Specialist,3,Delhi,2.9,3.1,10,7.9,11.76
EMP07944,Male,37,10,Tier-2 Private,Finance,Finance Manager,2,Bangalore,3.0,3.4,24,10.2,17.98
EMP07945,Female,27,4,Tier-2 Private,Engineering,Senior Software Engineer,2,Visakhapatnam,3.9,1.5,1,11.1,8.22
EMP07946,Male,39,13,Other,Marketing,Brand Manager,4,Kolkata,3.0,3.3,26,24.2,23.0
EMP07947,Female,32,10,State University,Product,Group Product Manager,3,Indore,2.2,3.2,2,18.7,9.22
EMP07948,Male,31,6,IIIT,HR,HR Business Partner,3,Chandigarh,3.8,3.0,16,10.3,12.08
EMP07949,Male,26,4,Central University,Marketing,Brand Manager,2,Chandigarh,3.7,4.1,13,18.3,7.05
EMP07950,Female,29,6,BITS,Product,Associate Product Manager,1,Nagpur,3.6,3.9,12,15.8,5.56
EMP07951,Female,45,19,IIT,Marketing,Digital Marketing Manager,4,Surat,2.7,3.4,3,20.2,21.63
EMP07952,Female,26,2,State University,Sales,Sales Executive,1,Pune,3.2,2.5,2,32.7,4.63
EMP07953,Female,30,3,Central University,Operations,Operations Manager,1,Indore,3.8,2.7,48,8.5,4.87
EMP07954,Male,25,3,IIIT,Operations,Operations Executive,2,Indore,3.6,4.4,3,8.0,10.05
EMP07955,Female,31,4,State University,Data Science,Data Scientist,1,Pune,3.7,,28,14.7,6.29
EMP07956,Female,31,5,"Top Private (ISB, XLRI, SP Jain)",Engineering,Senior Software Engineer,2,Coimbatore,4.7,3.9,9,10.5,9.84
EMP07957,Male,35,11,Diploma,Operations,Supply Chain Analyst,2,Kolkata,3.7,3.9,1,6.8,13.54
EMP07958,Male,30,8,Tier-2 Private,HR,HR Manager,2,Bhopal,3.9,2.9,5,11.1,10.37
EMP07959,Male,28,6,IIT,Operations,Operations Manager,2,Patna,2.7,3.7,5,9.0,10.74
EMP07960,Female,31,7,Diploma,Finance,Financial Analyst,1,Chennai,2.6,2.4,1,11.9,6.67
EMP07961,Male,34,9,Distance Learning,Data Science,Data Scientist,2,Indore,4.0,4.0,6,12.3,13.11
EMP07962,Male,26,1,State University,Finance,Financial Analyst,1,Bhopal,3.1,3.3,18,17.0,5.25
EMP07963,Female,35,12,Distance Learning,Operations,Process Improvement Specialist,4,Lucknow,2.1,2.5,46,8.2,11.59
EMP07964,Female,28,3,Central University,Customer Support,Support Team Lead,1,Kolkata,3.9,3.0,7,7.3,3.82
EMP07965,Male,29,4,NIT,HR,HR Manager,3,Nagpur,4.3,3.9,4,7.5,15.3
EMP07966,Female,31,7,Tier-2 Private,Marketing,Marketing Manager,2,Delhi,2.6,3.4,19,20.5,11.2
EMP07967,Male,28,5,Central University,Finance,Financial Analyst,1,Ahmedabad,2.1,3.6,12,16.8,6.75
EMP07968,Female,32,8,Diploma,Engineering,Senior Software Engineer,2,Guwahati,4.6,3.5,2,11.4,8.9
EMP07969,Male,32,6,Diploma,Data Science,Senior Data Scientist,2,Chennai,4.5,2.8,6,10.3,13.44
EMP07970,Male,29,4,Diploma,Finance,Controller,3,Surat,4.3,2.9,55,11.2,10.98
EMP07971,Female,39,17,Central University,Operations,Supply Chain Analyst,4,Ahmedabad,2.8,2.7,27,5.8,17.04
EMP07972,Male,36,9,Distance Learning,HR,Compensation Analyst,4,Chennai,3.3,2.7,23,7.6,17.99
EMP07973,Male,30,7,Central University,Finance,Senior Financial Analyst,2,Ranchi,3.8,3.6,34,15.7,13.01
EMP07974,Male,35,9,State University,HR,Talent Acquisition Specialist,3,Chennai,4.2,2.6,22,10.3,14.77
EMP07975,Female,25,3,State University,Product,Product Manager,1,Surat,3.4,3.5,1,13.5,5.64
EMP07976,Female,50,27,NIT,Engineering,DevOps Engineer,6,Chandigarh,5.0,,1,9.7,50.0
EMP07977,Female,27,2,IIM,Product,Product Manager,1,Nagpur,4.0,3.8,22,17.6,6.71
EMP07978,Female,33,6,State University,Data Science,Senior Data Scientist,2,Pune,3.6,3.5,28,14.7,10.6
EMP07979,Female,29,4,Tier-2 Private,HR,HR Business Partner,2,Ranchi,3.4,2.2,23,8.4,5.96
EMP07980,Male,26,4,Distance Learning,Sales,Account Manager,1,Dehradun,3.7,,20,21.8,5.99
EMP07981,Male,31,4,Diploma,Data Science,Senior Data Scientist,2,Nagpur,3.8,3.5,2,10.9,7.96
EMP07982,Female,26,3,State University,Engineering,Senior Software Engineer,2,Surat,2.6,4.1,54,14.0,5.88
EMP07983,Female,37,13,Diploma,Engineering,Staff Engineer,4,Kochi,2.5,3.2,30,8.2,19.75
EMP07984,Female,24,2,State University,Product,Associate Product Manager,1,Jaipur,2.9,2.1,25,11.1,4.92
EMP07985,Female,38,12,Distance Learning,Data Science,ML Engineer,5,Ahmedabad,3.2,3.0,29,9.2,16.01
EMP07986,Male,33,9,Central University,Customer Support,Support Team Lead,2,Pune,3.6,3.5,21,9.7,8.89
EMP07987,Female,27,4,State University,Product,Senior Product Manager,2,Kolkata,3.1,2.9,11,15.6,8.27
EMP07988,Female,33,8,Tier-2 Private,Operations,Process Improvement Specialist,3,Coimbatore,3.5,3.7,6,6.1,7.92
EMP07989,Female,28,5,Other,Operations,Operations Manager,2,Hyderabad,2.4,4.0,26,7.8,5.81
EMP07990,Female,27,2,Tier-2 Private,Product,Product Manager,2,Surat,4.5,3.6,7,15.0,7.19
EMP07991,Male,27,2,Tier-2 Private,Data Science,Data Analyst,1,Jaipur,2.4,2.9,23,11.3,8.14
EMP07992,Female,35,9,IIIT,Data Science,Data Scientist,3,Bangalore,3.7,3.5,3,11.7,15.93
EMP07993,Male,35,9,Tier-2 Private,Legal,Legal Manager,3,Dehradun,2.7,,19,14.7,10.68
EMP07994,Female,32,7,IIIT,Marketing,Marketing Manager,2,Coimbatore,3.8,2.7,5,13.1,9.2
EMP07995,Male,26,4,Tier-2 Private,Engineering,Lead Engineer,3,Visakhapatnam,4.7,4.6,10,11.1,16.35
EMP07996,Male,28,5,Other,Operations,Supply Chain Analyst,3,Thiruvananthapuram,4.2,3.7,5,6.8,9.31
EMP07997,Male,29,4,BITS,Marketing,Marketing Manager,3,Chandigarh,2.8,3.0,1,17.5,11.84
EMP07998,Male,26,1,Diploma,Data Science,Data Analyst,1,Ranchi,3.7,3.5,13,11.8,7.55
EMP07999,Male,31,6,Central University,Data Science,Data Scientist,2,Lucknow,3.2,3.8,4,11.5,12.18
EMP08000,Female,34,8,Diploma,Sales,Sales Manager,4,Mysore,2.4,4.5,32,29.5,8.94
EMP08001,Male,33,6,IIM,Finance,Senior Financial Analyst,2,Delhi,4.3,4.0,53,16.3,12.25
EMP08002,Female,45,20,Tier-2 Private,Engineering,Principal Engineer,6,Bangalore,5.0,,2,13.5,42.12
EMP08003,Male,24,2,Tier-2 Private,Sales,Sales Executive,1,Nagpur,4.5,4.1,2,24.6,7.03
EMP08004,Male,27,3,Distance Learning,Data Science,Data Analyst,1,Patna,2.5,3.7,41,8.5,6.39
EMP08005,Female,29,6,Central University,Customer Support,Support Team Lead,2,Delhi,5.0,2.2,59,9.5,6.64
EMP08006,Female,32,7,State University,HR,HR Manager,1,Ahmedabad,3.0,2.4,7,11.9,5.26
EMP08007,Male,26,1,Central University,HR,HR Executive,1,Bangalore,3.2,3.0,1,7.8,5.81
EMP08008,Female,34,9,State University,Sales,Account Manager,3,Indore,2.9,2.6,1,27.3,10.44
EMP08009,Female,32,7,Distance Learning,Product,Product Manager,2,Kolkata,3.6,2.5,10,17.4,8.17
EMP08010,Female,24,1,Other,Operations,Operations Executive,1,Pune,1.9,3.6,6,5.8,4.37
EMP08011,Female,28,5,Central University,Data Science,Senior Data Scientist,2,Bangalore,2.7,4.0,5,11.4,6.56
EMP08012,Female,30,3,IIM,Product,Product Manager,1,Bangalore,4.4,2.4,3,19.1,8.06
EMP08013,Female,28,4,Other,HR,HR Executive,2,Mysore,5.0,3.2,8,6.0,6.67
EMP08014,Male,25,2,State University,Finance,Financial Analyst,1,Kolkata,1.7,4.4,3,14.5,7.26
EMP08015,Male,35,8,BITS,Customer Support,Customer Success Manager,3,Bangalore,4.3,4.2,28,6.3,14.01
EMP08016,Male,42,20,BITS,Engineering,Engineering Manager,5,Delhi,2.5,3.4,1,12.6,42.32
EMP08017,Female,31,7,State University,Engineering,Lead Engineer,3,Visakhapatnam,3.1,3.0,6,10.6,10.65
EMP08018,Female,27,1,NIT,Engineering,Software Engineer,1,Vadodara,2.5,4.4,3,9.2,5.02
EMP08019,Male,31,7,Diploma,Customer Support,Customer Success Manager,2,Mysore,4.3,4.6,1,7.0,9.41
EMP08020,Female,32,5,State University,Marketing,Marketing Executive,2,Pune,4.0,4.4,27,19.8,9.39
EMP08021,Male,26,2,IIIT,Legal,Legal Associate,2,Chandigarh,3.6,3.4,9,9.3,9.04
EMP08022,Male,32,7,IIT,HR,HR Manager,2,Surat,4.1,3.4,37,6.5,12.49
EMP08023,Female,35,11,Other,Legal,Legal Manager,2,Bangalore,4.0,2.5,7,9.7,11.31
EMP08024,Male,27,3,State University,Legal,Legal Associate,1,Dehradun,2.6,3.8,14,12.6,5.14
EMP08025,Male,25,1,State University,Engineering,Software Engineer,1,Surat,3.8,3.3,45,10.1,7.51
EMP08026,Male,28,1,Other,Customer Support,Customer Support Executive,1,Guwahati,3.0,3.6,2,8.2,4.99
EMP08027,Male,29,3,State University,HR,HR Executive,1,Surat,2.9,2.0,11,7.8,6.25
EMP08028,Female,29,5,Other,HR,HR Manager,1,Pune,3.9,3.0,1,8.2,6.18
EMP08029,Female,28,4,Distance Learning,Product,Product Manager,2,Lucknow,4.6,4.2,1,17.2,7.19
EMP08030,Female,27,3,Diploma,Legal,Legal Associate,1,Delhi,3.4,3.4,21,11.3,3.79
EMP08031,Female,35,9,State University,Engineering,Senior Software Engineer,3,Chennai,4.8,1.4,30,8.6,18.29
EMP08032,Male,33,8,BITS,Data Science,Data Scientist,3,Surat,3.2,4.1,1,14.0,13.56
EMP08033,Male,31,6,Distance Learning,Product,Product Manager,3,Guwahati,2.1,4.5,80,11.5,10.85
EMP08034,Male,34,10,Tier-2 Private,Legal,Compliance Officer,3,Lucknow,2.4,2.5,26,11.9,11.4
EMP08035,Male,27,3,BITS,Legal,Legal Associate,1,Lucknow,2.2,3.8,15,13.6,6.19
EMP08036,Female,27,2,State University,Product,Product Manager,1,Delhi,3.8,3.1,81,12.8,5.81
EMP08037,Male,30,4,Tier-2 Private,HR,HR Executive,2,Chandigarh,5.0,3.9,13,11.7,8.56
EMP08038,Male,30,3,NIT,Marketing,Marketing Executive,1,Bangalore,4.4,4.1,10,16.3,7.92
EMP08039,Male,23,1,Tier-2 Private,HR,HR Executive,1,Raipur,4.2,3.5,1,9.5,5.78
EMP08040,Female,27,4,State University,Engineering,Software Engineer,2,Bangalore,4.8,3.3,40,13.8,9.98
EMP08041,Male,39,13,State University,Marketing,Brand Manager,3,Mumbai,4.0,4.9,32,13.2,20.49
EMP08042,Male,32,10,Central University,Marketing,Brand Manager,4,Mumbai,4.4,5.0,25,19.6,18.27
EMP08043,Female,33,8,State University,Engineering,Engineering Manager,4,Delhi,3.6,3.9,6,11.8,18.39
EMP08044,Male,30,6,State University,Operations,Supply Chain Analyst,2,Lucknow,2.8,3.8,58,9.3,8.2
EMP08045,Female,39,16,"Top Private (ISB, XLRI, SP Jain)",Finance,FP&A Analyst,5,Mumbai,2.5,2.9,19,11.0,20.12
EMP08046,Male,27,2,NIT,Product,Associate Product Manager,1,Chennai,3.2,3.6,9,14.8,8.26
EMP08047,Female,28,3,State University,Sales,Account Manager,1,Kolkata,2.1,3.4,9,16.3,4.94
EMP08048,Female,39,13,Tier-2 Private,Legal,Company Secretary,4,Dehradun,3.2,3.4,7,13.6,10.72
EMP08049,Male,32,6,Distance Learning,Product,Associate Product Manager,2,Bangalore,3.2,2.1,21,19.1,9.67
EMP08050,Female,30,3,Distance Learning,Customer Support,Customer Support Executive,1,Chennai,4.2,2.9,10,5.1,6.06
EMP08051,Male,32,8,Tier-2 Private,Engineering,Staff Engineer,3,Hyderabad,3.4,3.5,2,9.6,15.93
EMP08052,Female,30,4,Tier-2 Private,HR,HR Executive,2,Vadodara,4.5,3.1,13,9.8,5.51
EMP08053,Female,29,3,State University,Sales,Sales Executive,1,Nagpur,3.1,3.6,22,24.9,5.62
EMP08054,Female,30,3,BITS,Product,Associate Product Manager,1,Kolkata,2.7,4.6,10,14.2,7.21
EMP08055,Female,32,7,"Top Private (ISB, XLRI, SP Jain)",Finance,Financial Analyst,2,Lucknow,4.9,3.7,68,12.3,9.82
EMP08056,Female,29,6,State University,Sales,Account Manager,2,Mysore,4.4,3.7,38,20.3,9.48
EMP08057,Male,41,17,Distance Learning,Finance,Controller,5,Ahmedabad,3.6,4.2,48,13.6,38.21
EMP08058,Male,27,4,Diploma,Product,Product Manager,2,Indore,3.0,4.6,72,10.3,10.48
EMP08059,Female,27,4,State University,Operations,Process Improvement Specialist,3,Bangalore,5.0,5.0,16,5.5,8.95
EMP08060,Female,39,16,Tier-2 Private,Data Science,Lead Data Scientist,5,Coimbatore,3.5,3.5,50,9.1,27.47
EMP08061,Female,36,12,Distance Learning,HR,Talent Acquisition Specialist,5,Hyderabad,4.2,3.5,8,10.7,20.68
EMP08062,Male,32,6,State University,Product,Associate Product Manager,2,Chennai,4.7,3.9,1,18.3,11.83
EMP08063,Male,25,2,Distance Learning,Finance,Financial Analyst,1,Mysore,3.9,3.9,16,11.8,6.1
EMP08064,Female,26,3,State University,Marketing,Marketing Manager,1,Kochi,2.6,2.8,2,15.2,3.39
EMP08065,Female,24,2,Tier-2 Private,Sales,Sales Executive,1,Chennai,3.4,3.4,2,15.4,5.65
EMP08066,Male,29,6,Diploma,Product,Product Manager,2,Nagpur,3.1,3.1,2,12.6,9.58
EMP08067,Male,28,4,State University,Operations,Process Improvement Specialist,3,Patna,3.5,4.3,1,7.9,8.12
EMP08068,Male,42,18,Tier-2 Private,Finance,Controller,5,Indore,3.8,5.0,23,14.4,32.1
EMP08069,Male,26,2,Diploma,Legal,Legal Manager,2,Kochi,3.2,3.9,15,14.5,5.91
EMP08070,Female,25,2,Tier-2 Private,Finance,Senior Financial Analyst,2,Coimbatore,3.2,3.9,7,16.6,7.59
EMP08071,Male,31,7,State University,Marketing,Marketing Manager,3,Indore,3.6,4.5,29,17.8,17.64
EMP08072,Male,33,8,Tier-2 Private,Sales,Sales Manager,3,Ranchi,2.3,2.9,18,27.1,11.52
EMP08073,Male,22,0,Central University,Engineering,Senior Software Engineer,1,Hyderabad,3.2,4.2,26,8.6,7.26
EMP08074,Male,28,1,NIT,Legal,Senior Legal Counsel,1,Surat,3.7,3.9,1,14.8,5.58
EMP08075,Female,28,5,Distance Learning,Finance,Financial Analyst,2,Indore,3.6,2.3,1,17.0,7.77
EMP08076,Male,37,15,Diploma,Legal,Compliance Officer,4,Hyderabad,2.9,3.5,16,10.9,20.62
EMP08077,Male,45,22,Distance Learning,Finance,FP&A Analyst,6,Pune,3.1,1.8,20,16.0,43.09
EMP08078,Male,29,4,Diploma,Data Science,Data Scientist,2,Guwahati,2.3,2.4,9,13.9,6.11
EMP08079,Female,30,5,Diploma,Data Science,Data Scientist,2,Mumbai,2.9,2.4,13,13.6,7.97
EMP08080,Female,25,3,Diploma,Legal,Legal Associate,1,Delhi,2.0,,23,8.9,4.44
EMP08081,Male,33,9,Central University,Engineering,Staff Engineer,2,Pune,3.3,4.6,10,12.2,10.3
EMP08082,Female,40,17,IIM,Operations,Supply Chain Analyst,4,Chandigarh,3.9,2.5,44,9.2,17.55
EMP08083,Male,41,14,Diploma,Operations,Operations Manager,3,Kolkata,2.9,3.8,5,7.3,21.86
EMP08084,Male,28,5,IIIT,Product,Product Manager,2,Chennai,1.7,3.5,6,15.8,11.84
EMP08085,Male,30,3,Distance Learning,Sales,Account Manager,1,Jaipur,4.2,3.5,6,28.9,7.8
EMP08086,Female,31,6,NIT,Finance,Senior Financial Analyst,3,Raipur,3.7,3.0,2,12.2,7.28
EMP08087,Female,42,15,Other,Sales,Key Account Manager,4,Mumbai,2.8,,21,32.2,18.01
EMP08088,Male,29,4,Other,Finance,Controller,3,Kolkata,2.8,4.1,6,13.9,12.74
EMP08089,Male,23,1,Other,Sales,Sales Executive,1,Coimbatore,4.2,1.9,9,28.9,6.73
EMP08090,Male,29,4,IIT,Marketing,Marketing Manager,1,Vadodara,3.8,4.3,17,20.2,7.99
EMP08091,Male,28,4,IIT,Marketing,Marketing Executive,1,Ahmedabad,4.1,3.3,5,24.1,8.66
EMP08092,Male,27,1,Central University,Legal,Legal Associate,1,Pune,2.3,3.8,31,9.0,6.86
EMP08093,Male,31,7,Other,Engineering,Software Engineer,2,Hyderabad,3.9,4.1,1,10.7,14.41
EMP08094,Female,31,8,State University,Marketing,Brand Manager,4,Bangalore,2.7,4.2,10,20.3,12.63
EMP08095,Male,44,22,Central University,Engineering,Principal Engineer,6,Chennai,2.4,,20,11.7,50.0
EMP08096,Female,28,2,Distance Learning,Engineering,Senior Software Engineer,1,Delhi,3.5,3.0,22,10.1,7.6
EMP08097,Male,33,10,Central University,Data Science,Data Scientist,3,Indore,3.9,2.5,5,13.9,16.53
EMP08098,Male,37,11,IIT,Sales,Account Manager,2,Mysore,3.5,3.9,3,18.4,13.46
EMP08099,Male,30,8,BITS,Sales,Sales Manager,3,Thiruvananthapuram,3.6,5.0,50,27.9,18.52
EMP08100,Female,24,2,Diploma,Sales,Account Manager,2,Kolkata,2.6,2.9,14,15.1,6.25
EMP08101,Male,28,2,IIT,Customer Support,Customer Support Executive,1,Bangalore,1.9,3.4,13,9.0,8.09
EMP08102,Male,30,6,Tier-2 Private,HR,HR Executive,2,Chandigarh,3.9,3.9,2,8.9,12.06
EMP08103,Female,31,6,IIIT,Data Science,Senior Data Scientist,3,Nagpur,3.7,3.2,1,8.8,10.82
EMP08104,Female,26,4,Tier-2 Private,Marketing,Marketing Executive,2,Kochi,3.1,,23,20.2,7.29
EMP08105,Female,37,14,"Top Private (ISB, XLRI, SP Jain)",HR,Talent Acquisition Specialist,4,Raipur,3.1,3.3,5,8.9,15.88
EMP08106,Male,26,4,Distance Learning,Sales,Sales Executive,2,Kolkata,3.6,4.3,19,15.2,8.45
EMP08107,Male,24,1,State University,Marketing,Marketing Manager,1,Delhi,3.2,3.3,7,22.9,5.7
EMP08108,Female,28,5,Tier-2 Private,Engineering,Lead Engineer,3,Ahmedabad,4.1,3.4,43,14.2,11.29
EMP08109,Female,32,8,Other,Legal,Legal Manager,4,Jaipur,4.1,2.6,10,10.4,14.21
EMP08110,Female,30,7,Diploma,HR,HR Business Partner,2,Mumbai,3.4,2.8,1,11.5,8.54
EMP08111,Male,31,7,IIM,Data Science,ML Engineer,3,Pune,3.3,3.7,10,11.9,17.7
EMP08112,Male,44,17,IIT,Customer Support,Support Manager,5,Vadodara,3.7,3.6,2,8.0,27.65
EMP08113,Female,24,2,Tier-2 Private,Marketing,Marketing Executive,1,Jaipur,1.2,4.0,22,18.5,5.97
EMP08114,Female,31,4,State University,Sales,Account Manager,1,Chandigarh,3.4,3.5,15,26.3,5.0
EMP08115,Male,41,17,Central University,Sales,Business Development Manager,6,Mumbai,2.2,3.5,20,21.8,41.27
EMP08116,Female,26,1,NIT,Product,Associate Product Manager,1,Vadodara,3.8,3.0,34,12.3,4.77
EMP08117,Female,31,5,IIM,Legal,Legal Associate,2,Nagpur,4.2,3.4,15,13.4,8.53
EMP08118,Male,40,14,IIT,Customer Support,Support Manager,4,Bangalore,1.5,4.3,40,9.0,21.67
EMP08119,Male,41,14,Central University,Customer Support,Support Manager,3,Pune,4.0,,25,7.1,17.87
EMP08120,Female,36,9,Tier-2 Private,Product,Group Product Manager,3,Hyderabad,3.4,5.0,1,13.2,14.3
EMP08121,Male,31,9,Diploma,Data Science,ML Engineer,3,Chennai,3.9,2.6,9,12.9,18.05
EMP08122,Male,26,2,Tier-2 Private,HR,HR Executive,1,Kolkata,4.3,3.0,35,6.7,5.82
EMP08123,Female,40,15,State University,Product,Director of Product,4,Bangalore,3.7,3.0,1,13.2,16.85
EMP08124,Male,27,2,Central University,Operations,Operations Manager,1,Kochi,3.6,,4,8.5,6.1
EMP08125,Female,29,2,BITS,Operations,Operations Executive,1,Chandigarh,2.6,4.3,7,7.7,5.07
EMP08126,Male,32,7,Central University,Engineering,Staff Engineer,2,Chennai,2.8,3.4,3,14.7,10.44
EMP08127,Male,28,4,IIIT,Sales,Senior Account Manager,2,Bangalore,5.0,3.0,9,28.5,11.64
EMP08128,Female,33,6,IIIT,Data Science,Senior Data Scientist,3,Raipur,4.3,,7,14.3,10.61
EMP08129,Female,34,8,NIT,HR,HR Business Partner,2,Chennai,3.9,4.0,11,8.5,8.8
EMP08130,Male,47,21,Tier-2 Private,HR,Learning & Development Manager,6,Bangalore,2.7,2.7,2,9.0,50.0
EMP08131,Female,33,8,Distance Learning,Engineering,Staff Engineer,3,Kochi,3.8,3.5,26,11.4,11.98
EMP08132,Female,25,3,NIT,Data Science,Data Analyst,1,Bhopal,3.2,,31,11.0,6.15
EMP08133,Female,36,9,NIT,HR,HR Business Partner,3,Kochi,5.0,3.5,14,10.5,11.85
EMP08134,Female,29,3,Distance Learning,Marketing,Brand Manager,2,Chennai,4.6,2.7,13,18.6,6.55
EMP08135,Male,33,11,Tier-2 Private,Marketing,Brand Manager,3,Lucknow,2.8,2.7,7,22.0,16.38
EMP08136,Male,29,6,Other,Sales,Sales Executive,2,Chennai,2.9,3.6,59,33.5,10.07
EMP08137,Male,32,8,State University,Operations,Process Improvement Specialist,3,Kochi,3.3,4.0,1,7.9,10.88
EMP08138,Male,24,1,Distance Learning,Operations,Operations Executive,1,Bangalore,4.5,3.3,14,7.6,7.36
EMP08139,Female,26,1,State University,Sales,Sales Executive,1,Pune,4.4,3.7,25,30.9,7.49
EMP08140,Male,27,2,Tier-2 Private,Legal,Legal Associate,1,Coimbatore,1.8,3.5,8,11.9,5.52
EMP08141,Male,43,20,Tier-2 Private,Product,Director of Product,6,Delhi,3.8,4.0,46,16.7,50.0
EMP08142,Male,28,2,Central University,Customer Support,Customer Support Executive,1,Coimbatore,4.4,2.9,22,7.9,6.18
EMP08143,Male,33,10,IIT,Marketing,Digital Marketing Manager,3,Delhi,3.3,3.4,4,16.8,19.77
EMP08144,Male,25,3,"Top Private (ISB, XLRI, SP Jain)",Customer Support,Customer Support Executive,1,Ranchi,3.9,4.8,61,7.8,6.84
EMP08145,Female,32,5,Distance Learning,Operations,Operations Manager,2,Kochi,5.0,2.9,6,9.3,6.69
EMP08146,Female,28,5,Tier-2 Private,Finance,Financial Analyst,2,Delhi,4.6,3.6,3,12.3,9.52
EMP08147,Male,42,19,NIT,Engineering,DevOps Engineer,6,Ahmedabad,3.9,3.6,1,13.5,50.0
EMP08148,Male,35,9,IIT,Data Science,ML Engineer,3,Vadodara,3.8,3.2,18,11.0,20.47
EMP08149,Female,33,7,Central University,Operations,Supply Chain Analyst,2,Pune,3.5,3.9,18,9.4,10.05
EMP08150,Male,36,14,State University,Operations,Logistics Manager,5,Chandigarh,3.9,3.1,70,6.0,25.5
EMP08151,Male,25,3,NIT,Data Science,Data Scientist,2,Dehradun,3.3,4.4,1,13.7,11.07
EMP08152,Male,39,12,Central University,Customer Support,Support Manager,4,Jaipur,4.3,4.1,10,6.9,22.21
EMP08153,Male,36,11,IIM,Finance,Senior Financial Analyst,2,Coimbatore,2.7,,62,14.6,15.72
EMP08154,Female,35,11,State University,Sales,Sales Manager,4,Jaipur,3.0,3.9,2,17.4,14.98
EMP08155,Female,29,5,Other,Sales,Sales Executive,1,Indore,3.2,3.4,32,18.9,4.53
EMP08156,Female,29,4,State University,Operations,Operations Executive,1,Mumbai,4.5,2.5,7,9.6,5.1
EMP08157,Female,29,3,State University,Customer Support,Support Team Lead,1,Chennai,4.1,2.9,1,7.2,5.07
EMP08158,Male,25,3,Distance Learning,Legal,Senior Legal Counsel,1,Ahmedabad,3.7,,1,10.8,6.33
EMP08159,Male,26,3,State University,Data Science,Data Analyst,1,Patna,3.8,,33,9.9,8.17
EMP08160,Male,34,7,Central University,Marketing,Marketing Executive,1,Chennai,1.9,4.9,9,17.7,8.99
EMP08161,Male,28,5,State University,HR,HR Executive,2,Bangalore,4.0,,1,9.6,10.61
EMP08162,Male,35,8,Tier-2 Private,HR,HR Business Partner,3,Kolkata,2.6,3.2,4,7.8,13.54
EMP08163,Male,32,8,Distance Learning,HR,HR Business Partner,2,Chennai,3.0,3.6,35,6.3,9.88
EMP08164,Male,25,2,State University,Data Science,Data Analyst,1,Nagpur,5.0,3.5,9,13.6,10.27
EMP08165,Male,27,2,Other,Customer Support,Customer Support Executive,1,Patna,3.9,4.0,3,7.0,5.97
EMP08166,Female,30,5,BITS,Operations,Operations Executive,1,Hyderabad,3.6,3.0,11,9.7,6.54
EMP08167,Female,27,3,IIM,Legal,Legal Associate,1,Mysore,3.3,1.3,28,11.3,5.4
EMP08168,Female,29,3,Central University,Finance,Financial Analyst,1,Coimbatore,4.5,3.4,32,17.0,4.86
EMP08169,Male,41,19,Distance Learning,Operations,Logistics Manager,5,Ahmedabad,2.6,3.4,24,5.5,35.08
EMP08170,Male,24,2,Central University,Product,Product Manager,1,Chennai,3.0,,16,15.7,7.94
EMP08171,Female,49,24,NIT,HR,Learning & Development Manager,6,Pune,4.4,3.1,12,5.5,50.0
EMP08172,Female,32,7,State University,Product,Product Manager,3,Delhi,3.5,4.2,9,12.7,13.23
EMP08173,Female,38,12,Other,Customer Support,Support Manager,4,Delhi,3.8,2.7,1,7.9,16.55
EMP08174,Male,38,11,Diploma,HR,HR Business Partner,2,Chandigarh,3.0,3.5,37,9.5,10.53
EMP08175,Male,36,9,BITS,Marketing,Digital Marketing Manager,3,Pune,3.9,3.3,5,16.3,17.2
EMP08176,Female,44,19,Diploma,HR,HR Business Partner,4,Kochi,3.1,2.3,21,10.6,20.37
EMP08177,Female,27,2,Diploma,Product,Associate Product Manager,1,Guwahati,2.2,3.5,14,19.2,3.56
EMP08178,Male,32,5,"Top Private (ISB, XLRI, SP Jain)",Legal,Legal Associate,2,Delhi,4.3,3.6,3,11.1,15.23
EMP08179,Male,30,3,IIM,Product,Product Manager,1,Raipur,2.8,5.0,25,13.7,8.76
EMP08180,Male,23,1,State University,Customer Support,Support Team Lead,1,Kolkata,2.5,,40,7.3,7.19
EMP08181,Male,28,3,Tier-2 Private,Legal,Senior Legal Counsel,1,Lucknow,2.7,4.2,35,13.1,8.14
EMP08182,Female,49,22,Distance Learning,Finance,Accounts Manager,6,Lucknow,3.5,2.7,10,14.5,32.05
EMP08183,Male,27,5,NIT,HR,HR Manager,2,Coimbatore,2.9,4.1,4,7.7,8.78
EMP08184,Male,51,24,Tier-2 Private,Finance,Accounts Manager,6,Vadodara,5.0,4.0,9,15.3,50.0
EMP08185,Male,52,26,Diploma,Data Science,Lead Data Scientist,6,Coimbatore,4.4,,46,13.3,50.0
EMP08186,Female,52,30,State University,Product,Group Product Manager,5,Bangalore,3.6,4.1,26,11.4,50.0
EMP08187,Male,47,22,Central University,Legal,Company Secretary,5,Indore,2.7,3.5,12,13.2,44.05
EMP08188,Male,54,30,Other,Finance,Accounts Manager,6,Hyderabad,4.2,3.0,6,12.6,50.0
EMP08189,Female,31,7,IIT,Customer Support,Support Team Lead,2,Raipur,3.7,3.2,6,7.3,7.72
EMP08190,Female,32,7,Tier-2 Private,Sales,Account Manager,1,Surat,2.9,2.9,2,29.1,6.44
EMP08191,Female,33,7,"Top Private (ISB, XLRI, SP Jain)",Marketing,Marketing Executive,2,Chennai,3.7,3.5,1,14.9,7.54
EMP08192,Female,33,6,Central University,Operations,Supply Chain Analyst,2,Coimbatore,3.7,3.0,30,8.7,7.88
EMP08193,Male,30,6,Diploma,Legal,Compliance Officer,3,Hyderabad,2.9,,4,11.8,15.68
EMP08194,Female,32,10,Tier-2 Private,Engineering,Engineering Manager,4,Lucknow,2.4,4.5,9,8.7,13.35
EMP08195,Female,31,4,"Top Private (ISB, XLRI, SP Jain)",Legal,Legal Associate,2,Hyderabad,4.4,3.5,4,14.0,9.25
EMP08196,Male,26,2,State University,HR,HR Executive,2,Kochi,4.1,4.0,14,9.4,9.31
EMP08197,Female,33,7,Central University,Customer Support,Customer Success Manager,3,Hyderabad,3.4,4.5,7,5.4,11.07
EMP08198,Male,29,3,Tier-2 Private,Legal,Legal Associate,1,Indore,3.9,3.4,55,13.3,8.06
EMP08199,Male,26,4,Central University,Legal,Senior Legal Counsel,2,Hyderabad,4.2,3.5,15,9.2,11.06
EMP08200,Male,29,5,IIT,Engineering,Lead Engineer,3,Ahmedabad,3.2,4.0,1,11.1,15.61
EMP08201,Male,26,4,Tier-2 Private,Marketing,Marketing Executive,2,Kolkata,3.2,,59,19.2,9.91
EMP08202,Female,38,13,Central University,Customer Support,Support Manager,4,Surat,4.9,3.5,4,6.3,17.6
EMP08203,Male,31,5,NIT,Product,Associate Product Manager,2,Visakhapatnam,3.0,3.4,2,16.8,9.74
EMP08204,Female,38,13,State University,Product,Group Product Manager,4,Chennai,5.0,2.6,1,10.6,22.24
EMP08205,Male,29,6,IIT,Operations,Supply Chain Analyst,2,Kolkata,5.0,2.9,6,5.3,10.63
EMP08206,Male,32,5,Central University,Finance,Financial Analyst,1,Chennai,3.7,4.4,8,15.8,7.3
EMP08207,Male,28,6,IIM,HR,HR Business Partner,3,Visakhapatnam,2.1,3.9,4,8.5,9.18
EMP08208,Male,24,2,Diploma,Finance,Financial Analyst,1,Delhi,3.4,4.2,63,17.6,6.74
EMP08209,Female,31,7,Diploma,Marketing,Marketing Manager,2,Lucknow,3.6,2.7,60,15.5,6.65
EMP08210,Female,37,10,State University,Data Science,Lead Data Scientist,4,Mysore,3.4,3.6,1,14.3,14.47
EMP08211,Male,39,12,IIT,Legal,Compliance Officer,5,Delhi,4.5,4.0,14,8.8,35.79
EMP08212,Female,27,2,Diploma,Engineering,Staff Engineer,2,Hyderabad,3.1,2.9,13,9.7,6.37
EMP08213,Female,29,2,Distance Learning,Data Science,Data Analyst,2,Dehradun,3.9,3.0,7,11.5,7.25
EMP08214,Female,31,4,State University,Product,Senior Product Manager,2,Chandigarh,3.8,4.3,7,16.6,8.48
EMP08215,Male,40,15,State University,Product,Director of Product,4,Chandigarh,3.8,3.5,18,11.4,21.44
EMP08216,Male,29,7,State University,Engineering,Staff Engineer,2,Coimbatore,2.7,4.1,13,11.4,8.36
EMP08217,Female,30,3,Tier-2 Private,Customer Support,Support Team Lead,1,Delhi,4.2,2.7,1,6.4,5.39
EMP08218,Male,27,2,Other,HR,HR Executive,1,Bhopal,2.7,4.6,60,6.6,5.05
EMP08219,Male,25,3,State University,Marketing,Marketing Executive,1,Visakhapatnam,3.8,3.3,2,16.9,7.95
EMP08220,Female,30,3,Central University,Data Science,Data Analyst,1,Hyderabad,3.9,3.2,17,8.4,7.12
EMP08221,Male,35,11,Central University,Operations,Operations Manager,2,Nagpur,2.7,3.9,3,8.4,10.57
EMP08222,Female,38,12,Central University,Engineering,Staff Engineer,3,Bhopal,2.6,5.0,43,9.1,13.55
EMP08223,Male,25,2,"Top Private (ISB, XLRI, SP Jain)",Product,Associate Product Manager,1,Ranchi,3.2,3.3,1,12.1,7.07
EMP08224,Female,32,10,Tier-2 Private,HR,HR Manager,3,Chandigarh,4.4,3.3,15,11.4,13.4
EMP08225,Male,33,9,IIIT,Customer Support,Support Manager,4,Hyderabad,3.8,4.5,42,9.1,18.06
EMP08226,Male,26,2,NIT,HR,HR Manager,1,Kolkata,4.3,3.7,5,5.7,11.3
EMP08227,Female,32,5,Other,Marketing,Brand Manager,2,Patna,4.4,3.4,25,20.3,7.47
EMP08228,Male,29,7,State University,Operations,Operations Manager,2,Mysore,4.1,5.0,45,9.2,10.32
EMP08229,Female,33,6,Other,Sales,Senior Account Manager,2,Patna,3.5,4.2,7,19.5,7.7
EMP08230,Female,23,1,Tier-2 Private,HR,HR Executive,1,Raipur,1.0,4.9,7,11.4,3.83
EMP08231,Male,33,6,Central University,Finance,Finance Manager,2,Chennai,4.0,3.2,51,15.0,10.89
EMP08232,Male,35,9,Distance Learning,Legal,Legal Manager,4,Coimbatore,5.0,4.3,7,9.7,17.42
EMP08233,Female,42,18,Tier-2 Private,Finance,Accounts Manager,6,Indore,2.9,3.4,49,14.8,35.69
EMP08234,Female,30,3,Distance Learning,Data Science,Data Scientist,1,Kolkata,3.5,3.3,15,13.3,6.11
EMP08235,Female,28,4,State University,Product,Associate Product Manager,2,Visakhapatnam,4.9,3.3,27,13.8,8.07
EMP08236,Male,30,5,NIT,Sales,Account Manager,1,Guwahati,3.9,4.2,37,23.2,7.69
EMP08237,Female,29,7,Diploma,Engineering,Software Engineer,1,Ranchi,3.9,3.4,2,12.4,6.31
EMP08238,Male,28,6,Central University,Marketing,Marketing Executive,2,Nagpur,3.2,3.1,37,20.0,8.56
EMP08239,Female,33,9,Central University,Engineering,Lead Engineer,3,Delhi,3.7,2.8,8,10.0,12.47
EMP08240,Male,25,2,BITS,Customer Support,Support Team Lead,1,Dehradun,3.7,2.8,44,6.1,4.23
EMP08241,Male,30,7,"Top Private (ISB, XLRI, SP Jain)",Finance,Finance Manager,2,Bhopal,3.8,3.7,2,17.5,12.76
EMP08242,Female,27,3,Other,Product,Product Manager,1,Nagpur,2.6,3.8,8,16.6,5.19
EMP08243,Female,30,5,Tier-2 Private,Operations,Supply Chain Analyst,2,Visakhapatnam,5.0,4.1,11,5.8,7.24
EMP08244,Male,41,19,"Top Private (ISB, XLRI, SP Jain)",Customer Support,Support Manager,6,Bangalore,3.5,4.0,57,7.1,50.0
EMP08245,Female,28,2,State University,Engineering,Software Engineer,1,Pune,2.7,3.5,14,8.4,7.43
EMP08246,Male,31,4,Central University,Legal,Senior Legal Counsel,2,Pune,2.9,,35,13.9,8.45
EMP08247,Male,29,2,Central University,Finance,Financial Analyst,1,Chennai,2.6,,2,12.5,7.98
EMP08248,Male,29,6,Tier-2 Private,Data Science,Data Analyst,2,Hyderabad,3.3,4.0,1,10.5,10.18
EMP08249,Male,39,12,Tier-2 Private,Engineering,Staff Engineer,4,Indore,3.2,4.0,1,9.1,22.39
EMP08250,Male,28,6,IIIT,Marketing,Marketing Manager,1,Mumbai,4.3,2.8,26,24.3,11.34
EMP08251,Male,27,5,Tier-2 Private,Product,Senior Product Manager,3,Mysore,2.5,2.3,2,12.9,9.24
EMP08252,Male,41,15,Tier-2 Private,Product,Product Manager,3,Kolkata,2.4,3.6,15,10.7,17.92
EMP08253,Female,33,7,Central University,Data Science,Data Scientist,1,Bangalore,1.9,3.8,29,8.2,8.54
EMP08254,Female,32,10,Other,Data Science,Data Analyst,2,Chennai,3.8,2.4,4,11.7,7.33
EMP08255,Female,33,9,State University,Sales,Sales Executive,2,Ahmedabad,4.0,2.9,41,15.4,10.74
EMP08256,Male,24,0,State University,Finance,Financial Analyst,1,Chennai,1.0,,25,17.2,4.83
EMP08257,Female,31,5,"Top Private (ISB, XLRI, SP Jain)",Legal,Legal Associate,1,Bangalore,3.8,4.1,4,10.7,7.7
EMP08258,Male,27,2,State University,HR,HR Executive,1,Nagpur,2.9,3.9,26,6.7,5.25
EMP08259,Female,28,3,State University,Engineering,Senior Software Engineer,2,Coimbatore,4.3,3.6,55,14.9,7.65
EMP08260,Male,38,16,"Top Private (ISB, XLRI, SP Jain)",Marketing,Content Strategist,6,Kolkata,5.0,3.4,5,16.4,42.92
EMP08261,Male,31,4,Central University,Engineering,Staff Engineer,2,Bhopal,2.1,4.7,1,11.3,8.32
EMP08262,Male,47,22,IIIT,Finance,Accounts Manager,6,Surat,3.0,3.9,6,11.9,43.66
EMP08263,Female,28,2,Tier-2 Private,Legal,Legal Associate,1,Lucknow,4.3,2.9,36,12.2,5.66
EMP08264,Female,26,2,BITS,Finance,Financial Analyst,1,Thiruvananthapuram,4.3,3.0,91,11.6,5.07
EMP08265,Female,33,10,State University,Product,Product Manager,3,Lucknow,3.4,3.2,13,15.1,13.09
EMP08266,Female,30,4,IIIT,Data Science,Data Scientist,2,Jaipur,4.2,3.1,3,12.2,8.94
EMP08267,Female,30,7,IIIT,Data Science,Data Analyst,1,Guwahati,3.9,,51,9.1,6.92
EMP08268,Male,28,5,State University,Product,Senior Product Manager,2,Coimbatore,4.3,,9,11.0,11.19
EMP08269,Female,30,5,Distance Learning,Customer Support,Customer Support Executive,1,Hyderabad,4.3,3.6,43,9.1,6.1
EMP08270,Male,28,4,"Top Private (ISB, XLRI, SP Jain)",HR,HR Executive,2,Hyderabad,3.4,3.1,1,7.9,7.63
EMP08271,Male,33,6,"Top Private (ISB, XLRI, SP Jain)",Sales,Account Manager,2,Hyderabad,4.2,3.7,9,27.5,12.67
EMP08272,Male,34,9,Central University,Data Science,ML Engineer,3,Hyderabad,3.4,2.8,19,10.7,15.33
EMP08273,Female,42,18,Diploma,Operations,Logistics Manager,6,Pune,4.2,1.8,30,6.9,27.08
EMP08274,Female,27,5,Tier-2 Private,Legal,Legal Associate,2,Indore,2.9,3.1,23,14.5,6.1
EMP08275,Male,28,4,Central University,Sales,Senior Account Manager,3,Kolkata,3.9,3.7,46,32.2,11.2
EMP08276,Male,26,4,Central University,Sales,Account Manager,2,Pune,3.8,3.2,3,31.2,10.63
EMP08277,Male,39,16,Other,Sales,Key Account Manager,5,Delhi,4.3,2.9,1,26.5,24.58
EMP08278,Female,32,9,State University,Customer Support,Support Team Lead,3,Delhi,3.4,3.8,18,7.1,11.92
EMP08279,Female,26,1,State University,Finance,Financial Analyst,1,Thiruvananthapuram,2.7,3.3,28,13.5,3.68
EMP08280,Male,23,1,Tier-2 Private,Finance,Senior Financial Analyst,1,Bangalore,3.4,4.1,4,15.4,7.1
EMP08281,Male,25,3,IIT,Engineering,Software Engineer,1,Vadodara,2.3,4.9,5,10.1,10.35
EMP08282,Female,29,7,Distance Learning,Data Science,Data Analyst,1,Ranchi,3.2,3.6,1,11.6,6.74
EMP08283,Male,32,5,Tier-2 Private,Marketing,Brand Manager,3,Hyderabad,2.2,,25,13.4,11.01
EMP08284,Male,35,8,"Top Private (ISB, XLRI, SP Jain)",Engineering,Staff Engineer,4,Pune,3.6,3.1,13,11.4,16.74
EMP08285,Male,28,5,State University,Sales,Sales Executive,1,Thiruvananthapuram,4.4,3.6,19,29.3,7.76
EMP08286,Male,40,16,State University,Finance,FP&A Analyst,5,Hyderabad,4.3,,1,12.0,30.14
EMP08287,Male,33,10,Other,Finance,Controller,3,Kolkata,2.1,2.9,33,16.2,12.84
EMP08288,Female,31,6,Distance Learning,Customer Support,Support Manager,3,Thiruvananthapuram,3.7,3.5,3,9.1,10.82
EMP08289,Male,38,13,Distance Learning,Engineering,Principal Engineer,5,Coimbatore,5.0,3.4,5,11.7,29.89
EMP08290,Male,24,1,IIIT,HR,HR Executive,1,Hyderabad,3.1,,1,9.8,6.03
EMP08291,Female,30,5,Other,HR,HR Business Partner,2,Chennai,3.9,3.4,4,9.9,7.35
EMP08292,Female,28,6,IIIT,Customer Support,Customer Support Executive,1,Nagpur,4.5,2.9,9,8.2,5.6
EMP08293,Male,34,9,State University,Marketing,Marketing Manager,2,Delhi,2.3,3.4,15,21.7,10.78
EMP08294,Male,27,1,Other,Customer Support,Customer Support Executive,1,Indore,3.8,3.8,14,8.8,5.41
EMP08295,Female,27,5,IIIT,Operations,Operations Manager,2,Lucknow,4.3,3.0,11,9.4,7.96
EMP08296,Male,34,8,Tier-2 Private,Finance,Finance Manager,2,Raipur,3.2,2.9,3,12.0,9.32
EMP08297,Female,34,8,Central University,HR,Talent Acquisition Specialist,3,Kochi,2.3,4.2,8,7.3,11.84
EMP08298,Male,40,13,Diploma,Marketing,Content Strategist,5,Thiruvananthapuram,4.5,,4,17.5,30.54
EMP08299,Male,36,10,Central University,Operations,Operations Manager,3,Bhopal,2.1,,2,6.1,10.74
EMP08300,Male,27,5,Tier-2 Private,Product,Associate Product Manager,2,Hyderabad,1.7,3.5,13,15.6,9.11
EMP08301,Female,31,9,Tier-2 Private,Finance,Senior Financial Analyst,2,Chandigarh,2.4,3.3,4,11.3,7.38
EMP08302,Male,27,5,"Top Private (ISB, XLRI, SP Jain)",Sales,Senior Account Manager,2,Bhopal,3.2,,1,23.4,9.24
EMP08303,Male,31,6,Diploma,Customer Support,Support Team Lead,3,Mumbai,2.2,4.4,14,7.7,12.74
EMP08304,Male,36,10,Tier-2 Private,HR,Talent Acquisition Specialist,3,Bangalore,2.5,4.3,1,5.8,14.61
EMP08305,Female,30,5,State University,Finance,Finance Manager,3,Nagpur,2.9,3.0,44,11.7,10.6
EMP08306,Male,30,7,Tier-2 Private,Engineering,Software Engineer,1,Bangalore,4.6,3.4,8,12.4,11.49
EMP08307,Female,34,11,Central University,Customer Support,Support Team Lead,3,Pune,3.9,3.6,12,9.9,13.54
EMP08308,Female,31,9,Other,Customer Support,Support Team Lead,3,Chennai,3.7,4.1,13,9.4,13.29
EMP08309,Male,38,14,Tier-2 Private,Product,Group Product Manager,4,Chennai,4.8,3.9,22,12.6,28.91
EMP08310,Female,53,30,Tier-2 Private,Sales,Sales Manager,5,Dehradun,4.9,,4,31.2,47.54
EMP08311,Female,32,9,State University,Operations,Supply Chain Analyst,3,Coimbatore,2.7,3.6,3,5.6,10.48
EMP08312,Male,26,4,Central University,Customer Support,Support Team Lead,2,Bangalore,2.7,,15,6.7,8.57
EMP08313,Male,31,8,Distance Learning,HR,HR Business Partner,3,Chennai,3.0,3.9,2,6.8,12.33
EMP08314,Male,35,8,Diploma,Product,Senior Product Manager,3,Visakhapatnam,3.7,4.2,15,13.0,16.65
EMP08315,Male,32,9,NIT,Finance,FP&A Analyst,4,Chennai,4.6,,50,12.8,20.75
EMP08316,Male,44,17,IIM,Sales,Business Development Manager,6,Bangalore,2.6,3.5,8,30.6,45.76
EMP08317,Female,23,1,Distance Learning,Product,Associate Product Manager,1,Hyderabad,3.4,5.0,6,16.0,6.84
EMP08318,Female,42,17,NIT,Operations,Logistics Manager,5,Nagpur,3.4,2.2,7,7.7,30.34
EMP08319,Male,44,22,Distance Learning,Legal,Company Secretary,6,Thiruvananthapuram,4.7,4.2,42,10.8,50.0
EMP08320,Male,33,9,Central University,Data Science,Senior Data Scientist,4,Nagpur,4.2,3.3,23,8.6,22.22
EMP08321,Male,36,9,Other,HR,HR Manager,3,Kolkata,2.6,2.5,67,6.9,13.53
EMP08322,Male,31,5,Central University,Product,Product Manager,1,Bangalore,4.2,2.2,5,10.2,9.95
EMP08323,Male,31,6,State University,Marketing,Marketing Executive,1,Mumbai,3.3,3.5,1,17.5,7.74
EMP08324,Female,34,9,State University,Data Science,Data Scientist,3,Bangalore,3.7,,14,8.5,14.15
EMP08325,Female,34,9,Tier-2 Private,Finance,Finance Manager,2,Jaipur,2.5,4.6,21,13.8,11.2
EMP08326,Male,36,10,Tier-2 Private,Data Science,ML Engineer,3,Surat,1.9,3.2,18,12.1,14.07
EMP08327,Female,34,9,State University,Finance,Controller,3,Chennai,3.3,2.9,31,16.5,11.81
EMP08328,Male,36,11,BITS,Operations,Supply Chain Analyst,2,Bangalore,2.7,3.3,5,6.4,12.85
EMP08329,Female,32,10,State University,Finance,Senior Financial Analyst,3,Nagpur,3.3,3.5,23,13.5,14.15
EMP08330,Male,29,2,IIIT,Legal,Senior Legal Counsel,1,Mumbai,3.0,5.0,17,12.1,8.49
EMP08331,Male,35,10,Central University,Operations,Process Improvement Specialist,4,Mumbai,3.5,4.3,3,6.4,17.51
EMP08332,Female,45,22,Central University,Customer Support,Customer Success Manager,6,Hyderabad,3.7,3.8,17,7.7,36.95
EMP08333,Male,27,5,Central University,Operations,Operations Executive,1,Lucknow,4.1,3.8,3,7.8,7.74
EMP08334,Female,42,17,Tier-2 Private,Product,Group Product Manager,5,Kochi,4.1,2.0,8,14.4,21.91
EMP08335,Male,29,3,Other,HR,HR Manager,2,Jaipur,4.6,2.3,32,11.9,8.18
EMP08336,Female,31,5,Diploma,Operations,Operations Manager,1,Dehradun,3.6,2.8,18,10.0,4.61
EMP08337,Female,30,3,Tier-2 Private,Marketing,Marketing Executive,1,Chennai,2.5,2.5,9,14.3,4.35
EMP08338,Male,42,15,Central University,Engineering,Engineering Manager,4,Ahmedabad,4.3,2.4,16,11.0,26.28
EMP08339,Male,44,19,IIT,Data Science,ML Engineer,5,Chandigarh,3.7,4.3,37,14.3,50.0
EMP08340,Female,32,5,Diploma,Product,Product Manager,2,Hyderabad,4.1,3.1,4,19.6,9.85
EMP08341,Male,35,13,IIM,Marketing,Digital Marketing Manager,3,Nagpur,4.2,3.0,23,15.2,19.8
EMP08342,Male,43,19,Tier-2 Private,Legal,Company Secretary,5,Kolkata,3.3,,14,12.0,34.67
EMP08343,Female,29,5,Central University,Engineering,Staff Engineer,2,Jaipur,3.3,,2,10.6,7.82
EMP08344,Male,32,6,State University,Customer Support,Customer Support Executive,1,Kolkata,5.0,3.6,21,7.0,10.95
EMP08345,Female,33,10,Diploma,HR,HR Manager,3,Kolkata,2.4,2.3,8,5.0,9.24
EMP08346,Male,26,3,"Top Private (ISB, XLRI, SP Jain)",Customer Support,Support Team Lead,1,Pune,3.1,3.3,8,8.7,7.13
EMP08347,Female,33,6,"Top Private (ISB, XLRI, SP Jain)",Operations,Operations Executive,2,Indore,4.2,4.6,15,5.7,7.76
EMP08348,Male,52,27,State University,Marketing,Growth Manager,6,Bangalore,3.3,,18,21.0,50.0
EMP08349,Male,29,4,Tier-2 Private,Data Science,Data Scientist,3,Ahmedabad,3.0,3.6,3,8.5,11.39
EMP08350,Male,33,10,Diploma,Sales,Sales Manager,4,Jaipur,4.2,3.9,26,21.9,15.16
EMP08351,Female,33,8,BITS,Operations,Logistics Manager,4,Raipur,4.6,3.0,1,9.3,12.23
EMP08352,Female,29,5,Tier-2 Private,Finance,Finance Manager,2,Kolkata,3.6,3.1,39,16.6,8.25
EMP08353,Female,32,7,Central University,Legal,Senior Legal Counsel,2,Surat,2.2,2.5,12,9.1,7.73
EMP08354,Male,47,20,Central University,Sales,Business Development Manager,6,Nagpur,3.6,,4,30.7,50.0
EMP08355,Male,31,8,Diploma,Product,Product Manager,3,Kochi,3.8,,4,18.2,12.86
EMP08356,Female,35,9,Diploma,Data Science,Lead Data Scientist,4,Patna,2.7,4.3,2,8.9,12.81
EMP08357,Female,43,18,State University,Operations,Process Improvement Specialist,5,Coimbatore,4.7,3.5,9,5.6,25.74
EMP08358,Male,28,4,IIM,Data Science,Senior Data Scientist,2,Mysore,3.9,4.3,2,11.1,11.36
EMP08359,Female,29,2,Distance Learning,HR,HR Manager,2,Hyderabad,2.7,1.9,1,8.3,4.72
EMP08360,Male,42,20,State University,Customer Support,Support Manager,6,Vadodara,4.0,3.9,5,5.3,39.57
EMP08361,Male,32,6,State University,Sales,Account Manager,2,Guwahati,3.9,3.8,4,29.5,8.6
EMP08362,Female,35,11,Diploma,Finance,FP&A Analyst,4,Chennai,3.0,2.8,23,11.5,16.53
EMP08363,Male,29,3,State University,Customer Support,Customer Support Executive,1,Nagpur,2.5,3.6,5,5.9,7.55
EMP08364,Male,29,7,State University,Legal,Legal Manager,3,Vadodara,3.3,4.5,9,14.9,13.74
EMP08365,Male,28,2,BITS,Marketing,Marketing Executive,1,Delhi,3.0,3.9,9,12.9,7.1
EMP08366,Female,28,6,State University,Engineering,Senior Software Engineer,2,Visakhapatnam,3.7,3.1,18,14.8,8.23
EMP08367,Male,27,3,State University,Legal,Legal Associate,1,Delhi,3.3,4.9,18,13.6,10.03
EMP08368,Female,30,3,IIT,Legal,Legal Associate,2,Delhi,3.9,3.3,5,10.8,7.07
EMP08369,Male,29,4,"Top Private (ISB, XLRI, SP Jain)",Customer Support,Support Team Lead,1,Nagpur,3.7,4.7,12,8.9,7.82
EMP08370,Male,25,1,Central University,Customer Support,Support Team Lead,1,Kolkata,4.1,3.3,20,7.5,7.18
EMP08371,Male,25,2,Central University,Marketing,Marketing Executive,2,Lucknow,4.0,3.6,7,15.4,9.97
EMP08372,Male,32,10,"Top Private (ISB, XLRI, SP Jain)",Engineering,Staff Engineer,4,Lucknow,4.3,4.6,29,12.2,18.2
EMP08373,Male,29,7,IIM,Finance,Financial Analyst,2,Patna,2.8,,2,18.0,9.51
EMP08374,Male,28,2,Central University,Finance,Financial Analyst,1,Hyderabad,4.4,5.0,37,13.8,7.71
EMP08375,Female,31,8,Tier-2 Private,Finance,Finance Manager,4,Kochi,5.0,2.8,30,16.0,13.72
EMP08376,Male,25,3,Distance Learning,Legal,Legal Associate,1,Kochi,4.5,4.1,1,9.2,6.98
EMP08377,Female,34,10,State University,Legal,Legal Manager,3,Ranchi,2.3,3.7,21,10.1,9.89
EMP08378,Female,29,5,State University,Engineering,Staff Engineer,2,Vadodara,4.8,2.5,3,11.7,7.59
EMP08379,Male,31,4,Distance Learning,Customer Support,Customer Support Executive,2,Bangalore,4.1,2.5,3,5.0,8.59
EMP08380,Male,28,5,"Top Private (ISB, XLRI, SP Jain)",Finance,Senior Financial Analyst,2,Dehradun,4.3,2.7,9,15.7,9.52
EMP08381,Male,53,30,State University,Data Science,Lead Data Scientist,6,Chandigarh,2.8,3.5,22,8.3,50.0
EMP08382,Male,25,3,State University,Product,Associate Product Manager,1,Mumbai,2.3,4.1,28,19.5,8.98
EMP08383,Male,30,7,Diploma,Engineering,Senior Software Engineer,1,Bangalore,4.7,3.4,4,12.6,12.73
EMP08384,Male,35,10,Central University,Data Science,ML Engineer,3,Pune,3.1,3.2,6,9.9,16.77
EMP08385,Male,26,3,IIT,Product,Associate Product Manager,1,Lucknow,2.8,3.2,9,19.6,9.57
EMP08386,Male,27,1,Tier-2 Private,Engineering,Senior Software Engineer,1,Jaipur,2.2,,3,14.6,6.58
EMP08387,Female,29,3,Tier-2 Private,Data Science,Data Scientist,1,Pune,2.1,3.1,64,12.0,5.08
EMP08388,Female,34,10,Central University,Product,Director of Product,4,Ranchi,3.5,3.0,23,19.9,12.58
EMP08389,Male,27,4,Tier-2 Private,Sales,Account Manager,3,Coimbatore,4.2,2.9,43,18.6,13.07
EMP08390,Male,31,5,Central University,Data Science,Data Analyst,1,Bhopal,3.7,3.0,52,13.1,8.74
EMP08391,Female,38,11,Central University,Customer Support,Support Team Lead,2,Delhi,3.4,,14,9.6,11.46
EMP08392,Male,30,3,IIIT,Customer Support,Customer Support Executive,2,Hyderabad,4.6,,16,6.0,10.05
EMP08393,Male,32,5,Tier-2 Private,Finance,Finance Manager,3,Raipur,4.7,4.2,11,14.9,10.49
EMP08394,Female,28,2,State University,Engineering,Software Engineer,1,Vadodara,2.8,3.4,6,11.9,6.42
EMP08395,Male,33,7,Central University,Product,Group Product Manager,3,Delhi,3.7,4.9,34,17.9,16.12
EMP08396,Male,34,7,State University,Data Science,Senior Data Scientist,2,Hyderabad,3.6,3.7,8,8.2,11.95
EMP08397,Male,34,10,Central University,Engineering,Senior Software Engineer,3,Mumbai,3.2,,5,13.2,14.94
EMP08398,Female,29,2,IIIT,Legal,Legal Manager,2,Ahmedabad,3.9,2.6,9,13.6,6.29
EMP08399,Female,27,5,Distance Learning,Data Science,Data Analyst,2,Delhi,4.7,2.3,23,10.8,9.62
EMP08400,Female,28,2,Tier-2 Private,Sales,Sales Executive,1,Pune,1.9,,17,17.6,5.23
EMP08401,Male,29,5,IIT,Operations,Supply Chain Analyst,2,Raipur,3.7,4.2,16,6.3,7.85
EMP08402,Male,40,17,IIM,Marketing,Growth Manager,5,Mumbai,3.6,,12,20.8,34.78
EMP08403,Female,30,4,Tier-2 Private,Finance,Senior Financial Analyst,2,Chandigarh,3.3,3.8,6,10.9,6.35
EMP08404,Female,25,2,Central University,Finance,Financial Analyst,1,Kolkata,4.1,3.8,10,14.3,5.44
EMP08405,Female,30,3,IIM,Finance,Financial Analyst,1,Hyderabad,3.3,4.4,6,13.2,7.23
EMP08406,Female,27,1,Distance Learning,Finance,Senior Financial Analyst,1,Bangalore,2.9,2.7,9,15.0,3.91
EMP08407,Male,24,2,Central University,Product,Associate Product Manager,1,Hyderabad,4.1,3.5,15,16.1,8.04
EMP08408,Female,36,9,IIM,Customer Support,Customer Success Manager,4,Indore,2.5,2.9,10,6.3,18.6
EMP08409,Female,24,2,NIT,Customer Support,Customer Support Executive,1,Delhi,2.9,,31,9.7,4.82
EMP08410,Female,33,7,Tier-2 Private,Legal,Legal Manager,2,Coimbatore,2.8,3.0,11,10.8,9.27
EMP08411,Female,32,6,Tier-2 Private,Legal,Legal Manager,3,Bangalore,4.9,3.8,8,13.4,10.94
EMP08412,Male,29,4,IIIT,Product,Product Manager,2,Thiruvananthapuram,3.6,2.6,4,19.7,7.86
EMP08413,Female,32,7,Tier-2 Private,Legal,Senior Legal Counsel,3,Coimbatore,2.4,3.4,12,14.3,6.94
EMP08414,Male,29,3,State University,Marketing,Marketing Executive,2,Pune,3.7,,1,20.1,10.43
EMP08415,Male,37,10,IIIT,Data Science,Data Scientist,3,Vadodara,2.6,4.4,26,12.7,16.81
EMP08416,Female,29,3,Tier-2 Private,Sales,Sales Executive,1,Pune,3.7,3.1,96,23.2,4.07
EMP08417,Female,27,4,NIT,Customer Support,Customer Success Manager,3,Mumbai,2.4,3.2,1,6.9,8.71
EMP08418,Female,29,4,Other,Legal,Senior Legal Counsel,2,Indore,2.3,3.9,25,13.4,5.38
EMP08419,Male,32,9,Central University,Engineering,Senior Software Engineer,3,Bangalore,4.1,3.7,9,14.1,23.48
EMP08420,Male,30,8,Diploma,Data Science,Senior Data Scientist,3,Mumbai,3.0,3.6,2,14.9,15.34
EMP08421,Male,22,0,IIM,Data Science,Senior Data Scientist,2,Chennai,4.5,3.2,42,12.2,10.52
EMP08422,Female,31,7,Central University,Customer Support,Customer Support Executive,2,Indore,1.7,3.2,3,8.9,6.22
EMP08423,Female,28,1,Tier-2 Private,HR,HR Executive,1,Visakhapatnam,4.0,2.6,60,9.5,4.98
EMP08424,Female,26,4,Tier-2 Private,Legal,Legal Associate,2,Pune,3.1,2.6,28,13.3,7.0
EMP08425,Male,27,5,Diploma,Data Science,Senior Data Scientist,2,Bangalore,4.1,3.8,1,13.7,9.98
EMP08426,Male,26,4,NIT,HR,HR Manager,2,Pune,3.2,2.7,12,7.3,10.37
EMP08427,Female,31,8,State University,Finance,Controller,3,Bangalore,4.0,3.1,21,12.6,10.37
EMP08428,Male,35,10,Tier-2 Private,HR,HR Manager,3,Hyderabad,3.3,3.8,29,5.1,17.49
EMP08429,Female,29,3,Central University,Operations,Operations Manager,1,Ahmedabad,3.6,3.5,77,7.2,6.12
EMP08430,Female,25,3,State University,HR,HR Manager,1,Bangalore,4.5,1.7,28,9.0,5.33
EMP08431,Male,31,5,Tier-2 Private,Engineering,Lead Engineer,3,Chennai,3.5,3.1,5,12.9,10.9
EMP08432,Male,29,2,BITS,Legal,Legal Manager,2,Dehradun,3.0,4.2,15,9.3,8.13
EMP08433,Female,26,4,Central University,Customer Support,Support Team Lead,1,Bangalore,2.7,3.7,59,5.7,5.39
EMP08434,Female,39,15,Tier-2 Private,HR,Talent Acquisition Specialist,5,Dehradun,3.9,3.3,4,10.0,16.91
EMP08435,Female,28,2,Diploma,Data Science,Data Analyst,1,Hyderabad,4.4,2.9,36,8.3,4.71
EMP08436,Female,30,4,"Top Private (ISB, XLRI, SP Jain)",Legal,Legal Manager,2,Coimbatore,4.0,3.2,41,14.8,6.01
EMP08437,Male,26,3,Tier-2 Private,HR,HR Executive,1,Jaipur,4.9,3.9,16,11.1,8.67
EMP08438,Female,46,24,State University,Legal,Company Secretary,5,Coimbatore,3.7,3.0,16,9.6,38.08
EMP08439,Female,28,4,Distance Learning,Operations,Operations Executive,2,Pune,3.1,3.7,4,7.4,5.76
EMP08440,Male,31,4,Tier-2 Private,Sales,Sales Executive,1,Chennai,4.6,4.3,3,18.3,9.96
EMP08441,Female,29,2,"Top Private (ISB, XLRI, SP Jain)",Sales,Sales Executive,1,Mumbai,2.4,3.1,16,15.6,5.66
EMP08442,Male,30,6,Tier-2 Private,Engineering,Staff Engineer,2,Surat,2.9,4.0,28,10.8,10.4
EMP08443,Male,32,7,IIIT,Product,Product Manager,3,Dehradun,3.6,3.2,3,10.7,8.18
EMP08444,Male,28,3,Tier-2 Private,Marketing,Marketing Executive,1,Hyderabad,2.7,3.3,7,24.5,6.33
EMP08445,Female,36,12,State University,Sales,Account Manager,3,Delhi,3.9,,2,33.9,16.22
EMP08446,Male,32,7,Central University,Product,Product Manager,2,Hyderabad,3.2,5.0,28,16.9,9.2
EMP08447,Male,33,10,BITS,Marketing,Brand Manager,4,Kolkata,4.3,3.5,7,19.2,27.6
EMP08448,Female,29,4,"Top Private (ISB, XLRI, SP Jain)",Engineering,Senior Software Engineer,1,Nagpur,3.9,5.0,3,11.2,7.88
EMP08449,Male,32,7,Tier-2 Private,Operations,Operations Manager,2,Bangalore,5.0,3.2,25,8.4,11.11
EMP08450,Female,30,5,Tier-2 Private,Operations,Supply Chain Analyst,2,Kochi,2.1,4.0,3,5.6,5.7
EMP08451,Female,43,16,Diploma,HR,Compensation Analyst,4,Delhi,3.9,4.0,12,11.8,22.13
EMP08452,Male,32,6,Other,HR,HR Executive,2,Lucknow,3.6,4.5,23,6.9,10.11
EMP08453,Male,32,6,Tier-2 Private,Customer Support,Customer Success Manager,2,Patna,3.6,3.3,28,7.2,8.08
EMP08454,Female,30,4,Central University,Engineering,Senior Software Engineer,2,Mysore,3.2,,14,8.4,7.63
EMP08455,Male,29,4,Tier-2 Private,Sales,Account Manager,2,Lucknow,3.8,3.7,36,25.2,7.95
EMP08456,Male,30,7,Central University,Operations,Supply Chain Analyst,2,Lucknow,1.9,3.5,3,8.7,8.2
EMP08457,Female,35,10,Central University,Marketing,Marketing Manager,3,Lucknow,1.9,3.3,4,20.7,9.72
EMP08458,Female,30,3,Diploma,Data Science,Data Scientist,1,Delhi,2.8,2.3,4,8.3,5.3
EMP08459,Female,33,6,Central University,Customer Support,Customer Support Executive,1,Mumbai,1.9,3.3,14,8.6,5.6
EMP08460,Male,30,6,Diploma,Customer Support,Customer Support Executive,2,Vadodara,3.8,,24,5.7,8.11
EMP08461,Female,31,7,State University,Finance,Senior Financial Analyst,2,Bhopal,2.7,3.1,1,16.4,7.76
EMP08462,Female,24,1,Other,Operations,Operations Executive,1,Bhopal,3.4,2.5,23,9.8,4.24
EMP08463,Female,25,3,Tier-2 Private,Data Science,Data Analyst,1,Visakhapatnam,3.7,3.1,6,10.6,6.92
EMP08464,Female,25,2,Distance Learning,Engineering,Software Engineer,2,Bangalore,3.4,3.5,1,13.0,5.88
EMP08465,Female,28,6,Central University,Customer Support,Customer Support Executive,1,Bhopal,4.0,2.7,1,9.5,6.12
EMP08466,Male,27,3,Distance Learning,Legal,Legal Associate,1,Indore,3.1,3.8,19,11.3,6.34
EMP08467,Male,26,4,Other,Engineering,Software Engineer,1,Hyderabad,3.4,3.7,1,13.4,7.49
EMP08468,Male,25,2,Central University,Engineering,Staff Engineer,2,Delhi,3.1,3.4,4,11.2,8.51
EMP08469,Male,30,4,State University,Data Science,Senior Data Scientist,3,Lucknow,4.2,4.0,81,14.6,11.75
EMP08470,Male,29,2,Tier-2 Private,Engineering,Software Engineer,1,Visakhapatnam,2.4,4.3,19,9.1,6.36
EMP08471,Male,37,10,Distance Learning,Finance,Controller,3,Hyderabad,3.8,3.3,72,10.0,16.62
EMP08472,Female,33,8,BITS,Finance,Controller,3,Vadodara,4.7,2.8,3,16.3,13.57
EMP08473,Male,31,6,Central University,Operations,Operations Executive,1,Pune,3.9,4.0,11,6.7,8.94
EMP08474,Male,31,4,"Top Private (ISB, XLRI, SP Jain)",Data Science,Data Analyst,1,Chennai,3.0,,5,14.9,8.02
EMP08475,Male,26,1,Distance Learning,Legal,Legal Associate,1,Mumbai,3.7,2.8,10,13.7,5.59
EMP08476,Male,26,4,State University,Legal,Legal Associate,2,Kochi,3.0,,11,13.3,8.71
EMP08477,Female,30,3,Tier-2 Private,Sales,Account Manager,1,Coimbatore,4.3,2.9,8,24.0,5.38
EMP08478,Male,32,7,Diploma,Customer Support,Support Team Lead,2,Coimbatore,3.8,4.0,4,8.1,8.62
EMP08479,Male,34,9,NIT,Data Science,Data Scientist,3,Kolkata,3.6,2.7,17,10.3,17.25
EMP08480,Female,29,7,Diploma,Sales,Senior Account Manager,2,Coimbatore,4.6,3.5,6,33.5,7.99
EMP08481,Male,38,14,State University,Marketing,Digital Marketing Manager,4,Chandigarh,3.5,3.6,1,12.8,26.29
EMP08482,Male,28,4,State University,Finance,Financial Analyst,1,Guwahati,2.3,,24,13.8,5.29
EMP08483,Female,29,3,Other,Operations,Operations Executive,1,Ranchi,3.5,2.1,16,5.6,4.41
EMP08484,Male,36,12,Central University,Product,Director of Product,4,Ranchi,3.3,,39,15.8,18.65
EMP08485,Female,30,6,State University,Engineering,Software Engineer,1,Surat,3.5,,20,8.4,6.83
EMP08486,Female,31,5,Tier-2 Private,Finance,Financial Analyst,2,Bangalore,3.9,3.2,1,10.9,8.7
EMP08487,Female,44,22,Diploma,Sales,Key Account Manager,6,Chandigarh,4.0,2.5,16,29.5,43.51
EMP08488,Male,35,9,Central University,Engineering,Lead Engineer,3,Thiruvananthapuram,2.6,,15,10.7,13.67
EMP08489,Female,27,5,Distance Learning,Legal,Legal Manager,2,Dehradun,3.5,,10,11.3,6.29
EMP08490,Female,26,3,Tier-2 Private,Customer Support,Customer Support Executive,1,Dehradun,3.3,2.8,1,7.4,4.66
EMP08491,Male,39,15,BITS,Marketing,Brand Manager,4,Hyderabad,3.6,4.8,3,24.2,21.37
EMP08492,Female,29,6,"Top Private (ISB, XLRI, SP Jain)",Product,Product Manager,1,Delhi,3.8,3.0,70,14.3,7.68
EMP08493,Male,28,6,Central University,Legal,Legal Associate,2,Hyderabad,3.4,,21,8.8,10.79
EMP08494,Female,33,9,IIIT,Product,Senior Product Manager,3,Mumbai,2.5,3.1,2,16.1,12.78
EMP08495,Female,37,11,State University,Product,Senior Product Manager,2,Nagpur,3.4,2.7,11,13.5,9.31
EMP08496,Male,31,8,Tier-2 Private,Sales,Sales Manager,3,Dehradun,4.4,1.9,17,19.9,12.9
EMP08497,Male,34,11,Central University,Finance,Controller,3,Raipur,2.6,4.1,17,14.0,14.59
EMP08498,Female,34,8,Central University,Operations,Process Improvement Specialist,4,Kochi,4.6,4.2,5,7.0,14.75
EMP08499,Male,35,8,State University,Product,Associate Product Manager,2,Vadodara,2.1,3.8,2,16.6,10.71
EMP08500,Male,28,3,IIIT,Customer Support,Customer Support Executive,2,Nagpur,3.6,,12,6.7,8.85
EMP08501,Male,46,21,Central University,Product,Product Analyst,6,Pune,3.0,3.3,37,19.4,50.0
EMP08502,Female,28,2,State University,Customer Support,Customer Support Executive,1,Coimbatore,3.5,3.2,2,5.3,4.43
EMP08503,Male,29,7,Central University,Sales,Account Manager,2,Bangalore,4.1,4.2,9,22.7,12.73
EMP08504,Female,29,2,State University,Marketing,Marketing Executive,1,Bangalore,4.2,,29,16.8,6.99
EMP08505,Female,29,5,Central University,Operations,Operations Executive,1,Chennai,4.5,,24,6.2,7.32
EMP08506,Male,28,4,State University,Customer Support,Customer Success Manager,3,Surat,2.2,,35,5.6,8.71
EMP08507,Male,31,6,NIT,Operations,Operations Executive,2,Chennai,2.8,2.7,25,7.4,8.79
EMP08508,Male,34,7,Distance Learning,Customer Support,Support Manager,3,Patna,3.0,4.2,10,8.0,11.22
EMP08509,Female,30,3,NIT,Customer Support,Customer Support Executive,1,Hyderabad,2.9,4.4,12,8.2,6.55
EMP08510,Female,31,5,State University,Legal,Legal Associate,2,Lucknow,3.8,2.9,29,9.4,7.24
EMP08511,Male,40,16,Central University,Customer Support,Support Manager,5,Thiruvananthapuram,4.1,,3,6.1,25.13
EMP08512,Male,24,2,Central University,Customer Support,Customer Support Executive,1,Bangalore,2.0,3.2,38,8.1,5.66
EMP08513,Male,26,3,Distance Learning,Engineering,Software Engineer,1,Coimbatore,2.6,3.8,25,13.0,9.37
EMP08514,Female,38,11,Other,HR,HR Business Partner,3,Bhopal,3.3,5.0,33,7.7,11.3
EMP08515,Male,28,6,IIIT,Operations,Supply Chain Analyst,3,Hyderabad,3.5,3.0,19,8.9,14.75
EMP08516,Male,30,6,Central University,Data Science,Senior Data Scientist,2,Kolkata,4.7,,30,11.9,10.95
EMP08517,Female,36,12,Central University,Operations,Logistics Manager,4,Jaipur,2.5,3.2,10,8.0,13.29
EMP08518,Male,29,3,BITS,Legal,Legal Associate,2,Bangalore,3.0,3.7,1,11.2,13.46
EMP08519,Male,28,4,State University,Sales,Sales Executive,1,Kolkata,4.5,3.6,7,26.3,8.29
EMP08520,Male,29,3,Distance Learning,Finance,Financial Analyst,1,Lucknow,3.1,2.4,23,12.4,7.05
EMP08521,Female,29,4,Distance Learning,Marketing,Digital Marketing Manager,3,Vadodara,4.0,2.4,24,21.6,6.57
EMP08522,Male,42,15,Central University,Customer Support,Support Manager,4,Pune,3.1,,1,8.8,23.13
EMP08523,Female,24,1,Distance Learning,Product,Product Manager,1,Chennai,3.3,4.2,10,18.6,4.3
EMP08524,Male,28,2,BITS,HR,HR Manager,2,Kochi,3.9,2.7,2,10.6,7.95
EMP08525,Male,28,2,BITS,Legal,Legal Associate,1,Jaipur,3.2,4.4,7,9.5,7.42
EMP08526,Female,42,16,Central University,Marketing,Growth Manager,6,Nagpur,2.9,1.7,48,15.5,29.6
EMP08527,Female,27,3,State University,Data Science,Data Analyst,1,Vadodara,4.0,3.5,9,8.5,5.65
EMP08528,Female,27,4,State University,Legal,Senior Legal Counsel,2,Chennai,2.7,3.1,76,12.3,7.27
EMP08529,Female,26,1,State University,Finance,Senior Financial Analyst,1,Bhopal,4.1,3.5,1,15.4,4.28
EMP08530,Male,32,5,Central University,Finance,Controller,3,Kolkata,3.2,2.6,30,14.1,12.05
EMP08531,Female,34,11,Other,Legal,Senior Legal Counsel,3,Pune,2.7,3.9,11,10.9,13.91
EMP08532,Male,32,7,Distance Learning,Data Science,Data Scientist,2,Coimbatore,4.1,3.4,10,14.5,8.11
EMP08533,Male,28,5,Tier-2 Private,Sales,Senior Account Manager,2,Delhi,3.1,3.1,24,33.3,11.02
EMP08534,Female,28,2,BITS,Sales,Account Manager,1,Pune,3.3,3.0,17,24.5,5.51
EMP08535,Female,28,4,"Top Private (ISB, XLRI, SP Jain)",Legal,Senior Legal Counsel,2,Bangalore,1.9,3.8,29,10.2,7.55
EMP08536,Male,33,6,IIM,Product,Product Manager,2,Hyderabad,2.5,3.5,16,13.9,11.83
EMP08537,Male,25,3,State University,Engineering,Senior Software Engineer,1,Hyderabad,4.4,3.8,12,14.9,8.04
EMP08538,Female,31,9,NIT,Legal,Senior Legal Counsel,2,Mumbai,3.6,3.8,4,8.4,9.09
EMP08539,Male,38,11,Central University,Data Science,ML Engineer,3,Mumbai,4.4,3.1,21,11.7,17.12
EMP08540,Male,28,4,Central University,Customer Support,Customer Success Manager,2,Kochi,3.4,3.1,60,9.1,7.01
EMP08541,Male,32,10,Diploma,Sales,Sales Executive,2,Indore,3.5,5.0,20,17.0,13.21
EMP08542,Male,32,5,BITS,Finance,Controller,3,Hyderabad,4.8,2.7,54,10.8,17.8
EMP08543,Male,37,13,NIT,Finance,Controller,4,Kochi,3.8,2.1,1,15.7,20.93
EMP08544,Female,52,25,Tier-2 Private,Operations,Process Improvement Specialist,6,Ranchi,4.8,2.7,9,9.0,37.47
EMP08545,Male,26,2,Tier-2 Private,Legal,Legal Associate,1,Guwahati,3.1,3.4,62,13.2,6.07
EMP08546,Male,36,10,Diploma,Engineering,Lead Engineer,4,Delhi,3.3,4.1,22,13.7,18.31
EMP08547,Female,40,15,Distance Learning,Engineering,Principal Engineer,5,Lucknow,2.8,2.8,1,10.1,23.16
EMP08548,Male,27,3,Distance Learning,Sales,Sales Executive,1,Bangalore,3.9,4.1,10,16.3,7.49
EMP08549,Female,28,4,Central University,Marketing,Brand Manager,2,Bangalore,2.7,2.9,27,18.2,5.24
EMP08550,Female,27,4,Central University,Marketing,Marketing Executive,1,Mysore,4.8,3.6,1,14.8,6.09
EMP08551,Female,31,5,Distance Learning,Engineering,Senior Software Engineer,2,Delhi,2.2,4.1,24,13.1,6.68
EMP08552,Female,29,4,Other,Product,Product Manager,1,Vadodara,3.5,2.8,6,10.8,5.15
EMP08553,Female,27,5,Central University,Operations,Operations Manager,2,Chennai,3.0,3.9,24,8.8,7.07
EMP08554,Female,34,10,Distance Learning,Legal,Compliance Officer,3,Lucknow,3.7,2.5,44,13.4,12.23
EMP08555,Female,25,1,State University,Data Science,Senior Data Scientist,2,Visakhapatnam,2.9,3.3,12,14.2,6.11
EMP08556,Male,30,3,Central University,Marketing,Brand Manager,2,Ahmedabad,3.6,,1,24.9,10.41
EMP08557,Female,33,9,IIIT,Sales,Account Manager,3,Lucknow,3.8,3.4,13,15.7,13.83
EMP08558,Female,33,8,Central University,Legal,Legal Manager,3,Bangalore,3.9,3.5,4,10.7,11.85
EMP08559,Male,24,2,Central University,Marketing,Marketing Executive,1,Delhi,4.9,3.7,14,19.6,10.25
EMP08560,Female,32,8,Tier-2 Private,Marketing,Digital Marketing Manager,3,Ranchi,3.4,1.2,2,18.3,8.29
EMP08561,Male,38,15,Diploma,Legal,Legal Manager,4,Guwahati,3.2,3.7,3,9.1,19.09
EMP08562,Male,29,5,IIT,Customer Support,Support Manager,3,Indore,3.3,2.4,14,9.4,15.22
EMP08563,Female,29,2,BITS,Sales,Sales Executive,1,Surat,2.3,2.9,2,31.0,5.22
EMP08564,Male,38,11,State University,Operations,Process Improvement Specialist,3,Bangalore,4.2,4.1,16,9.7,19.13
EMP08565,Male,43,20,Other,Operations,Logistics Manager,6,Thiruvananthapuram,2.7,3.9,75,7.9,41.27
EMP08566,Male,28,3,State University,Operations,Operations Manager,1,Chennai,4.3,4.6,9,5.3,8.7
EMP08567,Female,33,6,Tier-2 Private,HR,HR Manager,3,Vadodara,2.8,3.6,26,8.1,8.62
EMP08568,Male,35,12,Distance Learning,Data Science,ML Engineer,4,Chandigarh,2.1,3.0,5,8.1,17.59
EMP08569,Female,30,6,Tier-2 Private,Legal,Legal Manager,2,Thiruvananthapuram,1.5,2.4,24,13.5,5.12
EMP08570,Female,26,1,Central University,Sales,Sales Executive,1,Thiruvananthapuram,4.2,4.1,25,25.3,4.6
EMP08571,Female,30,8,State University,Finance,Controller,4,Patna,4.5,2.5,56,14.8,13.11
EMP08572,Female,27,3,Tier-2 Private,HR,HR Executive,1,Mumbai,3.8,2.5,30,8.9,6.44
EMP08573,Female,24,2,BITS,Engineering,Software Engineer,1,Raipur,2.7,3.3,24,14.4,5.03
EMP08574,Male,24,1,Central University,Sales,Sales Executive,1,Indore,2.5,4.4,11,33.4,4.87
EMP08575,Female,35,13,State University,Marketing,Marketing Manager,3,Chennai,3.1,3.3,2,19.1,16.47
EMP08576,Male,29,3,State University,Legal,Senior Legal Counsel,2,Ahmedabad,4.2,3.4,31,10.0,10.91
EMP08577,Male,34,7,State University,Product,Group Product Manager,3,Kolkata,3.3,,44,12.2,13.76
EMP08578,Male,32,9,IIM,Sales,Sales Executive,2,Coimbatore,2.3,3.8,6,24.1,12.93
EMP08579,Female,28,6,Diploma,Finance,Senior Financial Analyst,1,Dehradun,2.8,2.0,1,12.3,4.86
EMP08580,Male,31,7,Central University,Marketing,Brand Manager,2,Raipur,3.6,2.6,9,20.0,7.93
EMP08581,Female,29,7,Tier-2 Private,Finance,Finance Manager,2,Coimbatore,4.4,2.7,65,11.9,8.23
EMP08582,Male,30,6,IIIT,Legal,Compliance Officer,3,Hyderabad,4.0,3.0,28,9.0,12.01
EMP08583,Male,28,3,IIM,Product,Product Manager,1,Mumbai,2.8,3.2,20,17.9,9.08
EMP08584,Male,27,3,Central University,Sales,Account Manager,1,Ahmedabad,3.5,4.2,2,31.0,7.46
EMP08585,Female,30,5,NIT,Engineering,Staff Engineer,2,Ranchi,4.3,,29,14.3,7.74
EMP08586,Male,30,5,IIIT,Sales,Sales Executive,1,Bangalore,3.4,,25,24.5,9.62
EMP08587,Male,30,8,IIM,Marketing,Digital Marketing Manager,4,Chennai,2.2,3.4,29,13.2,15.88
EMP08588,Male,39,13,"Top Private (ISB, XLRI, SP Jain)",Customer Support,Customer Success Manager,4,Ahmedabad,2.9,3.0,25,9.2,16.85
EMP08589,Male,33,7,Diploma,Marketing,Marketing Executive,2,Delhi,1.0,3.2,20,16.1,10.11
EMP08590,Female,25,3,State University,Data Science,Data Scientist,1,Mumbai,3.7,,11,11.6,7.0
EMP08591,Male,25,1,IIM,Operations,Operations Manager,1,Hyderabad,4.5,4.4,12,6.2,7.75
EMP08592,Male,26,3,Tier-2 Private,Marketing,Marketing Manager,1,Indore,4.7,4.4,1,20.0,7.75
EMP08593,Female,26,2,NIT,Engineering,Software Engineer,1,Pune,3.4,3.3,6,14.7,6.02
EMP08594,Male,29,3,Tier-2 Private,Data Science,Senior Data Scientist,2,Coimbatore,2.8,2.3,17,11.6,8.14
EMP08595,Male,32,7,Tier-2 Private,Marketing,Marketing Executive,2,Patna,3.3,2.6,1,22.7,9.41
EMP08596,Female,33,6,State University,Sales,Account Manager,1,Chennai,3.6,2.1,46,22.9,6.15
EMP08597,Female,47,22,State University,Customer Support,Customer Success Manager,5,Jaipur,4.5,4.0,27,9.1,28.81
EMP08598,Female,30,8,Tier-2 Private,Marketing,Marketing Executive,2,Delhi,3.8,2.8,3,15.5,8.47
EMP08599,Male,49,23,Diploma,Customer Support,Customer Success Manager,6,Ranchi,2.1,3.7,11,6.3,50.0
EMP08600,Male,31,9,State University,Sales,Senior Account Manager,2,Patna,4.1,4.6,11,23.5,12.52
EMP08601,Male,36,12,IIIT,HR,Learning & Development Manager,5,Nagpur,2.0,2.8,1,9.3,21.5
EMP08602,Male,31,4,IIIT,Data Science,Data Scientist,3,Bangalore,3.6,3.4,2,11.2,12.74
EMP08603,Male,29,2,State University,Legal,Senior Legal Counsel,1,Ranchi,4.8,3.6,9,9.9,6.81
EMP08604,Female,26,4,Diploma,Operations,Operations Executive,1,Bangalore,2.2,2.3,6,7.5,3.94
EMP08605,Female,32,5,Distance Learning,Sales,Sales Manager,3,Jaipur,3.4,3.8,13,23.6,10.67
EMP08606,Male,30,3,State University,Data Science,Data Analyst,1,Ranchi,3.4,4.4,26,11.2,6.78
EMP08607,Male,30,3,NIT,Customer Support,Support Team Lead,2,Nagpur,3.5,4.1,51,9.1,8.63
EMP08608,Female,34,8,Central University,Finance,FP&A Analyst,4,Kolkata,4.1,,1,17.2,17.19
EMP08609,Male,24,2,BITS,Marketing,Marketing Executive,1,Pune,3.0,3.6,10,12.6,9.13
EMP08610,Male,24,2,Central University,HR,HR Executive,1,Bhopal,4.0,3.8,5,11.0,5.72
EMP08611,Male,27,2,IIT,Engineering,Software Engineer,1,Chennai,3.3,4.4,51,12.0,10.22
EMP08612,Female,27,5,State University,Operations,Operations Executive,1,Hyderabad,3.6,4.0,6,6.4,8.18
EMP08613,Female,26,3,Distance Learning,Product,Product Manager,2,Pune,2.4,,83,19.0,5.75
EMP08614,Male,32,5,IIM,HR,Talent Acquisition Specialist,3,Visakhapatnam,4.4,3.0,15,6.7,12.39
EMP08615,Male,36,9,IIIT,HR,HR Business Partner,3,Dehradun,3.6,1.8,26,8.5,13.37
EMP08616,Female,32,9,Central University,Sales,Account Manager,3,Kolkata,4.0,4.2,34,33.2,11.2
EMP08617,Male,28,3,Tier-2 Private,Legal,Legal Manager,2,Lucknow,4.4,4.8,18,8.3,9.17
EMP08618,Female,27,2,Diploma,Data Science,Data Scientist,1,Lucknow,3.3,2.9,27,13.0,5.82
EMP08619,Male,27,4,"Top Private (ISB, XLRI, SP Jain)",Legal,Legal Manager,2,Indore,3.3,4.4,14,10.1,12.32
EMP08620,Female,32,9,Tier-2 Private,Operations,Process Improvement Specialist,3,Indore,2.1,1.8,6,6.9,10.62
EMP08621,Female,35,11,State University,Customer Support,Support Team Lead,3,Visakhapatnam,3.6,3.8,21,7.5,10.15
EMP08622,Female,32,7,Other,Finance,Financial Analyst,2,Guwahati,4.6,3.6,44,14.7,7.77
EMP08623,Male,40,14,Central University,HR,Talent Acquisition Specialist,5,Kolkata,3.5,3.1,26,6.5,24.46
EMP08624,Female,47,20,Distance Learning,Data Science,Lead Data Scientist,5,Delhi,2.8,4.7,4,12.7,41.16
EMP08625,Male,26,4,State University,Finance,Senior Financial Analyst,2,Raipur,4.2,3.4,33,12.4,9.45
EMP08626,Male,42,17,IIM,Legal,Compliance Officer,6,Hyderabad,2.4,4.2,4,9.8,47.98
EMP08627,Male,30,5,IIIT,Sales,Account Manager,3,Surat,3.0,4.9,8,26.9,12.08
EMP08628,Female,34,12,Tier-2 Private,Customer Support,Support Manager,4,Visakhapatnam,3.0,3.2,1,6.7,13.54
EMP08629,Male,36,9,Tier-2 Private,Legal,Legal Manager,2,Hyderabad,4.2,4.2,17,10.1,12.59
EMP08630,Female,26,1,Central University,Product,Product Manager,1,Kolkata,3.7,3.3,13,15.0,5.54
EMP08631,Male,29,3,State University,Finance,Financial Analyst,1,Mumbai,3.0,3.8,45,17.7,6.97
EMP08632,Male,27,2,Tier-2 Private,Data Science,Data Analyst,1,Guwahati,3.1,2.9,15,13.3,7.03
EMP08633,Male,25,1,State University,HR,HR Executive,1,Visakhapatnam,3.6,3.7,8,5.8,5.32
EMP08634,Female,34,11,Tier-2 Private,Sales,Sales Manager,3,Chennai,3.7,,3,23.9,13.6
EMP08635,Male,49,25,Diploma,Legal,Company Secretary,6,Thiruvananthapuram,3.6,,10,12.7,41.69
EMP08636,Male,31,5,Tier-2 Private,Customer Support,Support Team Lead,2,Indore,3.0,4.4,2,7.9,9.57
EMP08637,Male,36,11,State University,Finance,Senior Financial Analyst,3,Coimbatore,4.4,3.8,10,13.6,14.56
EMP08638,Male,42,17,IIT,Marketing,Content Strategist,5,Delhi,4.8,,4,24.9,38.19
EMP08639,Male,28,6,IIT,HR,HR Business Partner,2,Mysore,4.6,4.0,1,11.5,10.86
EMP08640,Male,27,5,Tier-2 Private,Sales,Senior Account Manager,2,Pune,4.5,3.2,15,21.4,10.12
EMP08641,Male,31,5,Tier-2 Private,Customer Support,Support Team Lead,1,Surat,5.0,3.7,12,7.5,10.1
EMP08642,Female,35,8,NIT,Data Science,ML Engineer,3,Coimbatore,2.9,3.4,8,11.1,10.77
EMP08643,Male,35,11,Central University,Finance,Controller,3,Dehradun,3.0,4.1,12,14.7,14.22
EMP08644,Male,32,8,Tier-2 Private,Product,Product Manager,2,Mysore,2.4,3.7,12,10.3,8.61
EMP08645,Male,35,8,IIM,Product,Group Product Manager,3,Chennai,3.3,4.0,1,11.9,23.49
EMP08646,Male,28,5,Diploma,Data Science,Senior Data Scientist,2,Pune,2.5,,1,11.0,10.27
EMP08647,Female,26,1,NIT,HR,HR Manager,2,Coimbatore,4.6,,45,10.0,6.09
EMP08648,Male,33,11,Other,Operations,Operations Manager,3,Delhi,3.7,3.4,3,5.5,19.09
EMP08649,Male,25,2,NIT,Marketing,Marketing Executive,1,Ahmedabad,3.2,3.2,1,18.1,7.43
EMP08650,Female,33,9,Tier-2 Private,HR,Talent Acquisition Specialist,4,Pune,2.6,3.7,7,9.9,13.66
EMP08651,Male,36,10,Central University,Operations,Process Improvement Specialist,3,Patna,2.5,3.3,4,7.2,12.18
EMP08652,Female,25,2,Central University,Operations,Operations Executive,1,Chennai,3.1,3.9,4,9.5,5.3
EMP08653,Female,27,3,BITS,Customer Support,Support Team Lead,1,Chennai,4.8,2.5,8,9.6,6.95
EMP08654,Male,49,26,Central University,Data Science,Analytics Manager,6,Ahmedabad,4.4,3.7,23,13.7,50.0
EMP08655,Male,27,5,State University,Customer Support,Support Team Lead,3,Bangalore,4.1,3.9,5,6.4,8.8
EMP08656,Male,28,2,State University,Engineering,Software Engineer,1,Dehradun,1.8,2.8,52,14.3,5.45
EMP08657,Male,36,10,Central University,Engineering,Engineering Manager,4,Mumbai,3.4,3.9,34,10.1,22.09
EMP08658,Male,28,3,State University,HR,HR Manager,1,Coimbatore,3.3,2.2,1,5.4,5.68
EMP08659,Male,26,1,"Top Private (ISB, XLRI, SP Jain)",Marketing,Marketing Manager,1,Bangalore,2.9,3.6,28,21.3,6.26
EMP08660,Male,30,8,Tier-2 Private,HR,HR Executive,2,Surat,3.5,4.4,12,10.4,10.84
EMP08661,Male,28,3,State University,Customer Support,Customer Support Executive,1,Surat,2.8,3.0,48,5.6,6.9
EMP08662,Male,33,7,Other,Marketing,Digital Marketing Manager,3,Dehradun,3.1,3.6,1,24.0,11.32
EMP08663,Female,27,3,Central University,Legal,Legal Associate,1,Hyderabad,2.8,2.7,36,11.4,5.34
EMP08664,Female,35,9,Other,Operations,Operations Manager,3,Delhi,3.0,3.8,17,7.2,9.11
EMP08665,Male,29,6,Tier-2 Private,Engineering,Software Engineer,1,Mumbai,1.0,4.2,3,8.8,10.17
EMP08666,Female,25,0,Tier-2 Private,Marketing,Marketing Manager,2,Patna,3.6,3.7,3,14.3,5.79
EMP08667,Male,31,7,Other,Data Science,Data Analyst,1,Patna,4.0,4.1,17,14.2,9.14
EMP08668,Female,31,4,IIM,Legal,Legal Associate,1,Kolkata,2.9,2.8,35,9.2,7.08
EMP08669,Female,39,16,Tier-2 Private,Finance,Accounts Manager,5,Jaipur,4.4,3.2,51,13.9,28.41
EMP08670,Female,30,7,Central University,Sales,Senior Account Manager,2,Chandigarh,2.8,2.5,7,34.5,7.07
EMP08671,Male,36,10,State University,Engineering,Lead Engineer,3,Indore,2.5,,3,13.8,16.24
EMP08672,Male,25,3,Central University,Finance,Financial Analyst,1,Chandigarh,4.3,3.5,3,15.1,7.11
EMP08673,Female,28,3,Other,Legal,Senior Legal Counsel,1,Visakhapatnam,3.1,4.1,10,12.7,4.92
EMP08674,Male,27,5,NIT,Legal,Legal Associate,2,Patna,3.7,3.0,1,10.5,8.55
EMP08675,Male,29,4,Tier-2 Private,Engineering,Senior Software Engineer,3,Pune,2.3,3.8,7,13.7,10.94
EMP08676,Female,38,15,Tier-2 Private,Marketing,Digital Marketing Manager,5,Bangalore,3.4,2.7,4,19.5,18.38
EMP08677,Female,28,5,Diploma,Legal,Compliance Officer,3,Chennai,3.2,2.5,55,8.5,11.63
EMP08678,Female,26,2,Other,Marketing,Brand Manager,2,Kolkata,3.2,4.3,21,13.7,7.87
EMP08679,Female,26,3,Tier-2 Private,Product,Product Manager,2,Jaipur,3.2,4.1,52,17.9,6.96
EMP08680,Female,33,11,Central University,Sales,Key Account Manager,4,Kochi,3.6,2.8,34,25.0,14.59
EMP08681,Male,30,5,Tier-2 Private,Sales,Sales Executive,2,Hyderabad,3.6,3.4,1,34.0,10.38
EMP08682,Female,30,5,IIM,Customer Support,Customer Success Manager,2,Chennai,3.9,3.4,15,9.3,9.47
EMP08683,Female,37,12,Central University,Customer Support,Support Manager,3,Surat,1.9,2.6,2,8.0,10.83
EMP08684,Female,30,3,Central University,Engineering,Software Engineer,1,Raipur,4.7,3.7,7,14.9,6.47
EMP08685,Male,27,1,Tier-2 Private,Legal,Legal Associate,1,Kochi,3.3,2.5,5,8.0,5.35
EMP08686,Male,29,3,Central University,Data Science,Senior Data Scientist,2,Kolkata,3.1,3.2,1,10.8,9.61
EMP08687,Female,32,7,Distance Learning,Legal,Legal Associate,2,Raipur,3.8,3.1,15,8.7,7.09
EMP08688,Male,31,5,Distance Learning,Legal,Senior Legal Counsel,2,Kolkata,3.4,3.9,34,9.6,6.45
EMP08689,Male,28,2,Tier-2 Private,Product,Associate Product Manager,1,Dehradun,3.6,4.5,6,14.8,7.06
EMP08690,Female,37,12,Diploma,Marketing,Brand Manager,4,Visakhapatnam,3.2,2.6,8,22.6,10.1
EMP08691,Male,31,6,Central University,Sales,Sales Executive,2,Mumbai,4.0,3.5,6,26.7,13.6
EMP08692,Male,33,7,Tier-2 Private,Legal,Legal Associate,2,Chennai,2.2,4.0,5,9.9,8.92
EMP08693,Male,35,8,State University,Legal,Compliance Officer,3,Jaipur,3.7,,30,14.9,13.88
EMP08694,Male,26,2,Other,Finance,Financial Analyst,1,Kolkata,3.1,3.4,18,14.2,8.22
EMP08695,Female,30,7,Diploma,Engineering,Staff Engineer,2,Chandigarh,2.0,3.9,53,10.5,6.96
EMP08696,Male,35,11,NIT,Customer Support,Support Manager,3,Pune,4.4,2.3,16,8.1,17.22
EMP08697,Male,35,13,BITS,Legal,Compliance Officer,3,Vadodara,3.2,3.4,13,8.1,14.75
EMP08698,Male,33,10,Distance Learning,Product,Senior Product Manager,2,Raipur,4.3,3.6,5,15.0,11.68
EMP08699,Male,35,8,IIT,HR,HR Manager,3,Delhi,4.1,3.6,39,6.8,15.51
EMP08700,Male,23,1,Central University,Customer Support,Customer Support Executive,1,Nagpur,2.9,,7,8.9,5.99
EMP08701,Male,32,5,Diploma,Finance,Financial Analyst,2,Jaipur,4.4,4.2,3,15.2,10.56
EMP08702,Male,28,3,Tier-2 Private,Sales,Sales Executive,1,Hyderabad,3.3,3.8,76,32.6,7.99
EMP08703,Male,37,14,IIIT,Marketing,Digital Marketing Manager,5,Ahmedabad,3.0,1.3,27,13.7,26.01
EMP08704,Male,37,13,Tier-2 Private,Customer Support,Support Team Lead,3,Mumbai,2.7,4.0,34,5.6,14.94
EMP08705,Male,30,3,Central University,Marketing,Marketing Manager,2,Hyderabad,2.9,3.5,6,15.1,9.61
EMP08706,Male,27,5,Distance Learning,Data Science,ML Engineer,3,Raipur,3.8,4.2,1,14.2,12.94
EMP08707,Male,32,7,Central University,Customer Support,Customer Support Executive,2,Bangalore,2.9,,54,9.8,8.74
EMP08708,Male,34,11,Central University,Finance,Senior Financial Analyst,3,Kochi,3.8,3.6,96,15.9,17.94
EMP08709,Male,26,1,IIM,Product,Associate Product Manager,2,Dehradun,3.1,3.1,5,14.4,9.68
EMP08710,Male,27,1,"Top Private (ISB, XLRI, SP Jain)",Data Science,Data Scientist,1,Kolkata,4.3,4.2,21,11.5,10.08
EMP08711,Female,33,6,Tier-2 Private,Marketing,Digital Marketing Manager,3,Delhi,3.2,4.3,8,15.2,11.04
EMP08712,Male,24,1,State University,Legal,Legal Associate,1,Chandigarh,3.4,3.8,43,12.5,5.8
EMP08713,Female,31,6,Diploma,Finance,Senior Financial Analyst,2,Chandigarh,3.4,3.3,19,17.8,7.53
EMP08714,Female,33,9,Distance Learning,Product,Senior Product Manager,3,Vadodara,3.6,4.0,12,11.7,9.09
EMP08715,Male,39,14,IIM,Marketing,Content Strategist,5,Kochi,3.5,3.0,4,14.8,33.6
EMP08716,Male,25,3,Central University,HR,HR Manager,1,Guwahati,2.7,3.7,8,7.9,7.14
EMP08717,Male,33,6,State University,Legal,Legal Manager,3,Mumbai,5.0,3.3,1,13.8,19.68
EMP08718,Male,32,9,State University,Data Science,Lead Data Scientist,4,Jaipur,4.0,4.0,5,12.2,19.49
EMP08719,Male,24,2,Central University,Finance,Financial Analyst,1,Dehradun,4.2,3.5,43,15.6,5.14
EMP08720,Male,37,11,Tier-2 Private,Sales,Sales Manager,3,Bangalore,4.4,,11,28.2,15.83
EMP08721,Female,31,7,Tier-2 Private,Marketing,Marketing Executive,2,Indore,3.3,3.7,35,13.1,7.14
EMP08722,Male,25,3,State University,Sales,Sales Executive,1,Kolkata,4.2,,7,28.3,7.52
EMP08723,Female,32,6,Central University,Marketing,Marketing Manager,1,Visakhapatnam,4.6,3.7,6,24.4,8.31
EMP08724,Female,28,5,Other,Data Science,Data Analyst,2,Hyderabad,4.6,,30,8.3,9.63
EMP08725,Male,37,10,State University,Legal,Legal Manager,3,Indore,4.2,4.3,39,11.3,19.78
EMP08726,Female,31,4,Other,Operations,Operations Executive,2,Indore,3.3,3.1,5,9.1,7.15
EMP08727,Female,32,7,Central University,Data Science,Senior Data Scientist,2,Indore,4.6,3.4,13,10.1,10.67
EMP08728,Male,27,3,Tier-2 Private,Data Science,Data Scientist,1,Hyderabad,2.5,3.5,1,8.6,8.48
EMP08729,Male,27,3,IIT,Finance,Financial Analyst,1,Kolkata,3.0,3.6,22,13.9,8.13
EMP08730,Male,31,6,State University,Customer Support,Support Team Lead,2,Kochi,1.7,3.3,5,5.4,8.74
EMP08731,Male,30,3,Distance Learning,Product,Senior Product Manager,2,Indore,3.3,3.5,43,16.1,11.83
EMP08732,Male,35,10,Distance Learning,Legal,Compliance Officer,3,Dehradun,3.2,3.4,45,13.4,13.62
EMP08733,Male,31,9,State University,Marketing,Digital Marketing Manager,3,Bangalore,3.1,3.1,2,17.4,15.25
EMP08734,Male,26,3,Tier-2 Private,Product,Senior Product Manager,2,Raipur,3.3,1.9,1,14.8,7.09
EMP08735,Female,32,7,Diploma,Data Science,Data Scientist,2,Patna,2.6,3.3,2,11.8,7.34
EMP08736,Male,27,3,BITS,Finance,Financial Analyst,1,Pune,4.0,4.7,33,14.4,8.38
EMP08737,Male,25,1,NIT,Product,Product Manager,1,Ahmedabad,3.3,4.0,20,17.6,9.25
EMP08738,Male,27,3,State University,HR,HR Executive,1,Kolkata,3.2,3.5,62,9.7,7.0
EMP08739,Female,30,5,State University,Customer Support,Support Team Lead,3,Ahmedabad,2.4,2.4,28,8.7,7.83
EMP08740,Female,31,8,Other,Legal,Senior Legal Counsel,2,Guwahati,2.7,2.7,4,11.7,9.03
EMP08741,Male,28,6,Central University,Finance,Controller,3,Kolkata,2.8,2.3,4,12.1,13.73
EMP08742,Female,34,11,IIIT,Customer Support,Support Team Lead,3,Bhopal,3.9,3.6,30,6.3,11.66
EMP08743,Male,29,3,"Top Private (ISB, XLRI, SP Jain)",Customer Support,Support Team Lead,1,Visakhapatnam,5.0,3.0,20,8.9,7.65
EMP08744,Female,29,4,Distance Learning,Marketing,Marketing Executive,2,Nagpur,3.7,,33,22.9,7.15
EMP08745,Male,45,19,Central University,Marketing,Content Strategist,5,Lucknow,4.1,2.0,4,15.2,38.5
EMP08746,Male,23,1,Distance Learning,Marketing,Marketing Executive,1,Mumbai,4.2,,2,13.5,6.43
EMP08747,Female,26,4,Diploma,Marketing,Marketing Executive,1,Mumbai,2.2,,28,17.5,5.39
EMP08748,Female,24,2,BITS,Data Science,Data Scientist,2,Visakhapatnam,4.4,2.4,2,13.9,7.29
EMP08749,Female,30,5,IIT,Legal,Compliance Officer,3,Kolkata,3.7,2.4,27,13.6,13.41
EMP08750,Male,29,4,Diploma,Finance,Financial Analyst,1,Kochi,4.4,3.2,5,10.9,8.84
EMP08751,Female,31,9,Diploma,Engineering,Lead Engineer,3,Pune,2.7,2.5,1,9.2,11.7
EMP08752,Male,31,7,Central University,Customer Support,Support Team Lead,3,Lucknow,3.7,3.3,1,5.6,12.39
EMP08753,Female,24,2,Distance Learning,Data Science,Data Analyst,1,Ahmedabad,4.1,,23,13.2,6.72
EMP08754,Female,29,4,Tier-2 Private,Customer Support,Customer Support Executive,2,Vadodara,3.4,,4,7.4,6.73
EMP08755,Male,31,6,IIM,Data Science,Data Analyst,2,Lucknow,2.6,4.1,4,14.9,11.24
EMP08756,Male,32,10,Tier-2 Private,Marketing,Content Strategist,4,Kolkata,2.1,3.2,5,17.1,16.38
EMP08757,Male,52,30,Central University,HR,Learning & Development Manager,6,Guwahati,4.1,2.3,10,10.9,50.0
EMP08758,Male,35,9,Central University,Product,Senior Product Manager,2,Raipur,4.0,2.9,9,18.4,13.83
EMP08759,Male,29,2,"Top Private (ISB, XLRI, SP Jain)",HR,HR Executive,1,Indore,2.9,4.1,64,11.7,7.35
EMP08760,Male,32,5,Central University,HR,HR Executive,2,Delhi,4.1,4.1,5,8.6,9.84
EMP08761,Female,31,6,State University,Legal,Senior Legal Counsel,2,Chandigarh,3.1,2.8,35,8.6,8.88
EMP08762,Male,29,4,IIM,Marketing,Marketing Manager,2,Surat,2.7,3.9,54,23.8,8.8
EMP08763,Male,34,8,State University,Legal,Legal Manager,2,Pune,3.8,2.5,4,10.6,11.8
EMP08764,Female,28,1,Distance Learning,Sales,Sales Executive,1,Delhi,2.1,3.2,3,33.5,6.57
EMP08765,Male,35,8,Other,Legal,Senior Legal Counsel,2,Bhopal,3.7,2.7,37,11.6,9.29
EMP08766,Male,28,4,"Top Private (ISB, XLRI, SP Jain)",Operations,Supply Chain Analyst,3,Mumbai,2.1,3.8,5,7.0,11.82
EMP08767,Female,29,5,"Top Private (ISB, XLRI, SP Jain)",Data Science,ML Engineer,3,Kochi,2.6,2.9,13,8.4,10.67
EMP08768,Female,38,16,Distance Learning,Operations,Logistics Manager,6,Patna,3.2,3.1,2,8.8,20.65
EMP08769,Male,25,2,Central University,Sales,Account Manager,1,Kolkata,4.1,3.5,18,28.7,8.56
EMP08770,Male,31,7,Diploma,Finance,Finance Manager,2,Surat,1.9,2.3,7,17.8,8.34
EMP08771,Male,36,10,Central University,Operations,Process Improvement Specialist,3,Surat,4.1,3.6,53,7.3,14.36
EMP08772,Female,30,6,Central University,Operations,Operations Manager,1,Jaipur,4.4,4.1,13,9.2,6.35
EMP08773,Female,26,1,Diploma,Operations,Operations Manager,2,Jaipur,3.7,3.3,1,8.9,4.9
EMP08774,Female,42,15,State University,Operations,Operations Manager,3,Pune,3.4,4.0,13,8.0,16.79
EMP08775,Female,29,5,"Top Private (ISB, XLRI, SP Jain)",Operations,Operations Manager,2,Nagpur,3.5,3.0,11,8.6,8.8
EMP08776,Male,28,4,Central University,Operations,Operations Executive,1,Kolkata,2.3,3.8,5,7.1,6.09
EMP08777,Male,30,4,Distance Learning,Finance,Senior Financial Analyst,1,Hyderabad,3.5,3.8,6,16.9,8.01
EMP08778,Female,27,4,Tier-2 Private,Operations,Operations Manager,2,Coimbatore,3.7,3.7,39,9.7,7.91
EMP08779,Female,26,2,"Top Private (ISB, XLRI, SP Jain)",Data Science,Data Scientist,1,Patna,5.0,3.9,24,8.2,6.2
EMP08780,Male,33,6,IIM,Legal,Legal Associate,1,Delhi,4.5,2.6,18,11.1,10.46
EMP08781,Female,27,3,Other,Sales,Sales Executive,1,Pune,3.4,2.8,9,17.7,5.78
EMP08782,Male,32,9,IIT,Product,Group Product Manager,3,Kolkata,2.7,3.9,3,12.6,17.82
EMP08783,Female,35,8,IIM,Engineering,Senior Software Engineer,3,Patna,3.8,3.6,30,12.4,13.41
EMP08784,Male,43,18,Other,Data Science,Lead Data Scientist,4,Pune,3.5,3.6,11,10.8,28.72
EMP08785,Female,31,5,Central University,Operations,Operations Executive,1,Chennai,3.8,5.0,1,5.7,6.85
EMP08786,Male,26,3,NIT,Engineering,Staff Engineer,2,Vadodara,2.7,,2,13.1,8.78
EMP08787,Female,28,2,Central University,Engineering,Staff Engineer,2,Pune,2.2,3.5,6,14.4,7.25
EMP08788,Female,55,28,Central University,Sales,Key Account Manager,6,Visakhapatnam,3.8,2.4,3,15.4,50.0
EMP08789,Male,31,9,IIT,Marketing,Brand Manager,3,Jaipur,3.1,4.3,8,16.5,14.91
EMP08790,Female,26,3,BITS,Finance,Financial Analyst,1,Patna,3.5,3.4,11,11.0,5.09
EMP08791,Female,44,19,Other,Product,Director of Product,5,Kolkata,2.6,,15,13.6,28.57
EMP08792,Female,41,15,Central University,HR,HR Business Partner,4,Ahmedabad,4.4,4.6,1,9.8,16.34
EMP08793,Male,24,2,State University,Product,Product Manager,1,Chennai,2.5,,3,11.5,6.77
EMP08794,Female,28,3,Tier-2 Private,Engineering,Software Engineer,1,Lucknow,4.2,,3,8.1,5.5
EMP08795,Male,27,5,IIM,Marketing,Marketing Manager,2,Bangalore,3.4,4.4,66,22.8,12.04
EMP08796,Female,29,2,State University,Customer Support,Customer Support Executive,1,Bangalore,3.3,3.2,19,9.2,5.51
EMP08797,Male,31,5,NIT,HR,HR Manager,2,Mysore,3.6,2.6,33,7.5,10.14
EMP08798,Female,36,9,Other,HR,HR Business Partner,2,Jaipur,3.3,2.9,16,11.3,9.64
EMP08799,Male,25,2,Diploma,Finance,Financial Analyst,1,Kochi,3.2,4.4,9,10.1,6.85
EMP08800,Male,33,7,Other,Data Science,Senior Data Scientist,2,Hyderabad,3.5,3.3,3,11.0,10.31
EMP08801,Male,37,13,IIIT,Sales,Senior Account Manager,3,Lucknow,3.1,2.7,19,23.3,14.59
EMP08802,Male,30,8,Other,Marketing,Marketing Executive,2,Ahmedabad,3.7,3.7,48,16.4,11.23
EMP08803,Male,29,5,IIT,Engineering,Software Engineer,2,Lucknow,4.5,2.8,2,10.0,11.83
EMP08804,Male,27,3,Other,Finance,Senior Financial Analyst,1,Indore,5.0,2.9,71,12.2,6.53
EMP08805,Female,35,10,State University,Engineering,Staff Engineer,3,Bhopal,4.3,2.6,60,9.8,13.46
EMP08806,Male,29,2,Central University,Legal,Senior Legal Counsel,2,Mumbai,4.0,4.3,14,13.0,12.14
EMP08807,Male,30,7,Tier-2 Private,Customer Support,Customer Success Manager,3,Vadodara,1.8,4.5,17,9.4,11.1
EMP08808,Female,31,6,NIT,Legal,Legal Associate,1,Bangalore,3.4,2.3,1,14.9,7.93
EMP08809,Female,36,13,IIIT,Legal,Legal Manager,4,Ahmedabad,3.0,3.4,7,11.5,16.43
EMP08810,Female,31,4,Other,Sales,Sales Executive,2,Hyderabad,2.3,3.7,4,23.1,6.57
EMP08811,Female,28,4,Tier-2 Private,Marketing,Marketing Executive,2,Guwahati,4.3,2.8,46,24.0,4.41
EMP08812,Female,28,2,Central University,Finance,Financial Analyst,1,Delhi,2.2,2.7,41,16.2,5.92
EMP08813,Female,31,8,BITS,Engineering,Staff Engineer,3,Pune,2.8,4.4,4,11.1,14.64
EMP08814,Female,27,4,Tier-2 Private,Customer Support,Customer Success Manager,2,Raipur,2.1,2.4,2,6.7,5.34
EMP08815,Female,30,3,NIT,Engineering,Software Engineer,1,Hyderabad,3.4,3.7,22,8.7,8.21
EMP08816,Male,26,3,Tier-2 Private,Product,Product Manager,1,Bhopal,4.4,,5,12.2,7.91
EMP08817,Female,33,8,Diploma,Marketing,Brand Manager,3,Raipur,2.5,5.0,2,24.7,9.51
EMP08818,Female,25,2,Tier-2 Private,Operations,Operations Manager,1,Jaipur,3.1,4.1,7,9.0,5.75
EMP08819,Female,26,2,Diploma,Customer Support,Customer Success Manager,2,Pune,4.1,2.2,11,7.1,5.78
EMP08820,Female,37,11,Distance Learning,HR,HR Manager,3,Bangalore,4.5,2.4,7,9.6,11.73
EMP08821,Male,31,5,Tier-2 Private,Legal,Legal Manager,3,Pune,3.5,3.1,1,8.7,12.23
EMP08822,Male,35,11,Central University,Marketing,Content Strategist,4,Guwahati,2.5,3.7,11,24.4,14.45
EMP08823,Female,29,4,State University,Customer Support,Customer Support Executive,1,Bangalore,3.2,2.1,14,7.8,6.72
EMP08824,Female,28,6,IIM,Data Science,Data Scientist,2,Hyderabad,3.2,3.5,9,13.3,9.36
EMP08825,Female,29,6,Distance Learning,Marketing,Marketing Executive,2,Mumbai,3.0,3.5,9,20.5,7.52
EMP08826,Female,41,15,Distance Learning,Product,Director of Product,5,Chandigarh,2.4,3.0,17,16.0,22.34
EMP08827,Female,40,15,Tier-2 Private,Product,Senior Product Manager,4,Nagpur,4.1,,40,15.3,21.98
EMP08828,Female,35,13,Central University,Legal,Senior Legal Counsel,3,Kochi,3.2,3.7,15,9.2,14.59
EMP08829,Male,30,3,IIIT,Sales,Sales Executive,1,Ranchi,2.0,4.4,6,25.1,5.36
EMP08830,Female,27,3,IIIT,Operations,Operations Executive,1,Pune,4.0,5.0,10,9.9,5.48
EMP08831,Male,33,10,NIT,Engineering,Staff Engineer,3,Chennai,4.8,3.0,14,8.4,20.98
EMP08832,Male,39,15,NIT,Customer Support,Support Manager,4,Chandigarh,3.7,4.0,5,6.7,29.05
EMP08833,Male,37,13,IIM,Customer Support,Support Manager,5,Delhi,2.7,3.2,1,9.1,35.19
EMP08834,Male,31,6,Tier-2 Private,Operations,Supply Chain Analyst,2,Delhi,5.0,4.1,7,8.4,13.35
EMP08835,Male,32,10,Tier-2 Private,Marketing,Brand Manager,3,Dehradun,3.5,3.3,17,14.3,13.18
EMP08836,Male,32,10,Diploma,Engineering,Lead Engineer,3,Delhi,4.1,3.3,43,9.1,16.46
EMP08837,Female,33,6,NIT,Marketing,Brand Manager,2,Ranchi,3.2,2.6,1,18.2,6.17
EMP08838,Female,32,6,"Top Private (ISB, XLRI, SP Jain)",Data Science,Data Scientist,3,Guwahati,3.0,3.7,7,9.9,11.28
EMP08839,Male,30,6,State University,Operations,Supply Chain Analyst,2,Chennai,4.1,4.8,2,5.9,12.52
EMP08840,Female,30,3,Central University,Sales,Sales Executive,1,Delhi,2.7,2.6,28,31.6,5.57
EMP08841,Male,29,3,Central University,Engineering,Senior Software Engineer,1,Hyderabad,3.2,2.2,4,13.1,8.89
EMP08842,Male,29,3,State University,Product,Associate Product Manager,1,Hyderabad,3.4,4.1,54,14.3,9.02
EMP08843,Male,27,1,Tier-2 Private,Operations,Operations Executive,1,Nagpur,4.5,4.5,6,5.9,7.08
EMP08844,Female,33,6,Tier-2 Private,Product,Product Manager,2,Vadodara,2.4,5.0,24,10.1,7.65
EMP08845,Female,32,5,State University,Legal,Legal Associate,2,Pune,4.3,3.2,80,9.0,6.82
EMP08846,Female,33,10,Tier-2 Private,Marketing,Marketing Manager,2,Delhi,4.1,3.2,53,16.1,10.15
EMP08847,Female,40,14,IIIT,Operations,Process Improvement Specialist,4,Chandigarh,4.0,3.7,11,6.3,15.19
EMP08848,Female,37,15,Diploma,Sales,Sales Manager,4,Mumbai,4.1,2.7,8,20.5,18.91
EMP08849,Female,41,16,BITS,Operations,Process Improvement Specialist,5,Chennai,2.6,2.8,52,6.1,16.66
EMP08850,Female,25,3,Diploma,Operations,Operations Manager,1,Kolkata,2.4,3.9,21,5.4,4.97
EMP08851,Male,25,2,Distance Learning,HR,HR Executive,1,Vadodara,2.0,2.6,4,5.6,5.54
EMP08852,Male,37,11,IIIT,Data Science,Senior Data Scientist,3,Pune,3.2,2.9,7,14.8,15.52
EMP08853,Male,39,15,State University,Product,Director of Product,4,Mumbai,3.7,2.6,19,11.5,28.06
EMP08854,Female,39,17,Distance Learning,Legal,Company Secretary,5,Visakhapatnam,2.7,2.8,8,9.0,20.18
EMP08855,Male,35,8,IIT,Finance,Finance Manager,3,Pune,4.0,3.4,12,11.0,18.52
EMP08856,Male,28,1,NIT,Customer Support,Support Team Lead,2,Hyderabad,3.4,3.4,7,6.7,8.17
EMP08857,Female,30,7,NIT,HR,HR Executive,1,Mysore,3.5,3.1,38,11.7,6.01
EMP08858,Female,33,8,Distance Learning,Sales,Senior Account Manager,3,Ranchi,4.0,3.8,12,27.7,11.68
EMP08859,Male,37,14,"Top Private (ISB, XLRI, SP Jain)",Product,Director of Product,4,Kolkata,3.5,3.5,8,19.7,30.12
EMP08860,Male,42,16,Central University,Data Science,Senior Data Scientist,4,Hyderabad,2.5,3.0,1,9.3,20.86
EMP08861,Male,37,11,IIIT,Finance,Controller,3,Raipur,4.7,2.8,6,15.8,14.66
EMP08862,Male,28,4,Tier-2 Private,Sales,Sales Executive,1,Pune,3.9,3.3,3,16.6,7.43
EMP08863,Female,29,2,Distance Learning,Operations,Operations Manager,1,Kolkata,2.6,4.6,37,7.9,6.13
EMP08864,Female,34,8,"Top Private (ISB, XLRI, SP Jain)",HR,Talent Acquisition Specialist,4,Chennai,3.3,3.5,1,10.4,13.74
EMP08865,Male,25,3,IIIT,Data Science,Data Analyst,1,Kochi,3.6,,16,8.8,7.58
EMP08866,Male,40,16,IIT,Engineering,Engineering Manager,4,Hyderabad,2.5,2.1,2,11.0,28.15
EMP08867,Male,27,1,IIM,Data Science,Data Analyst,1,Ahmedabad,4.1,2.9,8,9.3,7.72
EMP08868,Male,33,8,Tier-2 Private,Operations,Process Improvement Specialist,3,Thiruvananthapuram,2.6,,3,7.1,9.98
EMP08869,Male,29,7,Central University,Customer Support,Customer Success Manager,2,Chandigarh,4.9,3.5,6,5.6,10.43
EMP08870,Female,31,5,Central University,Customer Support,Support Team Lead,1,Ranchi,4.2,3.6,42,8.9,5.87
EMP08871,Male,27,3,State University,Sales,Sales Executive,1,Coimbatore,2.9,4.2,6,16.0,7.42
EMP08872,Female,24,1,BITS,Marketing,Marketing Manager,2,Bangalore,2.6,3.8,10,14.2,8.35
EMP08873,Male,30,4,Tier-2 Private,Sales,Account Manager,2,Bhopal,3.6,4.3,33,15.3,9.3
EMP08874,Female,31,4,NIT,Engineering,Staff Engineer,2,Mysore,2.4,3.1,34,13.7,7.65
EMP08875,Male,38,13,Central University,Finance,Controller,4,Delhi,3.4,,5,11.3,23.49
EMP08876,Male,29,3,Tier-2 Private,Product,Product Manager,1,Surat,3.5,2.9,69,17.5,6.23
EMP08877,Female,31,8,Other,Customer Support,Customer Success Manager,3,Ranchi,3.8,4.4,71,7.8,8.61
EMP08878,Female,28,2,Other,HR,HR Executive,1,Hyderabad,4.3,,16,5.6,4.84
EMP08879,Male,35,8,IIT,Customer Support,Customer Success Manager,4,Nagpur,4.2,3.3,3,8.4,14.68
EMP08880,Male,24,1,State University,Sales,Sales Executive,1,Hyderabad,4.3,3.6,8,33.8,7.78
EMP08881,Female,53,26,Central University,Sales,Key Account Manager,6,Pune,3.8,4.0,10,31.4,50.0
EMP08882,Female,27,5,Diploma,Data Science,Data Scientist,2,Kolkata,3.6,,13,8.4,7.19
EMP08883,Female,24,0,Diploma,Engineering,Software Engineer,2,Mumbai,3.0,3.5,17,9.8,6.83
EMP08884,Male,25,3,Central University,Product,Product Manager,1,Ranchi,1.9,3.5,1,19.1,6.54
EMP08885,Male,27,3,State University,Legal,Senior Legal Counsel,1,Chennai,3.6,4.5,2,10.0,8.88
EMP08886,Male,28,3,"Top Private (ISB, XLRI, SP Jain)",Customer Support,Customer Support Executive,1,Nagpur,2.5,3.4,9,7.6,6.1
EMP08887,Male,31,4,Tier-2 Private,Operations,Supply Chain Analyst,2,Patna,3.6,4.1,31,9.9,7.5
EMP08888,Female,25,3,Tier-2 Private,Legal,Senior Legal Counsel,1,Ahmedabad,1.7,2.6,11,10.8,4.41
EMP08889,Female,30,3,Tier-2 Private,Engineering,Senior Software Engineer,1,Vadodara,2.5,2.5,9,14.7,5.54
EMP08890,Male,29,2,BITS,Customer Support,Customer Support Executive,2,Bangalore,2.9,,2,6.3,9.3
EMP08891,Female,32,10,IIIT,Data Science,Data Scientist,2,Mumbai,5.0,4.0,7,8.7,11.88
EMP08892,Female,41,14,Tier-2 Private,Data Science,Senior Data Scientist,4,Patna,2.9,3.8,32,8.1,17.44
EMP08893,Female,32,5,State University,Legal,Senior Legal Counsel,3,Nagpur,3.1,4.2,6,11.5,9.01
EMP08894,Male,27,5,Central University,Customer Support,Support Team Lead,2,Kochi,3.5,4.0,38,5.3,8.24
EMP08895,Male,24,2,Tier-2 Private,Data Science,Data Analyst,1,Bangalore,4.1,3.7,5,13.1,8.83
EMP08896,Male,32,6,Distance Learning,Finance,Financial Analyst,1,Kochi,2.9,3.4,62,16.9,7.69
EMP08897,Male,31,7,"Top Private (ISB, XLRI, SP Jain)",Legal,Senior Legal Counsel,3,Chennai,1.9,4.3,50,12.6,10.47
EMP08898,Male,28,5,State University,HR,HR Business Partner,2,Dehradun,2.2,4.0,14,7.2,8.3
EMP08899,Male,31,7,Central University,Marketing,Digital Marketing Manager,3,Ranchi,3.2,3.0,1,17.1,13.93
EMP08900,Male,31,7,NIT,Marketing,Marketing Manager,1,Mumbai,4.7,3.2,9,23.8,10.16
EMP08901,Male,29,2,Other,Product,Associate Product Manager,1,Visakhapatnam,2.7,3.7,31,14.4,8.01
EMP08902,Female,36,13,IIIT,Customer Support,Support Manager,5,Delhi,4.1,3.3,26,5.9,23.41
EMP08903,Female,27,5,Diploma,HR,HR Executive,1,Nagpur,3.1,3.9,4,6.3,7.21
EMP08904,Male,45,19,Other,Product,Director of Product,6,Delhi,3.3,4.1,41,12.1,50.0
EMP08905,Female,35,8,Distance Learning,Legal,Senior Legal Counsel,3,Pune,2.6,2.8,4,10.1,13.71
EMP08906,Male,51,24,Tier-2 Private,Customer Support,Support Manager,6,Hyderabad,3.8,2.8,30,7.1,50.0
EMP08907,Male,40,13,Tier-2 Private,Engineering,Principal Engineer,5,Ranchi,4.0,2.4,4,13.2,27.21
EMP08908,Female,29,7,Tier-2 Private,Customer Support,Support Manager,3,Bangalore,2.1,3.3,3,7.4,7.73
EMP08909,Male,29,3,State University,Customer Support,Customer Support Executive,1,Vadodara,2.8,4.9,2,5.7,5.03
EMP08910,Male,26,3,Distance Learning,Customer Support,Support Team Lead,1,Delhi,3.4,,13,6.4,8.06
EMP08911,Male,32,8,State University,Data Science,ML Engineer,3,Kolkata,3.9,3.6,12,14.1,14.93
EMP08912,Male,30,6,Central University,Finance,Senior Financial Analyst,2,Chennai,5.0,3.8,37,14.6,14.87
EMP08913,Female,31,4,Central University,Legal,Legal Associate,2,Delhi,3.0,3.3,8,11.6,6.83
EMP08914,Male,35,10,Central University,Finance,Finance Manager,2,Kochi,1.3,,17,16.9,7.75
EMP08915,Male,29,6,Diploma,Marketing,Marketing Executive,2,Pune,3.0,3.1,32,22.0,8.74
EMP08916,Male,32,10,BITS,Product,Senior Product Manager,3,Jaipur,3.8,3.4,2,16.9,14.2
EMP08917,Male,28,3,IIT,Marketing,Marketing Executive,1,Surat,3.9,4.7,40,15.2,9.71
EMP08918,Male,38,12,State University,Marketing,Brand Manager,4,Bhopal,3.3,4.4,12,15.4,18.31
EMP08919,Female,34,8,State University,Marketing,Brand Manager,3,Pune,2.6,2.5,17,13.1,9.83
EMP08920,Female,40,13,Other,Product,Director of Product,4,Jaipur,3.8,,28,13.8,16.61
EMP08921,Male,33,11,IIT,Engineering,Lead Engineer,3,Pune,3.6,4.8,1,12.7,22.42
EMP08922,Female,29,5,Diploma,Operations,Operations Manager,3,Mumbai,3.7,3.6,6,5.8,9.68
EMP08923,Male,30,5,Diploma,Engineering,Lead Engineer,3,Surat,2.9,3.2,48,11.2,10.29
EMP08924,Male,48,21,Tier-2 Private,Legal,Compliance Officer,6,Bhopal,4.2,3.6,1,8.0,37.77
EMP08925,Male,27,4,State University,Engineering,Staff Engineer,3,Thiruvananthapuram,3.6,,11,14.3,9.79
EMP08926,Male,36,10,"Top Private (ISB, XLRI, SP Jain)",Customer Support,Support Manager,3,Ahmedabad,3.4,2.8,14,7.6,12.4
EMP08927,Female,27,4,NIT,HR,HR Manager,2,Patna,4.3,3.0,44,9.3,5.74
EMP08928,Female,26,1,State University,Marketing,Marketing Manager,1,Bangalore,3.2,,34,22.7,6.21
EMP08929,Male,28,2,Tier-2 Private,Legal,Senior Legal Counsel,1,Kolkata,4.2,3.4,4,10.3,7.21
EMP08930,Male,34,8,NIT,Marketing,Digital Marketing Manager,4,Kochi,3.0,2.4,35,15.4,13.09
EMP08931,Female,33,9,Tier-2 Private,Data Science,Senior Data Scientist,3,Jaipur,2.6,2.5,27,8.3,11.79
EMP08932,Male,32,8,Other,HR,HR Manager,3,Hyderabad,3.5,2.6,10,10.1,11.96
EMP08933,Male,40,13,Tier-2 Private,Marketing,Digital Marketing Manager,4,Ahmedabad,1.9,3.3,19,17.5,21.44
EMP08934,Female,32,7,Distance Learning,Customer Support,Customer Success Manager,2,Kolkata,3.8,4.6,1,5.8,7.56
EMP08935,Female,27,3,Tier-2 Private,HR,HR Manager,1,Guwahati,4.3,4.3,24,5.3,5.0
EMP08936,Female,32,9,Central University,Engineering,Staff Engineer,3,Visakhapatnam,5.0,3.3,2,8.8,17.64
EMP08937,Male,32,6,State University,Finance,Financial Analyst,1,Jaipur,4.3,4.1,31,15.3,8.8
EMP08938,Male,30,4,State University,Finance,Financial Analyst,1,Patna,4.9,3.7,6,16.6,7.57
EMP08939,Male,33,8,State University,Product,Group Product Manager,3,Patna,3.7,3.5,1,16.5,13.86
EMP08940,Female,28,6,"Top Private (ISB, XLRI, SP Jain)",Data Science,Data Analyst,2,Guwahati,4.6,,2,8.1,8.35
EMP08941,Male,25,3,Central University,Engineering,Software Engineer,1,Chennai,3.7,3.4,1,11.3,10.97
EMP08942,Male,28,5,Distance Learning,Sales,Account Manager,2,Indore,4.6,2.7,4,18.9,8.4
EMP08943,Male,38,16,"Top Private (ISB, XLRI, SP Jain)",Finance,Accounts Manager,6,Indore,1.8,3.6,8,18.0,43.91
EMP08944,Female,39,15,IIIT,Finance,Controller,4,Surat,2.6,2.7,1,11.0,15.96
EMP08945,Female,30,6,Tier-2 Private,Marketing,Marketing Manager,2,Visakhapatnam,3.2,2.9,45,17.8,6.87
EMP08946,Female,30,6,Tier-2 Private,Customer Support,Support Team Lead,3,Pune,4.2,3.6,2,6.3,9.24
EMP08947,Male,29,2,State University,Sales,Senior Account Manager,2,Lucknow,4.1,2.5,6,19.1,6.24
EMP08948,Female,43,20,Other,Customer Support,Support Manager,5,Chandigarh,2.7,2.5,28,9.0,21.69
EMP08949,Male,38,12,NIT,HR,Talent Acquisition Specialist,3,Kolkata,2.4,3.6,40,6.9,19.09
EMP08950,Male,33,10,Tier-2 Private,Legal,Company Secretary,4,Bangalore,3.4,,1,11.5,19.69
EMP08951,Male,26,1,Central University,Customer Support,Customer Support Executive,1,Surat,3.1,3.1,9,5.1,4.48
EMP08952,Male,33,6,Other,HR,HR Executive,2,Surat,3.2,4.2,30,6.9,9.51
EMP08953,Male,32,5,NIT,Marketing,Marketing Executive,1,Kolkata,3.3,3.4,56,13.5,8.45
EMP08954,Female,34,9,Tier-2 Private,Customer Support,Customer Support Executive,2,Guwahati,3.3,2.8,12,6.9,7.01
EMP08955,Male,27,4,Central University,Sales,Account Manager,2,Vadodara,4.3,,21,24.0,7.29
EMP08956,Male,29,5,Tier-2 Private,Finance,Senior Financial Analyst,1,Hyderabad,4.2,2.4,2,11.2,7.67
EMP08957,Female,33,9,Tier-2 Private,Finance,Controller,3,Mumbai,3.1,,11,11.5,11.09
EMP08958,Female,30,3,Other,Finance,Senior Financial Analyst,1,Lucknow,3.2,2.3,11,16.2,4.9
EMP08959,Male,28,4,State University,Product,Senior Product Manager,3,Mysore,4.1,3.1,53,12.9,12.86
EMP08960,Female,32,6,State University,Marketing,Marketing Executive,1,Coimbatore,3.7,2.2,10,13.4,4.52
EMP08961,Male,42,15,State University,Operations,Process Improvement Specialist,4,Raipur,4.2,4.9,7,6.1,19.94
EMP08962,Male,32,10,Tier-2 Private,Operations,Supply Chain Analyst,2,Pune,3.9,,22,7.9,11.13
EMP08963,Female,39,12,IIIT,Engineering,Staff Engineer,4,Delhi,3.5,3.6,21,11.0,21.18
EMP08964,Male,31,6,"Top Private (ISB, XLRI, SP Jain)",Engineering,Software Engineer,2,Coimbatore,3.7,3.3,33,9.0,11.72
EMP08965,Male,42,17,Distance Learning,Operations,Supply Chain Analyst,4,Visakhapatnam,2.0,3.6,21,5.5,20.71
EMP08966,Male,24,1,IIIT,HR,HR Business Partner,2,Bangalore,3.0,,74,7.3,9.76
EMP08967,Male,48,24,Diploma,Engineering,DevOps Engineer,6,Ranchi,4.7,3.4,5,14.1,50.0
EMP08968,Male,52,27,IIIT,Customer Support,Support Manager,6,Delhi,4.3,2.9,8,6.7,50.0
EMP08969,Female,31,8,Tier-2 Private,Customer Support,Support Manager,3,Mumbai,3.3,4.1,40,7.8,12.9
EMP08970,Male,36,10,Central University,Engineering,Staff Engineer,3,Thiruvananthapuram,2.6,2.7,3,13.5,17.57
EMP08971,Female,31,5,IIM,Engineering,Software Engineer,2,Raipur,4.0,,1,11.5,8.17
EMP08972,Male,27,5,Central University,Engineering,Staff Engineer,2,Delhi,2.0,5.0,27,14.7,11.12
EMP08973,Female,26,3,Central University,Operations,Operations Manager,2,Mumbai,3.9,3.8,35,6.5,5.51
EMP08974,Male,30,5,State University,Customer Support,Support Team Lead,2,Bangalore,3.5,,6,5.1,8.74
EMP08975,Male,34,8,State University,Marketing,Digital Marketing Manager,3,Mumbai,3.3,4.5,19,15.6,16.15
EMP08976,Male,31,8,IIM,Legal,Senior Legal Counsel,3,Chennai,4.3,3.8,4,12.8,17.7
EMP08977,Male,51,24,Central University,Product,Product Analyst,6,Ahmedabad,4.2,3.3,1,15.0,50.0
EMP08978,Female,31,6,Central University,Engineering,Software Engineer,2,Dehradun,4.1,,51,13.2,8.84
EMP08979,Female,27,2,Distance Learning,Marketing,Marketing Executive,1,Pune,4.7,4.2,43,21.9,6.16
EMP08980,Female,41,19,Central University,Marketing,Digital Marketing Manager,5,Guwahati,3.1,2.8,14,21.9,24.22
EMP08981,Male,27,2,Tier-2 Private,Customer Support,Support Team Lead,1,Mumbai,3.1,3.3,7,5.9,6.65
EMP08982,Male,30,4,Tier-2 Private,Finance,Senior Financial Analyst,1,Bangalore,3.6,3.2,1,11.5,8.36
EMP08983,Female,30,7,Diploma,Marketing,Marketing Manager,2,Bangalore,4.9,3.7,45,22.4,9.4
EMP08984,Female,33,8,State University,Data Science,Senior Data Scientist,2,Jaipur,2.2,3.9,13,12.0,8.05
EMP08985,Female,24,2,Tier-2 Private,Marketing,Marketing Manager,1,Delhi,3.1,3.7,7,22.2,4.65
EMP08986,Female,26,3,Tier-2 Private,Engineering,Software Engineer,1,Kochi,3.0,2.6,35,13.7,5.54
EMP08987,Male,24,2,Central University,Finance,Senior Financial Analyst,2,Pune,3.9,4.9,8,10.1,9.04
EMP08988,Female,35,9,Distance Learning,Product,Product Manager,2,Dehradun,2.6,2.7,8,13.0,9.5
EMP08989,Male,40,13,Other,Finance,Accounts Manager,5,Bangalore,3.6,3.8,31,17.4,22.8
EMP08990,Male,24,2,Tier-2 Private,Operations,Operations Manager,1,Lucknow,4.9,3.5,38,9.7,6.4
EMP08991,Female,38,12,Distance Learning,Sales,Key Account Manager,4,Visakhapatnam,2.5,2.6,15,27.9,15.19
EMP08992,Male,36,11,Diploma,Finance,Finance Manager,3,Patna,2.8,,13,13.5,11.47
EMP08993,Male,29,3,Other,Legal,Legal Associate,2,Coimbatore,3.6,3.7,8,11.7,7.9
EMP08994,Male,26,1,NIT,Finance,Senior Financial Analyst,1,Lucknow,4.2,4.1,35,16.5,7.04
EMP08995,Male,29,2,State University,Engineering,Software Engineer,1,Surat,3.7,3.6,3,9.7,8.72
EMP08996,Female,25,3,Central University,Product,Associate Product Manager,2,Surat,4.3,,21,19.2,6.64
EMP08997,Female,39,17,IIT,Product,Product Analyst,5,Ranchi,4.3,4.6,1,11.3,33.02
EMP08998,Male,28,5,Central University,Engineering,Senior Software Engineer,3,Pune,2.6,3.5,17,15.0,12.87
EMP08999,Female,28,2,Central University,Operations,Operations Executive,1,Jaipur,3.4,,33,8.0,4.35
EMP09000,Female,28,6,Tier-2 Private,HR,HR Executive,2,Chandigarh,1.9,4.0,2,7.3,8.26
EMP09001,Female,24,2,NIT,Finance,Senior Financial Analyst,1,Dehradun,3.9,3.9,12,10.1,4.72
EMP09002,Male,34,8,IIIT,Sales,Sales Manager,3,Lucknow,5.0,2.6,9,27.6,15.37
EMP09003,Male,27,3,IIM,Product,Associate Product Manager,1,Chennai,3.0,2.7,27,19.5,8.98
EMP09004,Male,29,3,Central University,Customer Support,Support Team Lead,1,Chennai,3.2,3.2,22,8.9,7.98
EMP09005,Male,31,7,BITS,Finance,Financial Analyst,2,Nagpur,2.9,,2,12.0,10.39
EMP09006,Female,42,20,"Top Private (ISB, XLRI, SP Jain)",Product,Product Analyst,5,Indore,4.7,,6,17.6,27.97
EMP09007,Male,53,28,Diploma,Sales,Key Account Manager,5,Bangalore,4.0,3.4,4,29.3,46.73
EMP09008,Male,24,2,State University,Data Science,Data Analyst,1,Thiruvananthapuram,3.3,,1,8.0,5.97
EMP09009,Female,27,3,IIIT,Customer Support,Customer Support Executive,1,Mysore,2.4,4.2,57,5.8,5.38
EMP09010,Male,35,8,Diploma,Sales,Senior Account Manager,3,Coimbatore,3.3,5.0,1,29.5,12.99
EMP09011,Male,36,13,Central University,Product,Director of Product,4,Chennai,2.6,2.7,55,18.7,24.19
EMP09012,Female,24,1,Tier-2 Private,Finance,Finance Manager,2,Mysore,3.4,3.4,23,13.7,7.29
EMP09013,Female,33,6,Distance Learning,Customer Support,Support Manager,3,Thiruvananthapuram,3.6,4.1,21,9.0,9.12
EMP09014,Male,27,4,Central University,HR,HR Manager,2,Indore,2.8,4.5,9,9.2,9.81
EMP09015,Female,25,1,IIIT,HR,HR Manager,1,Kochi,3.2,2.3,48,6.7,5.0
EMP09016,Female,28,2,Central University,Sales,Sales Executive,1,Hyderabad,4.3,3.3,13,20.3,5.11
EMP09017,Female,26,4,Tier-2 Private,Product,Product Manager,2,Bangalore,3.0,3.9,17,12.9,10.61
EMP09018,Male,28,6,Distance Learning,Marketing,Marketing Executive,1,Lucknow,4.8,3.0,17,23.1,7.39
EMP09019,Female,39,12,State University,Marketing,Content Strategist,4,Surat,3.9,,18,15.8,16.36
EMP09020,Female,34,7,Diploma,Finance,Finance Manager,2,Jaipur,3.8,4.0,12,16.6,9.42
EMP09021,Male,38,11,Distance Learning,Finance,Controller,4,Bangalore,3.9,3.3,23,13.9,17.49
EMP09022,Female,28,6,Distance Learning,Marketing,Marketing Executive,1,Patna,1.7,3.7,48,18.7,4.09
EMP09023,Female,28,3,Tier-2 Private,Sales,Sales Executive,1,Jaipur,4.3,4.5,1,25.6,6.34
EMP09024,Male,32,5,State University,Marketing,Marketing Manager,2,Hyderabad,4.4,3.8,12,13.7,9.46
EMP09025,Female,36,9,Tier-2 Private,Engineering,Staff Engineer,3,Delhi,3.9,3.1,33,8.1,15.85
EMP09026,Male,36,12,State University,Engineering,Engineering Manager,4,Patna,2.4,4.1,5,13.5,18.19
EMP09027,Female,29,5,Central University,Engineering,Software Engineer,1,Raipur,3.9,,4,13.2,7.23
EMP09028,Female,25,3,State University,Data Science,Data Scientist,1,Kolkata,2.7,,94,14.9,7.06
EMP09029,Male,29,7,Diploma,Sales,Account Manager,2,Hyderabad,4.1,3.7,25,24.6,11.82
EMP09030,Male,32,8,State University,Operations,Operations Manager,3,Chandigarh,4.0,4.2,31,5.9,13.44
EMP09031,Male,37,14,BITS,Finance,Senior Financial Analyst,3,Thiruvananthapuram,3.2,3.8,22,13.5,19.18
EMP09032,Female,30,3,Other,Engineering,Software Engineer,1,Delhi,3.7,2.7,20,8.2,5.94
EMP09033,Male,25,3,Central University,Finance,Financial Analyst,1,Lucknow,3.7,4.2,15,12.3,7.08
EMP09034,Female,35,10,Tier-2 Private,Product,Senior Product Manager,3,Kolkata,4.5,3.2,22,11.8,11.81
EMP09035,Male,29,4,Tier-2 Private,Marketing,Brand Manager,2,Ahmedabad,3.9,3.4,1,12.2,10.23
EMP09036,Male,26,4,State University,Marketing,Marketing Executive,1,Pune,2.7,2.5,12,20.4,6.73
EMP09037,Female,38,14,"Top Private (ISB, XLRI, SP Jain)",Data Science,Lead Data Scientist,5,Kolkata,2.1,4.3,24,14.0,28.47
EMP09038,Male,29,2,Distance Learning,Marketing,Marketing Executive,2,Delhi,4.6,,15,19.7,10.02
EMP09039,Male,47,25,Central University,Data Science,Lead Data Scientist,6,Kochi,2.5,3.3,23,12.3,48.53
EMP09040,Male,25,3,IIT,Engineering,Software Engineer,1,Coimbatore,2.6,4.0,3,12.9,8.98
EMP09041,Male,33,11,Tier-2 Private,Customer Support,Support Team Lead,3,Delhi,3.1,4.4,13,9.4,17.15
EMP09042,Male,27,5,IIT,Legal,Senior Legal Counsel,2,Coimbatore,3.2,4.2,31,13.0,11.46
EMP09043,Male,34,7,Diploma,Customer Support,Customer Success Manager,3,Kolkata,2.2,3.4,13,6.8,12.2
EMP09044,Female,27,5,NIT,Engineering,Staff Engineer,3,Mysore,3.6,2.6,7,13.7,10.21
EMP09045,Male,34,11,Tier-2 Private,Operations,Process Improvement Specialist,3,Kolkata,2.5,,16,7.8,18.63
EMP09046,Male,30,4,Distance Learning,Legal,Senior Legal Counsel,2,Thiruvananthapuram,3.8,3.9,60,14.2,8.81
EMP09047,Male,31,4,IIM,Marketing,Marketing Manager,1,Ahmedabad,3.9,2.7,9,20.9,9.47
EMP09048,Male,43,21,IIT,Customer Support,Support Manager,6,Pune,4.4,,16,7.6,49.82
EMP09049,Female,30,6,State University,Customer Support,Support Team Lead,2,Mysore,3.9,3.5,14,8.2,6.54
EMP09050,Male,26,3,Other,Data Science,Data Analyst,1,Hyderabad,4.0,4.4,3,13.0,9.4
EMP09051,Male,25,2,Other,Legal,Legal Associate,1,Delhi,2.3,3.0,88,9.0,6.33
EMP09052,Female,49,22,Other,Engineering,DevOps Engineer,6,Hyderabad,2.8,,25,13.1,44.97
EMP09053,Female,28,4,Tier-2 Private,Data Science,Data Analyst,1,Hyderabad,3.4,,5,10.8,7.14
EMP09054,Female,50,25,Other,Data Science,Data Engineer,6,Surat,4.2,2.0,13,13.4,46.34
EMP09055,Female,29,7,Tier-2 Private,Customer Support,Customer Support Executive,1,Chennai,3.5,3.7,19,8.7,5.79
EMP09056,Female,29,6,"Top Private (ISB, XLRI, SP Jain)",Legal,Legal Manager,3,Kolkata,3.3,4.2,27,8.1,12.42
EMP09057,Female,30,6,Central University,Product,Associate Product Manager,1,Lucknow,4.0,5.0,3,15.5,6.6
EMP09058,Female,53,28,Diploma,Customer Support,Customer Success Manager,6,Visakhapatnam,2.0,3.5,1,6.8,38.9
EMP09059,Male,28,1,State University,Data Science,Data Analyst,1,Surat,2.7,3.3,9,8.2,7.88
EMP09060,Female,30,7,Distance Learning,HR,HR Manager,3,Indore,3.6,3.9,1,6.8,10.9
EMP09061,Female,30,5,State University,Legal,Legal Associate,1,Chennai,3.5,,16,14.8,6.47
EMP09062,Female,29,5,Diploma,Customer Support,Customer Success Manager,2,Hyderabad,3.9,2.9,17,7.7,7.09
EMP09063,Male,32,6,"Top Private (ISB, XLRI, SP Jain)",Product,Senior Product Manager,3,Bhopal,3.7,3.6,12,16.6,15.04
EMP09064,Female,29,5,Distance Learning,Sales,Sales Executive,2,Vadodara,3.8,2.7,4,16.2,7.71
EMP09065,Male,30,6,Distance Learning,Operations,Operations Executive,2,Delhi,3.0,3.0,12,9.3,9.97
EMP09066,Female,30,5,Central University,HR,HR Executive,2,Bhopal,4.6,4.4,27,6.1,8.61
EMP09067,Male,26,2,State University,Legal,Senior Legal Counsel,1,Bangalore,2.7,3.0,8,9.5,6.88
EMP09068,Female,33,7,State University,Customer Support,Customer Support Executive,2,Kolkata,3.3,3.7,1,6.5,8.65
EMP09069,Female,31,9,Other,Data Science,ML Engineer,3,Mumbai,3.5,,22,13.3,11.54
EMP09070,Male,28,4,Other,Marketing,Brand Manager,3,Bhopal,4.0,3.5,14,19.0,10.45
EMP09071,Male,45,22,Tier-2 Private,Product,Product Analyst,6,Bangalore,2.8,,4,11.7,44.14
EMP09072,Male,37,15,State University,Marketing,Digital Marketing Manager,5,Mumbai,3.4,3.7,29,22.7,28.25
EMP09073,Female,32,10,NIT,Finance,Controller,3,Bhopal,4.3,2.7,40,14.7,11.07
EMP09074,Female,34,10,State University,Sales,Sales Manager,3,Mumbai,3.5,3.9,1,15.6,12.49
EMP09075,Female,29,6,"Top Private (ISB, XLRI, SP Jain)",Operations,Supply Chain Analyst,2,Coimbatore,3.6,3.4,54,5.8,7.46
EMP09076,Male,39,13,"Top Private (ISB, XLRI, SP Jain)",Sales,Senior Account Manager,4,Surat,3.2,2.4,30,32.2,15.23
EMP09077,Female,43,18,Tier-2 Private,Sales,Key Account Manager,4,Delhi,3.5,3.9,18,33.0,26.32
EMP09078,Female,36,10,Diploma,Finance,Senior Financial Analyst,3,Lucknow,3.5,3.4,15,14.7,11.43
EMP09079,Male,31,4,Distance Learning,Operations,Operations Manager,2,Pune,3.8,3.5,1,9.6,9.97
EMP09080,Male,31,5,Diploma,Marketing,Brand Manager,2,Mysore,2.5,3.8,43,15.0,8.74
EMP09081,Male,33,9,Central University,HR,HR Manager,2,Bangalore,3.4,,8,9.6,10.07
EMP09082,Male,37,10,State University,Product,Group Product Manager,3,Lucknow,3.6,3.0,9,19.2,15.02
EMP09083,Male,29,5,Central University,Product,Product Manager,3,Kochi,4.1,3.7,4,19.1,13.64
EMP09084,Male,30,4,Distance Learning,Data Science,ML Engineer,3,Raipur,4.0,2.9,4,13.3,12.13
EMP09085,Male,41,18,Diploma,Data Science,ML Engineer,4,Delhi,4.6,4.1,20,11.4,39.23
EMP09086,Male,29,2,"Top Private (ISB, XLRI, SP Jain)",Finance,Senior Financial Analyst,1,Kolkata,3.5,2.7,96,14.9,9.02
EMP09087,Male,26,3,State University,Data Science,Data Analyst,2,Lucknow,2.5,3.5,17,8.7,11.1
EMP09088,Female,27,2,Tier-2 Private,Marketing,Marketing Executive,1,Hyderabad,3.4,4.3,2,16.6,5.58
EMP09089,Male,27,3,NIT,Sales,Account Manager,1,Hyderabad,2.2,3.0,26,24.7,5.8
EMP09090,Male,37,14,Tier-2 Private,Data Science,Senior Data Scientist,4,Pune,2.2,3.6,24,9.6,27.9
EMP09091,Female,37,14,Central University,Product,Senior Product Manager,4,Coimbatore,3.0,2.7,1,12.6,18.08
EMP09092,Male,30,5,Central University,Data Science,Senior Data Scientist,2,Delhi,3.7,2.5,5,11.6,9.62
EMP09093,Male,30,8,IIT,Legal,Compliance Officer,3,Coimbatore,2.6,4.0,11,12.8,13.83
EMP09094,Male,29,6,Tier-2 Private,Data Science,Data Scientist,2,Chennai,4.6,3.6,17,13.1,12.15
EMP09095,Male,29,2,Tier-2 Private,Customer Support,Customer Support Executive,1,Ahmedabad,3.7,3.6,12,8.7,6.08
EMP09096,Female,50,28,Other,Legal,Compliance Officer,6,Mumbai,4.5,,6,11.5,50.0
EMP09097,Male,41,15,"Top Private (ISB, XLRI, SP Jain)",Finance,Accounts Manager,5,Chandigarh,4.9,3.0,4,13.1,36.84
EMP09098,Male,30,7,Tier-2 Private,Operations,Supply Chain Analyst,2,Kolkata,4.3,2.8,20,8.2,11.82
EMP09099,Male,26,3,Tier-2 Private,Data Science,Data Analyst,1,Pune,3.1,3.7,21,13.8,8.4
EMP09100,Female,29,5,State University,Data Science,Data Analyst,2,Chandigarh,2.7,4.3,2,12.1,6.99
EMP09101,Male,27,3,Tier-2 Private,Operations,Operations Executive,1,Bangalore,2.7,3.8,10,7.3,7.21
EMP09102,Male,32,6,Central University,Operations,Operations Executive,2,Pune,3.6,2.6,21,6.2,9.49
EMP09103,Male,33,7,Diploma,Finance,Senior Financial Analyst,2,Mumbai,3.1,5.0,11,14.9,8.9
EMP09104,Female,28,4,State University,Marketing,Brand Manager,3,Vadodara,2.7,2.4,2,15.9,7.94
EMP09105,Female,25,2,State University,HR,HR Manager,1,Indore,4.0,2.0,2,6.8,4.31
EMP09106,Female,48,26,Distance Learning,HR,Compensation Analyst,6,Nagpur,3.9,4.5,7,10.8,42.88
EMP09107,Male,33,7,Other,Product,Product Manager,2,Kolkata,2.8,3.0,14,19.8,10.59
EMP09108,Male,35,8,"Top Private (ISB, XLRI, SP Jain)",Legal,Senior Legal Counsel,3,Bangalore,3.1,3.3,2,10.3,12.46
EMP09109,Female,26,4,Tier-2 Private,Operations,Operations Executive,2,Kolkata,2.3,4.1,1,8.8,7.31
EMP09110,Male,27,2,IIIT,Marketing,Brand Manager,2,Indore,3.6,4.8,35,13.6,9.31
EMP09111,Female,28,5,State University,HR,HR Manager,2,Bangalore,3.1,3.2,17,6.0,7.59
EMP09112,Male,27,4,Tier-2 Private,Product,Associate Product Manager,1,Chennai,4.3,4.1,71,17.4,8.26
EMP09113,Male,35,9,Central University,Finance,Finance Manager,3,Mumbai,3.5,4.9,9,11.3,17.1
EMP09114,Male,34,11,Diploma,Sales,Sales Manager,3,Jaipur,2.9,2.8,9,34.6,14.66
EMP09115,Male,33,10,Distance Learning,Data Science,Senior Data Scientist,4,Bangalore,3.5,3.8,43,10.3,21.74
EMP09116,Female,34,12,BITS,Data Science,Data Scientist,3,Delhi,3.3,3.0,1,14.6,16.97
EMP09117,Male,48,21,Central University,Data Science,Lead Data Scientist,6,Nagpur,2.9,2.8,1,12.9,48.43
EMP09118,Male,34,7,Other,Customer Support,Customer Success Manager,3,Chennai,3.4,,2,6.9,10.28
EMP09119,Female,40,13,BITS,Legal,Company Secretary,5,Guwahati,2.4,4.1,10,13.7,18.82
EMP09120,Female,31,8,BITS,Customer Support,Support Manager,3,Delhi,3.6,3.7,7,6.3,10.78
EMP09121,Female,24,1,"Top Private (ISB, XLRI, SP Jain)",Finance,Senior Financial Analyst,2,Ahmedabad,3.7,3.7,47,16.3,7.17
EMP09122,Female,32,5,State University,Finance,Financial Analyst,2,Indore,4.3,3.1,14,12.5,7.22
EMP09123,Female,28,3,Tier-2 Private,Product,Associate Product Manager,1,Mysore,3.6,3.5,10,10.5,5.21
EMP09124,Male,30,7,Central University,Sales,Senior Account Manager,2,Raipur,2.7,4.0,1,25.3,9.99
EMP09125,Female,25,3,Other,Sales,Sales Executive,1,Delhi,1.0,4.9,70,31.3,5.67
EMP09126,Female,35,9,Tier-2 Private,Customer Support,Support Manager,3,Lucknow,2.6,2.2,5,5.4,9.61
EMP09127,Male,38,12,NIT,Product,Director of Product,4,Bangalore,3.7,,30,18.3,25.89
EMP09128,Female,36,14,Central University,Customer Support,Customer Success Manager,4,Guwahati,4.5,3.2,20,6.0,16.15
EMP09129,Male,42,18,IIT,Customer Support,Support Manager,5,Visakhapatnam,3.6,3.9,25,9.3,48.64
EMP09130,Female,25,1,Diploma,Data Science,Data Analyst,1,Hyderabad,2.8,4.3,7,13.3,6.03
EMP09131,Male,26,2,IIIT,Finance,Financial Analyst,2,Delhi,3.7,4.3,8,13.1,9.92
EMP09132,Female,54,30,IIIT,Data Science,Lead Data Scientist,6,Thiruvananthapuram,1.6,3.1,5,11.3,50.0
EMP09133,Male,35,12,Tier-2 Private,Customer Support,Customer Success Manager,4,Ahmedabad,3.5,4.1,6,7.7,22.96
EMP09134,Female,31,7,Tier-2 Private,Marketing,Brand Manager,2,Ranchi,4.0,3.2,19,17.6,6.86
EMP09135,Male,33,6,IIM,Engineering,Software Engineer,2,Mysore,2.9,3.8,8,12.9,11.39
EMP09136,Female,32,5,Distance Learning,HR,HR Business Partner,2,Kolkata,4.3,4.0,2,11.4,8.72
EMP09137,Male,23,1,Central University,Data Science,Data Analyst,1,Mumbai,4.6,1.7,5,14.1,8.54
EMP09138,Female,29,3,IIT,Finance,Financial Analyst,1,Surat,3.9,3.1,9,12.4,4.76
EMP09139,Male,30,5,Central University,HR,HR Manager,3,Lucknow,3.8,2.9,6,9.9,11.84
EMP09140,Male,26,3,IIT,Engineering,Senior Software Engineer,1,Coimbatore,1.0,,1,12.0,6.29
EMP09141,Male,27,4,Distance Learning,Customer Support,Support Team Lead,2,Hyderabad,3.7,3.2,1,9.8,12.89
EMP09142,Female,56,30,Central University,Marketing,Digital Marketing Manager,5,Pune,4.3,2.0,4,24.2,44.71
EMP09143,Male,29,5,Other,Operations,Supply Chain Analyst,2,Mumbai,3.4,4.5,15,7.4,9.29
EMP09144,Female,29,7,Central University,Product,Senior Product Manager,3,Mumbai,4.2,5.0,15,10.5,17.12
EMP09145,Male,34,7,State University,Sales,Senior Account Manager,2,Chennai,3.6,3.7,4,22.8,10.78
EMP09146,Female,36,9,NIT,Marketing,Marketing Executive,2,Patna,3.5,4.4,9,12.1,8.07
EMP09147,Male,28,4,State University,HR,HR Business Partner,2,Raipur,3.9,3.1,14,11.0,9.93
EMP09148,Male,38,14,Tier-2 Private,Product,Senior Product Manager,4,Bhopal,3.3,4.5,96,14.2,31.31
EMP09149,Male,32,8,"Top Private (ISB, XLRI, SP Jain)",Data Science,Senior Data Scientist,2,Bangalore,2.9,3.3,3,11.2,13.45
EMP09150,Male,25,2,"Top Private (ISB, XLRI, SP Jain)",Marketing,Marketing Executive,1,Nagpur,3.3,3.2,4,13.9,6.89
EMP09151,Male,27,5,IIIT,Finance,Financial Analyst,2,Hyderabad,3.2,3.7,13,16.2,9.46
EMP09152,Male,28,5,Diploma,HR,HR Executive,1,Kolkata,3.8,4.9,8,9.3,10.19
EMP09153,Male,29,5,Diploma,HR,HR Manager,2,Pune,2.8,4.4,2,8.4,9.14
EMP09154,Female,30,8,IIIT,Finance,Senior Financial Analyst,3,Chandigarh,4.4,4.3,21,17.2,11.31
EMP09155,Male,31,9,Central University,Data Science,Lead Data Scientist,4,Kolkata,3.8,2.6,17,8.4,24.34
EMP09156,Female,35,8,Central University,Product,Group Product Manager,4,Indore,4.5,2.5,24,14.2,11.72
EMP09157,Male,34,7,Distance Learning,Product,Product Manager,3,Vadodara,3.3,3.3,1,19.4,13.26
EMP09158,Male,29,6,BITS,Finance,Finance Manager,2,Pune,2.4,4.6,96,17.9,8.62
EMP09159,Male,26,1,NIT,Sales,Sales Executive,1,Mumbai,2.5,4.1,3,30.3,7.82
EMP09160,Male,32,10,Central University,Product,Group Product Manager,3,Dehradun,3.0,2.4,20,10.3,13.63
EMP09161,Male,35,8,Distance Learning,Sales,Account Manager,3,Chandigarh,2.7,3.4,18,16.0,13.98
EMP09162,Female,29,3,Central University,Engineering,Software Engineer,1,Delhi,2.2,2.8,6,12.2,4.83
EMP09163,Female,30,7,Tier-2 Private,Operations,Process Improvement Specialist,3,Lucknow,3.6,3.2,13,5.7,9.33
EMP09164,Male,32,9,Central University,Operations,Supply Chain Analyst,3,Kolkata,3.8,5.0,1,9.8,13.73
EMP09165,Male,36,13,"Top Private (ISB, XLRI, SP Jain)",Sales,Senior Account Manager,4,Bhopal,3.3,3.5,7,24.5,17.43
EMP09166,Male,30,8,NIT,Operations,Logistics Manager,4,Jaipur,4.6,3.3,76,8.4,19.4
EMP09167,Female,31,7,IIM,Finance,Senior Financial Analyst,2,Hyderabad,3.5,2.5,14,17.1,11.24
EMP09168,Male,37,11,Tier-2 Private,Finance,Senior Financial Analyst,2,Kochi,3.2,4.2,10,15.7,9.13
EMP09169,Male,30,4,State University,Legal,Legal Associate,1,Visakhapatnam,3.3,,18,12.7,8.6
EMP09170,Male,30,8,IIM,Customer Support,Support Team Lead,2,Indore,4.1,3.0,1,6.2,14.37
EMP09171,Male,27,3,Tier-2 Private,HR,HR Manager,1,Kolkata,2.4,4.1,19,6.7,9.27
EMP09172,Female,39,13,Diploma,Sales,Senior Account Manager,4,Bangalore,2.0,3.0,3,20.8,11.74
EMP09173,Male,28,1,"Top Private (ISB, XLRI, SP Jain)",Customer Support,Customer Support Executive,1,Kolkata,3.7,3.5,20,6.4,8.29
EMP09174,Male,35,10,Central University,Customer Support,Support Manager,3,Mysore,3.7,,42,5.0,12.87
EMP09175,Female,32,6,Central University,Engineering,Senior Software Engineer,2,Mumbai,4.0,2.0,2,12.7,8.52
EMP09176,Female,34,11,IIT,Marketing,Brand Manager,3,Nagpur,3.5,3.9,5,21.4,17.99
EMP09177,Male,30,3,State University,Operations,Operations Executive,1,Ranchi,4.9,3.9,10,7.3,6.7
EMP09178,Male,30,6,BITS,HR,HR Manager,3,Surat,4.2,3.8,18,6.1,12.63
EMP09179,Female,32,6,State University,HR,HR Business Partner,2,Guwahati,1.7,,1,7.8,4.9
EMP09180,Male,31,8,State University,Operations,Supply Chain Analyst,2,Surat,2.4,3.2,29,6.4,6.89
EMP09181,Male,25,2,Central University,Product,Product Manager,1,Lucknow,2.0,3.7,39,14.5,6.64
EMP09182,Male,34,9,Distance Learning,HR,Compensation Analyst,4,Delhi,3.6,4.1,16,8.8,24.13
EMP09183,Male,26,1,Other,Operations,Supply Chain Analyst,2,Mumbai,3.7,3.9,55,9.3,9.39
EMP09184,Female,28,3,Distance Learning,Operations,Operations Manager,1,Delhi,4.9,2.8,8,8.6,6.5
EMP09185,Female,28,2,IIIT,HR,HR Executive,1,Hyderabad,2.9,4.0,10,5.6,4.71
EMP09186,Female,36,10,Central University,Marketing,Brand Manager,4,Lucknow,2.8,3.3,12,15.4,14.59
EMP09187,Female,31,8,Other,Finance,Finance Manager,4,Nagpur,3.7,3.3,28,11.7,15.12
EMP09188,Female,32,8,Central University,Data Science,ML Engineer,3,Thiruvananthapuram,2.7,2.9,37,11.0,10.71
EMP09189,Female,38,16,Tier-2 Private,Sales,Sales Manager,4,Chennai,3.3,3.0,7,24.7,15.45
EMP09190,Female,30,4,Tier-2 Private,Legal,Legal Manager,2,Patna,4.2,,13,11.3,9.0
EMP09191,Male,31,9,NIT,Customer Support,Customer Success Manager,3,Guwahati,4.1,2.7,14,5.9,13.77
EMP09192,Male,28,6,Tier-2 Private,Finance,Senior Financial Analyst,2,Visakhapatnam,4.4,3.3,22,12.5,8.75
EMP09193,Male,30,5,Central University,Product,Group Product Manager,3,Chennai,2.5,3.2,9,10.7,15.98
EMP09194,Male,42,15,Central University,Operations,Logistics Manager,4,Nagpur,3.9,,1,6.2,21.82
EMP09195,Male,49,25,Diploma,Operations,Logistics Manager,6,Indore,3.5,3.8,22,9.5,50.0
EMP09196,Male,27,4,Central University,Finance,Finance Manager,3,Raipur,5.0,2.6,30,11.8,10.45
EMP09197,Male,33,10,Central University,Finance,Senior Financial Analyst,2,Chandigarh,4.1,4.8,1,14.1,11.72
EMP09198,Male,34,7,"Top Private (ISB, XLRI, SP Jain)",Marketing,Marketing Manager,2,Ranchi,3.5,3.6,2,24.1,11.52
EMP09199,Male,32,7,State University,Marketing,Marketing Executive,1,Hyderabad,4.3,4.0,73,18.3,7.97
EMP09200,Male,31,7,Central University,Operations,Operations Executive,1,Chennai,4.0,4.3,14,5.0,11.57
EMP09201,Male,31,4,IIM,Sales,Sales Executive,1,Nagpur,4.1,4.9,13,29.9,9.13
EMP09202,Female,22,0,Distance Learning,HR,HR Manager,1,Raipur,3.9,3.4,20,8.1,4.23
EMP09203,Male,42,17,NIT,Operations,Logistics Manager,6,Mumbai,3.2,3.0,1,7.8,41.48
EMP09204,Male,27,3,IIIT,Data Science,Data Scientist,1,Hyderabad,3.2,2.7,13,9.7,9.14
EMP09205,Male,28,5,Central University,Finance,Senior Financial Analyst,3,Indore,4.1,3.9,6,12.4,11.23
EMP09206,Female,32,5,State University,Product,Senior Product Manager,2,Kochi,3.0,3.1,18,10.6,7.47
EMP09207,Female,30,3,Tier-2 Private,Sales,Sales Executive,1,Ahmedabad,3.6,4.4,6,24.3,7.43
EMP09208,Male,34,7,State University,Data Science,Data Scientist,2,Mumbai,3.9,3.1,7,14.9,14.0
EMP09209,Male,27,5,Tier-2 Private,Legal,Senior Legal Counsel,2,Coimbatore,3.0,2.9,70,10.6,8.66
EMP09210,Female,29,3,Other,HR,HR Executive,1,Kolkata,3.9,2.6,27,10.5,4.79
EMP09211,Female,30,6,Tier-2 Private,Data Science,Senior Data Scientist,2,Chennai,3.5,4.9,24,13.0,7.96
EMP09212,Male,29,5,Distance Learning,Finance,Senior Financial Analyst,2,Coimbatore,3.2,4.7,2,11.1,10.64
EMP09213,Male,34,11,Tier-2 Private,Engineering,Staff Engineer,3,Hyderabad,4.1,2.9,1,13.7,16.27
EMP09214,Male,27,2,BITS,Product,Senior Product Manager,2,Visakhapatnam,2.5,3.4,2,18.9,10.05
EMP09215,Male,30,3,"Top Private (ISB, XLRI, SP Jain)",Operations,Operations Executive,1,Dehradun,2.5,3.3,13,9.8,6.22
EMP09216,Female,33,10,State University,Engineering,Lead Engineer,3,Ranchi,3.5,,4,9.6,11.35
EMP09217,Female,28,3,Tier-2 Private,HR,HR Manager,1,Surat,2.6,3.2,22,5.9,4.41
EMP09218,Female,28,3,Tier-2 Private,Sales,Account Manager,1,Pune,4.5,3.8,16,17.8,5.76
EMP09219,Female,29,4,BITS,Product,Product Manager,2,Kolkata,3.2,3.4,1,18.1,7.77
EMP09220,Male,28,5,IIM,Engineering,Staff Engineer,2,Delhi,2.4,3.4,34,11.4,12.94
EMP09221,Female,27,5,Central University,Operations,Operations Executive,1,Jaipur,3.4,3.0,7,7.8,4.82
EMP09222,Male,31,5,Central University,Finance,Senior Financial Analyst,2,Delhi,4.9,3.3,1,10.8,10.47
EMP09223,Male,27,2,IIIT,Marketing,Marketing Executive,1,Raipur,2.8,3.7,5,18.5,5.66
EMP09224,Female,36,10,Diploma,Marketing,Marketing Manager,3,Visakhapatnam,3.0,,19,14.5,13.64
EMP09225,Male,40,15,Diploma,HR,Talent Acquisition Specialist,4,Vadodara,4.0,3.3,42,8.3,15.77
EMP09226,Female,25,1,Distance Learning,Marketing,Marketing Manager,2,Jaipur,4.6,2.8,7,20.2,6.66
EMP09227,Female,25,2,Tier-2 Private,Finance,Financial Analyst,1,Surat,2.7,,44,17.5,6.03
EMP09228,Female,37,12,State University,Data Science,Lead Data Scientist,5,Vadodara,2.9,4.6,25,14.0,15.48
EMP09229,Female,44,18,Distance Learning,Customer Support,Customer Success Manager,5,Pune,2.3,4.6,6,8.1,25.85
EMP09230,Male,24,1,Central University,Sales,Sales Executive,2,Chandigarh,3.5,3.6,16,18.6,7.02
EMP09231,Male,32,10,Tier-2 Private,Operations,Process Improvement Specialist,3,Bhopal,3.7,3.7,34,5.5,14.92
EMP09232,Female,41,19,Tier-2 Private,Product,Senior Product Manager,4,Raipur,4.2,3.1,7,13.6,18.58
EMP09233,Female,28,3,Central University,Engineering,Software Engineer,1,Mysore,3.8,2.5,12,11.5,6.15
EMP09234,Female,41,18,Other,Operations,Logistics Manager,5,Thiruvananthapuram,3.6,3.3,20,7.5,20.3
EMP09235,Male,31,5,State University,Customer Support,Customer Support Executive,2,Nagpur,3.7,2.6,43,8.3,7.19
EMP09236,Male,30,7,Tier-2 Private,Finance,Senior Financial Analyst,2,Indore,4.0,3.0,8,16.2,10.54
EMP09237,Male,27,3,Tier-2 Private,Data Science,Data Analyst,1,Bangalore,2.6,3.3,6,12.6,7.12
EMP09238,Female,35,12,Central University,HR,Learning & Development Manager,5,Coimbatore,3.7,,13,11.2,14.22
EMP09239,Female,34,10,Tier-2 Private,Customer Support,Support Team Lead,2,Hyderabad,2.2,3.3,9,5.4,7.08
EMP09240,Female,46,20,Diploma,Marketing,Content Strategist,6,Bangalore,4.4,2.6,3,24.5,44.52
EMP09241,Male,42,16,Central University,Finance,Controller,5,Hyderabad,4.9,,17,12.8,36.17
EMP09242,Male,32,6,"Top Private (ISB, XLRI, SP Jain)",Customer Support,Support Team Lead,1,Visakhapatnam,3.0,3.5,13,8.2,8.29
EMP09243,Male,55,30,Diploma,Product,Director of Product,6,Kolkata,3.8,,7,13.8,50.0
EMP09244,Male,39,15,Tier-2 Private,Finance,FP&A Analyst,4,Bhopal,4.2,4.0,11,16.4,25.09
EMP09245,Male,31,8,"Top Private (ISB, XLRI, SP Jain)",Product,Group Product Manager,3,Bhopal,4.8,3.7,18,11.8,16.03
EMP09246,Female,30,3,Distance Learning,Data Science,Senior Data Scientist,2,Jaipur,3.4,1.7,18,11.5,8.07
EMP09247,Male,28,2,IIM,Legal,Legal Associate,1,Jaipur,2.9,,27,11.8,7.8
EMP09248,Male,29,2,NIT,Finance,Financial Analyst,1,Vadodara,3.9,3.1,46,11.1,6.6
EMP09249,Female,29,3,Central University,Sales,Sales Executive,1,Chennai,4.6,2.7,4,30.3,5.83
EMP09250,Female,37,15,IIM,Marketing,Digital Marketing Manager,4,Chandigarh,3.6,3.1,31,16.2,19.88
EMP09251,Male,31,8,BITS,Sales,Key Account Manager,4,Vadodara,4.6,2.3,9,34.1,18.21
EMP09252,Male,27,3,State University,Engineering,Senior Software Engineer,1,Chandigarh,4.3,3.4,10,9.0,8.43
EMP09253,Female,28,5,Other,HR,HR Executive,2,Ranchi,4.1,3.5,14,9.1,5.7
EMP09254,Female,32,5,Tier-2 Private,Customer Support,Customer Support Executive,1,Pune,3.5,2.7,31,5.0,6.91
EMP09255,Female,34,10,IIIT,Customer Support,Support Manager,3,Thiruvananthapuram,3.3,3.1,19,8.4,8.87
EMP09256,Male,26,3,Tier-2 Private,Data Science,Data Analyst,1,Pune,4.9,3.6,17,8.3,8.88
EMP09257,Male,32,7,NIT,Sales,Account Manager,2,Chandigarh,2.8,3.9,82,33.8,10.63
EMP09258,Female,31,7,State University,Customer Support,Support Manager,3,Kolkata,3.9,3.7,20,5.6,10.11
EMP09259,Male,25,3,Other,Sales,Sales Executive,1,Chennai,3.9,3.2,18,27.0,7.46
EMP09260,Male,45,18,State University,Marketing,Content Strategist,4,Jaipur,3.8,3.4,7,14.7,23.33
EMP09261,Female,31,4,Tier-2 Private,Data Science,Data Scientist,2,Coimbatore,2.6,2.2,4,11.9,7.16
EMP09262,Male,29,3,Diploma,HR,HR Manager,1,Nagpur,3.6,3.1,1,5.6,6.17
EMP09263,Female,33,10,Distance Learning,Engineering,Staff Engineer,3,Guwahati,3.1,4.2,1,13.4,13.89
EMP09264,Female,32,6,IIM,Operations,Process Improvement Specialist,3,Coimbatore,4.2,2.6,11,8.4,10.3
EMP09265,Male,31,8,Diploma,Marketing,Marketing Manager,3,Delhi,3.7,4.4,7,19.2,18.13
EMP09266,Female,29,2,State University,Engineering,Senior Software Engineer,1,Pune,4.7,2.5,16,12.6,6.59
EMP09267,Male,37,10,Tier-2 Private,Sales,Senior Account Manager,4,Vadodara,4.7,4.1,36,21.7,17.98
EMP09268,Female,50,27,Distance Learning,Marketing,Growth Manager,6,Thiruvananthapuram,3.2,3.5,8,22.9,50.0
EMP09269,Female,25,2,Other,HR,HR Manager,2,Visakhapatnam,4.7,4.5,45,8.1,8.59
EMP09270,Female,33,7,Central University,Product,Senior Product Manager,2,Nagpur,3.0,1.6,3,19.2,7.33
EMP09271,Male,26,3,IIIT,Marketing,Marketing Manager,1,Jaipur,4.6,,9,21.9,7.92
EMP09272,Female,56,30,Distance Learning,Data Science,Lead Data Scientist,6,Coimbatore,2.6,4.5,1,11.2,50.0
EMP09273,Female,40,14,NIT,Data Science,ML Engineer,4,Guwahati,4.7,3.4,17,11.9,20.81
EMP09274,Female,30,7,IIIT,Operations,Operations Manager,2,Kolkata,2.9,3.7,32,5.6,8.25
EMP09275,Female,28,2,Tier-2 Private,Legal,Legal Associate,2,Coimbatore,3.2,2.7,50,12.4,5.95
EMP09276,Male,25,3,Diploma,Data Science,Data Analyst,1,Indore,3.4,2.8,1,11.9,8.89
EMP09277,Female,34,10,Other,Data Science,ML Engineer,4,Delhi,3.0,4.1,9,12.1,20.17
EMP09278,Male,25,2,State University,HR,HR Executive,2,Bangalore,4.6,3.6,11,5.9,8.77
EMP09279,Male,24,2,Tier-2 Private,HR,HR Executive,1,Delhi,2.1,5.0,24,7.6,6.59
EMP09280,Female,32,6,Distance Learning,Finance,Finance Manager,2,Dehradun,3.9,3.4,5,12.0,6.7
EMP09281,Female,28,6,Central University,Customer Support,Customer Success Manager,2,Chennai,4.0,3.8,17,6.5,9.88
EMP09282,Female,33,7,Other,Customer Support,Support Team Lead,1,Bangalore,2.7,4.0,17,7.3,5.84
EMP09283,Male,26,4,Distance Learning,Operations,Operations Executive,2,Patna,3.1,3.9,5,5.4,8.09
EMP09284,Male,38,11,IIT,Customer Support,Support Team Lead,3,Chennai,2.7,4.2,32,6.1,20.49
EMP09285,Male,30,3,Central University,Marketing,Marketing Executive,2,Chandigarh,3.2,4.5,5,17.0,6.72
EMP09286,Male,32,9,Diploma,Engineering,Engineering Manager,4,Chandigarh,4.2,3.6,10,12.7,19.62
EMP09287,Female,31,7,State University,Data Science,Data Analyst,1,Kochi,3.2,2.9,1,11.9,5.53
EMP09288,Male,34,9,IIM,Legal,Compliance Officer,4,Mumbai,3.7,4.3,18,12.9,29.53
EMP09289,Male,38,13,IIM,Data Science,ML Engineer,5,Coimbatore,3.4,4.7,16,13.4,28.06
EMP09290,Male,26,4,State University,Data Science,Senior Data Scientist,2,Mumbai,5.0,3.1,33,13.3,8.9
EMP09291,Male,30,3,Other,Operations,Supply Chain Analyst,2,Nagpur,3.6,4.8,1,5.5,10.69
EMP09292,Female,28,1,"Top Private (ISB, XLRI, SP Jain)",Marketing,Marketing Executive,1,Nagpur,2.8,2.5,12,13.0,4.43
EMP09293,Female,25,1,Central University,Product,Product Manager,1,Ranchi,3.7,3.3,1,13.5,4.16
EMP09294,Male,30,5,Diploma,Legal,Legal Associate,1,Visakhapatnam,4.1,2.5,25,12.4,6.18
EMP09295,Male,28,5,Other,Sales,Senior Account Manager,2,Indore,3.1,2.3,6,17.4,8.98
EMP09296,Male,28,2,Other,Product,Associate Product Manager,1,Bhopal,4.5,3.4,18,11.0,7.1
EMP09297,Male,28,3,Diploma,Product,Product Manager,1,Delhi,2.2,,7,18.9,7.94
EMP09298,Female,40,17,Distance Learning,Sales,Business Development Manager,6,Bangalore,3.2,,29,33.1,30.28
EMP09299,Female,34,11,BITS,Product,Associate Product Manager,2,Ahmedabad,3.5,4.6,12,18.1,15.24
EMP09300,Male,24,2,Central University,Product,Associate Product Manager,1,Thiruvananthapuram,4.3,2.7,19,13.6,6.84
EMP09301,Female,30,4,Diploma,Legal,Senior Legal Counsel,3,Delhi,4.6,,23,11.6,9.75
EMP09302,Male,30,8,IIT,Legal,Legal Manager,2,Coimbatore,4.6,,16,10.3,11.62
EMP09303,Male,28,3,Tier-2 Private,Customer Support,Customer Support Executive,1,Hyderabad,3.6,,2,5.7,5.68
EMP09304,Male,29,3,IIT,Marketing,Marketing Executive,1,Chennai,4.4,3.1,12,18.4,11.98
EMP09305,Male,26,4,Other,Sales,Sales Executive,2,Delhi,4.0,3.3,5,31.0,7.95
EMP09306,Male,34,12,IIT,Data Science,ML Engineer,4,Kolkata,3.6,3.5,20,10.9,24.29
EMP09307,Female,39,13,Other,Customer Support,Support Manager,4,Chennai,3.1,2.4,49,7.4,14.82
EMP09308,Female,29,3,"Top Private (ISB, XLRI, SP Jain)",Engineering,Senior Software Engineer,2,Indore,3.7,,4,11.0,10.09
EMP09309,Male,30,8,Other,Legal,Legal Associate,2,Kolkata,4.5,4.5,8,11.7,11.23
EMP09310,Female,29,6,"Top Private (ISB, XLRI, SP Jain)",Operations,Operations Executive,1,Mysore,3.6,3.4,28,8.0,5.74
EMP09311,Male,27,2,Tier-2 Private,Customer Support,Support Team Lead,1,Kochi,3.2,3.5,3,6.3,6.34
EMP09312,Male,29,4,IIT,Operations,Operations Executive,2,Kolkata,4.4,3.4,11,7.9,11.73
EMP09313,Male,27,2,Tier-2 Private,Data Science,Data Scientist,1,Guwahati,3.1,4.3,4,9.2,8.32
EMP09314,Male,36,13,Other,Operations,Supply Chain Analyst,4,Bangalore,3.9,2.9,22,5.8,22.58
EMP09315,Male,42,17,Distance Learning,Sales,Key Account Manager,5,Coimbatore,3.8,4.0,12,21.4,43.67
EMP09316,Female,26,4,Distance Learning,Marketing,Brand Manager,2,Jaipur,4.2,3.0,6,22.0,7.48
EMP09317,Female,30,3,Tier-2 Private,HR,HR Executive,1,Bhopal,4.1,3.0,41,5.9,5.24
EMP09318,Male,37,12,"Top Private (ISB, XLRI, SP Jain)",Marketing,Content Strategist,4,Delhi,4.0,,25,15.0,20.07
EMP09319,Female,38,14,Tier-2 Private,Product,Product Manager,3,Mumbai,3.2,3.4,60,18.7,16.44
EMP09320,Male,26,2,Tier-2 Private,Operations,Operations Executive,1,Bangalore,3.1,2.6,96,5.7,5.73
EMP09321,Female,29,5,Other,HR,HR Executive,1,Delhi,3.8,2.6,24,11.8,5.77
EMP09322,Male,29,5,Tier-2 Private,Engineering,Staff Engineer,2,Hyderabad,3.7,3.2,12,14.6,11.69
EMP09323,Male,26,3,Tier-2 Private,Sales,Sales Executive,1,Visakhapatnam,5.0,3.8,12,35.0,8.29
EMP09324,Female,32,7,Central University,Product,Associate Product Manager,1,Lucknow,3.8,2.0,1,16.3,6.8
EMP09325,Male,26,3,Central University,Engineering,Senior Software Engineer,2,Bangalore,3.6,4.2,12,8.9,9.19
EMP09326,Male,27,4,Central University,Product,Senior Product Manager,3,Pune,3.1,4.7,10,16.7,11.6
EMP09327,Male,32,5,State University,Legal,Legal Manager,2,Bangalore,2.7,3.0,6,9.1,8.4
EMP09328,Male,27,2,Tier-2 Private,Sales,Sales Executive,1,Kolkata,2.3,3.6,5,24.5,7.23
EMP09329,Male,28,1,Central University,Marketing,Marketing Manager,1,Coimbatore,2.6,4.3,4,13.3,5.98
EMP09330,Female,36,11,State University,Marketing,Brand Manager,3,Visakhapatnam,3.3,3.2,17,15.6,12.08
EMP09331,Female,29,3,Other,Marketing,Marketing Manager,1,Guwahati,4.3,3.1,17,24.8,4.28
EMP09332,Male,48,26,Distance Learning,Engineering,Principal Engineer,5,Coimbatore,3.8,4.2,5,12.4,47.9
EMP09333,Male,49,24,Central University,Finance,Accounts Manager,6,Coimbatore,2.7,4.5,38,12.8,50.0
EMP09334,Female,28,4,"Top Private (ISB, XLRI, SP Jain)",Legal,Legal Associate,2,Surat,3.0,2.9,14,13.9,6.56
EMP09335,Female,52,30,Distance Learning,Operations,Logistics Manager,6,Nagpur,3.4,2.9,28,8.7,50.0
EMP09336,Female,33,11,State University,Finance,Senior Financial Analyst,3,Ahmedabad,3.2,3.6,1,11.2,13.2
EMP09337,Male,26,3,State University,Customer Support,Customer Support Executive,1,Patna,2.8,3.2,15,7.5,5.3
EMP09338,Male,22,0,BITS,Engineering,Software Engineer,1,Kochi,1.5,2.9,3,11.2,7.2
EMP09339,Male,33,9,Tier-2 Private,Legal,Compliance Officer,4,Dehradun,2.7,3.2,7,12.2,16.49
EMP09340,Male,28,6,Diploma,Marketing,Marketing Executive,2,Indore,2.7,2.9,5,15.2,7.61
EMP09341,Male,34,8,Central University,HR,HR Business Partner,3,Ranchi,4.4,2.7,40,7.9,12.53
EMP09342,Male,30,5,Central University,Customer Support,Customer Success Manager,2,Visakhapatnam,4.6,,9,9.5,9.86
EMP09343,Female,29,2,Central University,Customer Support,Customer Support Executive,1,Delhi,2.0,,3,7.5,4.08
EMP09344,Male,26,4,State University,Legal,Legal Manager,3,Bhopal,4.1,3.6,10,11.8,10.49
EMP09345,Female,31,9,Distance Learning,HR,HR Business Partner,2,Pune,4.5,2.0,4,6.4,6.98
EMP09346,Male,31,4,"Top Private (ISB, XLRI, SP Jain)",HR,HR Executive,2,Thiruvananthapuram,2.9,4.7,2,5.3,9.01
EMP09347,Male,28,4,IIIT,Customer Support,Support Manager,3,Guwahati,2.2,3.6,13,10.0,9.06
EMP09348,Female,28,2,IIM,Sales,Account Manager,2,Hyderabad,4.8,4.4,7,25.4,8.44
EMP09349,Female,29,6,Tier-2 Private,Finance,Finance Manager,2,Raipur,3.4,2.7,16,10.5,7.79
EMP09350,Male,24,2,Diploma,HR,HR Executive,1,Patna,4.5,5.0,1,6.9,9.72
EMP09351,Female,35,11,Central University,Legal,Senior Legal Counsel,3,Hyderabad,3.6,2.5,1,11.4,12.24
EMP09352,Male,28,3,BITS,Legal,Senior Legal Counsel,1,Raipur,4.7,4.0,19,13.0,8.23
EMP09353,Male,26,4,IIIT,Product,Associate Product Manager,2,Ahmedabad,3.9,,24,11.5,11.5
EMP09354,Female,49,27,State University,Legal,Company Secretary,5,Kolkata,3.2,3.0,4,10.1,43.56
EMP09355,Female,27,4,State University,HR,Talent Acquisition Specialist,3,Nagpur,3.1,3.3,6,11.3,8.29
EMP09356,Male,26,4,NIT,Finance,Finance Manager,2,Patna,3.0,3.6,48,13.2,9.5
EMP09357,Female,36,9,IIT,Marketing,Digital Marketing Manager,3,Indore,3.3,,9,23.1,12.76
EMP09358,Female,28,1,Central University,Marketing,Marketing Manager,2,Lucknow,3.4,3.6,30,14.7,5.65
EMP09359,Female,36,14,Tier-2 Private,Engineering,Principal Engineer,5,Jaipur,3.8,2.9,5,8.4,25.67
EMP09360,Male,36,12,State University,Product,Director of Product,4,Indore,3.2,4.6,26,17.4,22.48
EMP09361,Male,32,8,Tier-2 Private,Data Science,Data Scientist,2,Bangalore,4.9,3.9,9,11.3,14.38
EMP09362,Male,22,0,IIIT,Operations,Operations Executive,1,Ranchi,4.8,2.7,4,7.8,5.82
EMP09363,Female,30,5,Tier-2 Private,Marketing,Marketing Manager,3,Nagpur,3.7,3.6,4,16.3,10.01
EMP09364,Male,29,2,Diploma,Data Science,Data Analyst,1,Vadodara,5.0,3.6,77,14.4,7.22
EMP09365,Female,38,13,Central University,HR,Talent Acquisition Specialist,5,Lucknow,4.7,1.7,4,6.1,23.94
EMP09366,Male,39,12,State University,Marketing,Digital Marketing Manager,3,Pune,3.3,4.7,16,12.9,16.09
EMP09367,Female,32,7,Central University,Operations,Operations Executive,1,Kolkata,3.9,2.6,79,9.9,6.78
EMP09368,Female,27,2,Tier-2 Private,Customer Support,Customer Support Executive,1,Chandigarh,3.5,3.4,25,9.6,6.36
EMP09369,Female,44,17,State University,Customer Support,Support Manager,5,Indore,4.7,3.6,28,6.9,23.95
EMP09370,Female,31,5,"Top Private (ISB, XLRI, SP Jain)",Marketing,Marketing Manager,1,Raipur,2.8,3.3,1,12.5,4.68
EMP09371,Female,47,21,Other,Engineering,Engineering Manager,5,Dehradun,2.4,3.8,16,10.6,30.24
EMP09372,Male,33,7,State University,Engineering,Staff Engineer,2,Delhi,3.5,4.2,22,8.1,10.86
EMP09373,Female,30,8,Central University,Data Science,Senior Data Scientist,3,Bhopal,2.8,3.4,15,11.7,12.99
EMP09374,Female,30,4,Central University,Engineering,Staff Engineer,3,Ranchi,2.8,2.6,3,13.8,8.03
EMP09375,Male,42,16,Diploma,Operations,Process Improvement Specialist,6,Mumbai,3.4,3.7,12,6.6,36.51
EMP09376,Male,33,9,State University,Customer Support,Support Manager,3,Pune,3.2,4.4,4,8.3,13.99
EMP09377,Female,41,16,Central University,Sales,Key Account Manager,5,Visakhapatnam,3.3,3.2,10,22.4,21.49
EMP09378,Male,32,6,"Top Private (ISB, XLRI, SP Jain)",Sales,Sales Manager,3,Hyderabad,3.3,2.6,11,27.3,13.3
EMP09379,Male,27,5,Central University,Finance,Financial Analyst,1,Kolkata,3.7,4.4,1,13.7,8.44
EMP09380,Male,34,9,"Top Private (ISB, XLRI, SP Jain)",Sales,Sales Manager,3,Indore,3.0,,5,28.1,14.37
EMP09381,Male,42,16,Distance Learning,HR,Compensation Analyst,4,Raipur,3.1,4.2,76,9.3,22.42
EMP09382,Male,35,12,Distance Learning,Finance,Finance Manager,4,Thiruvananthapuram,4.2,3.2,3,10.7,18.48
EMP09383,Male,29,6,"Top Private (ISB, XLRI, SP Jain)",Engineering,Software Engineer,1,Bangalore,4.5,4.0,4,11.7,16.42
EMP09384,Female,23,1,Tier-2 Private,HR,HR Manager,1,Guwahati,4.9,3.1,10,5.1,4.88
EMP09385,Male,33,10,BITS,Marketing,Brand Manager,2,Pune,3.5,3.2,13,25.0,15.18
EMP09386,Male,26,2,IIM,HR,HR Executive,1,Dehradun,4.4,,14,7.0,6.74
EMP09387,Female,33,6,Diploma,Marketing,Brand Manager,2,Chandigarh,3.3,,1,20.2,6.93
EMP09388,Female,27,5,State University,Sales,Sales Executive,2,Mumbai,3.9,2.1,35,22.2,7.3
EMP09389,Male,27,2,State University,Customer Support,Customer Support Executive,1,Dehradun,3.6,4.1,1,8.6,7.6
EMP09390,Male,29,7,Other,HR,HR Manager,2,Chennai,4.9,3.2,18,5.1,11.94
EMP09391,Female,53,27,Central University,Finance,FP&A Analyst,6,Delhi,3.0,3.5,12,16.3,47.7
EMP09392,Female,28,4,State University,Finance,Senior Financial Analyst,2,Hyderabad,2.9,3.5,3,13.5,6.05
EMP09393,Male,34,10,Diploma,Legal,Senior Legal Counsel,3,Pune,3.5,4.1,6,14.7,17.85
EMP09394,Male,57,30,Diploma,HR,Compensation Analyst,6,Chennai,2.0,4.2,9,9.7,50.0
EMP09395,Female,37,11,Central University,Customer Support,Support Team Lead,2,Dehradun,3.6,3.6,1,6.7,9.84
EMP09396,Female,25,3,Distance Learning,Operations,Operations Manager,1,Lucknow,1.5,3.7,1,8.8,4.29
EMP09397,Male,30,7,Diploma,HR,HR Executive,2,Thiruvananthapuram,2.8,4.2,7,9.7,9.39
EMP09398,Female,31,8,State University,Engineering,Senior Software Engineer,3,Pune,3.5,2.9,96,10.7,13.51
EMP09399,Female,41,16,Tier-2 Private,Sales,Key Account Manager,5,Pune,2.2,2.9,6,26.7,20.13
EMP09400,Female,40,14,Diploma,Marketing,Marketing Manager,3,Ahmedabad,3.7,3.7,8,13.1,15.85
EMP09401,Female,25,0,Tier-2 Private,Data Science,Data Analyst,1,Dehradun,1.8,2.1,6,14.4,3.37
EMP09402,Female,27,3,State University,Finance,Financial Analyst,1,Jaipur,3.4,2.4,10,11.0,5.63
EMP09403,Male,31,5,Tier-2 Private,Marketing,Marketing Manager,2,Indore,4.1,2.4,18,21.3,8.73
EMP09404,Male,28,2,"Top Private (ISB, XLRI, SP Jain)",Legal,Legal Associate,1,Mumbai,4.4,4.4,1,14.3,8.38
EMP09405,Female,22,0,State University,Operations,Operations Manager,1,Jaipur,4.7,4.1,1,8.0,5.49
EMP09406,Female,28,3,Diploma,Finance,Financial Analyst,1,Coimbatore,2.8,3.9,21,15.0,6.24
EMP09407,Male,32,6,NIT,Customer Support,Support Team Lead,3,Pune,3.2,3.6,2,6.8,13.59
EMP09408,Male,29,4,Central University,Operations,Operations Manager,1,Coimbatore,2.9,3.3,11,8.2,6.4
EMP09409,Female,26,3,State University,Customer Support,Customer Support Executive,1,Bhopal,4.2,3.1,18,7.5,4.36
EMP09410,Female,28,6,State University,Marketing,Marketing Manager,3,Hyderabad,3.7,3.6,5,13.4,8.66
EMP09411,Male,30,7,State University,Legal,Legal Manager,2,Chennai,3.5,4.1,14,11.0,10.91
EMP09412,Male,28,4,Other,Legal,Legal Associate,1,Delhi,3.4,2.8,13,9.7,8.23
EMP09413,Male,42,15,State University,Sales,Key Account Manager,4,Coimbatore,4.0,4.1,14,15.7,25.82
EMP09414,Female,31,6,State University,Customer Support,Customer Success Manager,2,Ahmedabad,2.8,4.1,16,8.3,6.83
EMP09415,Female,30,3,Diploma,HR,HR Executive,1,Kolkata,4.1,3.9,5,6.1,5.62
EMP09416,Male,24,2,Central University,Engineering,Senior Software Engineer,1,Lucknow,3.8,2.6,1,10.8,8.3
EMP09417,Male,31,5,NIT,Finance,Financial Analyst,2,Nagpur,4.3,4.1,20,10.1,12.21
EMP09418,Female,36,13,BITS,Engineering,Staff Engineer,3,Dehradun,3.2,3.2,18,13.3,14.71
EMP09419,Male,28,3,Tier-2 Private,Product,Associate Product Manager,1,Pune,3.5,4.7,10,11.2,7.15
EMP09420,Female,33,9,IIIT,Sales,Senior Account Manager,4,Mysore,4.4,3.2,35,27.5,13.8
EMP09421,Male,33,6,Central University,Data Science,ML Engineer,3,Delhi,2.6,4.4,55,11.6,17.83
EMP09422,Male,50,24,Tier-2 Private,Operations,Process Improvement Specialist,5,Surat,4.5,4.6,1,9.9,44.89
EMP09423,Male,31,7,IIT,Operations,Operations Executive,1,Chennai,3.3,4.2,10,6.5,7.81
EMP09424,Male,28,3,State University,HR,HR Manager,2,Kolkata,4.1,3.2,37,7.6,9.48
EMP09425,Female,36,10,State University,Operations,Process Improvement Specialist,4,Bangalore,4.2,3.6,9,5.3,17.26
EMP09426,Female,36,10,State University,Marketing,Brand Manager,2,Guwahati,3.4,2.7,4,17.0,7.8
EMP09427,Male,29,4,IIT,Operations,Supply Chain Analyst,2,Chandigarh,3.5,,31,8.3,10.37
EMP09428,Male,28,2,Central University,Sales,Sales Executive,1,Chandigarh,2.4,,28,26.2,8.83
EMP09429,Female,34,8,State University,HR,HR Business Partner,4,Ranchi,2.1,3.3,25,8.0,8.79
EMP09430,Female,28,6,Central University,Sales,Senior Account Manager,2,Mumbai,3.6,3.2,13,31.0,6.98
EMP09431,Male,26,2,IIT,Sales,Account Manager,1,Hyderabad,4.4,4.8,7,15.8,8.44
EMP09432,Male,34,7,Tier-2 Private,Marketing,Marketing Manager,1,Kolkata,3.4,4.6,3,24.2,7.68
EMP09433,Female,26,3,Central University,Customer Support,Customer Support Executive,1,Chennai,1.8,2.5,54,9.9,4.96
EMP09434,Male,28,2,BITS,Finance,Finance Manager,2,Chennai,3.1,3.7,16,14.1,10.07
EMP09435,Female,29,4,Tier-2 Private,Engineering,Senior Software Engineer,2,Chennai,3.1,3.0,45,9.3,7.92
EMP09436,Male,37,14,"Top Private (ISB, XLRI, SP Jain)",Customer Support,Customer Success Manager,4,Bangalore,3.2,3.4,1,8.8,22.64
EMP09437,Male,38,14,"Top Private (ISB, XLRI, SP Jain)",Legal,Company Secretary,4,Visakhapatnam,2.7,4.3,18,10.6,24.19
EMP09438,Female,35,11,State University,Marketing,Marketing Manager,3,Kolkata,2.9,3.8,10,19.1,12.65
EMP09439,Male,29,7,Central University,Product,Associate Product Manager,2,Pune,2.3,2.5,5,17.9,9.64
EMP09440,Male,32,9,Diploma,Product,Product Manager,2,Ahmedabad,5.0,4.4,71,14.6,13.58
EMP09441,Male,32,6,IIIT,HR,Talent Acquisition Specialist,3,Mumbai,4.8,3.3,9,6.5,17.53
EMP09442,Female,29,2,Tier-2 Private,Customer Support,Customer Support Executive,1,Bangalore,2.7,3.6,1,9.6,5.25
EMP09443,Female,30,3,State University,Finance,Financial Analyst,1,Visakhapatnam,3.5,3.8,5,10.6,4.95
EMP09444,Male,27,3,Tier-2 Private,Sales,Account Manager,1,Mysore,3.0,4.1,6,23.8,6.45
EMP09445,Female,42,16,Diploma,Finance,Controller,4,Guwahati,3.4,2.9,26,13.4,12.92
EMP09446,Male,36,12,State University,HR,Talent Acquisition Specialist,3,Ranchi,3.8,3.9,16,8.5,11.15
EMP09447,Male,28,2,Diploma,Operations,Operations Executive,1,Coimbatore,3.7,4.2,62,7.3,6.22
EMP09448,Male,33,6,IIM,Sales,Sales Executive,2,Mumbai,4.3,3.5,19,18.4,14.28
EMP09449,Male,28,4,Diploma,Sales,Sales Executive,2,Chandigarh,3.1,3.3,4,19.9,9.39
EMP09450,Male,30,5,Diploma,Product,Senior Product Manager,2,Patna,3.5,2.9,2,15.4,6.0
EMP09451,Female,31,4,NIT,Data Science,Data Analyst,1,Mumbai,1.5,4.6,1,8.2,9.6
EMP09452,Male,38,16,Tier-2 Private,HR,Learning & Development Manager,5,Vadodara,3.6,2.8,28,7.1,25.45
EMP09453,Female,28,5,Distance Learning,Marketing,Brand Manager,2,Ranchi,1.8,2.7,18,12.0,5.83
EMP09454,Female,32,7,Diploma,Product,Product Manager,2,Visakhapatnam,2.5,,8,13.1,7.64
EMP09455,Male,30,7,IIM,Data Science,Data Scientist,2,Visakhapatnam,4.5,2.9,26,10.2,15.23
EMP09456,Male,28,2,State University,Legal,Legal Associate,1,Visakhapatnam,4.5,,4,11.2,6.72
EMP09457,Male,29,6,Tier-2 Private,Engineering,Software Engineer,2,Surat,2.7,2.8,27,13.0,7.56
EMP09458,Male,36,12,Other,Data Science,ML Engineer,3,Hyderabad,4.9,3.7,29,12.2,28.18
EMP09459,Female,42,16,Other,Finance,Accounts Manager,5,Delhi,4.1,3.9,78,17.2,27.07
EMP09460,Female,27,2,Diploma,Product,Product Manager,1,Coimbatore,3.9,2.5,4,10.1,4.77
EMP09461,Female,28,2,Central University,Engineering,Software Engineer,1,Chennai,2.6,2.7,5,11.4,5.72
EMP09462,Male,31,6,Distance Learning,Product,Senior Product Manager,2,Delhi,5.0,3.7,3,13.6,15.87
EMP09463,Male,38,13,NIT,Finance,Controller,5,Delhi,4.1,3.1,1,17.4,37.59
EMP09464,Male,32,7,Tier-2 Private,Marketing,Brand Manager,3,Coimbatore,2.9,3.9,6,17.0,14.18
EMP09465,Female,35,9,Central University,HR,Talent Acquisition Specialist,3,Pune,1.6,3.1,1,10.9,8.8
EMP09466,Male,29,2,Diploma,Data Science,Data Analyst,1,Kochi,2.6,3.7,11,12.6,6.22
EMP09467,Male,26,4,Tier-2 Private,Customer Support,Support Team Lead,2,Ahmedabad,3.6,4.1,5,9.3,8.84
EMP09468,Female,26,1,IIIT,HR,HR Manager,1,Chennai,3.3,2.7,4,6.7,5.76
EMP09469,Male,31,5,NIT,Marketing,Marketing Manager,2,Delhi,4.7,3.6,15,15.5,15.07
EMP09470,Male,26,1,Central University,Sales,Sales Executive,1,Mumbai,2.6,3.4,12,24.0,6.0
EMP09471,Female,39,15,State University,Customer Support,Customer Success Manager,4,Kolkata,3.7,2.7,10,7.2,18.41
EMP09472,Male,43,17,State University,Engineering,Principal Engineer,5,Pune,4.3,,21,12.0,44.59
EMP09473,Male,30,6,Other,HR,HR Manager,3,Coimbatore,2.4,2.4,4,7.2,10.67
EMP09474,Male,24,2,IIT,Legal,Legal Associate,1,Thiruvananthapuram,4.0,2.7,12,12.7,8.56
EMP09475,Male,30,7,Central University,Product,Product Manager,2,Pune,3.5,4.1,24,12.7,17.85
EMP09476,Female,44,22,Diploma,Legal,Company Secretary,6,Thiruvananthapuram,3.1,2.3,1,12.5,36.98
EMP09477,Male,34,8,IIT,HR,Talent Acquisition Specialist,3,Kolkata,1.7,4.8,2,7.3,12.08
EMP09478,Female,40,13,Central University,Engineering,Lead Engineer,3,Lucknow,3.9,2.3,3,13.0,15.73
EMP09479,Male,28,4,IIIT,Legal,Legal Manager,2,Chandigarh,3.0,4.7,62,9.9,11.76
EMP09480,Female,29,3,Central University,Engineering,Software Engineer,1,Dehradun,3.2,3.9,6,9.0,4.98
EMP09481,Female,32,5,Distance Learning,Sales,Account Manager,1,Chandigarh,4.6,,3,24.8,5.98
EMP09482,Male,25,1,Tier-2 Private,HR,HR Executive,1,Ahmedabad,3.5,,15,6.6,5.43
EMP09483,Female,56,29,Diploma,Sales,Key Account Manager,6,Kolkata,3.7,,37,23.3,50.0
EMP09484,Female,28,6,Distance Learning,Finance,Financial Analyst,2,Dehradun,5.0,2.7,10,10.5,8.93
EMP09485,Female,37,11,Central University,Data Science,Senior Data Scientist,3,Thiruvananthapuram,3.6,3.0,4,13.6,11.87
EMP09486,Male,26,4,Central University,Marketing,Marketing Executive,2,Delhi,2.9,,6,20.1,9.6
EMP09487,Female,28,2,Distance Learning,Sales,Account Manager,1,Mumbai,4.5,2.8,21,19.7,4.99
EMP09488,Male,38,16,Tier-2 Private,HR,HR Business Partner,4,Surat,3.6,3.4,6,7.9,17.31
EMP09489,Female,28,2,Distance Learning,Engineering,Staff Engineer,2,Kochi,3.1,3.1,10,14.5,7.26
EMP09490,Female,31,7,Central University,Operations,Operations Executive,2,Mumbai,2.8,2.3,7,6.5,6.32
EMP09491,Male,31,8,Central University,Marketing,Content Strategist,4,Chennai,3.3,3.3,9,15.2,15.14
EMP09492,Female,31,6,"Top Private (ISB, XLRI, SP Jain)",Sales,Account Manager,1,Patna,4.3,3.4,31,23.3,6.3
EMP09493,Female,30,3,State University,Customer Support,Customer Support Executive,1,Guwahati,3.1,3.8,8,8.8,4.3
EMP09494,Female,27,5,Distance Learning,Legal,Senior Legal Counsel,2,Pune,3.6,5.0,43,11.2,6.34
EMP09495,Male,26,3,State University,Customer Support,Customer Support Executive,1,Chennai,2.8,4.4,19,7.1,6.58
EMP09496,Male,35,10,Tier-2 Private,Operations,Operations Executive,2,Chennai,4.6,,35,7.2,11.95
EMP09497,Male,31,9,Tier-2 Private,Sales,Account Manager,2,Raipur,2.4,3.2,18,24.1,10.82
EMP09498,Male,32,5,Tier-2 Private,Data Science,Data Scientist,3,Vadodara,2.7,3.9,59,10.4,14.44
EMP09499,Female,29,4,Central University,Data Science,Data Scientist,1,Ahmedabad,3.0,4.2,6,9.1,7.02
EMP09500,Male,53,26,Distance Learning,Data Science,Data Engineer,6,Mumbai,2.4,,30,10.9,50.0
EMP09501,Female,26,2,IIT,Sales,Sales Executive,1,Coimbatore,3.9,,8,24.1,6.33
EMP09502,Female,28,2,IIIT,Operations,Operations Executive,2,Indore,4.0,4.0,8,8.3,7.65
EMP09503,Female,28,5,IIM,Customer Support,Customer Success Manager,2,Dehradun,4.0,2.4,58,9.3,7.02
EMP09504,Male,29,5,NIT,Sales,Senior Account Manager,3,Indore,4.1,3.4,9,34.3,12.01
EMP09505,Male,37,13,State University,Legal,Compliance Officer,4,Chandigarh,2.3,4.3,3,9.5,17.14
EMP09506,Female,34,9,Central University,Sales,Senior Account Manager,3,Mysore,3.7,2.7,8,34.6,8.46
EMP09507,Male,29,6,IIM,Operations,Supply Chain Analyst,2,Delhi,4.6,,1,5.7,12.68
EMP09508,Male,33,8,Central University,HR,Talent Acquisition Specialist,3,Raipur,3.2,4.9,2,11.1,13.79
EMP09509,Female,35,8,State University,Data Science,ML Engineer,3,Vadodara,4.4,4.4,12,9.7,12.31
EMP09510,Male,48,26,Central University,Operations,Process Improvement Specialist,6,Delhi,3.4,3.9,13,8.8,50.0
EMP09511,Female,33,7,Central University,HR,HR Manager,2,Chennai,3.4,,1,9.6,7.34
EMP09512,Male,30,3,State University,Customer Support,Customer Support Executive,1,Chennai,2.5,2.4,27,5.9,5.56
EMP09513,Male,28,6,Central University,Customer Support,Support Team Lead,3,Ranchi,3.1,3.7,8,5.1,10.63
EMP09514,Female,26,0,Tier-2 Private,Finance,Financial Analyst,1,Jaipur,4.5,3.6,23,15.5,5.69
EMP09515,Male,29,5,State University,Data Science,Senior Data Scientist,2,Coimbatore,3.0,3.8,50,10.8,9.71
EMP09516,Female,38,13,State University,Product,Director of Product,4,Chandigarh,5.0,2.6,7,15.2,15.51
EMP09517,Female,32,9,IIIT,Marketing,Marketing Manager,3,Delhi,3.4,,71,13.4,14.66
EMP09518,Male,30,7,Tier-2 Private,Customer Support,Support Team Lead,2,Delhi,4.6,4.3,10,8.9,10.6
EMP09519,Male,32,9,State University,Legal,Compliance Officer,4,Delhi,3.5,3.5,22,11.4,22.9
EMP09520,Male,35,13,Tier-2 Private,Customer Support,Support Manager,4,Chennai,1.6,3.0,7,8.2,20.11
EMP09521,Female,40,16,Central University,Product,Director of Product,4,Raipur,2.9,3.4,4,10.9,17.01
EMP09522,Female,35,8,NIT,Engineering,Staff Engineer,3,Surat,2.9,3.6,27,8.8,10.19
EMP09523,Male,30,4,Distance Learning,Operations,Operations Manager,2,Delhi,2.9,3.3,49,6.2,8.64
EMP09524,Male,24,1,Distance Learning,Marketing,Marketing Executive,1,Kolkata,2.5,3.8,92,13.9,4.51
EMP09525,Male,36,11,Central University,Marketing,Brand Manager,3,Kochi,2.7,3.5,2,15.5,18.36
EMP09526,Male,30,8,Central University,Sales,Sales Manager,3,Lucknow,4.0,2.6,6,23.4,13.71
EMP09527,Male,28,6,State University,Customer Support,Customer Support Executive,2,Hyderabad,5.0,3.4,7,5.9,11.95
EMP09528,Male,28,3,IIM,Data Science,Data Analyst,1,Chennai,3.7,4.3,20,13.2,8.44
EMP09529,Female,34,11,State University,Operations,Supply Chain Analyst,3,Indore,3.2,3.0,22,8.3,13.74
EMP09530,Male,31,5,Other,Engineering,Senior Software Engineer,2,Kochi,1.5,5.0,42,11.5,8.78
EMP09531,Male,27,5,Other,HR,HR Business Partner,3,Kochi,5.0,2.3,22,10.5,11.22
EMP09532,Female,27,5,Central University,Engineering,Staff Engineer,2,Hyderabad,4.4,3.6,3,11.1,9.21
EMP09533,Female,34,8,Diploma,Legal,Senior Legal Counsel,2,Coimbatore,3.1,3.7,22,11.2,7.31
EMP09534,Male,25,2,Tier-2 Private,HR,HR Executive,1,Lucknow,3.7,2.8,25,6.1,5.8
EMP09535,Female,30,8,Distance Learning,Product,Product Manager,3,Delhi,3.1,3.3,1,15.0,13.32
EMP09536,Male,29,3,State University,Product,Associate Product Manager,1,Chennai,2.6,2.0,20,10.9,8.09
EMP09537,Female,29,3,State University,Operations,Operations Executive,1,Coimbatore,3.2,3.3,9,8.4,5.18
EMP09538,Male,38,11,Central University,Product,Product Manager,3,Indore,4.2,3.3,28,19.9,14.83
EMP09539,Female,28,3,IIIT,Finance,Senior Financial Analyst,1,Pune,3.8,3.5,1,16.6,6.1
EMP09540,Male,35,11,Central University,Engineering,Lead Engineer,3,Kolkata,3.3,,17,12.8,19.01
EMP09541,Female,32,6,Diploma,Finance,Controller,3,Bangalore,4.0,3.2,13,16.3,10.9
EMP09542,Female,27,1,"Top Private (ISB, XLRI, SP Jain)",Sales,Senior Account Manager,2,Vadodara,3.2,2.5,2,30.8,6.46
EMP09543,Male,40,15,BITS,Engineering,Senior Software Engineer,3,Guwahati,4.5,2.6,3,12.2,17.59
EMP09544,Male,30,7,State University,Legal,Legal Associate,1,Coimbatore,2.7,2.8,5,14.6,8.09
EMP09545,Female,34,7,Tier-2 Private,Product,Group Product Manager,3,Delhi,3.2,3.5,5,19.3,14.01
EMP09546,Male,38,12,Tier-2 Private,Sales,Key Account Manager,4,Chandigarh,4.1,,10,24.6,21.59
EMP09547,Female,44,17,Tier-2 Private,Data Science,ML Engineer,5,Vadodara,4.1,,4,12.9,27.71
EMP09548,Female,31,6,Diploma,Data Science,Data Analyst,1,Jaipur,3.0,4.6,15,13.2,5.95
EMP09549,Male,33,9,Distance Learning,Legal,Legal Manager,2,Pune,2.8,3.8,9,8.9,13.12
EMP09550,Male,34,7,IIT,Customer Support,Support Team Lead,2,Kolkata,3.9,3.3,3,9.1,11.97
EMP09551,Female,29,4,Central University,Product,Senior Product Manager,2,Chennai,4.6,,23,15.3,6.53
EMP09552,Male,27,1,Other,Customer Support,Customer Support Executive,1,Chennai,4.2,3.3,23,6.6,9.02
EMP09553,Female,34,7,Diploma,Legal,Senior Legal Counsel,3,Coimbatore,2.6,4.1,1,11.4,10.27
EMP09554,Male,38,15,Distance Learning,Product,Senior Product Manager,4,Kochi,3.0,,27,19.0,29.06
EMP09555,Male,32,9,Distance Learning,Legal,Senior Legal Counsel,3,Coimbatore,2.6,3.5,16,11.0,14.97
EMP09556,Male,24,2,Central University,Customer Support,Customer Support Executive,1,Visakhapatnam,4.6,,2,9.1,5.74
EMP09557,Male,38,13,Tier-2 Private,Finance,Controller,3,Bangalore,3.5,4.1,28,13.2,17.92
EMP09558,Female,30,4,Tier-2 Private,Marketing,Marketing Manager,2,Ranchi,3.3,3.2,41,15.7,6.37
EMP09559,Male,28,1,IIT,Product,Associate Product Manager,1,Hyderabad,3.7,4.4,4,10.1,13.49
EMP09560,Female,34,12,Distance Learning,Engineering,Engineering Manager,4,Chennai,3.9,4.2,3,8.4,19.84
EMP09561,Female,25,3,Tier-2 Private,Customer Support,Customer Success Manager,2,Surat,3.2,4.1,1,6.3,4.94
EMP09562,Male,47,21,State University,HR,Learning & Development Manager,6,Lucknow,3.7,4.0,23,7.0,41.15
EMP09563,Male,36,13,Distance Learning,Data Science,ML Engineer,5,Kolkata,3.6,4.0,61,9.8,38.29
EMP09564,Female,29,5,Distance Learning,HR,HR Manager,3,Mysore,4.8,2.7,17,6.8,8.0
EMP09565,Female,30,8,State University,Sales,Sales Manager,3,Kochi,3.5,1.9,4,23.5,8.97
EMP09566,Male,52,30,Tier-2 Private,Legal,Compliance Officer,6,Dehradun,3.8,,1,12.0,50.0
EMP09567,Male,37,12,IIT,Sales,Business Development Manager,5,Ahmedabad,3.0,3.4,5,28.3,39.31
EMP09568,Female,33,7,Diploma,Finance,Finance Manager,2,Surat,3.0,3.0,20,10.7,7.24
EMP09569,Male,57,30,NIT,Customer Support,Support Manager,6,Kochi,3.9,,5,8.7,50.0
EMP09570,Female,30,6,State University,Sales,Senior Account Manager,2,Kochi,2.8,3.8,5,16.5,8.02
EMP09571,Male,34,9,State University,Marketing,Digital Marketing Manager,4,Thiruvananthapuram,3.8,3.5,30,16.6,15.26
EMP09572,Female,30,3,IIIT,Sales,Sales Executive,1,Bangalore,3.3,2.6,23,23.7,5.77
EMP09573,Male,25,1,BITS,Customer Support,Customer Support Executive,1,Mumbai,4.0,3.1,13,5.5,7.6
EMP09574,Female,27,4,Central University,Engineering,Senior Software Engineer,2,Bangalore,1.9,2.5,7,8.5,4.99
EMP09575,Male,32,6,Central University,Operations,Supply Chain Analyst,2,Hyderabad,4.7,3.4,35,6.9,9.62
EMP09576,Male,29,7,Central University,Operations,Operations Manager,1,Nagpur,2.2,3.6,6,6.8,6.39
EMP09577,Male,25,2,BITS,Legal,Legal Associate,1,Hyderabad,4.9,3.9,57,13.5,9.44
EMP09578,Female,31,9,Central University,Marketing,Marketing Manager,3,Jaipur,3.6,2.0,13,21.2,9.41
EMP09579,Male,28,3,"Top Private (ISB, XLRI, SP Jain)",Finance,Senior Financial Analyst,1,Ranchi,3.9,3.7,43,12.0,6.79
EMP09580,Male,32,9,"Top Private (ISB, XLRI, SP Jain)",Product,Product Manager,3,Hyderabad,3.5,2.5,17,14.6,17.34
EMP09581,Female,35,11,State University,Marketing,Brand Manager,4,Visakhapatnam,3.6,3.0,4,23.1,11.25
EMP09582,Male,29,4,BITS,Marketing,Marketing Manager,2,Mysore,2.7,3.9,18,19.0,6.81
EMP09583,Male,26,3,Distance Learning,Legal,Senior Legal Counsel,1,Delhi,4.0,3.4,1,12.8,8.6
EMP09584,Female,41,17,State University,Legal,Compliance Officer,5,Hyderabad,3.9,1.9,11,9.8,24.22
EMP09585,Female,35,11,IIM,HR,HR Manager,3,Raipur,3.8,3.0,72,8.2,10.0
EMP09586,Female,28,6,Distance Learning,Operations,Operations Manager,1,Chennai,4.7,4.4,36,5.1,7.23
EMP09587,Male,43,16,IIT,Sales,Sales Manager,5,Surat,2.4,4.3,2,25.7,30.21
EMP09588,Male,33,6,Distance Learning,Operations,Operations Executive,2,Kolkata,3.6,5.0,57,7.8,12.53
EMP09589,Female,29,3,Tier-2 Private,Sales,Sales Executive,2,Ahmedabad,2.3,3.3,6,27.9,6.5
EMP09590,Male,25,3,Diploma,Engineering,Senior Software Engineer,1,Patna,4.4,3.1,87,11.9,6.02
EMP09591,Female,29,5,Tier-2 Private,Marketing,Marketing Executive,2,Ranchi,4.1,,26,21.2,6.39
EMP09592,Male,34,10,Central University,Operations,Process Improvement Specialist,3,Pune,3.3,3.7,3,7.1,16.2
EMP09593,Female,38,16,Tier-2 Private,HR,Compensation Analyst,6,Delhi,4.2,3.1,11,11.1,34.26
EMP09594,Female,33,6,Distance Learning,Sales,Account Manager,3,Delhi,3.9,,17,34.0,11.88
EMP09595,Male,38,14,Other,Finance,Controller,5,Chandigarh,2.3,4.0,31,13.5,23.4
EMP09596,Male,30,5,Central University,Customer Support,Support Team Lead,3,Mumbai,4.0,2.6,7,7.8,12.96
EMP09597,Male,29,3,IIIT,Data Science,Data Analyst,1,Kolkata,2.8,4.2,2,13.8,12.02
EMP09598,Male,25,2,Central University,Sales,Sales Executive,1,Ahmedabad,3.6,3.7,9,27.3,7.7
EMP09599,Female,28,4,Other,Sales,Senior Account Manager,2,Patna,4.3,4.4,2,17.4,7.55
EMP09600,Male,29,2,State University,Engineering,Senior Software Engineer,2,Guwahati,3.5,4.3,13,11.4,8.26
EMP09601,Male,50,24,Tier-2 Private,Product,Product Analyst,6,Kolkata,3.4,4.4,11,11.5,50.0
EMP09602,Male,33,8,BITS,Customer Support,Support Team Lead,3,Guwahati,4.6,3.5,4,7.1,10.86
EMP09603,Female,30,5,Tier-2 Private,Operations,Supply Chain Analyst,2,Hyderabad,3.6,2.4,32,9.6,7.46
EMP09604,Male,42,20,Other,Sales,Business Development Manager,6,Dehradun,3.3,4.5,1,19.6,36.54
EMP09605,Male,25,2,IIT,Legal,Legal Associate,1,Visakhapatnam,2.2,4.1,15,9.6,6.95
EMP09606,Female,27,5,Central University,Engineering,Lead Engineer,3,Chennai,3.5,4.5,13,8.9,12.52
EMP09607,Male,50,24,Central University,Legal,Company Secretary,6,Bhopal,4.1,3.3,12,9.0,38.36
EMP09608,Male,32,5,IIT,Sales,Sales Executive,1,Delhi,4.7,,3,16.5,8.62
EMP09609,Female,52,30,Diploma,Product,Product Analyst,6,Guwahati,2.2,3.3,1,19.4,44.5
EMP09610,Male,33,10,Distance Learning,Finance,Finance Manager,4,Coimbatore,3.9,3.2,8,11.7,12.91
EMP09611,Female,39,15,Tier-2 Private,Finance,FP&A Analyst,5,Mumbai,4.1,2.2,6,17.1,24.72
EMP09612,Female,41,15,Central University,Operations,Operations Manager,3,Kolkata,3.2,3.1,22,7.1,13.22
EMP09613,Female,30,6,Central University,Product,Associate Product Manager,2,Hyderabad,4.8,2.8,34,10.5,10.3
EMP09614,Male,26,4,IIM,Product,Senior Product Manager,2,Kolkata,2.8,,1,11.4,12.57
EMP09615,Male,30,5,Other,HR,HR Business Partner,2,Raipur,5.0,3.9,8,8.9,8.88
EMP09616,Male,25,3,Other,Sales,Account Manager,1,Chennai,3.6,3.3,1,28.8,6.49
EMP09617,Male,30,5,Central University,Marketing,Marketing Manager,1,Ahmedabad,4.1,4.4,13,17.4,9.46
EMP09618,Male,33,6,NIT,Data Science,Data Scientist,2,Kochi,3.2,4.2,1,15.0,12.91
EMP09619,Female,41,19,Diploma,Data Science,Lead Data Scientist,4,Visakhapatnam,2.3,3.4,8,8.5,25.16
EMP09620,Female,36,9,Diploma,Legal,Legal Manager,3,Bangalore,3.4,3.3,4,13.9,11.39
EMP09621,Male,55,30,State University,Marketing,Growth Manager,6,Lucknow,4.0,2.9,56,22.7,50.0
EMP09622,Female,23,1,State University,Engineering,Software Engineer,1,Ranchi,3.1,,14,8.4,4.57
EMP09623,Female,25,2,Central University,Finance,Financial Analyst,1,Chennai,3.3,3.2,28,13.0,7.11
EMP09624,Female,27,4,State University,Engineering,Lead Engineer,3,Mumbai,3.6,4.1,89,9.6,13.79
EMP09625,Female,44,17,Tier-2 Private,Product,Product Analyst,6,Mysore,2.3,3.6,1,15.6,29.49
EMP09626,Female,31,5,IIT,Data Science,Senior Data Scientist,2,Ranchi,3.3,3.1,4,11.6,7.09
EMP09627,Male,26,2,State University,Customer Support,Customer Success Manager,2,Nagpur,3.7,4.5,10,9.3,8.25
EMP09628,Male,30,5,State University,Finance,Financial Analyst,2,Thiruvananthapuram,3.1,3.2,16,17.4,9.07
EMP09629,Female,26,2,Diploma,Data Science,Senior Data Scientist,2,Ranchi,4.5,3.0,11,11.5,7.71
EMP09630,Female,26,2,Tier-2 Private,Operations,Operations Manager,1,Delhi,3.7,3.4,12,8.5,4.59
EMP09631,Female,49,24,Other,Customer Support,Support Manager,6,Pune,1.8,,2,8.5,39.16
EMP09632,Female,27,4,Central University,Marketing,Marketing Manager,3,Coimbatore,3.1,3.6,5,24.5,13.45
EMP09633,Male,32,6,Tier-2 Private,Data Science,Data Scientist,2,Nagpur,2.9,4.9,3,8.1,9.51
EMP09634,Male,32,5,Diploma,Marketing,Marketing Executive,2,Surat,2.8,4.0,46,13.9,9.11
EMP09635,Female,32,5,BITS,Operations,Operations Manager,1,Jaipur,4.7,2.1,17,7.2,6.76
EMP09636,Male,26,3,Diploma,Legal,Senior Legal Counsel,1,Hyderabad,4.0,3.8,11,15.0,6.72
EMP09637,Male,28,4,Distance Learning,Data Science,Data Scientist,2,Mumbai,3.2,3.7,1,8.1,11.57
EMP09638,Female,30,7,NIT,HR,HR Business Partner,3,Raipur,3.1,,33,9.3,9.18
EMP09639,Female,41,16,Tier-2 Private,Engineering,Staff Engineer,4,Coimbatore,3.2,3.2,11,11.2,21.73
EMP09640,Male,34,11,Central University,HR,HR Manager,3,Pune,3.0,2.7,7,5.0,14.86
EMP09641,Female,26,2,Other,Engineering,Software Engineer,2,Coimbatore,2.9,3.5,1,10.6,6.88
EMP09642,Male,34,12,Central University,Marketing,Brand Manager,4,Ahmedabad,3.9,,10,24.4,21.33
EMP09643,Female,33,8,NIT,Marketing,Brand Manager,3,Chennai,1.8,2.6,20,12.9,10.16
EMP09644,Male,28,3,Central University,Customer Support,Customer Support Executive,1,Guwahati,3.9,3.3,4,7.7,5.87
EMP09645,Female,31,6,Diploma,Data Science,Data Scientist,2,Chennai,2.3,4.2,7,12.5,8.54
EMP09646,Male,33,9,State University,Product,Senior Product Manager,4,Guwahati,3.9,3.7,38,19.0,17.24
EMP09647,Male,32,6,Tier-2 Private,HR,HR Business Partner,2,Chennai,4.4,,47,6.8,10.43
EMP09648,Male,33,8,Tier-2 Private,Data Science,ML Engineer,3,Chandigarh,2.7,3.1,13,12.3,11.67
EMP09649,Male,26,3,State University,Engineering,Software Engineer,2,Mysore,2.9,4.0,27,12.1,7.85
EMP09650,Male,48,24,Central University,Marketing,Growth Manager,6,Kochi,4.3,,12,22.9,46.09
EMP09651,Female,26,1,Diploma,Product,Product Manager,1,Lucknow,3.2,3.8,14,17.6,5.87
EMP09652,Female,31,9,Distance Learning,Operations,Supply Chain Analyst,3,Ahmedabad,2.9,3.8,88,7.9,10.53
EMP09653,Male,31,7,IIM,Engineering,Senior Software Engineer,2,Kochi,2.9,4.4,44,13.0,14.04
EMP09654,Female,36,9,Distance Learning,Engineering,Lead Engineer,3,Ranchi,5.0,3.1,12,14.2,10.93
EMP09655,Female,27,3,Other,Product,Associate Product Manager,1,Thiruvananthapuram,3.1,2.8,61,10.3,4.4
EMP09656,Female,38,13,NIT,Legal,Compliance Officer,5,Raipur,3.9,3.6,1,9.8,20.29
EMP09657,Male,31,5,Central University,HR,HR Executive,1,Chennai,4.0,3.7,20,6.6,7.46
EMP09658,Male,25,2,IIIT,Product,Associate Product Manager,1,Kolkata,4.8,3.4,8,16.5,7.04
EMP09659,Female,28,2,IIIT,HR,HR Manager,1,Pune,5.0,3.4,12,7.9,6.3
EMP09660,Male,28,6,IIIT,Operations,Operations Manager,2,Coimbatore,2.0,5.0,1,6.8,8.95
EMP09661,Male,25,1,Central University,Marketing,Marketing Manager,1,Patna,4.7,3.9,14,20.8,6.41
EMP09662,Female,46,21,Diploma,Data Science,Analytics Manager,6,Ahmedabad,3.6,,28,13.0,35.14
EMP09663,Male,35,12,"Top Private (ISB, XLRI, SP Jain)",Finance,FP&A Analyst,5,Delhi,2.7,2.6,9,15.2,22.61
EMP09664,Female,47,21,BITS,Legal,Compliance Officer,6,Ahmedabad,4.3,4.1,16,14.7,43.13
EMP09665,Male,42,20,NIT,Sales,Key Account Manager,6,Hyderabad,2.8,3.7,1,29.9,37.84
EMP09666,Female,29,4,IIIT,Finance,Senior Financial Analyst,2,Indore,4.5,3.4,58,16.2,9.42
EMP09667,Female,28,3,IIIT,Legal,Senior Legal Counsel,1,Kochi,3.2,3.2,11,10.2,5.87
EMP09668,Female,26,0,Distance Learning,Data Science,Data Analyst,1,Lucknow,4.4,,13,14.7,4.87
EMP09669,Female,27,4,Diploma,Data Science,Senior Data Scientist,3,Mysore,4.1,2.2,5,10.0,8.51
EMP09670,Female,42,20,Tier-2 Private,Engineering,Engineering Manager,6,Indore,2.5,2.8,6,13.8,41.82
EMP09671,Male,28,3,Tier-2 Private,Engineering,Senior Software Engineer,1,Lucknow,2.4,5.0,35,11.9,7.37
EMP09672,Female,32,5,Central University,Finance,Finance Manager,3,Ahmedabad,3.6,4.4,31,13.3,9.8
EMP09673,Female,30,4,Central University,Engineering,Staff Engineer,2,Patna,3.1,3.4,23,9.4,6.31
EMP09674,Male,30,7,"Top Private (ISB, XLRI, SP Jain)",Finance,Controller,3,Visakhapatnam,4.0,3.9,4,13.0,17.8
EMP09675,Male,38,14,Distance Learning,Engineering,Engineering Manager,4,Delhi,3.3,4.7,17,10.5,27.57
EMP09676,Male,25,2,State University,Engineering,Senior Software Engineer,1,Mumbai,2.8,3.8,24,13.6,9.07
EMP09677,Female,28,2,State University,HR,HR Executive,1,Pune,3.8,2.0,12,10.2,3.95
EMP09678,Female,42,17,Central University,HR,Learning & Development Manager,5,Bangalore,1.8,4.2,3,6.0,20.47
EMP09679,Male,34,10,Tier-2 Private,Sales,Senior Account Manager,3,Raipur,2.4,,21,32.6,12.95
EMP09680,Male,27,5,Diploma,Marketing,Marketing Executive,1,Mumbai,2.7,3.8,9,23.5,8.44
EMP09681,Male,44,19,IIT,Legal,Company Secretary,5,Mumbai,1.6,3.6,9,9.2,45.81
EMP09682,Male,26,2,Tier-2 Private,Marketing,Marketing Executive,1,Chandigarh,3.8,,14,23.0,6.66
EMP09683,Female,33,11,Diploma,Product,Product Manager,3,Kolkata,2.8,3.9,1,13.5,11.72
EMP09684,Male,28,5,Central University,Data Science,Senior Data Scientist,3,Bangalore,3.7,3.7,44,11.3,12.93
EMP09685,Male,35,9,Diploma,Marketing,Digital Marketing Manager,3,Coimbatore,4.1,3.8,19,22.0,17.06
EMP09686,Male,27,1,IIIT,Finance,Financial Analyst,1,Chennai,4.5,3.0,47,17.0,8.41
EMP09687,Female,29,5,Central University,HR,HR Business Partner,3,Mumbai,4.1,4.9,9,7.8,12.1
EMP09688,Female,36,10,Diploma,Customer Support,Support Manager,3,Nagpur,2.2,4.2,75,6.6,12.64
EMP09689,Male,31,5,State University,Engineering,Senior Software Engineer,2,Patna,2.8,4.3,6,11.5,6.29
EMP09690,Male,39,14,BITS,Finance,FP&A Analyst,4,Pune,2.1,,12,11.5,21.86
EMP09691,Male,37,14,State University,Data Science,ML Engineer,4,Jaipur,2.8,3.7,2,13.0,20.02
EMP09692,Male,27,3,Central University,Sales,Sales Executive,1,Pune,4.7,4.3,8,34.4,6.24
EMP09693,Female,36,10,"Top Private (ISB, XLRI, SP Jain)",HR,HR Manager,2,Kolkata,3.7,3.9,3,5.0,11.37
EMP09694,Male,26,3,State University,Data Science,Data Scientist,1,Kolkata,4.3,3.7,20,10.9,7.56
EMP09695,Male,31,6,Tier-2 Private,Sales,Account Manager,2,Vadodara,2.4,3.6,11,21.3,7.88
EMP09696,Male,35,9,IIIT,Data Science,ML Engineer,4,Mumbai,3.3,3.6,29,14.1,22.48
EMP09697,Male,28,3,NIT,Sales,Senior Account Manager,2,Mumbai,4.0,3.8,4,28.8,10.44
EMP09698,Male,35,10,Central University,Customer Support,Customer Success Manager,3,Nagpur,2.7,2.7,27,7.8,15.4
EMP09699,Male,27,4,Central University,HR,HR Executive,2,Mysore,3.3,4.1,53,10.7,8.74
EMP09700,Male,28,4,Distance Learning,Operations,Supply Chain Analyst,2,Mumbai,4.3,,82,6.1,7.33
EMP09701,Male,31,9,Central University,Engineering,Senior Software Engineer,3,Delhi,4.3,3.2,19,8.7,15.73
EMP09702,Male,25,3,BITS,Operations,Operations Executive,1,Chennai,3.9,,4,6.5,6.93
EMP09703,Female,28,3,Central University,Data Science,Data Analyst,1,Bhopal,3.5,2.8,7,12.9,7.07
EMP09704,Male,35,12,Tier-2 Private,Marketing,Marketing Manager,3,Guwahati,3.6,3.4,71,17.7,18.11
EMP09705,Male,30,6,Tier-2 Private,HR,HR Executive,1,Surat,2.6,2.8,24,9.4,6.52
EMP09706,Male,26,2,NIT,Sales,Sales Executive,1,Chennai,5.0,3.3,6,20.0,7.53
EMP09707,Female,35,11,State University,Sales,Sales Manager,4,Hyderabad,2.5,4.0,1,16.2,16.48
EMP09708,Female,30,4,Distance Learning,Customer Support,Customer Support Executive,1,Mumbai,4.5,2.6,5,6.0,5.98
EMP09709,Female,26,2,Central University,Sales,Sales Executive,1,Bangalore,2.0,,2,34.8,4.96
EMP09710,Female,28,1,Other,Engineering,Software Engineer,1,Delhi,3.3,3.8,5,12.0,4.03
EMP09711,Female,35,11,IIIT,Operations,Supply Chain Analyst,3,Hyderabad,3.8,3.6,77,8.3,12.68
EMP09712,Male,30,3,NIT,Data Science,Senior Data Scientist,2,Guwahati,2.9,4.0,14,12.5,8.76
EMP09713,Female,29,2,"Top Private (ISB, XLRI, SP Jain)",Customer Support,Support Team Lead,1,Nagpur,2.3,3.7,3,5.4,4.35
EMP09714,Female,33,9,Other,Legal,Senior Legal Counsel,3,Kolkata,2.8,3.5,35,8.8,9.01
EMP09715,Male,36,10,Diploma,Finance,Finance Manager,3,Bangalore,3.3,2.8,4,17.4,16.99
EMP09716,Male,27,3,Tier-2 Private,Engineering,Staff Engineer,2,Surat,3.6,3.7,32,12.4,8.89
EMP09717,Male,38,11,BITS,Customer Support,Support Team Lead,3,Mysore,3.4,,59,9.5,12.64
EMP09718,Male,51,25,NIT,Finance,FP&A Analyst,5,Bangalore,3.6,4.2,10,16.1,45.68
EMP09719,Female,39,15,IIT,Legal,Company Secretary,4,Surat,3.8,2.9,1,15.0,17.97
EMP09720,Male,36,13,Diploma,Engineering,Lead Engineer,4,Lucknow,4.0,4.3,3,10.4,24.6
EMP09721,Female,34,7,State University,Product,Group Product Manager,3,Indore,3.1,3.4,7,12.8,12.18
EMP09722,Female,29,4,Tier-2 Private,Marketing,Marketing Executive,2,Ahmedabad,3.8,3.7,96,17.3,8.36
EMP09723,Male,31,5,Tier-2 Private,Data Science,Data Analyst,2,Indore,2.6,4.1,1,11.5,9.0
EMP09724,Male,34,8,Tier-2 Private,Marketing,Marketing Manager,3,Hyderabad,2.2,4.6,5,17.2,19.58
EMP09725,Female,24,2,IIIT,Customer Support,Customer Support Executive,1,Ahmedabad,3.1,3.9,1,7.0,6.92
EMP09726,Female,26,3,State University,Data Science,Data Analyst,1,Bangalore,5.0,3.1,5,12.1,5.86
EMP09727,Male,29,2,Tier-2 Private,Marketing,Marketing Executive,1,Kolkata,3.5,4.1,1,15.2,6.25
EMP09728,Male,30,7,Tier-2 Private,Engineering,Senior Software Engineer,2,Delhi,4.2,4.0,2,12.4,12.73
EMP09729,Female,33,6,Distance Learning,Operations,Operations Manager,2,Chandigarh,4.4,,28,7.1,8.9
EMP09730,Female,27,3,State University,Marketing,Marketing Manager,1,Chennai,3.3,3.4,21,17.8,6.84
EMP09731,Male,37,10,Other,HR,HR Business Partner,3,Mumbai,4.7,4.7,10,9.9,17.99
EMP09732,Male,27,2,BITS,HR,HR Business Partner,2,Delhi,3.9,3.8,5,11.1,10.65
EMP09733,Female,25,3,Central University,Operations,Operations Manager,1,Lucknow,4.4,2.3,4,9.1,5.24
EMP09734,Male,33,10,Tier-2 Private,Sales,Sales Executive,2,Ahmedabad,3.7,3.7,9,30.9,12.71
EMP09735,Male,38,11,State University,Customer Support,Support Team Lead,3,Hyderabad,3.7,3.1,1,8.4,16.31
EMP09736,Female,26,3,State University,Sales,Sales Executive,1,Chandigarh,4.6,3.1,2,28.2,5.21
EMP09737,Male,30,7,State University,Legal,Legal Manager,2,Delhi,3.1,3.6,21,9.8,15.25
EMP09738,Male,25,3,Other,Engineering,Senior Software Engineer,1,Surat,3.8,4.0,7,13.5,8.29
EMP09739,Female,30,5,Diploma,Data Science,Senior Data Scientist,2,Hyderabad,3.6,3.1,20,9.3,9.59
EMP09740,Female,32,6,NIT,Marketing,Brand Manager,2,Jaipur,3.6,4.4,30,16.7,8.24
EMP09741,Male,35,8,IIT,Data Science,ML Engineer,3,Ranchi,4.1,3.7,5,14.4,15.68
EMP09742,Male,34,7,Central University,Legal,Legal Manager,2,Chennai,3.8,,8,8.2,9.42
EMP09743,Male,34,7,Tier-2 Private,Legal,Senior Legal Counsel,2,Lucknow,3.5,4.4,7,11.7,10.63
EMP09744,Female,29,2,"Top Private (ISB, XLRI, SP Jain)",HR,HR Manager,1,Mumbai,4.9,3.6,29,6.5,6.56
EMP09745,Female,32,7,Distance Learning,Marketing,Brand Manager,2,Surat,3.8,2.4,3,15.1,5.95
EMP09746,Female,34,8,State University,Legal,Legal Manager,4,Delhi,3.0,2.6,21,10.1,12.94
EMP09747,Female,34,9,IIIT,HR,HR Business Partner,3,Chennai,3.5,,6,10.5,12.29
EMP09748,Female,25,3,IIIT,Customer Support,Support Team Lead,2,Pune,3.5,3.4,7,5.3,7.95
EMP09749,Female,33,11,State University,Legal,Legal Manager,3,Bhopal,3.1,,12,13.3,12.26
EMP09750,Male,24,2,"Top Private (ISB, XLRI, SP Jain)",Finance,Finance Manager,2,Delhi,3.2,4.6,10,13.9,9.0
EMP09751,Female,28,4,Central University,Operations,Supply Chain Analyst,2,Ranchi,3.4,3.4,9,6.2,5.87
EMP09752,Female,28,4,"Top Private (ISB, XLRI, SP Jain)",Data Science,Senior Data Scientist,2,Vadodara,3.9,3.1,9,12.0,7.41
EMP09753,Male,27,2,State University,Engineering,Software Engineer,2,Bhopal,2.6,3.7,36,9.4,6.99
EMP09754,Male,29,4,Other,Engineering,Staff Engineer,2,Mumbai,4.0,3.4,7,14.0,9.94
EMP09755,Female,31,7,Tier-2 Private,Customer Support,Support Manager,3,Nagpur,3.3,,29,8.8,9.35
EMP09756,Male,27,1,IIM,Data Science,Data Scientist,2,Hyderabad,2.6,3.7,1,10.2,8.58
EMP09757,Female,31,4,Distance Learning,Product,Senior Product Manager,3,Jaipur,3.9,3.7,42,11.3,10.04
EMP09758,Male,24,1,NIT,Operations,Operations Executive,2,Delhi,3.8,3.5,3,9.8,7.79
EMP09759,Male,48,25,IIT,Data Science,Data Engineer,6,Thiruvananthapuram,4.0,,30,14.2,50.0
EMP09760,Male,34,7,IIIT,Data Science,Data Scientist,2,Delhi,4.4,,37,11.2,13.04
EMP09761,Female,33,6,BITS,Operations,Operations Manager,2,Patna,5.0,5.0,20,8.5,8.3
EMP09762,Male,30,7,Central University,Customer Support,Customer Success Manager,2,Hyderabad,3.6,4.0,36,8.5,11.25
EMP09763,Female,34,9,Central University,Data Science,ML Engineer,3,Bhopal,3.3,1.5,6,10.1,9.55
EMP09764,Male,36,11,Tier-2 Private,Operations,Supply Chain Analyst,3,Raipur,3.4,3.5,3,7.5,14.44
EMP09765,Male,27,2,Central University,HR,HR Executive,2,Pune,3.2,2.8,40,5.9,8.48
EMP09766,Male,42,15,Other,Customer Support,Support Team Lead,3,Lucknow,3.1,3.4,24,9.1,18.81
EMP09767,Male,36,14,State University,Customer Support,Support Manager,3,Kolkata,3.5,3.4,31,6.4,16.97
EMP09768,Female,30,5,NIT,HR,HR Manager,2,Hyderabad,2.3,2.2,24,9.9,6.78
EMP09769,Female,28,5,Other,Legal,Legal Associate,2,Lucknow,4.2,4.6,4,11.4,11.44
EMP09770,Male,26,0,Tier-2 Private,Product,Senior Product Manager,2,Chandigarh,3.8,,15,14.0,9.48
EMP09771,Male,27,2,Tier-2 Private,HR,HR Manager,1,Coimbatore,4.7,4.4,28,5.6,6.45
EMP09772,Female,34,8,Central University,Data Science,Lead Data Scientist,4,Vadodara,2.8,2.9,36,9.0,14.55
EMP09773,Female,41,14,Distance Learning,Engineering,Senior Software Engineer,3,Chandigarh,4.7,3.3,11,13.4,20.43
EMP09774,Male,36,10,Distance Learning,Sales,Account Manager,2,Kolkata,4.3,,3,33.4,13.66
EMP09775,Female,32,5,Tier-2 Private,HR,HR Manager,2,Bhopal,2.8,2.5,15,12.0,6.26
EMP09776,Male,49,23,Distance Learning,Engineering,DevOps Engineer,6,Mysore,2.6,5.0,10,10.3,46.23
EMP09777,Male,37,12,"Top Private (ISB, XLRI, SP Jain)",Legal,Compliance Officer,5,Lucknow,3.8,4.5,12,8.1,34.13
EMP09778,Female,28,4,Central University,Legal,Legal Associate,1,Raipur,4.0,3.5,20,10.2,5.95
EMP09779,Female,51,27,State University,Finance,Accounts Manager,6,Patna,4.1,2.9,11,14.2,37.13
EMP09780,Female,26,2,Tier-2 Private,Engineering,Software Engineer,1,Visakhapatnam,3.0,3.5,9,14.9,5.36
EMP09781,Male,27,2,Tier-2 Private,Product,Product Manager,1,Surat,5.0,2.1,6,12.9,6.76
EMP09782,Male,30,4,Central University,Operations,Operations Executive,2,Kolkata,2.6,3.9,1,7.7,8.62
EMP09783,Female,27,3,Other,Engineering,Software Engineer,2,Bangalore,4.5,4.4,23,14.5,8.22
EMP09784,Male,29,4,"Top Private (ISB, XLRI, SP Jain)",Finance,Senior Financial Analyst,1,Delhi,2.1,2.6,27,10.2,6.05
EMP09785,Male,34,10,State University,Product,Senior Product Manager,2,Delhi,2.9,,16,10.2,17.44
EMP09786,Female,30,5,Other,Operations,Process Improvement Specialist,3,Surat,4.2,2.7,10,6.6,7.72
EMP09787,Male,32,6,"Top Private (ISB, XLRI, SP Jain)",Product,Associate Product Manager,2,Mumbai,4.9,4.4,3,16.7,17.08
EMP09788,Male,30,6,Tier-2 Private,Sales,Sales Manager,3,Bangalore,4.4,,1,19.9,13.48
EMP09789,Male,25,1,Central University,Finance,Senior Financial Analyst,1,Hyderabad,3.4,3.2,2,15.5,5.65
EMP09790,Female,25,2,"Top Private (ISB, XLRI, SP Jain)",Data Science,Data Scientist,2,Delhi,2.6,3.3,11,13.2,7.91
EMP09791,Male,28,4,Other,Product,Associate Product Manager,2,Mysore,4.5,3.7,65,11.0,10.66
EMP09792,Male,27,3,"Top Private (ISB, XLRI, SP Jain)",Customer Support,Customer Support Executive,1,Mysore,3.4,2.8,1,8.6,5.62
EMP09793,Male,27,5,State University,Sales,Senior Account Manager,3,Delhi,4.7,2.9,10,19.2,15.63
EMP09794,Male,43,16,Diploma,HR,Learning & Development Manager,5,Kochi,4.4,3.3,21,11.7,27.61
EMP09795,Male,32,5,Tier-2 Private,Product,Product Manager,2,Indore,3.9,3.0,57,16.4,8.64
EMP09796,Female,25,2,IIIT,Finance,Senior Financial Analyst,1,Indore,2.9,,57,16.5,5.61
EMP09797,Male,30,3,Other,Marketing,Marketing Executive,1,Delhi,2.9,3.1,4,12.7,8.26
EMP09798,Male,43,20,NIT,Customer Support,Support Manager,6,Bangalore,4.0,3.7,17,5.5,50.0
EMP09799,Male,41,17,NIT,Finance,Accounts Manager,5,Kolkata,3.6,3.6,6,15.0,31.04
EMP09800,Male,31,9,IIT,Legal,Senior Legal Counsel,2,Ahmedabad,5.0,4.1,29,9.9,13.82
EMP09801,Male,27,2,IIM,Product,Associate Product Manager,1,Lucknow,4.0,3.8,21,17.9,7.96
EMP09802,Female,31,7,Other,Data Science,Data Scientist,1,Lucknow,4.0,2.0,2,8.2,6.38
EMP09803,Female,30,7,Other,Sales,Sales Executive,1,Lucknow,4.8,3.0,14,23.9,6.79
EMP09804,Female,29,6,Tier-2 Private,Engineering,Senior Software Engineer,2,Nagpur,3.0,3.7,5,13.1,11.13
EMP09805,Male,31,4,Central University,Sales,Senior Account Manager,2,Visakhapatnam,4.0,4.5,21,28.5,13.14
EMP09806,Female,30,4,Central University,Customer Support,Support Team Lead,2,Kolkata,2.9,4.1,1,8.3,9.99
EMP09807,Female,25,3,Diploma,Data Science,Data Analyst,1,Jaipur,4.3,4.2,7,12.1,7.24
EMP09808,Male,24,2,IIIT,HR,HR Manager,1,Mumbai,4.8,3.7,14,6.3,8.05
EMP09809,Male,37,15,State University,Data Science,ML Engineer,3,Kolkata,3.7,4.4,17,14.8,19.9
EMP09810,Female,34,11,State University,Marketing,Brand Manager,3,Ranchi,2.2,4.6,9,19.1,8.18
EMP09811,Male,30,4,NIT,Marketing,Marketing Manager,1,Surat,4.4,4.2,3,13.0,8.89
EMP09812,Male,29,7,Other,Engineering,Staff Engineer,3,Bhopal,4.8,3.8,4,8.9,14.13
EMP09813,Female,30,7,State University,Data Science,Senior Data Scientist,2,Chennai,2.9,3.7,4,10.4,12.18
EMP09814,Male,52,30,State University,HR,Talent Acquisition Specialist,5,Mysore,3.0,2.3,3,10.1,45.7
EMP09815,Female,36,11,IIM,Legal,Compliance Officer,4,Kolkata,4.3,3.0,41,8.1,24.15
EMP09816,Male,36,10,State University,Product,Senior Product Manager,3,Delhi,2.8,1.8,6,11.9,17.89
EMP09817,Male,31,6,Central University,Legal,Legal Manager,3,Mumbai,2.7,3.6,7,9.7,9.3
EMP09818,Male,31,4,State University,Data Science,Senior Data Scientist,3,Nagpur,2.8,3.0,8,9.6,12.27
EMP09819,Male,41,15,Distance Learning,Engineering,Staff Engineer,4,Bangalore,3.2,2.5,16,14.3,24.53
EMP09820,Female,35,9,Other,Finance,Senior Financial Analyst,3,Pune,4.1,3.6,48,17.3,10.21
EMP09821,Female,26,3,State University,Engineering,Senior Software Engineer,1,Delhi,3.7,2.8,45,10.4,8.31
EMP09822,Female,35,8,Distance Learning,Engineering,Staff Engineer,2,Kochi,4.3,3.2,3,13.5,10.0
EMP09823,Male,35,10,Tier-2 Private,Finance,Senior Financial Analyst,3,Hyderabad,4.0,3.9,15,11.9,22.43
EMP09824,Male,23,1,Central University,HR,HR Manager,1,Kochi,4.6,2.6,17,5.6,6.56
EMP09825,Male,25,3,"Top Private (ISB, XLRI, SP Jain)",Customer Support,Support Team Lead,1,Chennai,4.4,4.1,11,6.1,8.36
EMP09826,Male,34,7,Central University,Operations,Process Improvement Specialist,3,Kochi,2.7,3.6,1,6.5,12.3
EMP09827,Female,24,1,Diploma,Operations,Operations Executive,1,Bangalore,3.3,,1,6.2,5.04
EMP09828,Male,25,1,State University,Operations,Operations Executive,1,Delhi,4.6,3.1,18,5.6,7.91
EMP09829,Male,31,5,Central University,HR,HR Manager,3,Delhi,3.9,4.4,17,7.2,13.54
EMP09830,Male,34,8,State University,Engineering,Staff Engineer,3,Chennai,3.1,3.6,6,14.9,12.71
EMP09831,Female,30,8,Central University,Finance,Senior Financial Analyst,3,Raipur,3.2,3.4,59,12.2,12.69
EMP09832,Male,43,18,State University,Data Science,ML Engineer,5,Chennai,4.2,3.3,29,12.5,36.35
EMP09833,Female,33,6,Diploma,HR,HR Manager,2,Patna,3.3,2.3,9,10.6,6.08
EMP09834,Female,28,4,Central University,Sales,Account Manager,2,Delhi,4.5,,3,19.8,7.97
EMP09835,Female,27,2,Distance Learning,Marketing,Marketing Executive,1,Bangalore,3.4,3.7,10,22.8,4.29
EMP09836,Male,27,4,Diploma,HR,HR Manager,3,Bangalore,4.7,,31,10.5,11.99
EMP09837,Male,35,9,Tier-2 Private,Operations,Operations Manager,3,Delhi,4.5,2.9,5,6.7,13.84
EMP09838,Male,32,10,Distance Learning,Engineering,Lead Engineer,4,Mysore,3.1,3.3,10,14.3,18.66
EMP09839,Female,32,7,IIT,Sales,Sales Executive,2,Kochi,4.2,3.7,8,25.1,11.38
EMP09840,Female,32,8,Distance Learning,Sales,Senior Account Manager,4,Visakhapatnam,2.4,3.9,15,25.9,9.81
EMP09841,Female,39,14,Other,Customer Support,Customer Success Manager,5,Pune,3.6,4.0,10,9.7,19.47
EMP09842,Male,30,6,Central University,Marketing,Marketing Executive,2,Delhi,3.5,,15,12.4,10.49
EMP09843,Male,42,15,Tier-2 Private,Customer Support,Support Team Lead,3,Indore,2.2,2.9,5,9.2,20.35
EMP09844,Female,30,3,"Top Private (ISB, XLRI, SP Jain)",Product,Associate Product Manager,1,Ahmedabad,2.1,3.6,8,10.8,5.43
EMP09845,Male,28,5,State University,Marketing,Marketing Executive,1,Kolkata,4.5,3.7,14,12.5,6.25
EMP09846,Male,26,4,State University,Sales,Sales Executive,2,Jaipur,3.5,3.4,3,27.9,9.06
EMP09847,Female,34,10,Tier-2 Private,Marketing,Brand Manager,3,Visakhapatnam,3.6,2.0,17,13.2,12.01
EMP09848,Male,27,2,Central University,Finance,Senior Financial Analyst,1,Delhi,3.3,3.3,1,15.3,6.34
EMP09849,Male,30,4,Distance Learning,HR,HR Manager,2,Kolkata,4.5,4.8,1,6.1,8.96
EMP09850,Male,26,1,IIT,Marketing,Marketing Executive,1,Vadodara,2.3,3.8,15,13.4,6.12
EMP09851,Male,34,9,State University,Engineering,Lead Engineer,3,Hyderabad,4.2,3.5,21,11.7,18.04
EMP09852,Female,36,14,Tier-2 Private,Legal,Compliance Officer,4,Mumbai,5.0,2.7,2,14.1,18.9
EMP09853,Male,37,11,NIT,Sales,Sales Manager,3,Surat,2.9,4.1,55,17.0,17.77
EMP09854,Male,33,10,"Top Private (ISB, XLRI, SP Jain)",Data Science,Data Scientist,3,Bhopal,2.7,4.8,23,9.1,15.97
EMP09855,Male,34,10,State University,Product,Product Manager,3,Hyderabad,3.8,4.0,15,14.2,20.45
EMP09856,Male,33,9,State University,HR,HR Business Partner,3,Kolkata,4.0,2.8,33,7.2,13.36
EMP09857,Female,31,9,Central University,Marketing,Brand Manager,2,Pune,2.5,2.6,14,18.9,10.04
EMP09858,Female,33,9,State University,Data Science,Data Analyst,2,Jaipur,3.2,2.5,2,8.1,7.95
EMP09859,Male,27,3,State University,Finance,Financial Analyst,1,Delhi,4.7,,8,17.7,9.39
EMP09860,Male,28,5,State University,Customer Support,Customer Success Manager,2,Dehradun,5.0,3.8,13,5.9,8.77
EMP09861,Male,29,6,IIT,Product,Associate Product Manager,2,Surat,3.4,4.1,12,18.0,9.45
EMP09862,Male,26,4,State University,Finance,Senior Financial Analyst,1,Bangalore,3.6,3.9,6,17.6,8.82
EMP09863,Male,29,2,"Top Private (ISB, XLRI, SP Jain)",Legal,Legal Associate,1,Vadodara,3.8,3.9,5,9.6,7.7
EMP09864,Female,25,2,State University,Customer Support,Support Team Lead,1,Pune,1.3,2.8,11,8.0,4.27
EMP09865,Male,34,7,IIT,Data Science,Data Scientist,2,Chennai,2.9,2.9,24,14.2,15.32
EMP09866,Male,38,11,IIT,Finance,Senior Financial Analyst,3,Raipur,3.5,2.8,32,17.7,18.74
EMP09867,Male,30,6,Diploma,Legal,Senior Legal Counsel,2,Kolkata,5.0,3.6,21,12.2,11.33
EMP09868,Female,56,30,State University,Legal,Company Secretary,6,Pune,3.8,3.0,16,11.4,50.0
EMP09869,Male,26,3,State University,Marketing,Marketing Executive,1,Delhi,4.7,3.2,12,20.1,9.31
EMP09870,Female,31,8,Diploma,Sales,Sales Manager,3,Hyderabad,3.3,3.4,17,27.5,9.81
EMP09871,Male,41,14,Distance Learning,Finance,Controller,3,Surat,3.9,2.4,1,17.8,22.11
EMP09872,Female,37,12,Central University,Product,Director of Product,5,Hyderabad,2.7,2.4,19,12.3,19.16
EMP09873,Female,35,9,State University,Customer Support,Support Manager,3,Pune,2.3,4.1,13,10.0,13.04
EMP09874,Male,39,12,State University,Operations,Supply Chain Analyst,4,Mysore,2.6,4.5,58,7.2,16.29
EMP09875,Male,28,6,Central University,Sales,Senior Account Manager,2,Kolkata,3.1,4.7,12,23.4,9.57
EMP09876,Male,42,19,BITS,Product,Director of Product,5,Raipur,3.4,,3,18.0,40.56
EMP09877,Female,41,14,State University,Engineering,Engineering Manager,4,Bangalore,3.0,3.2,52,11.0,18.42
EMP09878,Female,25,3,Tier-2 Private,Engineering,Senior Software Engineer,1,Visakhapatnam,1.6,4.1,14,12.4,3.88
EMP09879,Male,31,7,Central University,Operations,Supply Chain Analyst,2,Mysore,4.0,2.5,12,5.1,10.36
EMP09880,Male,24,2,Distance Learning,Finance,Financial Analyst,1,Surat,2.8,3.5,12,13.9,6.34
EMP09881,Male,40,17,IIIT,HR,Talent Acquisition Specialist,4,Chennai,3.5,3.9,12,6.9,22.77
EMP09882,Male,30,7,State University,Sales,Account Manager,3,Nagpur,2.8,3.4,7,30.3,10.42
EMP09883,Female,38,15,Central University,Sales,Account Manager,3,Kolkata,4.2,4.1,7,16.3,16.36
EMP09884,Male,31,5,Tier-2 Private,Data Science,Data Scientist,2,Hyderabad,2.0,3.7,12,11.6,9.92
EMP09885,Male,24,1,Tier-2 Private,HR,HR Manager,1,Mumbai,4.1,2.7,33,9.8,7.74
EMP09886,Female,56,30,BITS,Operations,Process Improvement Specialist,6,Indore,3.0,,68,7.2,50.0
EMP09887,Female,33,6,State University,HR,HR Executive,2,Chennai,3.1,2.7,5,9.2,7.25
EMP09888,Female,28,3,State University,Sales,Sales Executive,1,Surat,3.4,4.0,27,29.1,4.4
EMP09889,Male,38,13,State University,Finance,Finance Manager,3,Chennai,3.3,,14,11.7,15.68
EMP09890,Female,49,25,Central University,Finance,Accounts Manager,6,Bangalore,4.5,3.8,58,10.7,50.0
EMP09891,Male,31,5,Distance Learning,Finance,Finance Manager,2,Nagpur,3.9,4.1,39,14.9,8.42
EMP09892,Male,31,5,State University,Data Science,Senior Data Scientist,2,Indore,4.5,,22,10.6,11.17
EMP09893,Male,34,7,State University,Engineering,Senior Software Engineer,2,Pune,3.8,,4,12.5,13.14
EMP09894,Female,25,2,Central University,HR,HR Executive,1,Chandigarh,3.3,3.1,8,11.0,4.04
EMP09895,Male,29,3,IIM,Customer Support,Customer Success Manager,2,Bangalore,3.3,3.6,14,7.9,10.34
EMP09896,Female,43,21,Other,Data Science,Analytics Manager,6,Visakhapatnam,2.1,3.3,2,13.2,40.81
EMP09897,Female,29,5,State University,Product,Senior Product Manager,2,Vadodara,4.9,3.5,6,14.3,7.95
EMP09898,Female,25,3,IIIT,Engineering,Senior Software Engineer,2,Dehradun,3.3,3.5,6,14.6,6.09
EMP09899,Female,29,4,Central University,Product,Product Manager,1,Bangalore,2.0,4.4,22,12.5,6.89
EMP09900,Female,39,12,Tier-2 Private,Data Science,ML Engineer,4,Vadodara,2.6,,26,13.9,14.59
EMP09901,Male,27,1,Distance Learning,Customer Support,Support Team Lead,1,Mysore,2.1,3.8,26,9.1,4.35
EMP09902,Male,33,7,Central University,Product,Product Manager,1,Mumbai,2.8,4.2,1,14.9,12.71
EMP09903,Female,55,30,Central University,Customer Support,Support Manager,6,Bhopal,3.8,,92,5.1,35.79
EMP09904,Male,50,25,State University,Operations,Logistics Manager,6,Indore,1.7,,28,6.3,41.5
EMP09905,Female,31,9,"Top Private (ISB, XLRI, SP Jain)",Finance,Senior Financial Analyst,3,Patna,4.4,,14,16.8,12.95
EMP09906,Female,41,15,Central University,Finance,FP&A Analyst,4,Coimbatore,2.9,1.1,20,13.9,15.68
EMP09907,Male,41,15,Tier-2 Private,Engineering,Engineering Manager,5,Bangalore,3.2,4.2,1,11.2,35.33
EMP09908,Female,27,5,BITS,Customer Support,Customer Support Executive,2,Pune,3.3,4.0,14,8.7,8.17
EMP09909,Male,36,11,IIIT,Legal,Compliance Officer,3,Nagpur,2.5,3.5,13,9.7,15.72
EMP09910,Female,45,21,Tier-2 Private,Sales,Business Development Manager,6,Kolkata,4.0,3.8,30,30.8,47.55
EMP09911,Male,27,2,Tier-2 Private,Engineering,Software Engineer,2,Vadodara,2.3,3.4,4,12.7,8.73
EMP09912,Female,35,9,Other,Customer Support,Customer Success Manager,3,Hyderabad,4.6,4.6,30,5.3,11.56
EMP09913,Female,30,7,IIIT,Product,Product Manager,3,Chennai,2.5,,15,16.1,11.63
EMP09914,Male,33,6,State University,Operations,Operations Manager,2,Indore,3.4,3.9,9,7.4,9.9
EMP09915,Male,30,6,Diploma,HR,HR Manager,1,Visakhapatnam,2.8,2.7,10,8.5,6.77
EMP09916,Male,32,7,Tier-2 Private,Engineering,Senior Software Engineer,2,Bangalore,4.3,3.2,36,9.1,15.15
EMP09917,Male,29,7,IIM,Finance,Senior Financial Analyst,3,Mumbai,2.5,2.1,23,16.5,16.77
EMP09918,Male,35,13,BITS,Data Science,Senior Data Scientist,4,Visakhapatnam,4.5,3.6,1,12.5,28.88
EMP09919,Male,31,8,State University,Data Science,Data Scientist,3,Pune,5.0,3.9,11,13.1,21.83
EMP09920,Female,32,5,Tier-2 Private,Product,Group Product Manager,3,Chennai,2.3,3.1,14,18.7,10.5
EMP09921,Male,26,3,Diploma,Engineering,Senior Software Engineer,1,Patna,1.9,3.4,27,13.8,6.33
EMP09922,Male,28,4,Diploma,Sales,Account Manager,3,Delhi,3.2,3.4,10,31.2,11.56
EMP09923,Female,34,7,"Top Private (ISB, XLRI, SP Jain)",Sales,Sales Executive,1,Dehradun,3.5,2.7,10,17.7,6.43
EMP09924,Male,26,3,Tier-2 Private,Operations,Operations Executive,1,Kolkata,3.2,,23,5.2,8.61
EMP09925,Male,37,11,IIIT,Marketing,Digital Marketing Manager,3,Dehradun,3.2,3.8,37,12.5,15.84
EMP09926,Female,30,8,Distance Learning,Product,Senior Product Manager,2,Chennai,3.9,2.1,96,12.7,7.72
EMP09927,Female,35,13,Tier-2 Private,Operations,Logistics Manager,4,Visakhapatnam,3.7,4.4,32,6.6,14.93
EMP09928,Male,25,3,IIIT,Operations,Operations Executive,1,Vadodara,2.1,3.4,96,8.7,6.89
EMP09929,Female,25,3,Tier-2 Private,Product,Associate Product Manager,1,Hyderabad,2.8,,9,12.1,5.32
EMP09930,Male,38,13,Other,Product,Senior Product Manager,4,Mumbai,4.5,4.3,39,18.8,26.82
EMP09931,Male,28,6,State University,Legal,Legal Associate,2,Delhi,3.5,4.4,13,14.5,12.41
EMP09932,Female,30,5,IIIT,Operations,Operations Manager,1,Bhopal,3.4,4.6,14,6.4,5.99
EMP09933,Male,34,9,Diploma,Marketing,Brand Manager,4,Jaipur,2.4,4.6,1,14.3,16.26
EMP09934,Male,32,9,Distance Learning,Finance,Controller,4,Thiruvananthapuram,4.0,2.7,2,13.5,14.3
EMP09935,Female,24,2,Diploma,Product,Associate Product Manager,1,Chennai,3.4,3.6,3,10.7,6.38
EMP09936,Male,37,15,"Top Private (ISB, XLRI, SP Jain)",Product,Product Manager,3,Delhi,3.4,4.3,10,19.3,20.57
EMP09937,Male,26,4,State University,Legal,Legal Manager,2,Bangalore,4.2,4.2,53,8.1,11.51
EMP09938,Male,44,19,State University,Marketing,Content Strategist,5,Chennai,2.6,2.6,4,24.7,25.63
EMP09939,Female,29,2,Diploma,HR,HR Executive,1,Mumbai,4.4,2.8,27,6.0,4.86
EMP09940,Female,31,7,IIIT,Customer Support,Customer Success Manager,3,Chennai,3.7,2.9,16,6.9,10.72
EMP09941,Female,30,5,Central University,Operations,Operations Manager,2,Hyderabad,4.3,3.9,1,5.7,7.97
EMP09942,Male,24,1,Tier-2 Private,Operations,Operations Executive,1,Bangalore,3.2,3.3,20,5.5,7.02
EMP09943,Female,31,9,IIT,Product,Group Product Manager,3,Kochi,4.4,,3,15.9,11.31
EMP09944,Male,24,1,Diploma,Finance,Senior Financial Analyst,2,Chandigarh,1.2,3.5,27,11.6,6.12
EMP09945,Male,28,4,BITS,Engineering,Staff Engineer,3,Guwahati,2.3,4.2,37,13.3,10.23
EMP09946,Male,40,13,State University,HR,Learning & Development Manager,5,Pune,2.7,3.8,54,9.6,30.6
EMP09947,Female,27,4,Tier-2 Private,Product,Group Product Manager,3,Visakhapatnam,2.8,3.6,24,15.6,8.03
EMP09948,Male,30,3,State University,Marketing,Marketing Executive,1,Coimbatore,4.3,2.4,50,22.0,6.7
EMP09949,Female,35,10,Tier-2 Private,Marketing,Marketing Manager,2,Mysore,1.9,2.7,2,14.8,7.67
EMP09950,Male,29,5,State University,Engineering,Senior Software Engineer,2,Lucknow,4.1,4.2,1,14.7,10.17
EMP09951,Male,29,4,Diploma,HR,Talent Acquisition Specialist,3,Chennai,3.4,3.5,95,10.3,12.23
EMP09952,Female,40,14,IIIT,Operations,Logistics Manager,5,Hyderabad,2.5,,18,7.2,19.72
EMP09953,Female,28,2,Tier-2 Private,Legal,Legal Associate,1,Nagpur,4.8,2.3,20,13.0,4.29
EMP09954,Male,31,4,IIIT,Product,Group Product Manager,3,Mysore,2.3,2.4,49,16.2,9.41
EMP09955,Female,36,11,Distance Learning,Finance,Controller,3,Chennai,4.1,,9,12.8,10.47
EMP09956,Male,24,2,IIT,HR,HR Executive,1,Ahmedabad,4.5,5.0,6,7.6,8.58
EMP09957,Female,44,20,Tier-2 Private,Legal,Company Secretary,6,Hyderabad,1.9,2.1,3,9.7,32.8
EMP09958,Male,32,5,BITS,Engineering,Software Engineer,1,Dehradun,2.6,,25,10.0,7.69
EMP09959,Male,34,11,Central University,Marketing,Brand Manager,3,Vadodara,4.5,3.4,1,20.2,16.13
EMP09960,Male,35,11,State University,Sales,Sales Manager,3,Patna,3.6,3.5,35,24.0,15.63
EMP09961,Male,30,5,Tier-2 Private,Engineering,Senior Software Engineer,2,Patna,4.0,3.8,25,14.5,8.77
EMP09962,Male,29,4,IIM,Engineering,Staff Engineer,2,Patna,3.5,2.6,45,8.7,10.77
EMP09963,Male,32,5,Central University,Engineering,Staff Engineer,2,Hyderabad,4.0,3.7,64,11.3,10.06
EMP09964,Female,34,9,IIIT,Finance,Controller,3,Chandigarh,2.5,,5,12.4,9.5
EMP09965,Male,25,3,Other,Data Science,Data Analyst,1,Mumbai,4.0,3.8,42,11.3,9.92
EMP09966,Male,25,2,State University,Finance,Financial Analyst,1,Visakhapatnam,3.3,3.7,10,15.2,6.6
EMP09967,Male,42,17,BITS,Product,Group Product Manager,4,Chennai,3.3,3.8,24,14.1,33.53
EMP09968,Female,29,3,BITS,Sales,Account Manager,1,Indore,2.3,,3,24.3,4.51
EMP09969,Male,32,7,Central University,Finance,Senior Financial Analyst,1,Chennai,2.2,4.2,1,15.6,9.14
EMP09970,Male,31,5,Tier-2 Private,Customer Support,Customer Success Manager,3,Dehradun,3.3,4.5,7,7.3,10.07
EMP09971,Female,28,5,Other,Data Science,Senior Data Scientist,2,Bhopal,4.4,3.2,3,9.7,7.67
EMP09972,Male,38,16,Central University,Data Science,Senior Data Scientist,4,Patna,3.6,2.6,12,15.0,30.25
EMP09973,Female,32,5,State University,Legal,Legal Associate,1,Pune,2.6,4.0,77,14.8,4.94
EMP09974,Male,29,4,Central University,Data Science,Senior Data Scientist,2,Dehradun,3.3,3.6,42,13.6,10.04
EMP09975,Female,31,5,Tier-2 Private,Finance,Controller,3,Kolkata,3.2,3.2,8,12.4,11.5
EMP09976,Male,31,4,Central University,Operations,Operations Manager,2,Delhi,2.8,4.3,11,5.6,9.85
EMP09977,Female,26,3,IIIT,Legal,Legal Associate,1,Mysore,3.8,3.2,14,13.5,6.44
EMP09978,Female,31,4,BITS,Product,Associate Product Manager,2,Kolkata,2.7,4.1,3,18.4,7.68
EMP09979,Male,43,19,Tier-2 Private,Product,Group Product Manager,5,Surat,2.9,,24,15.4,34.42
EMP09980,Male,34,9,Other,Engineering,Lead Engineer,3,Thiruvananthapuram,2.5,4.4,26,8.2,15.25
EMP09981,Male,28,4,IIIT,Marketing,Marketing Manager,2,Indore,2.8,,6,12.5,8.65
EMP09982,Male,35,12,IIM,Product,Product Analyst,5,Kolkata,4.7,3.7,37,10.6,30.02
EMP09983,Female,28,1,Diploma,Product,Associate Product Manager,1,Mysore,2.9,3.1,21,18.3,6.23
EMP09984,Female,39,15,Diploma,Product,Director of Product,4,Lucknow,3.0,2.6,56,14.9,19.08
EMP09985,Female,36,14,Tier-2 Private,Customer Support,Support Manager,4,Pune,4.1,4.3,13,9.4,20.27
EMP09986,Female,50,28,Tier-2 Private,HR,Compensation Analyst,6,Mumbai,4.3,3.4,1,10.0,50.0
EMP09987,Female,39,12,State University,HR,Compensation Analyst,4,Mumbai,3.0,3.0,14,9.4,16.96
EMP09988,Female,34,8,"Top Private (ISB, XLRI, SP Jain)",Marketing,Brand Manager,3,Guwahati,4.4,3.8,28,13.0,10.39
EMP09989,Male,39,14,Other,HR,Compensation Analyst,5,Raipur,2.6,4.7,3,10.0,24.27
EMP09990,Male,29,3,State University,Finance,Senior Financial Analyst,1,Indore,4.0,3.8,8,10.4,7.55
EMP09991,Male,29,4,Central University,Data Science,Senior Data Scientist,3,Delhi,3.4,4.4,22,9.4,14.8
EMP09992,Male,32,5,"Top Private (ISB, XLRI, SP Jain)",Product,Group Product Manager,3,Coimbatore,3.8,4.4,33,10.5,13.54
EMP09993,Male,37,15,Tier-2 Private,Finance,Controller,4,Visakhapatnam,3.9,,15,16.1,23.31
EMP09994,Male,25,3,Central University,Product,Product Manager,1,Delhi,3.4,3.5,58,16.9,8.76
EMP09995,Male,29,3,"Top Private (ISB, XLRI, SP Jain)",Data Science,Data Analyst,1,Patna,3.9,4.3,23,14.5,8.54
EMP09996,Male,34,7,Diploma,Legal,Senior Legal Counsel,2,Dehradun,4.1,3.8,5,13.9,11.38
EMP09997,Male,34,9,"Top Private (ISB, XLRI, SP Jain)",Marketing,Marketing Manager,3,Delhi,2.1,3.8,52,13.4,12.85
EMP09998,Male,30,3,Tier-2 Private,Marketing,Marketing Executive,1,Bhopal,2.7,,5,21.5,6.68
EMP09999,Male,33,9,IIT,Legal,Legal Manager,2,Mumbai,4.2,3.8,31,14.6,13.58
EMP10000,Male,41,15,Tier-2 Private,Legal,Compliance Officer,4,Delhi,1.9,3.3,16,8.0,28.07
