job_level,career_velocity,city_tier,education_tier,performance_rating,manager_rating,manager_rating_missing,months_since_promotion,variable_pay_pct,department,gender,actual_log_salary,predicted_log_salary,residual_log_salary,shap_gender_effect,shap_manager_effect
1,0.25,1,2,3.9,4.1,0,37,5.9,Operations,Male,1.9919755158985601,2.1735722881012607,-0.18159677220270054,0.10202726192746188,0.026632541356290194
1,0.3333,3,3,3.1,3.0,0,20,5.5,Customer Support,Female,1.6486586255873816,1.5768254219121054,0.07183320367527624,-0.13841839609298962,-0.00818669458307927
2,0.3333,1,3,4.0,3.4,0,8,16.7,Product,Male,2.6769034721053733,2.4929183118647744,0.18398516024059886,0.109030339656959,-0.0023997165621245852
2,0.6667,2,2,3.7,3.8,0,33,11.8,Product,Female,2.1186622548331173,2.078045006977144,0.040617247855973204,-0.14906920711085378,0.012768383856768437
3,0.4286,1,3,3.6,4.1,0,8,11.3,Engineering,Male,2.551006451492524,2.779098962443504,-0.22809251095097993,0.1003250518179232,0.0405403253192704
4,0.3077,1,3,2.3,3.3,0,1,6.1,Customer Support,Female,2.837908188360424,2.74592566394061,0.09198252441981358,-0.14595668788034938,-0.006675003240595945
1,0.3333,1,3,3.0,3.5,1,3,16.1,Finance,Female,1.8468787684491346,1.7847482934603531,0.06213047498878144,-0.1390816434506528,0.004445707853593551
2,2.0,2,4,4.7,3.0,0,9,24.4,Sales,Male,2.048982334195127,2.1118701154778576,-0.06288778128273043,0.10732535070060831,-0.016040359723887815
1,0.5,2,3,4.1,2.6,0,8,10.0,HR,Male,1.8825138324965192,1.8741719244952773,0.008341908001241904,0.10118424841958569,-0.019409508964840394
2,0.4,1,3,2.2,2.8,0,1,6.2,Operations,Female,2.1114245875328868,1.8722924125906861,0.23913217494220063,-0.1485459327896031,-0.03408510541426966
3,0.3333,3,3,3.9,3.5,1,5,22.8,Marketing,Male,2.5847519847577165,2.562769759500056,0.02198222525766047,0.10950423298984792,0.0030238801571157267
1,0.2,3,4,3.6,3.7,0,13,7.9,HR,Male,2.299580583973747,1.9576677418153754,0.3419128421583715,0.10257368789373812,0.01153807509447445
1,0.5,3,4,3.4,2.4,0,11,11.9,Data Science,Female,1.5686159179138452,1.6184188195024258,-0.049802901588580584,-0.14266213594266636,-0.03755136367477873
1,0.3333,2,1,4.3,3.7,0,2,9.0,Data Science,Male,2.224623551524334,2.2628131702939838,-0.03818961876964977,0.10198258737234778,0.01349982557651307
3,0.25,1,3,4.0,3.9,0,10,9.6,Operations,Male,2.9668182633893485,2.854283850306921,0.11253441308242751,0.10456326176857768,0.01685812376483556
2,0.2857,3,3,2.5,3.5,1,10,14.9,Data Science,Male,2.3749057545736716,2.2941073963105896,0.08079835826308202,0.10166316307872095,0.01058623409722126
1,1.0,2,3,4.7,3.0,0,17,8.6,Data Science,Male,1.8809906029559975,2.050123746339089,-0.16913314338309138,0.10939985143822244,-0.007007155149345834
2,0.3333,1,3,3.5,4.4,0,13,14.5,Legal,Male,2.5185025992165158,2.4394783284934776,0.07902427072303819,0.10906628614427165,0.03813627628806599
4,0.2857,1,4,4.2,2.2,0,4,15.8,Finance,Male,3.01651481273652,3.150289235033559,-0.1337744222970394,0.10702244981351158,-0.04220755686176249
1,0.3333,3,3,3.8,3.5,1,33,9.9,Data Science,Male,2.1004689088719113,2.0044246370269416,0.09604427184496966,0.10185107425418936,0.003222898279079153
2,0.4,3,3,4.9,3.5,0,6,14.3,Product,Female,2.0731719286662407,2.068494454930974,0.004677473735266613,-0.1454281853753801,0.007602900946410725
3,0.6,2,1,3.2,3.8,0,80,9.1,Data Science,Male,2.9575110607337933,2.726866605884078,0.23064445484971552,0.10031418752628703,0.005096731910857543
2,0.4,1,3,3.3,3.8,0,1,12.0,Finance,Male,2.349468678892896,2.364343771350668,-0.014875092457772077,0.10008816409408888,0.010608104625893778
2,0.5,1,3,2.9,3.5,1,6,20.1,Marketing,Male,2.2617630984737906,2.228268580809632,0.033494517664158785,0.10506570600021777,0.012130849681727103
1,0.5,2,3,5.0,4.0,0,47,27.9,Sales,Female,1.62924053973028,1.7047534117371517,-0.07551287200687162,-0.1378270769645296,0.016072264611377778
1,0.3333,3,4,1.9,3.4,0,27,13.8,Engineering,Male,1.8453002361560848,1.8003929637036509,0.04490727245243398,0.10149978233156422,-0.0003117769311511696
1,0.3333,1,3,4.4,4.0,0,1,9.8,Data Science,Male,2.341805806147327,2.2567295218399215,0.08507628430740555,0.10663981739204154,0.030203725173756024
6,0.3158,1,2,3.5,4.0,0,57,7.1,Customer Support,Male,3.912023005428146,3.7690013768188195,0.14302162860932643,0.09855269642814385,0.02231747213735835
2,0.2857,3,3,3.4,4.2,0,10,9.1,Legal,Male,2.2126603854660587,2.3288391720495714,-0.11617878658351266,0.1067038404031518,0.03968998179955561
4,0.2667,1,4,4.1,2.7,0,8,20.5,Sales,Female,2.9396908826703663,2.9700144412240896,-0.030323558553723373,-0.14432160626672613,-0.02593281573945245
1,0.5,1,4,4.3,3.8,0,7,15.7,Marketing,Male,1.5933085305042167,1.9873165861811943,-0.3940080556769776,0.10677320754875665,0.0034732235248418775
2,0.3333,1,4,4.2,2.8,0,2,12.9,Marketing,Female,2.1186622548331173,2.0985182725024156,0.020143982330701693,-0.15325392663855184,-0.03221373669258706
3,0.3333,2,3,4.1,2.5,0,6,12.7,Finance,Female,2.5392369943330477,2.374147060607396,0.1650899337256515,-0.1459272886959826,-0.028538620172048994
3,0.25,2,3,3.0,3.1,0,1,9.8,HR,Female,2.3105532626432224,2.4302742598822107,-0.11972099723898832,-0.14278507206936522,-0.017415915132628707
3,0.3,2,3,3.3,3.5,0,23,13.5,Finance,Female,2.649714624089247,2.42922846205863,0.22048616203061666,-0.15108577452058874,0.0032586048773637147
1,0.1667,2,4,4.1,4.3,0,45,9.9,Legal,Female,2.0001277349601105,1.8299801298146976,0.17014760514541294,-0.14858461230868686,0.030900944478692245
1,1.0,2,4,3.2,2.6,0,7,9.2,Operations,Female,1.366091653802371,1.4711567959146572,-0.10506514211228613,-0.14458349072230592,-0.02374707908242194
2,0.4,3,4,3.3,2.6,0,3,21.3,Sales,Female,2.010894999144726,1.8303796854120449,0.18051531373268115,-0.14399656688715481,-0.03855881526769204
1,0.1667,1,4,3.3,3.5,1,12,26.1,Sales,Male,2.1400661634962708,2.067060992944292,0.07300517055197897,0.10417434546741691,0.0012309595440648242
1,0.3333,1,3,2.8,3.7,0,12,10.3,HR,Female,1.7984040119467235,1.7101259225110437,0.08827808943567983,-0.14370557590518765,0.014500308969421406
1,0.1429,3,1,3.5,4.7,0,7,18.9,Marketing,Female,1.8825138324965192,1.8947737588586333,-0.012259926362114149,-0.14470134237265578,0.020536374518839634
2,0.2857,2,4,3.2,4.5,0,69,18.3,Sales,Male,2.200552367428894,2.33598504176699,-0.1354326743380958,0.10167347602265588,0.040751357418750966
1,0.3333,2,3,2.5,3.6,0,5,5.9,Customer Support,Male,2.0215475632609334,1.8218030230655287,0.19974454019540477,0.10188194270793854,0.010955668352866862
2,0.4,3,3,3.4,4.4,0,12,9.3,Data Science,Female,2.1656192379208883,2.0933646210751107,0.07225461684577761,-0.13899177067134807,0.043049571466203036
4,0.3333,1,2,4.0,3.5,1,25,15.0,Marketing,Male,2.9992261628082466,3.111914441903888,-0.11268827909564161,0.10530139186810021,0.0007771592065132649
2,0.2857,1,4,4.7,3.3,0,15,14.3,Marketing,Female,1.9459101490553132,2.187590523432929,-0.24168037437761591,-0.15149716598032814,-0.014903558472833638
2,0.4,2,1,4.2,4.1,0,21,12.7,Legal,Male,2.4087452888224363,2.4900083378724664,-0.08126304905003012,0.10242250710752775,0.02880636862165084
2,0.25,2,3,3.4,4.4,0,1,14.8,Finance,Female,2.1644717908644115,2.2487609003830813,-0.08428910951866975,-0.1320585486212661,0.04523985730663598
1,0.1667,1,3,4.3,3.3,0,3,32.4,Sales,Male,2.25758772706331,2.15927500618318,0.09831272088013021,0.10599864230820731,-0.010282678911159486
3,0.375,2,2,2.4,4.0,0,30,13.3,Product,Male,2.4672517145492794,2.6835611591087285,-0.21630944455944912,0.1046448113960806,0.030469209602029985
2,0.25,2,3,3.3,3.8,0,8,14.2,Engineering,Male,2.3174737054877963,2.4496170408659057,-0.1321433353781094,0.09419044554337583,0.014923610328123794
1,0.2,3,3,4.4,3.6,0,19,29.3,Sales,Male,2.048982334195127,1.992708446500477,0.05627388769465025,0.09980686917275607,0.007796987639349418
2,0.5,1,2,4.5,3.7,0,14,9.7,Engineering,Male,2.4756977107026903,2.535209914366499,-0.059512203663808716,0.09774339788217017,0.016975597532186484
3,0.5,3,2,4.3,3.5,1,7,14.3,Data Science,Female,2.3617969526258915,2.387172468840817,-0.025375516214925398,-0.14027315572816684,0.005549099947470422
3,0.2,3,3,3.9,4.8,0,40,17.7,Product,Male,3.0591764461105257,2.9348176959704033,0.12435875014012243,0.10630869271463285,0.033682296692989895
5,0.2083,3,3,3.6,3.0,0,30,13.9,Marketing,Male,3.7787201581137255,3.6793470460601085,0.09937311205361699,0.087149024446163,-0.0040860375177383485
3,0.3,2,3,4.7,2.8,0,12,19.6,Product,Female,2.6004649904222727,2.5083203652253236,0.0921446251969491,-0.14896068116257138,-0.032971701622445414
5,0.3846,3,2,3.9,3.6,0,1,9.8,Legal,Female,3.0101281538377234,3.0936281566127914,-0.08350000277506808,-0.13041280430011237,0.0038019027526609156
1,0.3333,3,2,4.2,3.5,0,13,11.7,Product,Male,1.9065751436566365,2.060030030596957,-0.15345488694032072,0.10563745045591749,0.0022532695606333033
2,0.2857,1,3,3.8,3.1,0,46,11.3,Finance,Female,2.253394848803274,2.2160308562061966,0.037363992597077456,-0.14409231685606216,-0.017100612019362183
2,0.3333,1,2,4.0,3.1,0,33,8.3,HR,Male,2.432735777459091,2.4225966243475265,0.010139153111564436,0.10746235041910009,-0.010533128891152094
1,0.2,2,3,2.1,3.6,0,12,16.8,Finance,Male,1.9095425048844386,2.0109707379722788,-0.10142823308784021,0.10276242889278232,0.009883263356339801
2,1.0,3,3,4.3,4.9,0,17,11.3,Data Science,Male,2.105352923464337,2.2871019728315205,-0.1817490493671836,0.10617287326438074,0.04093240465360539
1,0.5,3,2,3.1,4.1,0,10,22.0,Marketing,Male,2.0373166153791646,1.8663802306559638,0.17093638472320083,0.09850865289481449,0.02095463127743589
2,0.2857,3,3,2.8,3.5,0,1,9.0,Engineering,Female,2.1150499691472033,2.1081684885275935,0.006881480619609803,-0.1382185178288084,0.010930872035941012
6,0.2,1,4,4.2,3.0,0,6,12.6,Finance,Male,3.912023005428146,3.9511304638150406,-0.03910745838689467,0.06875904030899115,-0.0057012577615875425
1,0.5,3,4,4.0,2.6,0,1,10.0,HR,Male,1.7749523509116738,1.7939367054349227,-0.01898435452324887,0.10269393933870624,-0.021351514812909624
2,0.5,1,4,4.0,3.4,0,7,14.0,Engineering,Male,2.2965670206684825,2.3752964793738665,-0.07872945870538395,0.09952505419056831,-0.0012905026897792823
1,0.5,1,3,4.2,2.9,0,5,24.8,Marketing,Male,1.9712993830601329,1.9995186027093925,-0.028219219649259664,0.10708175381725515,-0.013988406139080159
2,0.5,1,2,3.9,3.3,0,6,15.7,Marketing,Male,2.378619779270043,2.2768572539703755,0.10176252529966767,0.10767847147185307,-0.012233247966305885
1,0.3333,3,3,3.5,3.6,0,4,21.1,Sales,Male,1.8794650496471605,1.869061049122373,0.010404000524787627,0.09948427802346288,0.008156212463773979
2,1.0,1,3,4.2,3.0,0,4,12.6,Finance,Female,1.8562979903656263,2.048929308973462,-0.1926313186078359,-0.14524654842277743,-0.010848344690099897
1,0.3333,1,4,3.2,4.9,0,11,29.6,Sales,Female,1.7578579175523736,1.80542775848649,-0.047569840934116314,-0.14105990258783924,0.0686843305032558
5,0.2941,2,4,4.2,2.5,0,35,24.8,Sales,Female,3.0846584827483925,3.2713615690563658,-0.18670308630797328,-0.13243479298718047,-0.024979368701837597
1,0.3333,3,2,3.1,4.1,0,48,10.9,Engineering,Female,1.8066480817218056,1.832174909093716,-0.025526827371910477,-0.13059462719910933,0.031909830598878246
1,0.3333,3,1,2.8,5.0,0,25,13.7,Product,Male,2.1701959049483,2.1097491253651435,0.060446779583156474,0.10504795087118707,0.054802247964835946
3,0.6,2,2,3.6,2.9,0,4,11.2,Product,Male,2.5649493574615367,2.579781554416882,-0.0148321969553451,0.10795695139483905,-0.019899073476391645
2,0.5,1,3,1.8,3.7,0,13,11.0,Finance,Female,1.951608170169951,2.01280916951554,-0.06120099934558909,-0.14001532986893697,0.01961221178569542
2,0.6667,2,3,4.2,3.4,0,31,10.0,Legal,Male,2.3896797998449792,2.268008252692986,0.12167154715199313,0.1062585857426453,-0.00046846674518415886
2,0.6667,2,1,3.2,3.1,0,7,14.5,Finance,Female,2.2648832258100344,2.146238548136968,0.1186446776730663,-0.14028388329773345,-0.011648879893145236
1,0.1429,1,3,3.5,3.7,0,19,8.7,Customer Support,Female,1.7561322915849038,1.844593408089854,-0.08846111650495025,-0.15157875354915806,0.014151741067764054
3,0.2308,1,4,4.5,3.6,0,31,5.1,Operations,Male,2.7343675094195836,2.837573706066736,-0.10320619664715247,0.10654184551582217,0.009211160678189945
3,0.375,3,4,2.3,2.9,0,4,16.6,Finance,Female,2.127040520479115,2.159532365877521,-0.032491845398406216,-0.1448600023599208,-0.022129797465089775
2,2.0,1,2,4.5,3.6,0,24,10.6,Finance,Male,2.0541237336955462,2.289840623016668,-0.23571688932112167,0.09858284758659643,0.018768293863405085
6,0.375,1,3,4.2,3.5,0,48,12.0,Engineering,Male,3.6065842113871063,3.783906672070705,-0.17732246068359858,0.08576892139032556,0.0017212384869926018
4,0.4444,2,3,4.4,3.5,1,26,20.3,Sales,Female,2.9580304063699794,2.6775157026971397,0.2805147036728397,-0.13915480476314407,-0.000128225113360741
1,0.25,2,3,4.3,2.5,0,21,15.8,Marketing,Male,2.0930978681273213,2.0097576892224756,0.0833401789048458,0.10021795156050542,-0.024888473052952845
3,0.3,3,3,3.3,4.1,0,3,7.8,Customer Support,Female,2.127040520479115,2.3879568937154776,-0.26091637323636263,-0.1461656467936077,0.0478126103919881
3,0.375,2,2,5.0,2.6,0,9,27.6,Sales,Male,2.7324175575505043,2.704827148186319,0.02759040936418522,0.09693801757411025,-0.031199175646923264
2,0.4,1,3,3.8,3.3,0,1,6.0,HR,Male,2.017566137961748,2.2723050502512283,-0.2547389122894801,0.10707815100473711,-0.01241098592786454
2,0.5,3,1,2.8,3.1,0,6,8.1,HR,Male,1.7984040119467235,2.191016966360946,-0.3926129544142223,0.109019498787363,-0.006703120883936603
3,0.2727,1,3,2.9,3.1,0,10,7.9,Operations,Female,2.464703942470481,2.4801542361531714,-0.015450293682690575,-0.15175499463609812,-0.01431558754728842
2,0.2,1,3,2.2,3.3,0,9,5.4,Customer Support,Female,1.9572739077056285,2.0849583149122894,-0.12768440720666097,-0.1405348526794201,-0.007069917940188715
2,0.5,1,2,3.6,2.1,0,7,10.4,Finance,Female,2.0731719286662407,2.0756351676775955,-0.002463239011354812,-0.14271554757322308,-0.06590579131988412
4,0.3333,1,4,2.5,4.2,0,39,12.9,Product,Male,3.092858984284714,3.106555597442952,-0.013696613158238335,0.10806854197724869,0.03376369279609481
3,0.5,1,3,2.6,3.6,0,16,16.2,Product,Male,2.613006652415316,2.6114330180876784,0.0015736343276375742,0.10731385632774505,0.01160016289386383
2,0.5,3,3,4.2,3.5,1,13,11.3,Legal,Female,2.1972245773362196,1.959484251559006,0.2377403257772135,-0.14817007372489144,0.009229118944669983
2,0.4,2,4,4.0,3.0,0,43,11.3,Engineering,Male,2.554121718809473,2.3282923729948806,0.22582934581459257,0.0985794545739588,-0.01894094981842067
2,0.4,1,1,4.1,3.9,0,23,6.4,HR,Male,2.583997552432231,2.4321589064140445,0.15183864601818664,0.10455133775982793,0.011424805649264078
3,0.375,3,2,3.0,4.3,0,5,10.7,Finance,Male,2.5982353350950036,2.6145170237273945,-0.01628168863239088,0.09953018443734529,0.036143733357938794
1,1.0,3,2,4.4,2.8,0,18,8.0,Customer Support,Female,1.5789787049493917,1.603058927160034,-0.02408022221064221,-0.14344810449481024,-0.022038167750818856
5,0.2778,2,4,2.8,3.7,0,21,14.2,Product,Male,3.4127965175055075,3.53432006200569,-0.12152354450018255,0.10558507448798031,0.011641079711577062
2,0.6667,3,4,2.1,3.2,0,9,26.9,Sales,Female,1.7011051009599243,1.6962491767293495,0.004855924230574793,-0.1505424220674941,-0.009761627015881671
4,0.5,1,3,2.7,4.2,0,10,20.3,Marketing,Female,2.5360749363624,2.596249305245674,-0.0601743688832741,-0.14013422458354322,0.03050319616114516
3,0.4286,1,2,3.8,3.6,0,6,16.5,Product,Male,2.919930560137709,2.8351307698571033,0.08479979028060569,0.10558269548774203,0.01038241420973034
1,0.3333,2,3,3.0,3.6,0,23,11.1,Product,Male,1.8687205103641833,1.992934340195512,-0.12421382983132867,0.10554308021360283,0.011222098460176631
2,0.5,2,4,3.2,3.0,0,24,12.0,Legal,Female,2.0399207835175526,1.9192849550498232,0.12063582846772936,-0.1400243728055822,-0.012884900227651286
4,0.4444,1,2,3.7,3.7,0,21,9.5,HR,Male,2.7669478423496954,3.0375663076723884,-0.27061846532269307,0.09591111982967243,0.011570676652727875
2,0.2857,3,3,2.7,4.0,0,1,25.3,Sales,Male,2.301584592660462,2.280419691911265,0.02116490074919719,0.10210661511749984,0.03276328210693287
6,0.24,3,2,3.2,3.5,1,16,14.4,Engineering,Male,3.912023005428146,3.863884759133432,0.04813824629471375,0.07527014064372106,0.004090812989071926
2,0.6667,3,1,3.2,4.3,0,9,15.3,Product,Male,2.6071242825122494,2.302519275655225,0.3046050068570243,0.10760937288019279,0.026201281565474722
2,0.2857,3,3,2.8,4.2,0,51,9.2,Data Science,Male,2.4300984132930052,2.3781746660250693,0.051923747267935916,0.09961315577200791,0.036384826715535744
6,0.2609,2,3,3.4,4.4,0,6,11.3,Product,Male,3.883829271057364,3.9257341024988714,-0.04190483144150736,0.08729082305113235,0.03375201888932523
1,0.1667,1,3,3.7,2.8,0,18,5.6,Customer Support,Male,2.167910189667444,2.077762205366181,0.09014798430126314,0.1110521899510974,-0.029295112969594573
1,1.0,1,2,4.3,4.2,0,21,11.5,Data Science,Male,2.3105532626432224,2.1989945157111213,0.1115587469321011,0.10485095332250849,0.016387608914514035
3,0.375,1,4,3.3,2.5,0,1,14.9,Product,Female,2.424802725718295,2.4368441781698444,-0.012041452451549528,-0.14648007933692625,-0.048842628053182874
1,1.0,3,2,2.0,3.9,0,12,12.8,Marketing,Male,1.6582280766035324,1.7409157994056432,-0.08268772280211079,0.09980405246343307,0.0044149314889808475
1,0.1667,3,3,4.7,3.5,1,40,9.2,Data Science,Male,2.336019869080283,2.216585192499543,0.11943467658074036,0.10268937029121585,0.0038549304142860793
3,0.75,1,4,4.2,2.7,0,3,24.9,Sales,Female,2.180417459019838,2.283106735050955,-0.10268927603111688,-0.1455922157490313,-0.02718651402900183
5,0.2941,1,4,3.9,2.7,0,9,9.6,Engineering,Female,3.3786108829893595,3.3733553080908045,0.005255574898554993,-0.13125269787733715,-0.02605574770315405
3,0.5,3,2,3.6,4.1,0,41,12.9,Finance,Female,2.3942522815198695,2.2799507598064475,0.114301521713422,-0.14284256206979318,0.035466412289937334
1,0.5,3,2,4.1,3.0,0,1,16.8,Finance,Female,1.6900958154515549,1.7225246616066636,-0.03242884615510877,-0.1344129844130261,-0.009823215136416166
1,0.3333,2,3,3.8,2.7,0,48,8.5,Operations,Female,1.5830939370944985,1.6378147464032318,-0.05472080930873324,-0.14124119140960895,-0.020815546709879153
3,0.75,1,3,2.5,3.6,0,6,15.6,Finance,Male,2.431857428698185,2.4937077238901453,-0.06185029519196039,0.10675891802184993,0.01076646385542218
1,0.5,1,3,3.7,3.1,0,46,5.4,HR,Male,1.9242486522741338,1.9034975455086969,0.0207511067654369,0.10484101875989113,-0.007105886566406744
1,0.5,1,3,3.6,3.5,1,3,8.6,Engineering,Female,1.7681496035889213,1.8258924654062427,-0.05774286181732147,-0.13857733976276035,0.007323531957053227
3,0.6,1,4,4.7,3.3,0,24,13.2,Engineering,Female,2.6333266549062735,2.4223111845463987,0.21101547035987478,-0.14160377401273372,-0.00900388258386082
1,0.5,3,3,5.0,5.0,0,21,7.3,Operations,Male,1.780024213009634,1.9024633121791021,-0.12243909916946816,0.10590620185880525,0.05340427918261328
1,0.5,2,2,3.3,3.2,0,4,13.9,Marketing,Male,1.9300710850255671,1.9310821693348315,-0.0010110843092643318,0.09783869174238033,-0.008368736215632213
3,0.375,2,3,2.3,2.7,0,11,7.4,Customer Support,Male,2.5321082512722946,2.4596262246885634,0.07248202658373115,0.10313132036151511,-0.020832599519488588
2,0.1818,3,1,2.5,4.2,0,21,13.2,Finance,Female,2.4432162227337915,2.4022862223838324,0.040930000349959084,-0.12618022774500143,0.02931584705083976
2,0.4,2,3,3.3,4.3,0,36,11.8,Data Science,Male,2.4458192610799534,2.4013283241179244,0.04449093696202899,0.09965670279793296,0.04132634557768635
4,0.3333,2,3,2.9,3.7,0,27,13.3,Data Science,Male,3.2120525995200753,3.0566000850844888,0.1554525144355865,0.10411634819199493,0.013938499283388766
1,0.1429,1,3,4.7,3.0,0,8,7.8,Customer Support,Female,1.7316555451583497,1.862610316216255,-0.13095477105790532,-0.15505976453277626,-0.007133563964568759
6,0.2727,2,4,3.5,2.7,0,10,14.5,Finance,Female,3.467297183366679,3.6027206229819546,-0.1354234396152756,-0.1302303609617009,-0.020434985182120575
3,0.2308,3,2,3.2,3.2,0,18,13.3,Engineering,Female,2.688527534613346,2.6287847214188633,0.059742813194482824,-0.13556579392607535,-0.00976399739070144
1,0.1667,2,3,2.8,2.9,0,7,18.3,Sales,Male,1.9329696377795786,1.9797178963232376,-0.04674825854365894,0.10197999327773294,-0.021250951463399108
2,0.2857,3,3,4.0,3.1,0,11,22.9,Marketing,Female,2.0320878452963655,2.013813484973396,0.018274360322969585,-0.14835247204125404,-0.01822241277518042
2,0.5,2,3,5.0,3.5,1,26,14.7,Marketing,Female,2.0476928433652555,2.0097027225827824,0.0379901207824731,-0.1493131552287984,0.009040699981020639
4,0.2667,2,3,4.4,4.6,0,1,9.8,HR,Female,2.7936160894318567,2.9585716775875173,-0.16495558815566058,-0.14477529560619196,0.03287273755970333
1,0.5,3,3,4.7,1.8,0,10,13.1,Data Science,Female,1.5789787049493917,1.65289343782107,-0.07391473287167827,-0.14800810934280187,-0.07868076766907
2,0.3333,1,3,4.7,4.1,0,51,21.7,Sales,Male,2.196112848483529,2.4729202917789777,-0.2768074432954486,0.10504187617270755,0.03149101365883913
3,0.2727,1,3,3.4,3.5,1,17,33.2,Sales,Female,2.5360749363624,2.5792981639800714,-0.04322322761767161,-0.14949485645221705,0.00312361848240157
2,0.2857,1,3,3.2,3.1,0,40,15.9,Product,Male,2.2762411176544437,2.4383333825016296,-0.16209226484718586,0.10675563011593578,-0.018327168190907576
3,0.5,2,3,3.1,2.7,0,18,12.3,Data Science,Male,2.432735777459091,2.511765477285516,-0.07902969982642505,0.09818695286109091,-0.033796968933911785
1,0.3333,3,2,4.0,3.5,1,10,7.6,HR,Male,2.1174596088673567,1.9471133319284755,0.17034627693888127,0.09964198277675768,0.002788507592853419
1,0.5,1,1,2.1,4.6,0,37,12.4,Engineering,Male,2.1564025828159643,2.085953946733889,0.0704486360820753,0.09688840657782814,0.025070894219371382
4,0.4,3,4,4.2,3.5,1,8,21.7,Marketing,Male,2.9433857931817817,2.8834717222077777,0.05991407097400403,0.10239690595758277,0.001640667061746094
3,0.375,3,4,4.0,3.2,0,8,9.5,Data Science,Male,2.758109400974947,2.6160047346980035,0.14210466627694363,0.0985376482633848,-0.016134480424716997
3,0.3,1,3,3.3,4.1,0,5,16.9,Finance,Female,2.512035317176253,2.565856869197446,-0.05382155202119332,-0.1478079594138428,0.04689587485126846
1,0.3333,1,3,3.0,5.0,0,18,18.1,Product,Male,2.046401687601636,2.1466235471547566,-0.10022185955312057,0.1084779682973528,0.05556151023358839
1,0.3333,1,4,2.2,3.9,0,77,14.5,Product,Male,1.9685099809725544,1.9921925599025823,-0.023682578930027898,0.10920767304970468,0.007253308088480445
2,0.5,1,3,4.1,3.9,0,10,24.0,Marketing,Male,2.5265283244788197,2.338315102224057,0.18821322225476278,0.10672106098162422,0.014673621736687431
4,0.4,1,2,4.3,3.5,0,7,19.2,Marketing,Male,3.3178157727231046,3.080471233960848,0.23734453876225636,0.09754507228926709,0.0014248511837406895
6,0.375,1,4,3.5,3.4,0,2,8.4,Operations,Male,3.6686767467964168,3.6139087651014266,0.0547679816949902,0.09564341122588196,-0.005021690254009777
3,0.75,1,4,2.2,3.2,0,22,8.2,Data Science,Male,2.325324579963535,2.5449098570650714,-0.2195852771015363,0.10450253779666104,-0.005780255481758764
2,1.0,1,3,4.7,4.2,0,7,12.9,Product,Male,2.325324579963535,2.3991063193751625,-0.07378173941162736,0.109065785779743,0.024009997149250336
2,0.3333,3,3,3.3,3.2,0,71,10.1,Legal,Female,1.572773928062509,1.9065025615333686,-0.33372863347085957,-0.14922732585941548,-0.015141912411588729
2,0.4,1,4,4.0,3.5,1,14,6.0,Operations,Male,2.3263016196113617,2.294255963289506,0.03204565632185563,0.10808509535430617,0.0023777491222318685
6,0.2609,3,3,3.8,3.5,0,9,17.0,Product,Male,3.73552446193698,3.852124969454758,-0.11660050751777806,0.08885713865649238,0.0024138558209284827
3,0.3333,2,2,2.9,4.0,0,5,9.0,Legal,Female,2.740194654428777,2.4112841151534785,0.3289105392752987,-0.14777820699619282,0.03339626949834703
4,0.2222,2,3,2.2,3.5,1,1,7.6,Operations,Male,2.9193910402972683,3.128651194361456,-0.20926015406418763,0.10218169686065519,0.002537079552563952
2,0.5,1,3,4.8,2.6,0,3,7.7,Operations,Female,2.018895041811802,1.958173176382097,0.060721865429705035,-0.15073153343898324,-0.03161384585939132
2,0.2222,3,2,3.8,3.4,0,32,10.7,Finance,Female,2.3145136638593193,2.216166378904524,0.09834728495479528,-0.1300605502117211,-0.004569601802536146
1,1.0,3,4,3.9,3.3,0,3,5.2,Customer Support,Female,1.6486586255873816,1.4418581301093354,0.20680049547804624,-0.15018562017079548,-0.004858346449999504
2,2.0,1,3,5.0,4.0,0,28,8.5,HR,Male,2.3135250330323798,2.1487179461169608,0.164807086915419,0.10765665215049293,0.01630948828514129
2,0.3333,1,4,2.3,4.2,0,7,12.5,Data Science,Female,2.1447610078004784,2.16778297311128,-0.023021965310801473,-0.14057358643709414,0.03835745355567128
1,0.5,1,3,4.1,3.7,0,5,13.1,Data Science,Male,2.178155014615869,2.1404330536836027,0.037721960932266096,0.10404217727205944,0.014360066443870821
2,1.0,2,2,3.6,3.4,0,9,9.3,Legal,Male,2.201659174404085,2.1894286007151877,0.012230573688897461,0.10603088595238765,-0.00300532960254126
2,0.3333,1,3,4.3,3.5,1,32,14.6,Product,Male,2.7013612129514133,2.540398114954771,0.1609630979966421,0.11000602223597596,0.007725422033192874
2,0.2857,3,3,2.6,3.3,0,23,12.9,Marketing,Male,2.2834022735772717,2.1834872982574347,0.09991497531983695,0.10735612101191827,-0.01256313982221367
4,0.2667,2,3,4.0,4.1,0,14,15.7,Sales,Male,3.2511493854184965,3.220358207493846,0.03079117792465036,0.1034681511119987,0.03362504876577736
1,0.5,1,2,4.4,2.9,0,43,8.4,Data Science,Female,1.8702625307159986,1.9644605784114153,-0.09419804769541673,-0.14010374387912805,-0.012638151619967892
1,0.3333,3,3,2.6,3.6,0,10,17.5,Marketing,Female,1.5195132049061133,1.5824794515416443,-0.06296624663553096,-0.13884821921404852,0.01166238259127815
5,0.3333,2,3,4.4,3.1,0,18,6.9,Operations,Female,3.3250360206965914,3.043122539940406,0.2819134807561854,-0.1402429054222406,-0.008590131163465459
1,1.0,3,4,3.1,2.8,0,10,24.0,Marketing,Female,1.366091653802371,1.4387646597658585,-0.07267300596348747,-0.14186755976174878,-0.02362912414290686
1,0.5,2,3,4.8,3.9,0,38,24.7,Sales,Male,1.9615022438151495,1.91676252020197,0.04473972361317946,0.10011209356668285,0.009067141598846223
2,2.0,1,2,3.0,3.5,1,74,7.3,HR,Male,2.278292400425001,2.092211485376037,0.18608091504896418,0.10055814478729135,0.00520946463705787
1,0.3333,1,3,4.5,2.7,0,17,18.8,Marketing,Male,1.8825138324965192,2.0446373648629144,-0.1621235323663952,0.10959557525644942,-0.02486388033733946
1,0.3333,3,3,4.4,3.4,0,19,6.4,Operations,Female,1.4350845252893227,1.650121263825505,-0.21503673853618221,-0.14297355488114005,-0.0009438743584619819
3,0.375,2,4,3.7,4.2,0,15,13.0,Product,Male,2.8124102164264526,2.699316110606663,0.11309410581978963,0.10127796670051341,0.04096834731299987
1,0.5,2,4,4.4,3.0,0,37,6.6,Operations,Female,1.7119945007591924,1.6012373529602713,0.1107571477989211,-0.14383677544697843,-0.008477711377049876
2,0.2857,2,2,2.3,3.2,0,4,9.6,Customer Support,Female,1.9050881545350582,2.004378948392904,-0.099290793857846,-0.1502332198540292,-0.008279380717672796
1,1.0,1,4,3.9,5.0,0,6,11.5,Legal,Male,2.1435893615035875,2.0500867732018624,0.09350258830172509,0.11052575400061461,0.05103319933113865
3,0.375,1,2,4.9,4.5,0,8,14.3,Finance,Male,2.7893229212309465,2.849474640867748,-0.06015171963680155,0.09966253044605591,0.03340860765044355
2,0.6667,2,2,3.9,3.9,0,6,7.9,Operations,Male,2.157559320943788,2.206927595485289,-0.049368274541500945,0.1083456757125039,0.0075347473082044494
3,0.2727,3,4,3.7,4.6,0,1,9.6,Operations,Male,2.7942278973432626,2.7428767126233646,0.05135118471989797,0.1118015754446356,0.04739865127095916
2,0.4,1,3,2.8,4.0,0,40,6.3,Customer Support,Female,1.8293763327993617,1.96481066032787,-0.13543432752850837,-0.14304795529853878,0.026784337951218408
2,0.6667,3,4,3.1,3.8,0,11,11.8,HR,Female,1.6428726885203377,1.768100067749632,-0.12522737922929417,-0.14961884161577602,0.010180729769919114
2,0.4,1,3,3.9,3.2,0,1,16.5,Finance,Female,2.288486168614544,2.1021108966326887,0.18637527198185522,-0.13923457993771562,-0.017099376893245467
1,0.5,1,3,4.1,3.8,0,10,14.3,Finance,Female,1.6937790608678513,1.7848848648457236,-0.09110580397787227,-0.13919859719559674,0.003982030053990865
6,0.3,3,3,3.4,3.8,0,3,8.5,Customer Support,Female,3.4394560937792455,3.407413885492188,0.032042208287057505,-0.1346207522869203,0.00648956981938929
2,0.4,1,3,3.0,3.3,0,10,15.2,Marketing,Female,2.080690761080268,1.9763967713518449,0.10429398972842296,-0.1435537310893987,-0.015948579114762187
2,2.0,1,4,2.9,3.1,0,21,20.0,Product,Female,2.005525858729668,1.849184546939049,0.15634131179061872,-0.1467999123701813,-0.019855071140245737
2,0.2222,1,3,3.3,4.6,0,10,12.2,Engineering,Male,2.33214389523559,2.560961146865741,-0.2288172516301512,0.09217297801662407,0.0384726318253821
2,0.5,1,2,3.0,3.3,0,2,11.2,Engineering,Male,2.3589654264301534,2.372227397329264,-0.013261970899110409,0.09613424739516303,-0.009143661313747397
1,0.3333,2,3,4.1,3.5,1,14,8.5,Operations,Male,1.9021075263969205,1.9036590100271658,-0.001551483630245265,0.10489765636948446,0.0008576666444703921
4,0.4444,1,3,2.7,3.5,0,14,12.5,Product,Female,2.590767040487478,2.7907171402489532,-0.19995009976147538,-0.14079518050657652,0.003292100055100188
1,0.5,1,3,1.1,3.7,0,16,8.4,Legal,Male,1.8261608959453874,1.9000445477449397,-0.07388365179955225,0.10701143001531195,0.01047640101399092
3,0.3,3,3,4.1,3.5,1,3,12.3,Engineering,Female,2.3988039507345884,2.498964651032577,-0.10016070029798874,-0.14368601715274987,0.002105534110784265
1,0.3333,1,3,3.7,4.4,0,3,10.0,Data Science,Female,1.780024213009634,1.9405619439430184,-0.16053773093338441,-0.14137958635194156,0.03772047282843717
4,0.2857,2,2,4.0,3.7,0,11,6.3,Operations,Female,2.7206373166076814,2.8813982605532544,-0.16076094394557305,-0.14888245542339704,0.013335504193545155
1,0.3333,2,1,3.6,3.1,0,12,13.1,Data Science,Female,1.8562979903656263,1.9602609663499613,-0.10396297598433502,-0.13869770897492656,-0.013078573043399115
2,0.4,3,3,3.3,3.3,0,8,8.4,HR,Male,2.0844290831908747,2.121473759111428,-0.03704467592055316,0.10682697482971605,-0.013023466981506726
6,0.3529,1,2,3.2,3.0,0,1,7.8,Operations,Male,3.7252113833613265,3.72733635287421,-0.0021249695128835455,0.09618677993543512,-0.00689702265281192
3,0.6,2,1,4.0,2.4,0,57,18.7,Sales,Male,2.511223958105374,2.6302717517275176,-0.11904779362214368,0.10579121277520112,-0.031294614612789484
6,0.2069,2,2,3.5,3.7,0,1,26.6,Sales,Female,3.8747364206421295,3.879248864576074,-0.004512443933944343,-0.09412638537321248,0.006839467753681856
4,0.5,1,3,3.8,4.2,0,37,11.7,Finance,Male,2.7954503913830435,2.8860959344607298,-0.09064554307768624,0.09938788745324632,0.03080187610584386
2,0.4,2,3,3.3,3.5,1,2,10.6,Engineering,Female,2.05668455455722,2.0889352916974127,-0.032250737140192776,-0.13909037402454474,0.007338507911004856
1,0.5,1,3,4.4,3.9,0,8,8.6,Operations,Male,1.9387416595767009,1.9557057750419855,-0.016964115465284646,0.10600632295943448,0.005301814146198261
2,0.2,1,2,4.1,3.5,1,20,8.5,Operations,Male,2.4449523342809676,2.5249581560417043,-0.08000582176073667,0.104083301178548,0.0013031274732655262
6,0.24,3,3,3.6,3.0,0,6,9.0,Customer Support,Male,3.912023005428146,3.7298542288210403,0.18216877660710562,0.08238451139170579,-0.004492016280538403
1,0.1667,1,3,2.6,2.9,0,52,32.8,Sales,Female,1.715598108262491,1.7974520716298708,-0.08185396336737982,-0.14082884377928215,-0.017426417383651936
1,0.25,1,2,2.1,2.6,0,27,10.2,Finance,Male,1.80005827204275,2.0479844494664405,-0.2479261774236905,0.09659774789602724,-0.03648602327195691
2,0.5,1,4,3.0,3.6,0,3,16.5,Marketing,Female,2.102913897864978,1.9666148197486606,0.13629907811631736,-0.14553889020110847,0.016175589517179557
6,0.2727,1,4,3.1,1.8,0,20,16.0,Finance,Male,3.763290951627747,3.8487293591130354,-0.08543840748528853,0.0955980485961918,-0.06684563523077487
6,0.25,3,3,3.1,3.1,0,1,11.0,Engineering,Male,3.912023005428146,3.786770615736909,0.12525238969123675,0.07848581757226424,-0.01239026407054864
1,0.1667,3,4,4.5,3.5,0,20,5.7,HR,Male,1.9782390361706734,1.9974858439912846,-0.019246807820611167,0.10570606372084235,0.0026120419307736373
2,0.5,1,4,2.2,3.5,1,38,9.0,Engineering,Male,2.189416394888408,2.253636491876634,-0.06422009698822606,0.09994621461102068,0.009853660238101603
2,0.5,1,3,2.4,3.7,0,8,6.7,Operations,Male,2.3194422100604686,2.145526022317314,0.17391618774315454,0.10701502558990736,0.017283330991510425
3,0.2727,1,4,1.8,3.7,0,49,20.7,Sales,Male,2.738256043159276,2.7515845197718662,-0.01332847661259029,0.10955216542591598,0.0121633980576504
3,0.25,2,3,3.9,3.0,0,37,9.3,Legal,Male,2.783157673589016,2.7706747809003307,0.012482892688685077,0.1049152482588683,-0.011691926693025372
1,0.2,1,3,3.7,4.4,0,8,15.8,Finance,Male,1.9878743481543455,2.1868693810262125,-0.19899503287186704,0.10210066436642204,0.03155493590070763
1,0.1667,2,3,2.0,3.6,0,10,22.7,Sales,Male,2.192770226986839,1.9689434271664445,0.22382679982039444,0.10194044644053783,0.009412196236284922
3,0.2727,2,3,3.2,3.6,0,1,11.2,Finance,Female,2.580216829592325,2.4691589734594594,0.11105785613286567,-0.15137237614988178,0.011300969191057778
3,0.3333,2,3,2.3,3.5,1,3,6.8,HR,Male,2.4840729690394228,2.521425403858252,-0.03735243481882922,0.11079117819924884,0.004132908537384048
2,0.3333,1,1,4.3,4.0,0,53,16.3,Finance,Male,2.505525936990736,2.6149659043601416,-0.10943996736940553,0.10050746037660635,0.024424672092284393
2,0.4,1,3,3.7,1.8,0,18,16.3,Finance,Female,2.1447610078004784,2.0547385678501096,0.09002243995036885,-0.1425992754866648,-0.07604610695904138
2,0.5,2,3,3.1,3.9,0,10,9.0,Legal,Male,2.192770226986839,2.176707328976337,0.016062898010502202,0.09916051156188722,0.012428744623404634
2,0.3333,1,4,4.9,3.1,0,45,9.1,Engineering,Female,2.149433913499871,2.3071725129595,-0.1577385994596292,-0.1434084019711831,-0.016306874827487404
1,0.2,2,3,3.7,3.5,1,21,6.1,Customer Support,Male,1.7316555451583497,2.02025731519311,-0.28860177003476006,0.10644887192673526,0.003551456401453374
2,0.5,2,4,3.4,5.0,0,20,10.0,Data Science,Male,2.145931282948669,2.357584536296799,-0.21165325334813012,0.10182708835700163,0.05048031491234163
2,0.5,2,3,3.4,2.0,0,45,14.8,Legal,Female,1.9530276168241774,1.85686491253336,0.0961627042908173,-0.15093004734207946,-0.08209267733184408
2,0.3333,2,2,3.0,3.5,1,6,16.9,Finance,Male,2.4655539212721855,2.3220988882405487,0.14345503303163687,0.10066858119079317,0.006694872621766269
1,0.1429,1,3,3.9,3.4,0,96,22.2,Sales,Male,2.256541154492639,2.166690649558495,0.08985050493414404,0.10468803181033097,-0.0020632808587788634
1,0.5,1,3,5.0,4.2,0,12,8.1,Engineering,Male,2.2332350148592526,2.2063333926384976,0.026901622220754984,0.10347467552155602,0.01933395659788403
5,0.2941,3,4,4.2,3.5,1,39,17.1,Marketing,Female,3.08922261664133,3.2764210848157806,-0.18719846817445074,-0.13349190155492927,0.002668064143185793
4,0.4444,1,4,3.2,2.4,0,17,14.3,Finance,Male,2.7656899805486246,2.9189412293421317,-0.15325124879350716,0.0999446679975707,-0.033212445339088285
3,0.4286,3,3,3.0,2.5,0,32,16.3,Product,Female,2.1150499691472033,2.229329820487565,-0.11427985134036156,-0.14440318019109696,-0.04474164699031796
3,0.2727,1,4,4.5,2.4,0,7,9.6,HR,Female,2.462149662665384,2.5621483042564543,-0.0999986415910703,-0.15189748240116582,-0.031680642711122226
1,0.5,1,4,3.7,2.9,0,1,13.3,Data Science,Male,2.151762203259462,2.01040609074238,0.1413561125170819,0.10194258561684448,-0.020950280896616172
1,0.5,1,1,5.0,3.2,0,3,13.5,Legal,Female,2.0731719286662407,1.9627879945598576,0.11038393410638303,-0.14747864422645407,-0.005660012653381647
1,0.2,2,2,2.7,3.0,0,17,13.3,Data Science,Female,1.8870696490323797,1.9573580545218883,-0.07028840548950854,-0.13681393908017486,-0.0037319032624227957
1,0.3333,3,3,3.6,4.0,0,5,14.1,Legal,Male,1.9878743481543455,1.9402182112198505,0.047656136934495,0.10649981348293414,0.02895064051792993
4,0.5,2,1,4.1,2.8,0,26,5.2,Operations,Female,2.546315277916644,2.5835924638945342,-0.037277185977890426,-0.15151047811474577,-0.026835176025047158
2,0.2857,3,2,1.9,2.6,0,22,7.6,Operations,Female,1.9050881545350582,1.9160872102951458,-0.01099905576008764,-0.1517358536394127,-0.029701742474011233
1,0.5,3,3,3.9,3.5,1,22,11.3,Legal,Female,1.7457155307266483,1.6050647101534123,0.14065082057323597,-0.14651591642702774,0.005651648588004392
2,0.4,1,1,4.2,2.8,0,43,5.3,Customer Support,Male,2.6623552418400807,2.364283805565136,0.2980714362749448,0.10792222169041223,-0.027501743535904725
1,1.0,3,2,2.2,3.2,0,6,8.6,Engineering,Female,1.5686159179138452,1.6537305917170735,-0.08511467380322824,-0.13260067350360288,7.589672682428787e-05
3,0.3,2,3,3.8,3.5,1,7,14.5,Marketing,Female,2.615934912194404,2.4459817472598933,0.16995316493451096,-0.1518289680969781,0.0018814527736546159
2,0.3333,1,4,3.3,2.8,0,11,22.6,Marketing,Male,1.9837562915454279,2.2793845480409445,-0.2956282564955166,0.1103980496598891,-0.03339132176136256
1,1.0,3,3,3.3,3.6,0,12,17.8,Sales,Male,1.6992786164338898,1.7640914037097153,-0.06481278727582551,0.10270763094590833,0.011090123984410252
3,0.5,1,3,2.6,4.4,0,55,11.6,Data Science,Male,2.8808824318750488,2.676651071910111,0.2042313599649379,0.09960815686413534,0.03132898449609325
3,0.4286,2,2,3.3,2.6,0,53,12.3,Finance,Male,2.309560706730471,2.566607909758211,-0.25704720302774,0.10288914152289708,-0.0384332107834035
1,0.5,1,3,3.4,3.6,0,3,24.1,Sales,Female,1.8931119634883424,1.7176138324636538,0.1754981310246886,-0.1411455493930992,0.010820476351807185
2,0.2857,2,3,3.5,3.2,0,16,5.9,Customer Support,Female,2.0744289998562917,2.0125405698243326,0.061888430031959096,-0.1540179011423592,-0.0126007601987047
2,0.1818,3,3,2.6,3.2,0,12,13.9,Legal,Male,2.3841650799864684,2.374696698732307,0.009468381254161606,0.09309071863834624,-0.012557437496800836
1,0.3333,1,2,3.9,3.5,1,4,6.5,Operations,Male,1.9358598132018119,2.07876333483685,-0.14290352163503828,0.10628359591910051,0.00043236929003613605
5,0.3125,2,3,2.5,2.3,0,12,7.1,HR,Male,3.4613513044819024,3.271781147345345,0.18957015713655734,0.1065425452017449,-0.046675804103933086
2,0.4,1,3,3.8,3.3,0,7,10.3,Product,Male,2.3105532626432224,2.3896350332248093,-0.07908177058158694,0.10588122230521597,-0.015723569760054613
6,0.2222,1,2,2.1,4.0,0,2,5.6,Operations,Male,3.912023005428146,3.943720834777045,-0.0316978293488992,0.07680144102041739,0.030512874936452737
5,0.2632,2,1,3.4,3.1,0,2,17.4,Sales,Male,3.620600613360642,3.690891259152681,-0.07029064579203892,0.10457789109850853,-0.007211369783072489
3,0.3333,3,2,4.1,2.7,0,14,5.9,Customer Support,Male,2.6224923127405635,2.5840132259714386,0.038479086769124926,0.1084224154179523,-0.019613798389077813
1,0.1667,1,3,4.5,3.3,0,11,9.2,HR,Female,2.0930978681273213,1.851277395960883,0.24182047216643832,-0.15244045372534704,-0.009206717456438803
2,0.4,1,2,3.6,1.6,0,4,15.4,Product,Female,2.1736147116970854,2.117354627792482,0.05626008390460324,-0.14902260311494842,-0.08875095375523145
2,0.5,2,4,4.2,4.0,0,4,16.5,Finance,Female,2.066862759472976,2.078707861343468,-0.011845101870492147,-0.13780510526875883,0.03069752633067917
2,0.4,2,4,3.6,2.3,0,1,17.0,Finance,Female,2.050270164379556,1.958216725878134,0.092053438501422,-0.143256451465449,-0.05614029842509305
2,0.5,2,1,3.3,3.5,0,11,17.4,Product,Female,2.256541154492639,2.197731985353954,0.05880916913868495,-0.14911894464447362,0.00794418049828844
3,0.375,1,3,3.2,4.2,0,1,7.0,Customer Support,Female,2.3711778844596574,2.456021422687785,-0.08484353822812762,-0.13810028431292712,0.04826423791977072
1,1.0,2,3,4.2,3.3,0,55,8.2,Engineering,Female,1.4539530095937054,1.7100046614368665,-0.25605165184316103,-0.14687147880923576,-0.006609772746793822
4,0.4444,2,4,3.3,4.1,0,15,8.2,Engineering,Female,2.7713379403381286,2.7491069348910826,0.022231005447046037,-0.13773115141943706,0.032604969413495034
1,0.3333,1,4,4.0,4.4,0,3,13.0,Data Science,Male,2.2407096892759584,2.186159691745305,0.05454999753065337,0.10297048626914783,0.036392443593650084
1,0.3333,2,4,3.4,2.8,0,1,11.9,Data Science,Male,2.1849270495258133,1.9847118769763663,0.20021517254944698,0.10135872500352083,-0.028031431781533354
2,0.2222,1,2,3.6,3.8,0,4,8.4,Legal,Female,2.2071749081893874,2.3562594732192257,-0.14908456502983825,-0.1343429994088355,0.012856536183968025
4,0.4,2,1,5.0,3.5,1,9,17.4,Finance,Male,3.0937660138253564,3.089690127306015,0.004075886519341321,0.10043620446573318,0.0006693949016444113
3,0.3333,1,3,3.6,3.7,0,33,9.7,Legal,Male,2.7067159780890733,2.766014758075014,-0.0592987799859408,0.11155061728957358,0.0125291575653371
1,1.0,2,3,2.2,3.1,0,8,15.5,Marketing,Female,1.2809338454620642,1.4872427650374735,-0.2063089195754093,-0.14380280881711927,-0.006741982412795936
1,0.5,2,3,2.5,3.8,0,25,12.3,Data Science,Male,1.8293763327993617,1.9304066818548526,-0.10103034905549091,0.09886140613452878,0.0009991232280582476
2,0.5,1,4,4.9,3.7,0,15,14.0,Product,Female,1.8825138324965192,2.199744761617513,-0.3172309291209938,-0.14755557002140882,0.022312420621261975
1,0.5,1,2,3.6,4.6,0,1,12.1,Legal,Male,1.9080599249242156,2.1301296389076962,-0.22206971398348063,0.10150043916050898,0.03536186461368946
5,0.3125,1,4,3.7,3.6,0,4,12.9,Finance,Male,3.4781584227982836,3.4553539721960287,0.02280445060225489,0.09940274824896451,0.006525787565631862
3,0.375,3,4,4.0,3.8,0,1,9.7,Engineering,Male,2.825536896557877,2.643922482662465,0.18161441389541189,0.09735110990039784,0.009963409228780959
2,0.2857,2,4,2.0,3.9,0,53,10.5,Engineering,Female,1.9401794743463283,2.090615006680218,-0.1504355323338895,-0.13775595897482737,0.01972616908822067
2,1.0,1,2,3.9,3.8,0,5,11.1,HR,Male,2.365559892155434,2.2434031105112155,0.12215678164421861,0.10687554713966103,0.0031508381709391335
3,0.25,3,3,3.8,3.9,0,16,8.5,HR,Male,2.411439497906128,2.708117793496404,-0.2966782955902758,0.10249642930227902,0.018191952000113792
3,0.3333,1,1,4.6,3.8,0,8,23.0,Marketing,Female,2.747270914255491,2.617311277022779,0.1299596372327123,-0.15170689143650143,0.011450138869967368
1,0.1429,2,3,3.4,3.2,0,4,16.4,Product,Male,2.5160822672564502,2.1351126174153565,0.3809696498410937,0.10914039537831974,-0.012307343923457373
1,0.5,1,3,4.1,3.5,1,1,12.3,Engineering,Female,1.9933388426264242,1.8737528530000258,0.11958598962639844,-0.14197202819843738,0.004715301048028942
2,0.25,1,3,4.2,4.4,0,9,27.3,Sales,Male,2.626116818339524,2.552190702374862,0.07392611596466203,0.09518037733331676,0.03384699736696489
3,0.25,1,3,4.4,4.3,0,3,33.2,Sales,Male,2.9668182633893485,2.93987707550544,0.026941187883908313,0.09901757895755005,0.03678681511401295
2,0.2857,2,4,2.5,4.2,0,17,14.6,Engineering,Male,2.3350522831315472,2.384143488686348,-0.049091205554800954,0.09922150404013498,0.03602374578664646
4,0.5,1,3,3.7,3.2,0,19,8.1,Engineering,Male,2.91180703861623,2.93723543048414,-0.02542839186791035,0.09776787906815718,-0.005452499593144467
1,0.3333,1,3,2.5,2.5,0,9,14.3,Marketing,Female,1.4701758451005926,1.6169094975961487,-0.14673365249555603,-0.14602412153532712,-0.035648636394241005
2,0.5,2,2,3.8,3.5,0,12,7.9,Operations,Female,2.0068708488450007,1.9561822832437707,0.05068856560122992,-0.1490586663903117,0.003168402979389926
2,0.3333,1,4,4.5,2.8,0,6,10.3,Data Science,Male,2.5982353350950036,2.5250187030102116,0.07321663208479201,0.10413622616058453,-0.02796616230543767
6,0.25,1,1,2.0,2.6,0,27,9.3,Legal,Female,3.7064737625148876,3.783933319342152,-0.07745955682726446,-0.11196552535516001,-0.0313343047769055
5,0.3125,1,3,5.0,4.7,0,4,24.3,Sales,Male,3.5934692693092782,3.5689489987753604,0.02452027053391781,0.09646458240041964,0.030093138704944063
1,0.5,1,1,3.0,4.5,0,9,10.4,Finance,Male,2.066862759472976,2.1060669822314715,-0.039204222758495444,0.09518411863545337,0.018686048297729994
4,0.3077,1,3,2.9,5.0,0,25,7.4,Operations,Male,3.1484533605716547,3.099877772719005,0.048575587852649704,0.1052762062943152,0.03919208585768985
2,0.2857,1,3,3.9,3.6,0,21,9.1,Engineering,Female,2.3456445824544927,2.338925223488802,0.006719358965690869,-0.1413614400947315,0.015250117869424198
1,1.0,3,3,3.3,3.2,0,1,9.9,Legal,Female,1.3737155789130306,1.5314422484591976,-0.157726669546167,-0.14871936494222623,-0.006058061998558244
3,0.3333,1,1,5.0,2.8,0,26,13.1,Marketing,Female,2.794839331174601,2.6138412607756516,0.18099807039894955,-0.15372793916877103,-0.025870293665549497
1,0.3333,3,1,3.4,2.9,0,7,14.1,Product,Male,2.0592388343623163,2.054829074794796,0.004409759567520322,0.10636762071653565,-0.015532780459339054
4,0.2222,1,2,3.2,3.7,0,19,14.6,Engineering,Male,3.5633162311385904,3.3814853591360423,0.1818308720025481,0.09050326457412255,0.011272241101883905
1,1.0,1,3,3.8,3.0,0,24,9.3,Customer Support,Male,1.9600947840472698,1.893480499148253,0.06661428489901677,0.10842190164261592,-0.002758980321188426
3,0.3333,2,3,3.5,3.0,0,6,9.3,Legal,Female,2.4388627112865935,2.343358563724767,0.09550414756182635,-0.15188221072054453,-0.010413131478925178
1,0.25,3,3,2.3,3.5,1,24,13.8,Finance,Male,1.665818245870208,1.8816694796847888,-0.21585123381458082,0.09489407050616551,0.005290831511913307
2,0.3333,1,2,3.4,4.2,0,1,8.4,Customer Support,Male,2.613006652415316,2.38893015370413,0.22407649871118585,0.10942017272953314,0.03583217948212466
3,0.4286,1,3,4.0,3.8,0,1,5.4,HR,Male,2.6837575085331657,2.6372664682491407,0.046491040284025065,0.1019506222104179,0.009950146896004696
2,1.0,2,3,2.8,3.4,0,6,10.9,Data Science,Male,2.3711778844596574,2.207910522875584,0.16326736158407318,0.10395811511739278,0.004327714577448012
1,0.25,1,4,3.4,2.8,0,13,9.7,Legal,Male,2.1077860146889784,2.090670425576178,0.01711558911280031,0.10438745451960789,-0.025866607527081063
3,0.3,1,1,3.3,3.4,0,4,16.8,Marketing,Male,2.9841656371825254,2.879139588949005,0.10502604823352035,0.11331643709090261,-0.007111487071990157
3,0.3333,1,4,3.0,3.8,0,17,7.2,Operations,Female,2.209372711271867,2.404051726585188,-0.1946790153133211,-0.14865825350916764,0.009054414796760536
6,0.2,2,3,4.3,3.0,0,12,6.3,Operations,Male,3.912023005428146,3.9127216806705665,-0.00069867524242051,0.07814856288673605,-0.006107171482638183
3,0.375,1,2,3.9,3.5,1,1,19.8,Sales,Male,2.8690346205080335,2.7998068639114453,0.0692277565965882,0.10184265088435722,0.0004194482329337168
3,0.75,2,4,5.0,3.5,1,15,16.5,Marketing,Female,2.2289385528257473,2.2261600450382804,0.0027785077874669106,-0.1465476920345695,0.005723556860417364
1,0.1429,1,3,3.6,3.5,1,6,11.7,Finance,Female,1.9110228900548727,1.9438289246486162,-0.03280603459374354,-0.14318397045836495,0.0020184775416014172
3,0.4286,2,3,4.3,2.1,0,31,5.2,Operations,Female,2.0881534822818573,2.2138101501567276,-0.1256566678748703,-0.14931873450919259,-0.07418903290417365
2,0.2222,1,1,3.9,2.6,0,18,10.4,Product,Male,2.641910398597665,2.640353209399144,0.0015571891985208808,0.09860722724817342,-0.03281835092801016
1,0.5,1,3,3.4,3.4,0,4,5.8,HR,Female,1.6486586255873816,1.6792038014298893,-0.03054517584250771,-0.14314200905973723,0.0018305628528725308
4,0.2105,3,3,4.1,5.0,0,3,10.3,Legal,Male,3.4925603876761278,3.278245008517608,0.21431537915851973,0.09703650896710928,0.03065374388225586
3,0.6,2,2,4.1,3.4,0,26,17.5,Sales,Male,2.6616571615324998,2.558375255791015,0.10328190574148488,0.10339237692269014,-0.0024224554876221983
1,1.0,1,3,1.6,2.2,0,7,8.5,HR,Female,1.724550719534605,1.4546269990988752,0.2699237204357299,-0.15418850720709876,-0.05121045174286043
6,0.2857,1,3,3.0,3.3,0,37,19.4,Product,Male,3.912023005428146,3.874170170510434,0.03785283491771185,0.09357369332911789,-0.004831189386825412
1,1.0,1,4,3.5,4.3,0,6,19.5,Marketing,Male,1.780024213009634,1.908969065494717,-0.12894485248508292,0.10596277795753645,0.017467087458169408
2,0.4,1,3,3.2,2.4,0,29,9.0,Legal,Male,2.4060438013622756,2.2611677874591964,0.14487601390307914,0.10517155030576524,-0.04527270814902159
2,0.2857,1,3,4.2,3.7,0,13,16.1,Product,Female,2.2905125117597764,2.331289171528172,-0.04077665976839562,-0.14657023425817425,0.022046012736655792
4,0.2857,1,2,3.8,3.4,0,1,5.1,Customer Support,Female,3.121483478859551,2.8804682892928564,0.24101518956669477,-0.1479443919291304,-0.006039118275095731
3,0.375,2,2,3.8,2.8,0,7,12.2,Data Science,Female,2.5128460184772416,2.5403173917822657,-0.027471373305024027,-0.1330495078376631,-0.029073520617837682
1,0.5,3,4,4.9,4.6,0,3,12.0,Product,Male,2.2915241456346207,1.9892731268564106,0.30225101877821015,0.10850531598043886,0.03387268699307028
5,0.2778,2,1,3.9,4.2,0,30,9.7,Legal,Male,3.868280082480227,3.6939279073272635,0.17435217515296353,0.10472115226516447,0.029773276644183902
2,0.3333,3,4,2.9,3.5,1,6,10.9,Finance,Male,2.063058062429312,2.1514335370373643,-0.0883754746080525,0.10228060018028955,0.006545813231096949
5,0.3846,1,3,5.0,3.5,1,70,13.9,Product,Male,3.5040547671018634,3.4936680015427304,0.010386765559132982,0.096369480360045,0.006080743424003652
3,0.75,3,4,4.7,4.3,0,67,7.3,Customer Support,Female,2.0255131996542803,2.071541366262573,-0.046028166608292675,-0.14598754359209082,0.027067580670458512
2,0.6667,1,2,3.0,3.7,0,1,11.2,Legal,Male,2.599722324216582,2.291858953585526,0.30786337063105584,0.10028718219543273,0.015759453179514663
2,0.5,2,4,4.4,3.9,0,4,8.6,Operations,Male,1.9810014688665833,2.190993567032706,-0.20999209816612252,0.1055684770027731,0.00857513673094606
4,0.4444,3,4,3.3,3.3,0,6,11.8,Legal,Male,2.9806186357439426,2.8408479025694664,0.1397707331744762,0.1043071075153413,-0.006925062939241319
6,0.2,1,4,2.6,4.0,0,26,5.7,HR,Male,3.912023005428146,3.891360095902146,0.02066290952600003,0.07256321461006916,0.015234537018097759
3,0.3,3,2,3.7,3.3,0,38,7.4,Customer Support,Female,2.5209170873110334,2.384760028471209,0.13615705883982443,-0.1538986651177143,-0.009824789111182957
1,0.1667,1,4,3.4,3.4,0,1,15.6,Marketing,Female,1.6695918352538475,1.7936953212236961,-0.12410348596984866,-0.15060302287801278,-0.00457467825434918
1,0.3333,3,3,2.8,4.6,0,45,9.7,HR,Male,1.7509374747078,1.826837308873357,-0.07589983416555701,0.09891948364093874,0.02413873786097961
2,0.5,3,3,2.1,4.7,0,1,11.3,Engineering,Male,2.1186622548331173,2.130128133591732,-0.0114658787586146,0.09994221030893925,0.0407816745794139
1,0.3333,1,3,4.3,4.1,0,11,8.7,Data Science,Female,1.840549633397487,1.9712755799541106,-0.13072594655662373,-0.14643692282420379,0.029039989586078712
1,0.3333,2,4,3.1,2.6,0,26,12.2,Finance,Male,1.9919755158985601,1.8752633293804344,0.11671218651812576,0.09972473782776352,-0.02967543329449603
3,0.2727,2,3,2.8,2.7,0,7,22.0,Marketing,Male,2.7960610784249234,2.6923796998969713,0.103681378527952,0.11218436179352985,-0.03372422789661268
1,1.0,1,1,3.3,3.6,0,1,11.8,Finance,Female,1.6863989535702288,1.8867265384331198,-0.20032758486289093,-0.1348734783973964,0.013314007666144814
3,0.375,2,4,4.2,3.6,0,7,19.1,Sales,Male,2.698673039289613,2.597414523905158,0.10125851538445518,0.09767632285735629,0.006124682210169492
2,0.2857,1,4,3.4,2.8,0,1,11.5,HR,Female,2.1447610078004784,2.0650581403710992,0.07970286742937915,-0.15420617086454808,-0.03175209390247013
3,0.5,3,4,3.5,1.9,0,33,11.4,Data Science,Female,2.2364452904895007,2.1387742945840342,0.09767099590546646,-0.14532753434739754,-0.08701575177943828
2,0.6667,2,3,4.1,3.5,1,61,11.9,Data Science,Male,2.4655539212721855,2.3906198700462333,0.0749340512259522,0.10322550998736439,0.007605345979483316
1,0.2,1,3,2.6,3.1,0,37,7.6,Operations,Female,1.6544112780768316,1.7398340767217784,-0.08542279864494673,-0.1477010368822282,-0.007221458597472967
4,0.4444,1,4,2.8,3.5,1,1,22.4,Marketing,Male,2.87976009730157,2.9167315144694896,-0.03697141716791963,0.09738561289151339,0.0021903790306597487
1,0.1429,2,3,4.3,3.5,1,12,8.0,HR,Male,2.2607208888953467,2.0951212532673793,0.16559963562796742,0.1067970764227494,0.0023739532935478794
1,0.5,2,3,3.7,2.8,0,6,7.0,HR,Female,1.5933085305042167,1.6293100681353692,-0.036001537631152436,-0.13729554852105524,-0.022482006857122008
3,0.3,3,4,3.2,3.4,0,45,13.4,Legal,Male,2.611539300721366,2.632143168986136,-0.020603868264769787,0.10933975491375325,-0.0007505977032874067
4,0.3077,1,4,3.6,3.7,0,3,10.1,Data Science,Male,3.067587710654419,3.2421063684675135,-0.1745186578130946,0.10265250970187129,0.012736567985919272
1,0.3333,2,4,4.0,2.9,0,28,15.3,Finance,Female,1.7263316639055997,1.7073346238825393,0.018997040023060352,-0.1361702651613779,-0.01639987203996133
1,0.1667,1,3,4.3,3.5,0,5,9.5,Legal,Male,2.172476407647025,2.243923510564917,-0.07144710291789202,0.11048012038454054,0.0017177668679626834
2,0.2857,2,3,4.9,3.5,0,6,5.6,Customer Support,Male,2.344686269012681,2.366119327298702,-0.021433058286020934,0.10770092668638126,0.006960085593184669
4,0.3333,1,3,3.8,5.0,0,35,7.6,Operations,Female,2.9349201341572337,2.80824745018054,0.12667268397669362,-0.15104978380173342,0.04187623725244689
2,0.5,2,3,5.0,3.1,0,45,15.5,Sales,Male,2.5368663887187113,2.2756702621680587,0.2611961265506526,0.10297951502119014,-0.014978546362563348
6,0.3,2,3,2.8,5.0,0,48,24.1,Marketing,Male,3.6622787723167574,3.8107519316938907,-0.14847315937713335,0.09558950380393064,0.02651801177062878
2,0.4,3,3,2.1,3.9,0,3,9.9,Data Science,Male,2.6369121732688705,2.214340106826693,0.4225720664421777,0.09838689951703744,0.01896432365978246
2,0.5,3,3,3.4,3.8,0,50,15.9,Finance,Male,2.203869120054888,2.1797168045612736,0.024152315493614296,0.10173858963769429,0.011244601259828367
2,0.25,1,4,4.0,3.1,0,24,5.8,Operations,Female,2.254444717666111,2.185783901275954,0.06866081639015675,-0.14225736648378343,-0.01192968299284725
4,0.4444,1,4,3.4,4.0,0,16,27.6,Sales,Female,2.803360380906535,2.727938439072545,0.07542194183398987,-0.13660513767145882,0.02713063419883533
3,0.6,2,3,3.1,2.8,0,1,6.1,HR,Female,2.157559320943788,2.1381716892845515,0.019387631659236515,-0.1411891417450351,-0.03330013860935942
1,0.3333,1,3,2.7,3.8,0,10,7.3,Operations,Male,1.9754689512968577,1.9278931169061286,0.0475758343907291,0.1060076035768038,0.0035240720591456186
1,0.3333,2,2,3.3,3.2,0,4,13.3,Product,Female,1.9315214116032138,1.7848359276732595,0.14668548392995429,-0.1431779514785848,-0.012351612846953061
2,1.0,1,2,2.3,3.3,0,42,9.9,HR,Male,1.9300710850255671,2.1233432728986936,-0.1932721878731265,0.10424971179332285,-0.0012460611070189587
1,0.25,2,4,2.4,4.9,0,16,16.2,Marketing,Male,1.6863989535702288,1.9451910679564774,-0.2587921143862486,0.09929855644343903,0.0514341672604763
4,0.3333,1,1,2.7,3.5,1,64,9.9,HR,Male,3.2092294478163956,3.0820311364615844,0.1271983113548112,0.10396133716135196,0.0029162670176378584
2,0.3333,1,4,2.7,3.2,0,28,7.5,Operations,Female,2.265921108622454,1.9512804453227037,0.3146406632997505,-0.15277421769891175,-0.009856798489923532
1,0.25,3,4,5.0,3.0,0,6,14.0,Data Science,Male,2.1174596088673567,2.1105243255914687,0.006935283275887993,0.0967481024956749,-0.011158018962836537
2,0.4,2,3,4.8,2.9,0,3,32.2,Sales,Female,1.927164106234258,2.0369233158520323,-0.10975920961777441,-0.1367163939083961,-0.0221904734189029
6,0.3158,2,2,3.9,3.6,0,1,13.5,Engineering,Male,3.912023005428146,3.876608474472027,0.035414530956118906,0.09077254080802487,0.004798024147143059
3,0.3333,3,3,3.8,3.3,0,19,17.0,Sales,Male,2.772588722239781,2.5644764460236766,0.2081122762161045,0.10604767708379198,-0.012551329240971904
1,0.5,3,1,3.1,3.6,0,28,6.6,Operations,Female,1.6331544390514163,1.6874188399096548,-0.05426440085823847,-0.14254076323571915,0.010166557688764273
1,1.0,3,4,3.6,3.5,0,3,17.3,Sales,Male,1.8453002361560848,1.7431091274190882,0.10219110873699666,0.10441502310153716,0.006149822480563757
2,0.2857,2,4,3.9,2.7,0,33,7.0,HR,Male,2.3523271848888596,2.319149506601967,0.033177678286892665,0.10925909747175816,-0.021788025501659355
1,0.1667,2,4,4.5,2.6,0,19,15.5,Finance,Female,1.9080599249242156,1.8327667568785229,0.07529316804569275,-0.14061579932408,-0.027080686878779067
2,0.3333,3,3,4.4,4.2,0,17,16.5,Finance,Male,2.4300984132930052,2.334918146959353,0.09518026633365206,0.09847143142323551,0.035486722923654124
2,0.5,1,4,2.4,5.0,0,1,8.2,Engineering,Male,2.341805806147327,2.283429678357646,0.05837612778968104,0.09980609703766062,0.04048070987589091
2,0.4,1,3,3.4,3.5,1,10,10.6,HR,Male,2.4336133554004498,2.284551560027341,0.14906179537310882,0.10748897102923846,0.005174102629831953
1,0.3333,2,4,4.8,3.1,0,17,6.7,HR,Female,1.8115620965242347,1.6821396867904035,0.12942240973383123,-0.14165610311816523,-0.011147227319868865
1,0.3333,3,2,2.8,3.0,0,30,11.4,HR,Male,1.8625285401162623,1.889884478579912,-0.0273559384636497,0.09960744847904489,0.00010874522430704339
2,0.4,1,1,3.4,4.4,0,66,22.8,Marketing,Male,2.488234439880675,2.429603534179511,0.058630905701163805,0.10453407463685349,0.034920416164616705
3,0.2727,2,4,2.9,2.5,0,4,19.6,Marketing,Male,2.744060638625243,2.6999671165608583,0.04409352206438477,0.10946939275361652,-0.03891365658441754
1,0.25,1,3,3.9,3.5,1,11,12.3,Product,Male,2.2617630984737906,2.1560532493952573,0.10570984907853331,0.1069485642302279,0.0031738696353983613
1,0.5,3,3,3.4,3.4,0,35,12.4,Finance,Female,1.506297153514587,1.6253126425592346,-0.11901548904464754,-0.13654657685185062,0.001194789143743127
4,0.4444,1,1,2.5,4.6,0,15,23.8,Marketing,Male,3.092405160814252,3.0492038542183795,0.04320130659587251,0.09907770832604207,0.02188859712343487
1,0.1429,1,4,4.7,3.4,0,4,12.6,Engineering,Male,2.543961412569315,2.3117108206119292,0.23225059195738584,0.10572590186635432,-0.005656662989138982
4,0.3077,2,3,3.2,2.5,0,50,19.5,Marketing,Male,2.963209081848431,3.000715794488627,-0.03750671264019578,0.10829623237677927,-0.041439671430383206
2,0.3333,2,3,2.7,3.6,0,23,7.6,Customer Support,Male,2.343727036325221,2.175088074535449,0.1686389617897719,0.10753679686525795,0.012367862783598933
3,0.3,3,4,2.7,2.8,0,23,8.5,Operations,Male,2.453587966530573,2.57117822033657,-0.11759025380599697,0.11155541322080283,-0.026529433799162585
1,0.2,1,3,4.1,3.2,0,5,30.8,Sales,Female,2.0268315914075385,1.8531079746962322,0.17372361671130632,-0.14726627411167476,-0.01102732658079108
2,0.4,3,1,4.1,3.3,0,49,19.2,Sales,Female,1.9080599249242156,2.087432858017321,-0.1793729330931053,-0.1438926698809004,-0.012288611151280444
2,0.3333,1,1,2.9,2.1,0,15,10.4,Data Science,Male,2.4159137783010487,2.515957917118446,-0.10004413881739715,0.10484270133211852,-0.06708186795103707
3,0.75,1,3,3.3,4.6,0,16,11.4,Finance,Female,2.280339484046726,2.3141865834937194,-0.03384709944699349,-0.14478894006290408,0.03324500944749029
1,0.3333,1,4,3.8,4.4,0,5,17.1,Marketing,Male,1.8764069432883397,2.0358633427006585,-0.15945639941231882,0.10512188495349614,0.029819444858760133
6,0.3,2,2,4.4,2.8,0,20,14.3,Engineering,Male,3.912023005428146,3.895538465738982,0.016484539689163746,0.0853894226182012,-0.020261265274663116
1,0.3333,2,1,4.5,3.2,0,29,13.5,Marketing,Male,1.472472057360943,2.1367096522491256,-0.6642375948881825,0.10461351485090915,-0.008456944118229165
2,0.2857,2,3,3.3,3.7,0,35,13.1,Marketing,Female,1.965712776351493,2.081416078368903,-0.11570330201740986,-0.1517515956807372,0.02048235947937082
1,0.3333,1,4,2.4,3.9,0,21,5.4,Operations,Female,1.6034198401085373,1.6203757701118435,-0.016955930003306197,-0.1470964923322986,0.011714909054035416
3,0.3333,2,3,3.2,3.3,0,15,7.1,Customer Support,Male,2.444084655267745,2.5356131517796436,-0.09152849651189854,0.10665482242681713,-0.013316038051463553
1,0.2,1,2,4.4,2.5,0,21,7.2,Customer Support,Female,1.8325814637483102,1.903481623561281,-0.07090015981297082,-0.15140249289105073,-0.022393572775518438
2,0.5,3,2,3.6,4.7,0,13,31.7,Sales,Male,2.474856313934499,2.245720787337051,0.22913552659744774,0.10430240325452474,0.03301357094629529
2,0.3333,1,3,3.5,3.5,1,1,11.5,Data Science,Female,2.336019869080283,2.239165944551743,0.09685392452854025,-0.14652292275142823,0.009295019239838756
3,0.3333,2,2,2.5,4.2,0,41,15.5,Product,Male,3.0091419604639085,2.7234038503952047,0.28573811006870375,0.10928171017142613,0.035514091153324844
2,0.4,1,4,4.6,3.5,0,8,7.4,Operations,Female,2.2428350885882717,2.0322527878327468,0.21058230075552498,-0.14918033640529632,0.0026937018691740753
3,0.3333,1,3,4.4,2.7,0,26,6.7,Customer Support,Female,2.135349173618132,2.4321457749470414,-0.2967966013289094,-0.14934827012863794,-0.02037443938940311
1,0.3333,2,3,2.9,2.5,0,1,14.3,Finance,Female,1.6505798557652755,1.667367592855551,-0.016787737090275368,-0.13579864980846343,-0.03299411856206486
1,0.1429,2,2,1.9,3.4,0,9,8.8,Legal,Male,2.136530508663963,2.11188735731066,0.024643151353302972,0.10836181569050449,-0.0012577664463801063
6,0.2609,2,2,2.2,3.5,0,30,33.9,Sales,Female,3.8258113086090804,3.760757939983985,0.06505336862509514,-0.11436238983351785,0.0035008118064527925
6,0.2857,1,3,4.0,3.8,0,30,30.8,Sales,Female,3.8617817889913995,3.7035149683289807,0.1582668206624187,-0.12196020713661776,0.005424391949847813
1,0.3333,2,2,3.6,3.5,1,16,8.8,Data Science,Male,2.0255131996542803,2.125485625643246,-0.09997242598896561,0.09893596833479604,0.003283934325737177
2,0.25,1,3,3.0,3.5,1,10,10.9,Legal,Male,2.556451816951096,2.415367038890926,0.14108477806017028,0.09419956867191784,0.01025328404614258
4,0.25,1,3,3.0,3.0,0,36,9.9,Data Science,Male,3.3028492586443794,3.2320388531621687,0.07081040548221074,0.09559055892802998,-0.003562230790214149
1,0.1667,2,4,2.9,3.4,0,62,16.9,Finance,Male,2.0399207835175526,2.0506172514214054,-0.010696467903852813,0.10102983097965827,-0.0009678090111349368
1,0.25,2,2,3.9,5.0,0,3,11.2,Engineering,Female,2.064327903869788,2.062178257258704,0.0021496466110839663,-0.12595940612491888,0.05320105769426576
1,0.5,3,2,4.6,3.5,0,65,9.8,Engineering,Female,1.9315214116032138,1.8087849677318675,0.1227364438713463,-0.13426863482494386,0.004228003931215203
1,1.0,1,4,4.1,4.0,0,5,9.8,Operations,Male,1.7900914121273581,1.9152089080901347,-0.12511749596277655,0.11173465351127408,0.01156428067869819
3,0.6,1,3,2.5,3.1,0,28,16.8,Finance,Male,2.4344901638739844,2.4877068825028403,-0.05321671862885591,0.10670961975879567,-0.010219594372398014
2,0.2857,3,3,3.4,3.4,0,20,5.8,HR,Female,2.1815467646169897,1.9956139225550262,0.18593284206196348,-0.1518122972000186,0.002522294523734215
1,0.3333,3,3,3.9,3.3,0,4,7.7,Customer Support,Male,1.7698546338400052,1.8167436818743647,-0.04688904803435956,0.10174886732907487,-0.011534850890819891
3,0.3333,2,3,2.7,3.6,0,3,5.6,Operations,Female,2.349468678892896,2.284123930186843,0.06534474870605322,-0.15202053065776497,0.008305627337802839
1,0.3333,1,3,2.5,3.5,1,7,9.4,HR,Male,1.925707441737794,1.9009858160831032,0.024721625654690715,0.1060082256810711,0.005035777133195822
3,0.3333,1,4,3.9,2.3,0,38,18.7,Marketing,Female,2.3664984187376983,2.417846037616872,-0.051347618879173496,-0.15570027203997733,-0.05623413033011693
4,0.5,2,3,4.5,2.5,0,24,14.2,Product,Female,2.4612967841488667,2.6316961173549025,-0.17039933320603584,-0.15061509657039152,-0.027820869872628325
1,0.3333,1,4,4.1,3.9,0,5,6.1,HR,Female,1.7263316639055997,1.7429237921315677,-0.016592128225968006,-0.14705090799862786,0.012336629730198475
6,0.25,3,3,3.4,2.4,0,1,30.1,Sales,Male,3.902982260775997,3.7606440671422425,0.14233819363375444,0.08064604735054703,-0.030701647880255593
5,0.3125,1,2,4.7,3.5,1,8,5.6,Customer Support,Male,3.5333945512735414,3.4406705367328416,0.09272401454069978,0.10088926814519997,0.0031649984489141277
1,0.5,2,3,4.1,3.5,0,21,8.4,Legal,Female,1.7404661748405046,1.6955142407180697,0.04495193412243492,-0.14444456064672084,0.004881210036662238
3,0.2727,3,4,3.1,4.6,0,4,7.8,Customer Support,Male,2.6864860231863696,2.6685388147466993,0.017947208439670348,0.10733527963592415,0.04140828259161873
3,0.3333,1,2,3.9,3.3,0,5,16.3,Marketing,Male,2.8449093838194073,2.7820141768938123,0.06289520692559503,0.11075784890535229,-0.012631782044170052
3,0.5,3,2,4.2,4.4,0,19,14.7,Finance,Male,2.4832385926873033,2.5607449048234763,-0.07750631213617298,0.10062274787533221,0.029857773070283648
2,0.4,3,2,3.5,5.0,0,15,13.7,Legal,Female,2.0438143640366846,2.0347421680610496,0.009072195975635022,-0.14689963293552935,0.053195162042243685
1,0.5,2,4,4.2,4.5,0,12,17.5,Product,Male,1.9286186519452522,2.006845367929143,-0.07822671598389075,0.10696824212557232,0.02559948412226696
2,1.0,1,4,3.8,3.5,0,2,12.6,Finance,Female,1.890095369948917,1.9874994705595177,-0.09740410061060079,-0.1433054748383364,0.006132944524761129
4,0.3636,3,3,2.9,4.2,0,8,17.2,Product,Male,2.905807566026004,3.0098737561472406,-0.10406619012123652,0.10375227423367642,0.03988777876654017
2,0.5,2,3,3.2,3.5,1,1,8.8,Legal,Male,2.238579763018133,2.191134576426487,0.047445186591646316,0.10104738278221485,0.010727837963813467
3,0.2,2,1,3.8,4.3,0,7,11.5,Engineering,Male,3.2402458506043934,3.1309682894727686,0.10927756113162479,0.10256006698092739,0.0336650834188008
2,0.2,2,3,3.7,3.7,0,9,30.9,Sales,Male,2.542389085201363,2.4295749196935095,0.11281416550785339,0.09754278721604658,0.013280003950631131
1,0.5,2,3,2.7,3.5,1,6,12.7,Product,Female,1.766441661243765,1.666964765198101,0.09947689604566401,-0.14703207189875905,0.00931294406341765
2,2.0,1,3,4.1,3.9,0,16,16.3,Sales,Female,2.012232791986386,1.953572183554497,0.058660608431888805,-0.14807615251245562,0.020460790375185993
2,0.5,2,2,3.7,3.5,1,8,10.8,Product,Male,2.3978952727983707,2.360181931602153,0.03771334119621761,0.10646486804551619,0.007797551751322701
2,0.2857,3,3,3.3,3.9,0,15,11.1,HR,Male,2.277267285009756,2.283113931681153,-0.005846646671396893,0.107421430295082,0.01824844022183067
4,0.2353,1,3,2.9,2.6,0,6,16.8,Product,Male,3.3414473772563813,3.206737731759061,0.13470964549732045,0.09617186100427019,-0.04505440006576923
2,0.6667,1,4,3.3,4.4,0,66,12.0,Engineering,Male,2.281361456542419,2.3584506928843685,-0.07708923634194953,0.09975764774235968,0.04049366409374002
1,0.2,3,1,3.8,2.2,0,13,13.9,Engineering,Male,2.167910189667444,2.193934440708711,-0.026024251041266933,0.10401489834721128,-0.049012778863329984
2,0.25,1,3,3.8,3.7,0,1,14.1,Product,Male,2.4449523342809676,2.5280250216170845,-0.08307268733611695,0.10052742477548192,0.017622911657850897
3,0.375,3,3,2.7,2.9,0,37,11.0,Data Science,Female,2.3711778844596574,2.3727631179514996,-0.0015852334918422528,-0.13580153569301393,-0.018215599010718845
3,0.6,1,1,3.6,2.9,0,14,9.2,HR,Male,2.5855058483441162,2.6880981052053343,-0.10259225686121809,0.1075852395189486,-0.009014458636081503
2,0.4,2,3,4.1,3.5,1,11,11.9,HR,Male,2.510411940196362,2.253726271274609,0.25668566892175315,0.10353002016857155,0.002889612403146239
2,0.5,1,3,2.9,2.9,0,4,8.4,Data Science,Female,2.096790180014449,2.0823339256338875,0.014456254380561528,-0.13643855041138878,-0.019615157156739796
1,0.3333,2,4,3.7,3.4,0,8,17.8,Finance,Female,1.5260563034950492,1.6852750791292546,-0.1592187756342054,-0.13563082817000716,-0.003915141364709532
2,0.6667,1,2,2.3,3.8,0,6,13.1,Legal,Male,2.359910159613315,2.235217906046655,0.12469225356666014,0.1018865838779827,0.0075922923801390665
4,0.2857,2,3,3.3,4.8,0,6,5.8,Customer Support,Male,2.9486406660201405,3.0446454707478354,-0.0960048047276949,0.10784787838565371,0.03363819242705838
2,0.2857,2,3,4.1,4.6,0,10,7.8,Operations,Male,2.3233676321765744,2.407383552158544,-0.08401591998196967,0.10847935214388296,0.032386620533049304
3,0.3,1,2,3.5,3.0,0,10,9.7,Customer Support,Male,2.5817308344235403,2.810204446136333,-0.22847361171279257,0.11173844538108738,-0.005984260728542444
2,0.4,3,4,4.5,4.4,0,1,9.9,Data Science,Male,2.2082744135228043,2.4126393999709506,-0.20436498644814627,0.09889838764834911,0.044410575246388
1,1.0,1,3,3.7,3.3,0,13,15.0,Product,Female,1.7119945007591924,1.7153298604891094,-0.0033353597299170534,-0.15445015725339614,-0.006786342085908143
2,0.3333,1,3,4.3,3.5,0,14,34.7,Sales,Male,2.5726122302071057,2.434263873904485,0.13834835630262088,0.10540605923340338,0.0058021538459539996
4,0.3077,1,4,3.3,2.6,0,9,10.0,HR,Female,2.6693093727857793,2.778219112091623,-0.1089097393058438,-0.1465013720784432,-0.036222388946353934
4,0.2667,2,3,3.8,3.5,0,18,11.4,Product,Male,3.0652583362026014,3.217361060908136,-0.15210272470553443,0.11030035987681525,0.0010735219041439887
2,0.3333,2,3,3.2,2.9,0,45,17.8,Marketing,Female,1.927164106234258,1.9448631847237223,-0.017699078489464393,-0.14837590017703434,-0.022196028937074903
2,0.6667,1,3,3.7,3.5,1,1,20.1,Marketing,Male,2.344686269012681,2.283510100487422,0.061176168525258756,0.11186662017577004,0.009758719412287942
3,0.375,3,2,3.2,3.0,0,38,8.8,Legal,Male,2.543961412569315,2.5995495904210513,-0.0555881778517362,0.10479923270450804,-0.00745576568538703
1,0.3333,1,3,2.6,2.0,0,13,22.4,Marketing,Male,1.6620303625532709,1.8594574635270662,-0.19742710097379534,0.107484788702035,-0.06020150265929155
6,0.2727,2,4,4.3,3.5,1,17,13.3,Data Science,Male,3.912023005428146,3.9080623453110803,0.00396066011706564,0.09081282215001772,0.00041747322555093873
6,0.2,1,3,3.5,3.9,0,9,5.2,Customer Support,Female,3.884651808632014,3.802112363528818,0.08253944510319622,-0.10408620677875476,0.01423458449811219
1,0.3333,1,3,3.8,4.5,0,8,9.9,Customer Support,Female,1.6428726885203377,1.7715663787812121,-0.1286936902608744,-0.1444325540454327,0.03272851023832424
1,0.1429,2,3,2.6,3.9,0,82,9.8,Legal,Male,2.1471001901536506,2.0897183518955678,0.05738183825808285,0.10414804963662917,0.012099767248741162
4,0.3636,1,4,3.0,2.8,0,23,11.5,Finance,Female,2.805176911832933,2.7411943236922074,0.06398258814072566,-0.14223398080015878,-0.02704489139927053
2,1.0,3,3,4.2,4.4,0,32,14.8,Product,Male,2.427454075039915,2.2020119630826187,0.22544211195729646,0.11002296303757739,0.025805085244548748
3,0.3333,2,3,3.2,4.6,0,18,13.8,Finance,Male,2.681706225762608,2.6653966937398015,0.016309532022806383,0.10678369886090958,0.03836794972958732
6,0.3529,1,3,4.1,2.5,0,5,10.1,HR,Female,3.425239376142393,3.5798668769394135,-0.15462750079702037,-0.12152272322543223,-0.01839123422016428
2,0.2857,1,3,2.9,3.5,1,54,9.8,Customer Support,Male,2.167910189667444,2.3459910156478796,-0.17808082598043562,0.10713244721610499,0.00797837901728927
4,0.3333,2,3,3.5,4.2,0,48,19.5,Marketing,Male,2.6304489550786583,3.014554626210927,-0.3841056711322688,0.10790753885313753,0.037266178505296774
1,0.25,2,3,3.9,3.5,1,7,9.0,Engineering,Male,2.017566137961748,2.101172171654326,-0.08360603369257769,0.09595473012313303,0.0025811847599282144
4,0.4,2,2,4.5,4.7,0,8,16.6,Product,Male,3.1467351470905185,3.141435455443441,0.005299691647077331,0.10021562986527811,0.033110142748543216
2,0.5,2,3,5.0,3.4,0,2,10.2,HR,Female,1.8625285401162623,1.9831546979622967,-0.12062615784603437,-0.14595767907885185,-0.00010141342033501137
1,0.5,2,3,4.7,3.9,0,13,13.9,Data Science,Male,2.0693912058263346,2.0517798665271902,0.01761133929914438,0.10184823212412958,0.005888818337161786
5,0.2778,1,2,5.0,3.6,0,31,9.1,Customer Support,Male,3.718680945350726,3.582707365568658,0.13597357978206803,0.10301491657801824,0.00704184214287911
4,0.2222,1,3,3.6,2.5,0,39,8.6,HR,Female,3.0257763949023677,2.982901778601331,0.04287461630103673,-0.13590129142101365,-0.032392256593211904
2,0.3333,2,2,2.4,3.0,0,1,8.1,Legal,Male,2.105352923464337,2.23134595182315,-0.12599302835881332,0.10666629477831188,-0.008567985646709814
3,0.2727,2,4,4.4,4.6,0,8,7.0,Operations,Male,2.911263116927541,2.8063801778614272,0.10488293906611368,0.10924865547924396,0.03819789635017215
1,0.3333,1,1,3.3,3.5,0,8,15.4,Sales,Female,2.0541237336955462,1.9261326413927102,0.127991092302836,-0.1436454163297097,0.0010361989957815426
1,0.1429,2,3,2.4,3.1,0,1,13.6,Engineering,Female,2.086913556518537,1.8546376826749067,0.23227587384363035,-0.13911128481858032,-0.012700968201925053
5,0.3125,1,2,4.0,3.2,0,1,26.9,Sales,Female,3.3072529354856135,3.3629227259038856,-0.055669790418272136,-0.12909236419094328,-0.004383172643177658
1,0.3333,1,3,3.9,3.5,1,15,24.8,Sales,Male,1.958685340544036,2.040502339963462,-0.08181699941942577,0.10494630324175123,0.0020091026061731954
3,0.6,1,4,3.7,3.6,0,6,5.8,Operations,Female,2.2700619012884857,2.23059038907964,0.039471512208845816,-0.14968132873945605,0.010296167118116355
3,0.3,2,3,3.4,3.2,0,13,15.1,Product,Female,2.5718485799218085,2.4557243474045958,0.11612423251721271,-0.15384174414537216,-0.013722255343681206
2,0.6667,1,2,4.0,3.8,0,4,28.8,Sales,Male,2.3456445824544927,2.3858795837846434,-0.04023500133015068,0.10218545739411097,0.00855530341156175
1,0.5,3,1,3.9,3.1,0,96,5.3,Customer Support,Female,1.506297153514587,1.681888502095081,-0.17559134858049386,-0.14468373322639147,-0.005149191032378338
1,2.0,2,3,2.6,2.2,0,5,11.9,Engineering,Female,1.5953389880545987,1.5223708537778786,0.07296813427672011,-0.14420656596115913,-0.059223079990109555
2,0.5,2,3,2.8,3.0,0,11,7.8,Customer Support,Male,1.9671123567059163,2.0719624010299493,-0.104850044324033,0.10481801202019814,-0.008790430959588072
3,0.3,2,3,4.0,3.5,1,28,7.2,Customer Support,Male,2.66374994220563,2.6759493620590518,-0.012199419853421656,0.10750063854261785,0.001142676597132294
2,0.5,1,1,3.9,3.8,0,10,8.5,Customer Support,Male,2.174751721484161,2.341983166852827,-0.16723144536866608,0.10799779967952794,0.006504228270953915
4,0.3077,1,3,3.3,4.0,0,1,23.8,Sales,Female,2.9575110607337933,2.9325409706470267,0.02497009008676665,-0.1449525212748027,0.04100181786550514
2,0.4,2,3,2.3,3.5,1,13,14.5,Engineering,Male,2.1701959049483,2.2320234847807,-0.06182757983239995,0.09940230368299231,0.008789759970083598
3,0.3333,1,3,2.9,2.4,0,4,9.7,Data Science,Female,2.5273273656719524,2.490566680039773,0.03676068563217916,-0.14593038282404888,-0.05201295879405838
1,0.5,1,3,3.3,2.4,0,1,15.9,Product,Male,1.8180767775454285,1.9905833217760278,-0.1725065442305993,0.10923086009802761,-0.041341395219599675
1,0.1429,1,2,3.4,3.7,0,28,12.2,Data Science,Male,2.485739636091892,2.4007478425730437,0.08499179351884845,0.10428237184835908,0.011873265300497966
1,0.25,3,4,3.7,3.2,0,7,10.6,Engineering,Male,2.0241930674493576,1.9804719175483205,0.04372114990103704,0.09447847593622742,-0.014765745998478977
1,0.1667,1,3,4.1,3.0,0,33,8.3,Legal,Male,2.3988039507345884,2.228354905881517,0.17044904485307155,0.11049347273850595,-0.006822529608896941
2,0.5,1,4,3.2,4.0,0,20,15.2,Marketing,Female,1.965712776351493,1.9807852013710747,-0.015072425019581726,-0.14478502538162313,0.02783714916083978
4,0.2353,1,2,3.3,3.8,0,24,14.1,Product,Male,3.512440560478137,3.3430912489149764,0.16934931156316058,0.0970379298697523,0.011380276275780078
2,0.4,1,4,3.4,3.5,1,16,12.5,Finance,Male,2.225704048658088,2.3324359870897364,-0.1067319384316483,0.10174955998183276,0.0048382697803308105
2,0.6667,2,3,3.7,3.3,0,21,15.4,Sales,Female,2.179286876649552,1.9199592389845341,0.25932763766501776,-0.14734236464123185,-0.012980674421304064
2,0.6667,2,4,4.5,3.5,0,62,16.5,Marketing,Female,1.9286186519452522,1.966151141425313,-0.03753248948006083,-0.1494358919550247,0.00692581620844318
1,0.25,2,3,3.2,3.5,1,15,12.8,Finance,Female,1.9685099809725544,1.7980143504107537,0.17049563056180062,-0.13333625362138693,0.0035463187578312024
3,0.6,2,3,2.9,3.0,0,44,11.7,Finance,Female,2.3608540011180215,2.20976493352054,0.15108906759748164,-0.14340212970164798,-0.007295194510816443
1,0.1429,2,4,3.5,3.2,0,1,24.2,Sales,Female,1.840549633397487,1.7704975275349097,0.07005210586257715,-0.14301083762284209,-0.011040419990520484
5,0.3846,2,3,3.9,3.5,1,1,8.2,HR,Male,3.2228678461377385,3.2221853507622287,0.0006824953755097951,0.0945527742322128,0.0013885559227146526
1,1.0,1,2,4.2,2.2,0,9,11.5,HR,Male,1.979621206397625,2.0200827584991203,-0.04046155210149527,0.10899821233986787,-0.031877046093166286
3,0.75,2,1,2.0,2.8,0,34,5.3,Operations,Male,2.4706386779902956,2.446517683344918,0.024120994645377536,0.11380054261084395,-0.023905847795159918
1,0.5,3,3,4.1,4.2,0,18,14.4,Data Science,Male,1.9487632180377197,1.9784437532900436,-0.029680535252323947,0.10236041606601978,0.025545926331618785
3,0.3333,2,3,2.8,4.5,0,2,19.0,Sales,Male,2.7232671669070703,2.6036241436087733,0.11964302329829701,0.10629283564292376,0.034627262906794666
5,0.1923,1,3,2.9,2.7,0,12,17.0,Product,Male,3.8422441108202294,3.817782243956498,0.02446186686373153,0.08382483781775313,-0.03420308145351713
2,0.4,3,1,2.5,4.8,0,4,5.8,Customer Support,Male,2.305580601973844,2.1790967713602094,0.12648383061363466,0.1060928689770527,0.03544936401428363
2,0.5,1,2,5.0,3.3,0,41,8.0,Engineering,Male,2.641910398597665,2.51707776669272,0.12483263190494487,0.09895344171636176,-0.0072782046644931314
4,0.2857,1,3,3.4,3.5,1,62,18.1,Marketing,Male,3.2947251371516386,3.1277144636709093,0.1670106734807293,0.10613393699252835,0.004044358661044837
2,0.6667,3,2,3.7,3.0,0,27,14.3,Legal,Female,1.9110228900548727,1.8758439438483467,0.03517894620652595,-0.15205884300105288,-0.005561746037520553
2,0.5,3,3,3.8,4.6,0,42,6.6,Operations,Male,2.2071749081893874,2.140233926635392,0.06694098155399564,0.11091284166649615,0.03297858725953385
2,0.5,2,2,3.1,3.2,0,9,9.6,Data Science,Male,2.3504224224082058,2.3520469363719214,-0.001624513963715657,0.09760027264054998,-0.008668570896699911
2,2.0,2,3,3.5,3.3,0,27,17.0,Product,Female,1.9387416595767009,1.813140457236816,0.12560120233988492,-0.15337986541961976,-0.017897757572928618
3,0.375,3,3,3.5,4.3,0,1,14.3,Legal,Female,2.4865719291070616,2.3642759685626005,0.12229596054446112,-0.14298517517182352,0.05081193967610859
1,0.25,1,3,3.2,5.0,0,28,11.5,Data Science,Female,2.081938421878423,2.0285116943416677,0.05342672753675526,-0.13543988678081761,0.059369261535590905
2,0.25,1,3,3.4,3.2,0,14,13.9,Marketing,Male,2.604909442182697,2.3999971536955633,0.2049122884871335,0.10412498445422572,-0.015497333679389635
1,0.3333,1,3,2.9,2.7,0,11,10.8,Data Science,Male,2.048982334195127,2.086447574137904,-0.03746523994277684,0.10245029479943908,-0.029273432768821758
1,0.5,1,2,3.0,4.2,0,15,22.0,Sales,Male,1.9740810260220096,2.0250451544968104,-0.05096412847480081,0.09801728143081477,0.018450897668945913
1,0.5,3,3,3.5,3.9,0,14,6.7,Operations,Male,1.7950872593207297,1.789282320698423,0.005804938622306688,0.10354916196378741,0.004143970130368779
3,0.6,1,3,2.3,3.1,0,14,18.7,Product,Female,2.3513752571634776,2.2542980267822874,0.0970772303811902,-0.15426314283408726,-0.011517286305144364
3,0.3,2,3,2.7,4.0,0,17,14.9,Data Science,Female,2.4595888418037104,2.532220374770813,-0.07263153296710279,-0.14460720971653973,0.03338802328946521
6,0.24,2,3,2.5,3.3,0,23,12.3,Data Science,Male,3.882182163417125,3.889166574235476,-0.0069844108183509945,0.07526819519690695,-0.007505415734269242
6,0.3,1,3,5.0,3.5,1,2,13.5,Engineering,Female,3.740522687265775,3.8065290524333126,-0.06600636516753777,-0.12020621373770918,0.003179684699763773
5,0.2778,2,4,4.0,3.9,0,2,29.2,Sales,Female,2.9412760877579323,3.3142376526802595,-0.37296156492232724,-0.13186232747356208,0.014941140984178071
1,1.0,1,3,3.9,2.5,0,31,11.0,Finance,Male,1.9315214116032138,1.9606604626217659,-0.029139051018552076,0.10433767066411746,-0.022902065717815924
2,0.2857,1,4,3.1,5.0,0,11,14.9,Finance,Male,2.186051276738094,2.4295641750939367,-0.24351289835584256,0.10230538624875017,0.03362251228345601
5,0.25,1,2,2.5,3.4,0,1,12.6,Engineering,Male,3.7452597875500437,3.621674633751825,0.12358515379821888,0.091099424567754,-0.0028419236169702693
2,0.3333,3,4,3.4,3.3,0,5,12.7,Data Science,Female,2.1610215286722587,2.0055880275927267,0.15543350107953202,-0.14504692209519499,-0.017531062067070943
1,0.3333,2,1,2.6,4.0,0,3,12.9,Engineering,Male,2.194999882314108,2.135631155049501,0.05936872726460729,0.09734188492168161,0.029733783975587524
4,0.4,1,3,3.8,2.2,0,20,11.7,Product,Male,3.084200921541599,3.0627552125320245,0.021445709009574543,0.10410843368260134,-0.045399460758850256
2,0.5,2,3,1.6,2.8,0,20,8.0,HR,Male,1.9110228900548727,2.054148293957174,-0.1431254039023011,0.1053178907864227,-0.021005348497424168
3,0.6,2,3,3.7,3.6,0,4,16.3,Marketing,Female,2.303584593327129,2.2544626604645885,0.04912193286254052,-0.14525732614140807,0.012969277201302387
1,1.0,1,1,3.9,3.2,0,50,6.4,Customer Support,Female,1.7047480922384253,1.762655634617528,-0.05790754237910267,-0.14955658898863547,-0.0016596729998895042
3,0.3,3,3,3.5,3.3,0,17,14.3,Marketing,Male,2.578700529074361,2.623541124272168,-0.04484059519780681,0.11048768801967306,-0.012133824994282246
1,1.0,2,3,2.9,3.5,1,7,8.9,Customer Support,Male,1.7900914121273581,1.7401687604946696,0.0499226516326885,0.10304200931425224,0.00910466127711336
2,0.5,2,3,3.6,4.3,0,5,24.9,Sales,Male,2.4379897300002487,2.2584177626826376,0.17957196731761105,0.10222648060066364,0.03311943104105477
1,0.1667,3,3,3.6,4.5,0,62,9.4,Customer Support,Male,1.9416152247724325,1.9365780069207397,0.005037217851692866,0.10225781630628482,0.029847064904520007
4,0.4444,3,4,2.7,4.3,0,2,8.9,Data Science,Female,2.550226115908643,2.7190756245144803,-0.16884950860583725,-0.13584800200526845,0.03820194323787439
2,0.4,1,3,5.0,3.3,0,19,18.0,Finance,Male,2.5877640352277083,2.4283273512786847,0.15943668394902355,0.0992576869089738,-0.01345946138747739
4,0.4444,1,3,4.6,3.1,0,30,9.9,Operations,Female,2.9396908826703663,2.7296405066532032,0.21005037601716303,-0.13963165235192965,-0.007776571449347801
3,0.2308,2,3,3.2,3.7,0,15,9.2,Legal,Female,2.6803363625346943,2.587738186198651,0.09259817633604328,-0.1403403359366688,0.015749542330598075
3,0.25,1,2,4.9,3.6,0,12,21.3,Sales,Male,3.0996417369445024,2.9835566579128145,0.11608507903168785,0.10313708360572175,0.009429219924175893
2,0.25,1,3,4.6,2.8,0,32,9.9,Customer Support,Female,1.9878743481543455,2.188735119302887,-0.2008607711485415,-0.1419882201101809,-0.026358726488985594
2,0.5,2,4,3.7,3.5,1,33,22.9,Marketing,Female,1.9671123567059163,1.9226490231734785,0.04446333353243781,-0.15073648669212714,0.007605207734320879
3,0.3,2,3,2.5,3.5,1,3,13.8,Engineering,Male,2.787477334733532,2.719338300308184,0.06813903442534786,0.10493320004694244,0.004161553816318426
3,0.3333,2,3,4.1,2.6,0,17,10.3,Legal,Male,2.7985001040242823,2.6586492917162445,0.13985081230803775,0.10918282407163103,-0.027144380853899766
1,0.2,1,3,2.6,4.0,0,77,14.8,Legal,Female,1.5973653311998313,1.8778213574115519,-0.2804560262117206,-0.14274700598945259,0.02642146479613666
2,0.3333,1,3,2.2,4.9,0,6,8.2,Customer Support,Female,2.066862759472976,1.9676127420053204,0.0992500174676556,-0.15273806451789376,0.04489145520086544
4,0.5,1,3,3.6,3.3,0,44,13.8,Data Science,Female,2.822568654544802,2.7148426906228353,0.10772596392196654,-0.13858460571232095,-0.005242624883891969
5,0.4167,1,3,2.7,2.4,0,19,12.3,Product,Female,2.9528247725427144,3.0531322985000067,-0.10030752595729231,-0.12816791781412198,-0.041409943476364654
1,0.5,2,3,3.3,3.1,0,8,11.0,HR,Female,1.3962446919730587,1.6162375765272072,-0.21999288455414856,-0.13588038616182435,-0.011048917368823734
3,0.2727,1,3,3.7,3.5,1,4,22.6,Sales,Male,2.8075938314384716,2.8522959128337635,-0.04470208139529186,0.10779425846326235,0.0021954143317399256
2,0.2857,2,3,3.9,4.1,0,4,25.0,Sales,Female,2.1174596088673567,2.192165593986443,-0.0747059851190861,-0.14364920801792108,0.04119793842323762
2,0.3333,1,4,2.7,3.1,0,1,24.9,Sales,Female,2.1150499691472033,2.032543724027243,0.0825062451199603,-0.14625436075886744,-0.014437411107642836
1,0.3333,1,1,4.3,3.5,1,10,9.5,Customer Support,Male,2.3115448343655176,2.1812029117801965,0.13034192258532107,0.10862513740192557,0.0012274400392062942
4,0.5,2,3,4.6,3.2,0,4,14.3,Marketing,Male,2.9528247725427144,2.8376884374867384,0.11513633505597598,0.10492489472086677,-0.009261240982318482
5,0.1667,2,3,3.4,3.3,0,6,31.1,Sales,Male,3.912023005428146,3.8226553824938145,0.08936762293433143,0.09105287158098234,-0.004866664011924797
1,0.1429,1,3,1.9,4.9,0,9,17.7,Marketing,Male,2.196112848483529,2.103142770346227,0.09297007813730218,0.10930845936848381,0.05030708949403365
3,0.2143,3,2,3.2,3.8,0,22,13.5,Finance,Male,2.953868069455292,2.872852239983269,0.0810158294720229,0.10209338807933126,0.011528856806050938
4,0.5,1,3,4.3,3.7,0,88,8.2,Legal,Male,2.946016681308058,2.9272544098185627,0.018762271489495497,0.10026715161813814,0.012632662827114477
2,0.2857,1,4,3.8,4.6,0,1,5.8,Customer Support,Female,2.0228711901914416,2.1370823801755536,-0.11421118998411206,-0.15374847043651835,0.037196556098282214
2,0.4,2,4,3.8,4.3,0,27,32.7,Sales,Female,2.057962510002712,2.0503753667416063,0.0075871432611056555,-0.13564070384792448,0.03935258022734781
3,0.6,1,3,3.9,4.4,0,17,7.2,HR,Male,2.605648267484129,2.5054664719265625,0.10018179555756657,0.10316076040782678,0.02058598997084036
1,0.3333,3,2,2.5,3.3,0,13,9.8,Operations,Male,1.827769906751088,1.8643463711654187,-0.03657646441433071,0.10128873654241269,-0.0031407959031389556
3,0.375,1,3,5.0,3.0,0,4,18.9,Sales,Female,2.601207105484161,2.5230016493758387,0.0782054561083223,-0.1386686207729282,-0.010980835594662853
6,0.2727,3,4,3.1,2.3,0,1,12.5,Legal,Female,3.610377225958979,3.50643445687881,0.10394276908016886,-0.1357062031865962,-0.06350730613359318
1,0.3333,1,4,5.0,3.5,1,11,11.2,Legal,Male,2.28949985344539,2.182559103535668,0.10694074990972213,0.11286171867265929,0.004382450795484674
1,0.3333,1,4,3.7,3.5,1,4,9.6,Customer Support,Male,2.060513531794317,1.9592651513842858,0.10124838041003104,0.10793659491226286,-0.0005825787927863005
3,0.2727,2,3,2.6,3.3,0,1,15.2,Product,Female,2.5877640352277083,2.440914771104947,0.14684926412276145,-0.1566906922068208,-0.013964492921085364
1,1.0,3,3,2.5,3.9,0,16,12.4,Marketing,Male,1.9139771019523042,1.6812230560514787,0.2327540459008255,0.1028990119027175,0.004417868959953902
2,0.3333,2,3,4.4,5.0,0,2,6.2,HR,Male,2.653241964607215,2.328298552994929,0.3249434116122858,0.10479245327289712,0.032837956813945135
1,0.5,3,3,3.6,3.0,0,23,8.9,HR,Male,1.7715567619105355,1.8161930842378227,-0.0446363223272872,0.103640333871036,-0.0033749942961088055
4,0.4444,3,3,1.4,3.9,0,2,8.0,Customer Support,Male,2.412335956953165,2.6928343698373505,-0.28049841288418564,0.09987351043358737,0.011538879389945862
2,0.2857,1,3,3.9,5.0,0,10,14.3,Product,Male,2.492378664626701,2.5097730647641407,-0.017394400137439536,0.10828993817142986,0.03138219991744858
6,0.3,1,2,5.0,3.1,0,6,11.8,Legal,Male,3.912023005428146,3.9420123958637805,-0.029989390435634533,0.0890436629533597,-0.009466015397750846
2,0.4,1,3,5.0,3.8,0,28,16.6,Marketing,Female,2.105352923464337,2.147034655328898,-0.041681731864561034,-0.14579900452621344,0.014902651177830448
2,0.2857,1,2,3.9,3.5,1,6,12.8,Engineering,Female,2.0228711901914416,2.3970388101024347,-0.3741676199109931,-0.13942766199250672,0.006769866329618985
2,0.5,1,4,4.8,1.7,0,7,12.5,Product,Female,2.2332350148592526,2.090427424072732,0.1428075907865205,-0.15419702148601272,-0.06438118127693986
2,0.2222,3,3,5.0,5.0,0,10,31.5,Sales,Male,2.5952547069568657,2.420406110307614,0.17484859664925168,0.09063612597382992,0.03253012917808612
2,0.3333,3,1,3.4,4.1,0,12,18.0,Product,Male,2.2460147415056513,2.477460556093802,-0.2314458145881506,0.1069936788206539,0.03323250486691753
5,0.2273,1,2,4.5,2.2,0,1,14.8,Legal,Female,3.616846251214105,3.587856113192448,0.028990138021657064,-0.12802020392303554,-0.0547878249736301
6,0.2,1,4,2.0,4.2,0,9,9.7,HR,Male,3.912023005428146,3.8860187181000754,0.026004287328070586,0.07187001312324418,0.02053517803664707
2,0.5,1,3,4.4,3.9,0,1,6.6,Customer Support,Male,2.254444717666111,2.279073564792658,-0.024628847126547004,0.1065082601270408,0.01379337201602611
1,1.0,1,3,4.9,2.5,0,74,5.2,Customer Support,Female,1.6467336971777973,1.5613161058437204,0.08541759133407689,-0.15480606614609865,-0.03144180169676523
2,0.3333,2,3,3.2,4.0,0,79,17.7,Finance,Female,2.21375387928743,2.0959219036790215,0.11783197560840852,-0.13834886908518282,0.031403195482509264
2,0.4,2,2,2.9,3.3,0,4,12.8,Data Science,Female,2.217027204632399,2.1632257287108456,0.053801475921553266,-0.13249951753649608,-0.012965485914155537
6,0.2069,1,1,4.3,4.2,0,4,12.9,Engineering,Male,3.912023005428146,4.098355998599283,-0.18633299317113705,0.06518211867553782,0.03147649782827754
1,0.3333,1,4,3.0,3.0,0,8,6.2,Operations,Female,1.763017000362401,1.6738013058051218,0.08921569455727929,-0.1463299074886435,-0.007215267964856108
3,0.2,2,4,3.1,3.4,0,24,9.1,Customer Support,Male,2.934388643312939,2.8085694312563763,0.12581921205656288,0.10480085875231337,-0.0016197232376151862
5,0.3571,2,2,4.3,3.8,0,43,8.8,Legal,Female,3.1949928844048685,3.205006262044305,-0.010013377639436438,-0.1347706492245427,0.004965320495541339
3,0.3333,3,2,3.4,2.9,0,5,8.4,Engineering,Female,2.50470927708418,2.4300504115801624,0.07465886550401768,-0.14543306583044413,-0.0181288935532361
2,0.3333,2,4,4.3,2.3,0,15,12.8,Marketing,Male,2.3504224224082058,2.2828996811325255,0.06752274127568025,0.1118309152060513,-0.04741607834859492
4,0.5,1,3,3.8,3.6,0,31,12.4,Finance,Male,3.132446096869813,2.874664615906117,0.257781480963696,0.10067095703066967,0.008447201427299014
3,0.3333,2,3,2.1,3.4,0,30,11.4,Finance,Female,2.214846178686039,2.2583290500232445,-0.04348287133720552,-0.15341523207735497,-0.00273395901766756
4,0.3077,2,3,5.0,2.6,0,7,15.2,Product,Female,2.7414849771884473,2.8831828157950445,-0.14169783860659724,-0.15340716216285136,-0.03569993177967936
2,0.2857,1,3,2.9,3.4,0,25,24.2,Marketing,Male,2.1435893615035875,2.365223833616089,-0.22163447211250142,0.10692210103363972,0.001388589092689074
1,0.5,3,3,3.6,4.4,0,28,11.8,Data Science,Female,1.6370530794670737,1.7265982039860686,-0.08954512451899488,-0.13738009160960368,0.0344981688061448
6,0.3333,2,4,2.8,3.3,0,1,10.9,Data Science,Female,3.29842610362621,3.4869386631325585,-0.1885125595063486,-0.1272592649326906,-0.00961557508180494
1,0.5,1,4,3.7,3.5,1,1,9.9,Customer Support,Female,1.47932922708708,1.6421835296615293,-0.16285430257444933,-0.14558078647208292,0.00102920781114893
2,0.2857,1,4,4.1,4.4,0,47,14.9,Engineering,Male,2.479894107964456,2.6256676917500283,-0.14577358378557248,0.09969754039329323,0.038538166478368455
3,0.6,1,2,4.0,3.7,0,22,21.5,Marketing,Male,2.5930133911138515,2.628585393876526,-0.03557200276267425,0.10480648068435414,0.016027654953640943
2,0.2857,3,3,3.0,5.0,0,1,8.8,Operations,Male,2.1412419425852827,2.25568177170646,-0.11443982912117745,0.10811061486000542,0.03319916370901307
5,0.4167,1,3,3.5,4.2,0,3,10.5,Engineering,Male,3.544142657647253,3.376395031435508,0.167747626211745,0.08942443497925999,0.04216756749989526
1,0.3333,1,3,4.4,4.3,0,18,10.5,HR,Female,1.9035989509835904,1.7946616341436958,0.1089373168398946,-0.14567409300648063,0.024706996194741537
1,0.2,1,4,2.8,2.8,0,31,11.9,Finance,Male,2.102913897864978,2.077058264954866,0.025855632910111837,0.10356197108389256,-0.026155687479002335
2,0.2857,3,2,2.7,3.4,0,2,11.9,Finance,Female,1.8779371654691073,2.0618708714639276,-0.18393370599482028,-0.1411077825167043,-0.002903848767223846
2,0.5,1,1,3.5,2.7,0,2,14.3,Legal,Male,2.604170070614818,2.3513156965297206,0.25285437408509726,0.10376686847669683,-0.03639782863918068
1,0.5,2,2,2.7,5.0,0,6,5.8,Operations,Male,1.851599469584072,1.9467883104145962,-0.09518884083052415,0.09953270374188679,0.05741892439347537
1,1.0,1,4,4.5,3.3,0,14,7.6,Operations,Male,1.9960599327407849,1.9262761632787886,0.06978376946199627,0.11374105296646728,-0.0034756245905008323
1,1.0,3,3,3.7,4.0,0,24,11.2,Finance,Female,1.3762440252663892,1.5585313809965118,-0.18228735573012256,-0.1370807610372462,0.012888974758776282
1,0.3333,2,4,3.8,2.7,0,3,10.2,Finance,Male,1.9754689512968577,1.8988134842984772,0.07665546699838055,0.0984624553323155,-0.0207399548657813
2,2.0,3,1,3.1,3.1,0,5,14.4,Product,Male,2.2700619012884857,2.1323203267003668,0.13774157458811898,0.10356275905657712,-0.014127636821732585
1,0.3333,1,3,3.3,3.6,0,10,9.4,Operations,Male,1.8976198599275322,1.9910038466434277,-0.09338398671589543,0.10749311872854761,0.008652055437494657
2,0.2857,2,2,3.3,2.7,0,48,14.6,Legal,Female,2.0515563381903004,2.0997863024613004,-0.048229964271000014,-0.14661016007335018,-0.034577310481947024
1,0.5,2,3,3.1,3.5,0,8,14.3,Finance,Female,1.556037135706985,1.687325767821758,-0.13128863211477282,-0.13275200782785332,0.007053648910842966
3,0.2727,1,4,3.4,4.7,0,1,6.4,Operations,Female,2.4997952622817508,2.584800130503125,-0.08500486822137443,-0.1564609631025196,0.047604247509098085
2,0.4,3,2,2.3,3.7,0,24,6.3,Customer Support,Male,1.9416152247724325,2.095420956231884,-0.15380573145945164,0.10385916010342844,0.014747163324644121
2,0.2857,1,3,2.7,3.1,0,27,11.2,Engineering,Female,2.2428350885882717,2.2104045528392766,0.032430535748995126,-0.13738713672865333,-0.015176342139528598
2,0.4,2,2,3.1,3.1,0,18,8.8,Engineering,Male,2.3683728335320486,2.3484023056761014,0.019970527855947218,0.09481516330446735,-0.016614077765148443
2,1.0,3,4,3.7,2.6,0,1,5.6,HR,Female,1.925707441737794,1.7181186954405572,0.20758874629723678,-0.15496223709970358,-0.0303072330730278
5,0.2778,3,4,3.6,3.3,0,20,7.5,Operations,Female,3.0106208860477417,3.147233660124046,-0.13661277407630434,-0.1433451215172681,-0.0065421437786460195
5,0.3333,2,2,4.9,3.0,0,4,13.1,Finance,Male,3.6065842113871063,3.4199990310545334,0.18658518033257288,0.0978329921680057,-0.0021838528405089693
3,0.375,1,3,4.4,4.2,0,12,21.6,Marketing,Female,2.5289235352047745,2.5470895541945473,-0.01816601898977277,-0.13892176395888742,0.040112241526506116
4,0.3333,3,2,2.0,3.5,1,18,8.6,Engineering,Male,3.1986731175506815,2.9696706554055115,0.22900246214517006,0.10307447621555763,0.0025722511874961547
3,0.3,1,3,2.8,4.5,0,42,10.8,Engineering,Female,2.553343811341229,2.638548878869641,-0.08520506752841239,-0.1423899290094508,0.03904607181587924
3,0.375,1,3,4.8,2.5,0,16,17.9,Marketing,Female,2.4553061800117097,2.4639275198226196,-0.008621339810909845,-0.1417280855745409,-0.035749948187134534
1,0.3333,1,4,5.0,2.9,0,20,8.6,Customer Support,Male,2.1983350716202463,2.030647312748207,0.16768775887203935,0.10954510887489903,-0.009119242634045696
4,0.3333,3,2,2.6,2.6,0,3,6.2,Customer Support,Male,2.6864860231863696,2.8316262456822576,-0.14514022249588798,0.10522053458538266,-0.024851575544930588
2,0.4,2,3,4.3,3.5,1,9,11.0,Product,Male,2.4150205223238337,2.392888816759982,0.02213170556385169,0.10456413705995152,0.006181685419413227
1,0.3333,1,3,4.4,3.8,0,1,14.6,Product,Female,1.8946168546677629,1.8984486923182358,-0.0038318376504729024,-0.15426407065341236,0.008959984858422317
4,0.3077,1,4,2.5,3.0,0,3,15.2,Product,Male,3.098288861879083,3.123631276876563,-0.025342414997480134,0.10713127983183704,-0.00859956633878467
2,1.0,3,4,4.4,5.0,0,10,8.0,Customer Support,Male,2.0412203288596382,2.0744478892218874,-0.033227560362249164,0.11010284137379554,0.03916150592292561
1,0.25,1,3,4.6,4.3,0,3,18.3,Sales,Male,2.298577071596507,2.1719886859957205,0.12658838560078634,0.10029210739940636,0.03240763072528727
2,0.6667,1,2,2.7,3.5,0,6,13.0,Data Science,Male,2.2300144001592104,2.3821293363281804,-0.15211493616896998,0.09931638184208544,0.011149599743079351
2,0.2857,3,4,2.8,3.6,0,20,6.5,Customer Support,Male,1.9851308622085946,2.204663728569068,-0.2195328663604732,0.10700207335176533,0.012066992434086123
2,0.4,3,4,4.2,3.8,0,21,12.3,Data Science,Female,2.2082744135228043,2.1224851175094894,0.08578929601331486,-0.13808496883784754,0.01438998729590353
2,2.0,1,2,4.2,3.2,0,4,19.4,Product,Male,2.2823823856765264,2.333384597243668,-0.051002211567141575,0.10685745903719318,-0.013691760374981031
2,1.0,2,3,3.2,3.9,0,7,16.6,Finance,Female,2.0268315914075385,1.9019619981477147,0.12486959325982383,-0.13856174694851464,0.013323467874158362
2,0.3333,1,3,3.2,2.5,0,2,10.0,Product,Female,2.2332350148592526,2.0811889167149804,0.15204609814427217,-0.14989702012429323,-0.047841215947537305
1,0.1429,2,4,3.7,3.2,0,21,19.6,Marketing,Female,1.8196988379172965,1.7664436434602693,0.0532551944570272,-0.1474680305147637,-0.011356421665398488
4,0.3333,3,3,2.6,4.5,0,58,7.2,Operations,Male,2.790551422613954,2.8651064963224218,-0.07455507370846792,0.10768001068400326,0.03218168314151907
2,0.3333,1,3,4.7,3.4,0,35,6.9,Operations,Male,2.263844264677615,2.3897981501017296,-0.12595388542411445,0.11192011149700469,-0.0008487755343073826
2,0.2857,1,4,3.9,1.7,0,10,20.9,Marketing,Female,1.958685340544036,2.06139833631526,-0.10271299577122406,-0.1596908101616066,-0.06820533847946017
2,1.0,1,4,2.7,1.9,0,1,8.3,HR,Female,1.5518087995974639,1.7609946698816232,-0.20918587028415936,-0.15323241476667177,-0.06778106418952196
1,0.1667,3,4,4.2,4.2,0,51,14.9,Engineering,Female,2.0149030205422647,1.8923449827067587,0.122558037835506,-0.1389787319739466,0.038677421431431276
3,0.75,1,4,3.2,2.7,0,19,16.0,Product,Female,2.422144328051685,2.246032296543211,0.17611203150847388,-0.14908810629145286,-0.03758560776135876
3,0.3333,1,3,2.5,3.5,1,2,13.9,Marketing,Female,2.2512917986064953,2.369534267923051,-0.1182424693165558,-0.15304894560626,0.004360960516366024
1,0.3333,1,4,1.8,2.3,0,23,5.8,Customer Support,Female,1.5789787049493917,1.4791827729656144,0.09979593198377734,-0.1577250360387873,-0.07346690234552462
2,0.5,1,3,3.5,1.4,0,28,15.4,Product,Female,1.9615022438151495,1.9728964244399458,-0.011394180624796357,-0.1534506235023322,-0.08892468299309575
4,0.4444,2,3,4.5,3.5,1,7,5.5,Operations,Male,2.9739977814079848,2.861530128185382,0.11246765322260277,0.10286897028347183,0.0012993780104543632
2,0.3333,2,2,4.4,4.6,0,16,6.1,Operations,Male,2.5217206229107165,2.361372892446385,0.16034773046433148,0.10692280926633584,0.03057751788995082
1,0.3333,1,4,3.2,5.0,0,22,5.0,HR,Female,1.742219023667919,1.7771825339546194,-0.03496351028670053,-0.14429058759477473,0.06683887354490066
3,0.3,1,4,3.3,3.7,0,1,10.8,Legal,Male,2.7744619666214616,2.81814302353994,-0.043681056918478234,0.10895501115022757,0.013796409967346511
4,0.3077,3,2,4.3,3.5,1,4,20.8,Marketing,Male,2.837908188360424,3.109889570209664,-0.27198138184924003,0.1049112639827946,0.002894878596384168
2,0.3333,1,3,3.3,3.1,0,33,12.9,Legal,Female,2.269028309465203,2.073018136340155,0.19601017312504787,-0.15258664603706967,-0.016251764634900693
2,0.2,3,3,3.4,2.7,0,14,16.3,Product,Female,2.1016921506146558,2.1288661259935195,-0.02717397537886379,-0.1378829687225886,-0.03651570067485248
3,0.75,1,3,2.3,3.8,0,7,13.7,Engineering,Male,2.392425796993835,2.553650682939519,-0.16122488594568374,0.10272082447033429,0.011142221902488817
5,0.2632,1,3,3.3,3.5,1,14,12.0,Legal,Male,3.545874759696932,3.6415186656861143,-0.09564390598918227,0.10209750670342431,0.0019586023336413713
1,0.1429,3,3,2.9,3.2,0,8,12.5,Legal,Female,1.6582280766035324,1.768897126192918,-0.11066904958938562,-0.14429728267052544,-0.009292158517254113
2,0.3333,2,2,3.5,3.6,0,4,12.0,HR,Male,2.21046980408624,2.317901817820355,-0.10743201373411493,0.10679480954757833,0.01046191763109947
3,0.2,1,3,3.4,4.0,0,13,8.0,Operations,Female,2.8207834710894493,2.6687650976086084,0.1520183734808409,-0.14678296244532169,0.03384661833017018
2,0.2222,3,3,4.0,2.9,0,9,18.4,Product,Male,2.626840145676667,2.3619204006784797,0.26491974499818705,0.09611343291606204,-0.028335846211649193
5,0.3846,1,3,2.4,3.4,0,6,8.1,Data Science,Male,3.248434627109745,3.366343341686906,-0.1179087145771609,0.09267989893304347,0.00207123577190458
1,1.0,3,3,2.9,3.5,0,31,5.8,Operations,Female,1.5686159179138452,1.4819188639216179,0.08669705399222738,-0.1436235984464503,0.010580372803175715
5,0.3846,1,2,3.4,2.8,0,7,22.7,Marketing,Female,3.065724645374026,3.104616056105488,-0.03889141073146174,-0.12839625964115237,-0.029360438647017446
1,0.3333,1,3,3.2,3.5,1,16,13.9,Engineering,Male,2.477378383367209,2.1262523228209966,0.3511260605462123,0.10351711737374734,0.005887285732440086
1,0.3333,3,3,2.4,3.0,0,10,13.2,Data Science,Male,1.9544450515051506,1.926898234612296,0.027546816892854542,0.10006403519895311,-0.003958304763882261
2,0.2222,1,1,5.0,5.0,0,8,7.6,Customer Support,Male,2.800325477211381,2.574813755309025,0.22551172190235613,0.10276840188676013,0.02207184825017166
2,0.2857,3,3,3.8,2.0,0,2,5.6,HR,Male,2.1838015570040787,2.201390484108348,-0.017588927104269292,0.11345701307225849,-0.07593399759540465
1,0.3333,1,3,4.2,2.4,0,21,15.1,Product,Female,1.8562979903656263,1.8399897253130422,0.016308265052584092,-0.15663941127195996,-0.03353919922711322
3,0.3333,2,3,3.1,4.0,0,5,13.2,Engineering,Male,2.744060638625243,2.7203118721921573,0.023748766433085766,0.1014198136166271,0.03562900814549641
2,0.3333,2,3,1.7,3.3,0,5,5.4,Customer Support,Male,2.167910189667444,2.10606046335251,0.06184972631493402,0.1092843484544858,-0.007967132489827979
3,0.75,3,3,3.6,3.5,0,8,12.2,Product,Male,2.5079719227189963,2.4077220733924745,0.10024984932652181,0.11080409839844862,0.008259631659542008
1,0.3333,1,3,2.8,3.7,0,2,8.6,Legal,Male,1.9035989509835904,2.0365474226514513,-0.13294847166786083,0.10775809391844503,0.012364979831148136
1,0.3333,1,3,2.2,2.8,0,6,12.2,Engineering,Female,1.5748464676644813,1.7614425944299792,-0.18659612676549786,-0.14092839669951138,-0.027924631515566505
1,0.3333,3,2,1.9,3.0,0,6,13.8,Marketing,Female,1.6770965609079151,1.588670773360926,0.08842578754698915,-0.14167794930258573,1.788470112574872e-05
1,0.5,2,3,3.5,3.2,0,2,5.3,Customer Support,Female,1.4883995840570443,1.5808951565433889,-0.09249557248634455,-0.13854045730178483,-0.009346555955105671
2,0.3333,2,1,2.8,4.0,0,3,17.8,Sales,Male,2.468946630209271,2.401136097928653,0.06781053228061795,0.10268212114673178,0.025656371942676157
3,0.75,2,2,3.7,3.5,0,2,13.7,Legal,Male,2.6232182655855123,2.5364074359277913,0.08681082965772102,0.10488261546467942,0.005193150521681451
1,0.5,1,3,2.8,4.7,0,26,8.8,Engineering,Male,1.9906103279732201,2.0339449379413184,-0.04333460996809824,0.0989022171277208,0.02561358200482601
1,0.1667,2,4,3.0,4.6,0,15,13.2,Data Science,Female,1.7833912195575383,1.8893642197981693,-0.10597300024063094,-0.1396598055732827,0.029784712757390603
5,0.3125,2,2,4.2,3.7,0,7,7.8,HR,Female,3.3775875160230218,3.2602591148576714,0.11732840116535037,-0.13073246065430952,0.01441799415848534
6,0.3,3,4,3.8,4.3,0,53,13.1,Finance,Male,3.5172010574184616,3.78335182422563,-0.26615076680716854,0.09283523747940445,0.026711122549647345
3,0.2727,1,2,4.8,2.2,0,36,20.2,Marketing,Male,2.7593768282675506,2.9128031155847585,-0.15342628731720787,0.11523881457335582,-0.0470753114070378
1,0.3333,3,3,4.7,3.7,0,7,14.9,Engineering,Female,1.8671761085128091,1.7965786191376305,0.07059748937517862,-0.1394269497770519,0.01772226243399012
6,0.3,2,3,2.6,2.7,0,23,14.9,Data Science,Male,3.912023005428146,3.8172427818224794,0.09478022360566651,0.09123475176328183,-0.022100449792795487
3,0.75,1,3,4.2,4.1,0,7,8.2,Operations,Male,2.7459880404426023,2.5414816936938993,0.20450634674870294,0.10621908925897852,0.022073845684950893
1,0.3333,1,2,2.2,3.0,0,26,24.7,Sales,Male,1.7578579175523736,2.060529727643963,-0.3026718100915895,0.10210720245006628,0.0025533909142979702
1,0.1667,1,4,3.7,3.7,0,4,9.9,Data Science,Male,2.5128460184772416,2.234566615938967,0.27827940253827466,0.10470993068048283,0.010678318694719866
3,0.375,2,3,2.3,4.2,0,8,7.3,HR,Female,2.4714836294558595,2.285460093304346,0.18602353615151346,-0.1398828223239004,0.034951977204200915
1,0.1667,2,3,3.4,2.6,0,25,10.1,Legal,Male,1.8115620965242347,2.040651061743423,-0.2290889652191881,0.10694678006329664,-0.030891598800519275
2,0.3333,3,1,2.9,3.8,0,8,12.9,Engineering,Male,2.432735777459091,2.4090393685710376,0.023696408888053355,0.09823905982303185,0.014163994498657875
1,0.25,1,1,2.8,2.5,0,12,8.5,Engineering,Female,2.0373166153791646,1.997142390533327,0.04017422484583766,-0.13161623522366128,-0.035546005179851146
5,0.4167,2,3,3.7,2.8,0,1,20.8,Sales,Female,3.0473755067058295,2.978435424710931,0.06894008199489843,-0.12431043699641929,-0.0278144586757627
1,0.1667,1,4,4.1,2.5,0,19,11.5,Product,Male,2.2375130962503307,2.2119104090317654,0.02560268721856529,0.11205686075177573,-0.036456104797810356
3,0.3333,2,4,4.7,4.2,0,3,19.0,Product,Male,2.790551422613954,2.795592333786434,-0.005040911172480289,0.10683123655863332,0.04143327485354521
3,0.75,3,4,4.0,2.4,0,24,21.6,Marketing,Female,1.8825138324965192,2.0129088658111507,-0.13039503331463154,-0.1517749236760458,-0.035316737660416535
2,1.0,3,3,5.0,3.3,0,2,9.8,Legal,Male,2.1114245875328868,2.178617195795319,-0.06719260826243234,0.110180515313138,-0.011332937468324998
1,1.0,2,3,3.2,2.8,0,9,9.4,Operations,Female,1.4469189829363254,1.5055009402222435,-0.058581957285918085,-0.14360937926572515,-0.022400023082221075
1,0.5,2,1,3.9,4.1,0,12,9.8,Operations,Male,2.0412203288596382,2.0690780349053752,-0.027857706045737007,0.099659560755302,0.014912259929112253
3,0.6,1,3,3.7,4.9,0,1,5.1,Operations,Female,2.3749057545736716,2.2719278748290814,0.10297787974459016,-0.15048807107901013,0.05541721461067214
1,1.0,2,3,3.8,2.7,0,50,9.6,Engineering,Female,1.747459210331475,1.667422992125304,0.0800362182061709,-0.13949095680646367,-0.020708120654705564
1,0.5,1,1,3.9,3.5,1,13,14.6,Finance,Male,2.3664984187376983,2.1540229163591498,0.2124755023785485,0.09866401605607607,0.0020951678308669557
6,0.2,3,2,4.2,3.5,0,18,26.6,Sales,Male,3.912023005428146,3.907304699424945,0.0047183060032010005,0.06888700976996413,0.0022476000569241245
1,0.5,3,3,4.2,3.1,0,25,15.0,Legal,Female,1.5933085305042167,1.614932465185825,-0.02162393468160828,-0.14833590813246583,-0.008950823394195673
2,0.3333,1,4,3.6,5.0,0,57,7.8,Operations,Male,2.528125768907977,2.352831501616157,0.17529426729181985,0.1135887950467037,0.045798129295011744
3,0.3333,1,3,3.4,5.0,0,1,13.2,Product,Female,2.6602595372658615,2.5627049131451654,0.09755462412069615,-0.15489807820572318,0.039734444783886456
2,0.1818,2,2,1.5,3.5,1,1,20.2,Marketing,Male,2.400618833265411,2.3931676730011597,0.0074511602642513,0.09794929745976025,0.004224247120439089
2,2.0,3,3,2.6,4.8,0,66,15.2,Finance,Male,1.9643112344262046,2.0081385538250642,-0.04382731939885964,0.09921826124600049,0.03847026935011574
1,0.3333,3,3,4.0,2.9,0,2,31.1,Sales,Female,1.3862943611198906,1.5978131555538007,-0.21151879443391008,-0.1348496096262075,-0.0198952180201108
2,0.5,1,3,4.5,3.5,1,3,19.8,Sales,Female,2.075684492802124,2.0940294951033263,-0.018345002301202396,-0.14554983846848088,0.0061464196405058074
1,0.1667,3,2,3.7,2.7,0,4,31.1,Sales,Male,1.801709800081223,2.003009492873982,-0.20129969279275906,0.09832180700498407,-0.03164221772997799
4,0.2667,1,4,3.4,4.5,0,8,16.9,Marketing,Male,3.167161389181522,3.2566864582711967,-0.08952506908967495,0.10608470233019333,0.03817668780912397
2,0.6667,3,4,3.3,3.7,0,20,12.2,Finance,Male,2.1114245875328868,2.1247270573655164,-0.013302469832629615,0.10468242412804747,0.017026412615741227
3,0.6,3,3,2.8,3.6,0,21,14.9,Engineering,Male,2.454447442303292,2.4007246886377285,0.05372275366556334,0.10251297137508177,0.011688951770149602
5,0.3125,3,3,2.9,3.5,1,13,14.8,Finance,Male,3.3748534063225533,3.334686573339464,0.04016683298308932,0.10033289151210846,0.004084435657207371
2,0.5,1,3,2.8,4.3,0,11,5.6,Operations,Male,2.2874714551839976,2.151368209143574,0.13610324604042345,0.10520239588449899,0.026488673129735817
1,0.1429,2,3,4.4,3.5,0,12,11.9,Engineering,Female,1.8702625307159986,1.9888505787525133,-0.11858804803651468,-0.14211016888469163,0.0029381862586643926
2,1.0,3,3,2.9,4.1,0,14,10.5,Data Science,Male,2.135349173618132,2.1463824668753415,-0.011033293257209476,0.10031355316247885,0.020520026545575245
2,0.25,1,2,2.9,3.3,0,3,11.2,Data Science,Male,2.598979106047848,2.5463098640831094,0.05266924196473877,0.09005510867811406,-0.010734794896051184
3,0.375,1,4,3.8,3.7,0,8,14.6,Product,Male,2.8231630082027146,2.785126123555758,0.03803688464695654,0.10441322953350432,0.012086993031012646
3,0.2727,3,3,4.7,3.3,0,10,16.4,Finance,Female,2.4309783077624445,2.4593709253254326,-0.028392617562988054,-0.1448472720743615,-0.012167609300551505
5,0.2941,3,3,3.9,2.9,0,3,18.2,Product,Female,3.177637076851603,3.203441785957297,-0.025804709105693657,-0.13933938941684296,-0.020907982340063906
4,0.5,3,1,2.0,3.1,0,18,7.2,HR,Female,2.3513752571634776,2.46061372062793,-0.10923846346445254,-0.1472620780383855,-0.005510743148965857
2,0.4,1,2,4.3,4.5,0,12,8.9,Data Science,Male,2.3739750890807185,2.6148708075941136,-0.24089571851339509,0.09715863340910759,0.032330526160787035
4,0.5,1,2,3.6,3.1,0,13,11.4,Engineering,Male,2.817801065061329,2.985545384274417,-0.16774431921308786,0.09719759430424485,-0.012170318539837723
2,0.3333,1,2,2.9,2.5,0,9,19.0,Marketing,Female,2.038619547159581,2.0124486589395296,0.026170888220051314,-0.1470393800888302,-0.03985696702143701
4,0.2667,3,3,4.2,3.4,0,38,12.3,Engineering,Female,2.9052603703899154,2.9548630720435574,-0.049602701653642,-0.13943741137180085,-0.0002710547732465512
3,0.3333,2,3,2.9,2.5,0,4,12.0,Data Science,Male,2.702702594775615,2.645518215738217,0.057184379037397814,0.10257475876802014,-0.04132251913253575
1,0.3333,2,3,4.0,2.6,0,9,13.6,Engineering,Male,2.1126345090356,2.017119345046427,0.0955151639891727,0.09875306860232722,-0.027885478056444004
5,0.3333,3,3,4.4,2.6,0,51,9.4,Customer Support,Male,3.0638581026015914,3.2032677634327706,-0.13940966083117923,0.09761644892397932,-0.02235259032206248
3,0.2727,3,2,3.4,3.7,0,8,23.5,Marketing,Male,2.5710843460290524,2.7891876257861896,-0.21810327975713717,0.11030200971553936,0.017239692644914182
4,0.3077,3,4,3.3,2.9,0,20,24.3,Sales,Female,2.533696813957432,2.656837667063015,-0.12314085310558287,-0.14820160295192777,-0.020511073843187917
3,0.5,1,3,4.9,3.3,0,1,9.0,Operations,Male,2.305580601973844,2.5557666728793365,-0.2501860709054924,0.10514351445754141,-0.010895789350954515
3,0.5,3,3,4.2,2.5,0,23,16.1,Product,Male,2.6217658325051976,2.4734787604460418,0.1482870720591558,0.10549729330956628,-0.03594578046108455
2,0.25,3,4,3.7,2.7,0,37,11.6,Legal,Male,2.2289385528257473,2.256397225911392,-0.027458673085644758,0.09840305760395383,-0.03489283761630922
1,0.3333,3,3,4.9,3.9,0,10,7.3,Operations,Male,1.9021075263969205,1.9188489651599852,-0.016741438763064664,0.10347770188948754,0.011018928037379272
1,0.3333,1,2,4.3,3.5,1,9,10.0,Customer Support,Female,1.7715567619105355,1.852860711879272,-0.08130394996873647,-0.14653781249842443,0.0009639085587795528
1,0.5,1,4,2.8,3.0,0,20,31.2,Sales,Female,1.5851452198650557,1.6052613382168628,-0.020116118351807044,-0.1415162978158537,-0.0035922000506974677
1,2.0,3,3,1.8,2.1,0,6,14.4,Data Science,Female,1.2149127443642704,1.4349707695471803,-0.22005802518290984,-0.1483968488997742,-0.07675403927551525
1,0.3333,1,3,3.3,3.5,1,14,9.3,HR,Male,1.843719208158766,1.9980794185065678,-0.15436021034780167,0.10694512420329931,0.0031408504090190146
1,0.3333,1,4,2.8,3.6,0,3,14.7,Legal,Male,1.9125010869241836,2.0224222589155967,-0.10992117199141305,0.10854410684410565,0.010365275121946684
2,0.2857,1,3,4.1,2.0,0,33,8.0,Legal,Female,2.2181159363675955,2.1554640632526496,0.06265187311494591,-0.15259188645276725,-0.08112416211213865
2,0.6667,1,1,2.4,2.5,0,1,6.3,HR,Male,2.166765369851511,2.2139958211473516,-0.04723045129584058,0.1102623211291277,-0.0363247619936554
1,0.5,3,2,4.7,2.2,0,9,8.8,HR,Female,1.534714366238164,1.6617608772130996,-0.1270465109749357,-0.14605188673240352,-0.052836309178324055
2,0.2857,1,4,3.5,3.3,0,3,11.0,Data Science,Male,2.333114298028869,2.5023148268961184,-0.16920052886724957,0.10431317089270159,-0.016234893599591956
3,0.6,3,3,3.5,3.6,0,1,8.8,Legal,Male,2.1838015570040787,2.4033971677033716,-0.2195956106992929,0.10835359150269412,0.011767337690819543
4,0.25,3,3,2.3,2.5,0,4,16.3,Product,Female,2.6347624053323777,2.7311721006330063,-0.0964096953006286,-0.143966950535712,-0.0435165517433897
1,0.3333,2,3,2.9,3.5,0,1,21.6,Marketing,Male,1.7526720805200082,1.907458727334924,-0.15478664681491572,0.10140733486746091,0.006636617433857015
2,0.2857,1,4,2.9,3.6,0,36,17.6,Finance,Male,2.489064659936664,2.4316229542590566,0.05744170567760731,0.10118122185909215,0.014934060955859073
5,0.2381,1,4,3.0,3.4,0,1,12.9,Legal,Male,3.589611452455267,3.657690052214629,-0.06807859975936204,0.09010568558682787,-0.003113725165424976
3,0.2308,1,3,3.1,3.3,0,2,19.1,Marketing,Female,2.8015405441895487,2.579783277673215,0.22175726651633365,-0.142928970157104,-0.014451361919475615
2,0.25,2,2,2.0,3.1,0,17,11.6,Product,Female,2.1077860146889784,2.1273676718452728,-0.01958165715629434,-0.13679721745569495,-0.01509409274429235
4,0.2105,1,4,4.5,3.4,0,1,20.9,Sales,Female,3.3843902633457743,3.14504718421313,0.2393430791326443,-0.13216741464014742,-0.003108737734951044
6,0.2727,1,4,4.6,3.5,1,28,23.9,Marketing,Male,3.8768102496724017,3.9591433696595373,-0.08233311998713555,0.0916870804911551,0.0009498498792347069
3,0.4286,2,2,2.2,3.4,0,15,9.1,Engineering,Female,2.6858045921548905,2.3787720713408618,0.30703252081402876,-0.14092749016919393,-0.002248714721447658
3,0.375,3,3,4.4,2.7,0,40,7.9,HR,Male,2.528125768907977,2.5184182322587643,0.009707536649212756,0.09776633332861302,-0.0274493733408334
5,0.3846,2,4,4.2,3.2,0,9,8.8,Customer Support,Male,3.315276319154516,3.1629957541366727,0.15228056501784337,0.0936124302809174,-0.007092856518676319
2,0.5,2,2,3.3,4.4,0,14,10.1,Legal,Male,2.511223958105374,2.2848087509303463,0.2264152071750276,0.10067757972022066,0.03046673118812874
6,0.2727,2,3,3.3,4.0,0,15,15.1,Product,Male,3.912023005428146,3.9122674913783313,-0.0002444859501853358,0.09721011734246023,0.028788706645321738
3,0.2727,1,4,2.4,2.8,0,15,27.6,Sales,Female,2.453587966530573,2.447168348615233,0.006419617915339959,-0.1522925446295123,-0.02895626637257008
3,0.3333,1,4,3.2,3.2,0,20,17.8,Product,Male,2.6837575085331657,2.7838393616352906,-0.10008185310212481,0.11225803059421298,-0.011493890103699804
2,0.5,1,3,2.9,3.5,0,15,23.3,Sales,Male,2.333114298028869,2.246280167488182,0.08683413054068678,0.1018907218823481,0.011357901191312
1,0.3333,1,3,3.6,3.5,1,56,8.2,Legal,Female,1.7334238922150915,1.8081202363711837,-0.07469634415609216,-0.15229464867019837,0.0052196065156893175
5,0.3571,2,1,3.5,3.0,0,4,14.8,Marketing,Male,3.5145260669691587,3.4554725467463663,0.05905352022279242,0.10092689706734226,-0.0011332030395412689
1,0.3333,1,2,5.0,3.7,0,39,15.6,Sales,Male,2.2192034840549946,2.202048077426508,0.01715540662848669,0.10279150998542133,0.011098323428072219
1,0.3333,3,2,2.6,3.8,0,11,9.8,Engineering,Female,1.5539252025038417,1.7822664828717458,-0.22834128036790413,-0.13089709098014912,0.0066325571252233
1,0.25,3,3,2.4,3.2,0,18,15.5,Product,Female,1.6601310267496185,1.6811875234771945,-0.021056496727575924,-0.1392715846867586,-0.009563878514164077
2,0.2222,2,3,3.2,2.5,0,2,8.1,Data Science,Female,2.0731719286662407,2.2266185754501353,-0.15344664678389464,-0.12622913971669172,-0.03821560089107749
5,0.2778,1,3,3.7,3.5,1,22,10.6,Legal,Male,3.7232808808312687,3.6032762055066057,0.12000467532466308,0.10231124658662703,0.002506091134386072
5,0.1667,3,3,3.0,2.3,0,3,10.1,HR,Male,3.822098297900159,3.712774270610305,0.10932402728985435,0.09011244678496333,-0.04901532444535666
3,0.4286,2,1,5.0,3.7,0,7,7.6,Customer Support,Female,2.2460147415056513,2.44009503867126,-0.1940802971656086,-0.14044519060137933,0.015848434410588873
1,0.25,1,3,4.5,3.6,0,7,26.3,Sales,Male,2.1150499691472033,2.1123406873025896,0.00270928184461372,0.10141597823224505,0.00853584905341421
3,0.375,1,4,3.1,2.5,0,12,16.2,Finance,Female,2.1938856760707046,2.3811280109169837,-0.18724233484627906,-0.14096875252937724,-0.04233695017358795
1,0.5,1,2,4.0,4.9,0,47,7.4,Customer Support,Male,2.1198634561787513,2.099446906254018,0.020416549924733296,0.10178244588574802,0.06458573859871665
5,0.2381,2,3,3.2,2.7,0,15,18.0,Product,Female,3.487375077903208,3.3776670389016474,0.10970803900156056,-0.12989515105165864,-0.03248343270527772
4,0.4444,1,2,3.8,3.5,1,6,9.3,Data Science,Male,3.1830413718589847,3.1700068659618776,0.013034505897107085,0.09531758559374622,0.00031357266771111375
1,0.5,1,2,3.5,2.7,0,96,14.9,Finance,Male,2.199444334074532,2.02073785558966,0.1787064784848722,0.09628969821014183,-0.028190354451084268
1,0.3333,3,3,2.6,3.8,0,14,12.6,Legal,Male,1.6370530794670737,1.8581457464653277,-0.22109266699825403,0.10426256987299064,0.00442468751398107
1,0.1667,2,4,2.5,4.0,0,27,15.3,Product,Male,1.986503546020567,2.09094944301769,-0.10444589699712292,0.10819341205742121,0.028866677975989827
2,0.4,1,3,3.8,3.3,0,7,13.4,Data Science,Male,2.2975725511705014,2.419602627048519,-0.12203007587801773,0.10119482594264664,-0.014971064664054262
2,0.2857,1,4,3.7,3.3,0,13,5.4,HR,Female,1.9344157696295783,2.0889219251394517,-0.15450615550987346,-0.15463793793022568,-0.010150283932243515
3,0.5,1,3,4.6,4.3,0,5,8.8,Data Science,Male,2.6623552418400807,2.7548650674250728,-0.0925098255849921,0.09952711877140438,0.027678291751502816
2,1.0,2,3,4.1,2.5,0,6,19.1,Sales,Male,1.8309801823813363,2.200583770031692,-0.36960358765035584,0.108568587902925,-0.027844042658483937
3,0.4286,1,3,2.1,3.0,0,23,14.5,Finance,Male,2.272125885509337,2.583745354507767,-0.3116194689984302,0.1060323257578989,-0.006256384471071026
3,0.4286,3,3,2.8,3.1,0,43,13.8,Engineering,Female,2.33214389523559,2.262907468662112,0.06923642657347795,-0.13889539737306386,-0.014676298796118276
2,0.3333,1,3,4.1,3.5,1,25,7.8,HR,Female,2.0320878452963655,2.0954962836800064,-0.06340843838364085,-0.15210081824925462,0.0045020715292778
2,0.6667,1,3,3.9,3.8,0,35,6.5,Operations,Female,1.706564623164823,1.9392614028882456,-0.2326967797234225,-0.154962147581375,0.007659814184813905
4,0.2667,3,3,3.4,3.1,0,20,5.0,Operations,Male,2.756205242989257,3.0501303233420645,-0.2939250803528073,0.10807828042964147,-0.010793688176115649
2,0.4,1,4,3.5,3.4,0,7,16.6,Finance,Female,2.0992441689760155,2.0751444434951756,0.02409972548083994,-0.1406455471203831,-0.00306712420553301
2,0.2857,1,3,4.1,3.6,0,11,12.3,Engineering,Female,2.288486168614544,2.3966652472489747,-0.10817907863443077,-0.13959163502214403,0.01682093096184885
1,0.25,2,4,3.2,3.5,1,7,14.0,Product,Female,1.951608170169951,1.744754004862481,0.20685416530747003,-0.14282061445537397,0.003229404762807892
1,1.0,1,3,2.5,4.1,0,14,11.0,Product,Female,2.010894999144726,1.6522783437232225,0.35861665542150356,-0.15249783238784823,0.021840338254304738
3,0.6,2,2,3.1,4.2,0,21,10.3,Data Science,Male,2.810606789427302,2.6351385818945507,0.17546820753275139,0.09882155311046861,0.02749992760693695
1,0.5,3,3,3.6,3.4,0,28,10.0,Operations,Male,1.7984040119467235,1.7871245201995754,0.011279491747148152,0.10439862079975902,0.00046876149646999147
1,1.0,2,3,2.5,3.0,0,30,34.4,Sales,Female,1.534714366238164,1.4435581822597585,0.09115618397840541,-0.1379100946200777,0.0006483247239811442
1,0.5,1,3,3.3,3.5,1,1,8.8,Customer Support,Female,1.7101878155342434,1.6589915053944353,0.05119631013980808,-0.14306130508044482,0.004670249121414278
1,0.3333,1,3,2.6,3.5,1,15,16.5,Marketing,Male,2.063058062429312,1.9306367336942383,0.1324213287350735,0.10598058531676308,0.005626394430450341
5,0.2778,3,3,4.0,4.3,0,54,8.3,Legal,Female,3.395514598526657,3.3114286768370533,0.08408592168960372,-0.1342942892083576,0.03325412244658523
2,0.4,3,4,3.8,2.7,0,4,16.2,Sales,Female,2.0425181875752383,1.8706992133759328,0.17181897419930547,-0.1433918326538753,-0.031432386303490455
3,0.5,1,2,3.2,3.6,0,2,6.8,Customer Support,Male,2.6093342281630525,2.582660872426585,0.026673355736467563,0.10325024942975627,0.012868130014841717
1,0.3333,1,4,3.9,4.2,0,1,24.7,Marketing,Female,1.7173950539391927,1.8058050808130512,-0.08841002687385857,-0.14570463179994128,0.03563411261134192
1,0.3333,2,4,3.2,4.2,0,16,14.9,Marketing,Male,1.9726911717329554,1.903379514682036,0.06931165705091935,0.10089008563149783,0.031146514787941604
1,1.0,2,2,4.4,3.3,0,2,9.7,HR,Male,1.9154509415706047,1.9411919745934858,-0.02574103302288111,0.10185247578401337,-0.005754484841130561
2,0.25,1,4,4.5,4.5,0,8,11.7,Legal,Male,2.418588768750352,2.5694529899770653,-0.15086422122671328,0.09604428881037905,0.03623382102721435
2,0.6667,3,2,3.6,1.8,0,10,9.6,Customer Support,Female,1.747459210331475,1.7276406072789197,0.01981860305255534,-0.1617883345111354,-0.07523499447150762
1,0.1667,1,3,4.2,3.1,0,38,9.5,HR,Female,2.2417729535972883,1.8420634085221415,0.3997095450751469,-0.1516125017031299,-0.011296707958374924
2,1.0,1,3,2.3,3.3,0,36,11.1,HR,Male,1.9754689512968577,2.064518137936005,-0.08904918663914718,0.10756913886432928,-0.005929633837079508
1,0.3333,2,4,3.1,4.1,0,10,12.7,Legal,Female,1.5933085305042167,1.6947007945183896,-0.1013922640141729,-0.14291004634337398,0.03421416327559874
2,0.4,2,3,3.8,3.6,0,29,17.4,Product,Female,2.1077860146889784,2.090448647001561,0.017337367687417338,-0.14454551523663864,0.013617305872216755
3,0.3333,3,3,4.5,4.0,0,43,29.1,Sales,Male,2.7006898466959175,2.631961379715607,0.06872846698031054,0.10263772823620843,0.028837437928298123
1,0.5,3,3,3.1,4.3,0,4,9.2,Data Science,Male,2.1186622548331173,1.9359141982436565,0.1827480565894608,0.09860498831716934,0.02573979967265576
1,0.5,3,3,2.7,3.6,0,74,15.7,Finance,Male,1.6486586255873816,1.8384758395145657,-0.1898172139271841,0.09704530319400256,0.012109754640353772
3,0.75,1,3,1.9,3.6,0,19,14.6,Engineering,Male,2.5321082512722946,2.551022745548864,-0.01891449427656955,0.10244554464840946,0.012789009672605501
2,0.3333,1,1,3.8,4.3,0,3,13.5,Engineering,Female,2.2679936482244267,2.414749621959462,-0.14675597373503546,-0.1409604117582568,0.04075006120364627
1,0.3333,1,3,3.4,3.5,0,58,16.9,Product,Male,2.1701959049483,2.127878825112565,0.04231707983573507,0.11175900471266173,0.005783181209736955
1,1.0,2,3,3.0,3.5,1,12,34.6,Sales,Male,1.665818245870208,1.7124142411084335,-0.04659599523822555,0.0991677542819971,0.009429302481229319
3,0.2308,1,3,4.0,3.1,0,69,19.2,Marketing,Male,2.9107188992270343,2.873980378562735,0.03673852066429939,0.10287232036539024,-0.01583012106674002
1,0.5,1,3,3.5,3.4,0,30,24.9,Marketing,Male,1.9919755158985601,1.961241084153704,0.030734431744856128,0.10505176736270475,0.0001806470334427104
3,0.6,3,3,3.0,2.0,0,15,12.0,Product,Male,2.174751721484161,2.3106611445025202,-0.1359094230183593,0.11158320425209185,-0.08698604092426851
3,0.4286,3,1,3.2,4.0,0,1,6.8,Customer Support,Male,2.5900171341906173,2.5942026282005366,-0.004185494009919299,0.10471563455318447,0.031192597916433185
4,0.3333,3,1,2.2,2.4,0,2,9.2,Legal,Female,2.5855058483441162,2.610208378113513,-0.024702529769396797,-0.1569972695538803,-0.045748408876802274
1,0.2,2,3,4.0,3.5,1,40,19.0,Marketing,Male,2.25758772706331,2.047066338844144,0.2105213882191661,0.10473526337637443,0.0018206334484324924
2,0.4,1,2,4.2,3.5,0,1,7.2,Operations,Female,2.2669579153508947,2.101466168987594,0.16549174636330077,-0.14689892915230784,0.0020128193257377236
2,0.3333,3,3,3.9,3.8,0,4,29.5,Sales,Male,2.151762203259462,2.239329404460571,-0.08756720120110906,0.10257924309025496,0.01274536805599801
1,0.3333,3,3,1.8,3.5,1,19,9.0,Operations,Male,1.9851308622085946,1.7447313508047548,0.24039951140383975,0.10611300451083187,0.004414134238201841
2,0.6667,1,4,2.4,3.5,1,83,19.0,Product,Female,1.749199854809259,2.005229060386822,-0.25602920557756303,-0.1506440039806213,0.012398830947402434
4,0.5,2,2,3.3,3.5,1,7,9.2,Engineering,Male,3.032064202801381,2.9152357635225523,0.1168284392788288,0.10057212059307791,0.004567771929373906
2,0.4,2,3,3.1,2.9,0,7,21.8,Marketing,Female,1.8115620965242347,1.918470005124321,-0.10690790860008637,-0.1428090377642671,-0.022870136101221687
2,0.3333,1,3,3.0,3.3,0,1,9.5,Customer Support,Female,2.1102132003465894,1.9810690953674723,0.1291441049791171,-0.14943468473823054,-0.015257603184164458
2,0.25,1,3,3.8,2.5,0,4,10.6,Legal,Male,2.468099531471619,2.4424566798981298,0.025642851573489445,0.09868569336685477,-0.03514531170020593
1,0.2,3,2,3.9,4.2,0,37,23.2,Sales,Male,2.0399207835175526,2.108466101025126,-0.06854531750757342,0.09915316759667833,0.028535067406041493
6,0.2308,2,4,3.1,2.8,0,8,8.8,Operations,Male,3.912023005428146,3.8360208477049795,0.07600215772316643,0.07854573681203779,-0.016181248905544544
1,0.3333,1,4,4.0,3.8,0,42,11.3,Data Science,Male,2.2945529212967815,2.146402282205514,0.14815063909126724,0.10421474644370611,0.0030518853157674233
3,0.2308,1,3,2.7,4.0,0,34,5.6,Customer Support,Male,2.7040421797046714,2.7836430897674527,-0.07960091006278125,0.10327915252905794,0.02385523234188909
2,0.2857,1,2,4.4,2.4,0,3,26.1,Sales,Male,2.6253929674212007,2.535742487744068,0.08965047967713247,0.10344210747525553,-0.03334821533349773
3,0.2,3,3,2.9,2.6,0,2,8.6,Operations,Male,2.4840729690394228,2.748348037938112,-0.26427506889868946,0.10474517225376194,-0.03498635836632239
3,0.25,2,3,2.7,3.0,0,10,10.7,HR,Female,2.523325759691945,2.410086665544985,0.1132390941469601,-0.1457661830654882,-0.008153717881338498
1,0.25,2,4,3.3,3.6,0,22,6.7,Operations,Female,1.7578579175523736,1.722632897116256,0.03522502043611775,-0.13779231577071582,0.007258485311509729
1,0.3333,3,2,3.4,4.2,0,13,17.3,Marketing,Male,1.8082887711792655,1.969764469585894,-0.16147569840662856,0.09940319993895225,0.03112045664544064
1,0.5,2,4,2.8,2.7,0,4,14.0,Finance,Female,1.706564623164823,1.5831798572120828,0.12338476595274028,-0.13551989319607022,-0.02774019916146127
4,0.5,2,3,4.8,3.5,1,17,6.7,HR,Male,2.9739977814079848,2.790554185296971,0.1834435961110139,0.10456296047768422,0.0045448368546380825
1,0.3333,1,2,2.6,3.9,0,25,5.7,Customer Support,Male,2.1162555148025524,1.9673553700744777,0.14890014472807467,0.10323909679259953,0.009019236244194222
2,0.5,3,3,3.5,5.0,0,12,13.9,Legal,Male,2.0347056478384444,2.1926266292211407,-0.15792098138269628,0.1071464695931437,0.052028700574013834
1,0.5,1,3,3.2,3.1,0,16,9.3,Customer Support,Male,2.005525858729668,1.9139348114772674,0.09159104725240041,0.10334508672803538,-0.011399855127532941
1,0.3333,2,3,5.0,4.3,0,84,5.3,Customer Support,Male,1.8261608959453874,1.9276584091793636,-0.10149751323397616,0.1028618519878481,0.02167558057695338
3,0.25,1,2,3.3,3.0,0,1,14.6,Data Science,Female,2.831447079246135,2.697173289542856,0.13427378970327863,-0.1408897603611581,-0.009615683024529916
3,0.3333,2,3,2.5,4.0,0,11,13.7,Product,Male,2.65605490598383,2.6589033128964377,-0.0028484069126077927,0.11017035003524595,0.031203967173835872
3,0.6,2,3,4.1,3.4,0,43,14.2,Engineering,Female,2.4239173781615704,2.345828574777661,0.07808880338390933,-0.13948208618808708,0.0011316461851323552
3,0.75,1,1,4.6,2.8,0,38,23.8,Marketing,Female,2.4069451083182885,2.4153409211787773,-0.00839581286048885,-0.15037587606989228,-0.02716222271046789
3,0.3,2,3,5.0,4.5,0,31,9.6,Customer Support,Male,2.444084655267745,2.7133588681730405,-0.2692742129052954,0.10486068754770464,0.028607719338897705
5,0.3125,3,3,3.2,4.8,0,22,12.6,Finance,Male,3.1675825304806504,3.36100846671925,-0.1934259362385995,0.09983105512590737,0.032769600237024854
2,0.2,1,3,3.9,3.5,1,22,7.9,Operations,Male,2.4096441652874536,2.4419978965140783,-0.03235373122662466,0.10601411613280344,0.004102350847012502
5,0.2632,3,3,2.9,2.8,0,7,8.9,HR,Male,3.3998631586490187,3.441742448226657,-0.041879289577638534,0.10064780729529385,-0.024088545427429258
2,0.3333,1,4,2.8,3.8,0,7,8.3,Legal,Male,2.288486168614544,2.31850017742645,-0.0300140088119063,0.10553462184999268,0.011173178826389327
1,0.3333,2,1,3.5,4.5,0,42,14.8,Legal,Male,2.305580601973844,2.1673465201512316,0.13823408182261243,0.10560700354827422,0.02775648044363877
5,0.3125,1,4,4.3,2.9,0,1,26.5,Sales,Male,3.201933104137889,3.498258795026888,-0.2963256908889993,0.0972229813977762,-0.015382580903146212
3,0.5,2,3,3.7,4.2,0,13,19.8,Product,Male,2.768204123921957,2.584974703971564,0.183229419950393,0.1037275120428686,0.03344029966269133
3,0.2727,1,4,2.4,3.7,0,69,18.5,Sales,Male,2.6340447877917144,2.7739776150072077,-0.13993282721549338,0.1080092962318588,0.012251313259365222
3,0.3,3,2,4.4,3.9,0,4,10.5,Legal,Male,2.7324175575505043,2.8062849618133434,-0.07386740426283911,0.10730834051288593,0.018168786974048542
1,1.0,3,3,2.7,3.3,0,28,13.5,Finance,Female,1.3029127521808397,1.536197414197037,-0.23328466201619724,-0.13709025452412876,-0.0030219250979926717
2,0.5,1,3,4.7,4.1,0,4,9.5,Engineering,Male,2.553343811341229,2.4961358446253006,0.057207966715928205,0.09935119197442754,0.03454674127458186
2,0.4,2,3,3.2,4.0,0,8,10.7,Engineering,Male,2.3456445824544927,2.3441450334817446,0.001499548972748066,0.0965916573577693,0.033184301435242904
1,0.5,2,3,3.3,3.5,1,1,8.7,Legal,Female,1.6034198401085373,1.6717573130392647,-0.06833747293072734,-0.14031273349547577,0.007278812441695151
2,0.3333,2,3,3.7,3.1,0,18,14.8,Engineering,Female,2.1077860146889784,2.1064064348619755,0.0013795798270028747,-0.14168000360891342,-0.020403391248605504
1,0.5,1,3,2.8,2.4,0,8,14.5,Legal,Female,1.6770965609079151,1.649631349373401,0.0274652115345142,-0.14604973606004948,-0.042578928897406235
3,0.6,2,1,4.0,3.5,1,8,14.4,Finance,Male,2.6166656393003573,2.6324496549378447,-0.015784015637487325,0.10528338598579662,0.002806758668283923
1,0.5,1,3,2.8,3.4,0,1,8.6,Engineering,Male,1.9329696377795786,2.0214962065761264,-0.08852656879654774,0.10048573119678399,0.002078059169956909
2,0.4,2,3,3.3,2.7,0,4,9.6,Engineering,Female,1.7263316639055997,2.043939080830817,-0.31760741692521743,-0.13828075588487232,-0.0362039231262135
1,0.1429,1,2,4.2,3.5,0,1,27.3,Sales,Male,2.1838015570040787,2.3120174195637935,-0.12821586255971473,0.10598961607016165,0.0008996730615097512
2,0.6667,3,2,4.2,3.3,0,7,22.0,Marketing,Male,2.495681722955959,2.1635049576168797,0.33217676533907925,0.11039248755564447,-0.009240820308161025
5,0.2632,1,2,3.6,3.9,0,2,9.9,Customer Support,Male,3.4836986031738992,3.6304648099310137,-0.1467662067571145,0.10350309060885073,0.012739484512838661
1,0.2,2,3,2.9,3.5,1,4,24.2,Sales,Female,1.918392120161421,1.7845070119194903,0.13388510824193056,-0.13866432053824315,0.0038821667389598935
2,0.4,2,3,3.9,2.9,0,6,12.9,Marketing,Female,2.0412203288596382,1.9508195940484951,0.09040073481114308,-0.1461894703523474,-0.021209731255214477
2,1.0,1,2,3.2,2.7,0,39,13.2,Legal,Male,2.244955980157409,2.1892265580337607,0.0557294221236484,0.09976186140213099,-0.03259075879927249
2,0.2222,2,3,4.3,3.9,0,26,9.9,Customer Support,Male,2.481567748522486,2.4213658704650745,0.060201878057411395,0.0992681968069759,0.01774478045073354
2,0.1818,3,3,3.5,3.2,0,22,25.4,Sales,Female,2.1435893615035875,2.2105718105576466,-0.06698244905405915,-0.13136643770364922,-0.013012885182879028
3,0.3,2,3,4.7,3.3,0,27,9.4,Customer Support,Male,2.5006159434931803,2.6787246291499742,-0.17810868565679394,0.10616857223826712,-0.012226825167111715
1,1.0,1,3,3.4,4.1,0,4,15.4,Finance,Male,1.9600947840472698,1.9470838045529426,0.013010979494327168,0.10008358107765034,0.025228229945636525
1,0.25,2,3,4.0,3.1,0,20,24.0,Sales,Male,2.201659174404085,1.9903122216299347,0.2113469527741505,0.09491519300972413,-0.014306831837875572
3,0.5,3,3,3.1,3.5,1,8,6.0,HR,Female,2.0360119837525,2.114121391031821,-0.07810940727932092,-0.14321070554212628,0.008807561450839281
2,0.2,1,3,4.6,3.5,1,35,7.2,Operations,Male,2.4807312783775197,2.5032480446938825,-0.02251676631636279,0.1045790271776909,0.004311277474367717
5,0.2941,2,3,3.3,4.1,0,18,25.3,Sales,Female,3.2718477096343066,3.2429193706201915,0.028928339014115068,-0.13511971217752802,0.035261321778315285
1,0.3333,3,4,4.7,3.5,0,55,19.1,Product,Female,1.7509374747078,1.7461948305061665,0.004742644201633395,-0.1499843356217839,0.003429001049871683
2,0.25,1,3,5.0,4.2,0,18,7.3,Operations,Male,2.770711962226921,2.4915773904086387,0.2791345718182825,0.10111031073925417,0.028982525703098522
1,0.25,1,3,3.9,4.7,0,24,9.8,Customer Support,Male,1.9823798288367047,2.079527941480197,-0.09714811264349232,0.10359237631762849,0.026381708292844978
4,0.25,2,3,4.3,3.5,0,26,7.5,Customer Support,Male,3.0160249768217535,3.0828573148428986,-0.06683233802114508,0.10170735674306558,0.00047054968550973883
1,0.1429,1,2,4.9,2.8,0,6,9.9,Operations,Female,2.0028304393079956,1.9477391350056674,0.055091304302328226,-0.1546418808396402,-0.020533519722500188
1,0.5,1,3,2.4,3.9,0,18,8.6,Customer Support,Male,1.5602476682433286,1.8388973941830713,-0.2786497259397427,0.10309129008028713,0.006835417067592007
2,0.6667,1,1,4.0,3.2,0,26,8.5,Customer Support,Male,2.155244505095337,2.3477071895661856,-0.1924626844708488,0.10983477463570644,-0.005996204213824034
3,0.3333,3,3,4.1,3.0,0,3,10.7,Engineering,Female,2.405141681319138,2.40413087682221,0.0010108044969281416,-0.14386252523330173,-0.01560801347394289
2,0.6667,1,4,3.6,3.5,0,5,14.9,Data Science,Male,2.3135250330323798,2.3396111493011174,-0.02608611626873758,0.10346461346981148,0.009528041592497089
3,0.3333,1,1,1.5,3.9,0,15,15.0,Finance,Male,2.6397713603489157,2.779757272625065,-0.1399859122761491,0.11250057348354953,0.0123275784916692
2,0.25,1,2,4.9,3.7,0,4,8.9,Customer Support,Female,2.3282528397426234,2.2690316223388405,0.059221217403782944,-0.13842132967824644,0.016726794493671197
4,0.2857,1,4,3.8,2.8,0,35,17.3,Product,Female,3.2244602031621015,2.931394751327843,0.29306545183425836,-0.15035670380979563,-0.02675915906156931
6,0.2609,3,3,2.9,3.5,1,23,6.0,HR,Male,3.7106409458954492,3.769054973016566,-0.058414027121116874,0.08730556590045992,0.006168378090376817
2,0.4,1,4,3.6,3.5,1,13,8.4,Data Science,Female,1.9726911717329554,2.1736197214480635,-0.2009285497151081,-0.1414869898494652,0.007695890538889548
4,0.3333,1,3,3.5,3.5,1,4,12.2,Product,Female,2.8172035149987327,2.847812685770361,-0.030609170771628502,-0.15417889912009297,0.0026128593606994364
3,0.375,3,2,3.6,3.5,1,1,9.2,HR,Male,2.5862591440482876,2.5921999449035904,-0.005940800855302797,0.1025502002845323,0.002180975416084585
2,0.5,2,3,3.1,3.5,1,23,20.2,Marketing,Female,1.986503546020567,1.917985547816478,0.06851799820408888,-0.14495962759790576,0.011008400680455544
2,0.5,2,3,2.6,3.5,0,29,12.1,Finance,Male,2.3145136638593193,2.186481856946131,0.12803180691318827,0.10071474835789147,0.009249625407304873
1,0.5,2,3,4.9,3.4,0,21,9.5,Data Science,Female,1.9387416595767009,1.8373852271648003,0.10135643241190051,-0.14072611244103425,0.002489000098683301
3,0.2727,2,4,3.9,4.8,0,20,10.7,Finance,Male,2.8970163006148333,2.8210743082258007,0.07594199238903254,0.10910169085439714,0.036542342666091715
6,0.3158,2,4,1.3,4.1,0,1,17.7,Sales,Male,3.6264719939853194,3.7409542959731326,-0.11448230198781317,0.09434550195576671,0.02948371507146618
3,0.3,2,2,3.6,4.0,0,1,22.7,Marketing,Male,2.865053949911875,2.828271050011513,0.036782899900361876,0.10990721522583982,0.038599263977898646
1,1.0,1,1,3.8,3.4,0,1,19.7,Marketing,Male,2.130609828254235,2.084884936631059,0.045724891623176056,0.10527325577496861,-0.0038660789427899128
2,0.3333,2,4,2.9,4.2,0,14,7.8,HR,Male,2.1198634561787513,2.2239439173026025,-0.10408046112385128,0.10426341542773698,0.027459533156716055
1,0.2,3,3,2.3,3.5,0,1,13.9,Engineering,Male,1.8261608959453874,2.001462003679159,-0.1753011077337714,0.09870062909211322,0.005139003585334021
3,0.25,3,3,2.9,5.0,0,10,9.9,HR,Male,2.6326080059353516,2.6605527002884513,-0.027944694353099653,0.1021123614250308,0.034779494832025984
1,0.3333,2,1,2.8,3.2,0,9,19.6,Product,Male,2.258633205464863,2.102452389038075,0.15618081642678794,0.10661859467468936,-0.006345043097240134
4,0.4,2,4,3.8,4.2,0,8,14.2,Marketing,Female,2.7700855920216627,2.7573323300027144,0.01275326201894833,-0.1383343847758268,0.039945826492337175
2,0.4,1,3,3.4,3.8,0,8,9.2,Customer Support,Male,2.136530508663963,2.28033843343165,-0.1438079247676871,0.10700085070619379,0.008697604719532206
1,0.5,2,3,3.8,3.2,0,17,9.7,HR,Male,1.803358605071407,1.8600200117784462,-0.05666140670703923,0.09949190319873388,-0.008227590869429835
3,0.375,3,4,5.0,3.3,0,12,23.0,Sales,Female,2.1849270495258133,2.3419062450575683,-0.156979195531755,-0.13610681968009003,-0.0114323230233039
5,0.2273,1,3,4.1,3.4,0,25,32.1,Sales,Female,3.6798387094617873,3.5716879032751523,0.10815080618663497,-0.11988626747077963,-0.0016469768061108643
3,0.6,3,3,3.7,3.5,1,2,32.7,Sales,Female,1.986503546020567,2.145142549279117,-0.1586390032585503,-0.1471129828864026,0.005810539341034897
2,0.3333,2,3,3.7,3.0,0,30,8.7,Operations,Female,2.064327903869788,1.9539958176442496,0.11033208622553836,-0.15313097823914773,-0.010175952803280736
2,0.25,1,3,4.0,2.8,0,51,8.1,Legal,Female,2.265921108622454,2.2786572054453034,-0.012736096822849152,-0.13470253569619792,-0.032027821924695485
3,0.2,1,3,3.7,4.4,0,17,14.8,Data Science,Male,2.990719731730447,3.0576404785755926,-0.06692074684514582,0.10090425969665708,0.03510335923802116
1,0.1667,1,3,2.8,3.2,0,78,14.4,Product,Female,1.7613002617433464,1.9532819149477052,-0.19198165320435878,-0.14880418836907874,-0.008641340394807627
5,0.2778,1,3,4.6,2.1,0,2,10.3,Legal,Male,3.6328380632303117,3.6076943190088806,0.025143744221431064,0.10549290482441948,-0.06274120616763193
1,0.3333,1,1,3.0,3.6,0,22,13.9,Finance,Male,2.0955609235597192,2.1614298645288472,-0.06586894096912799,0.09982054799308053,0.009089581843209649
4,0.3636,2,3,3.5,3.5,1,75,5.0,Customer Support,Female,2.6461747973841225,2.645677247961982,0.0004975494221404198,-0.14743012463009222,0.005302417300756084
1,0.5,3,3,3.7,3.5,1,8,9.4,Engineering,Male,2.0228711901914416,1.9097026899713978,0.11316850022004377,0.0999755759997605,0.005646757895830465
2,1.0,1,3,3.8,5.0,0,1,25.6,Sales,Male,2.2502386126218363,2.2257752464097873,0.02446336621204903,0.1053311459459173,0.0275780001239144
3,0.4286,3,3,2.7,3.6,0,1,13.4,Marketing,Male,2.446685436967803,2.4627112479457494,-0.01602581097794653,0.10625747555574072,0.010659454327501957
1,0.5,3,4,2.9,4.5,0,2,15.8,Finance,Male,1.969905654611529,1.8065000780111242,0.16340557660040478,0.09634495220452702,0.030790053438053317
2,0.2857,1,2,3.7,3.4,0,15,7.3,Customer Support,Male,2.033397603178429,2.4342624142595017,-0.40086481108107286,0.11207552629060104,-0.0032094447032809206
4,0.3077,3,2,2.7,2.8,0,12,11.5,Legal,Female,2.717340248009303,2.7306199724138,-0.013279724404497095,-0.1477706605769245,-0.028503883808294023
3,0.4286,1,2,3.9,3.5,1,14,11.4,Engineering,Male,2.8425810940598164,2.843435348216246,-0.0008542541564295902,0.10084260781903082,0.001958398753273176
3,0.6,1,4,4.1,3.5,0,5,13.6,Finance,Female,2.3646204839134985,2.30827251513136,0.05634796878213866,-0.14637148493534408,0.001921016066336638
1,0.5,1,3,4.1,3.5,0,22,15.7,Finance,Male,1.8164520818184267,2.0391872176862225,-0.2227351358677958,0.10226080481500029,0.0035024233627679573
4,0.2667,2,3,2.2,3.5,1,14,7.7,Operations,Male,3.1540172525197043,3.0708397154584577,0.08317753706124664,0.11249267748176306,0.0025995159727905497
2,2.0,1,2,3.2,3.5,1,2,9.0,Legal,Male,2.102913897864978,2.154472100964354,-0.05155820309937598,0.0992452321051351,0.002146004392082846
1,0.3333,2,3,3.0,4.3,0,38,21.7,Marketing,Male,2.254444717666111,1.8945142633283025,0.35993045433780835,0.09970719233538922,0.02319993348995272
2,0.5,1,3,2.5,2.3,0,19,16.7,Finance,Female,1.9387416595767009,1.9431856499169649,-0.004443990340263992,-0.14308426989322523,-0.053195974825460304
1,1.0,1,4,3.3,3.8,0,5,12.0,Engineering,Female,1.3937663759585917,1.7148387927277773,-0.32107241676918563,-0.1412012299569947,0.0004035536655075836
3,0.6,2,4,4.1,3.0,0,1,28.1,Sales,Male,2.481567748522486,2.47261395893244,0.00895378959004578,0.10362787662781979,-0.010965138172897943
4,0.3077,2,3,2.2,3.8,0,2,11.4,Legal,Male,3.0717669598299886,3.024666946525797,0.047100013304191446,0.1080089628160138,0.008745951770930809
2,0.4,1,3,4.3,3.4,0,8,29.5,Sales,Female,1.801709800081223,2.1570075114819574,-0.3552977114007343,-0.1414450786668181,-0.0016100589648028157
1,0.3333,1,3,4.2,3.6,0,36,20.1,Marketing,Male,2.149433913499871,2.067960578970583,0.08147333452928818,0.10868296118212097,0.011654506784371677
4,0.4,3,2,3.6,3.5,1,10,8.0,Operations,Male,2.8118094353930627,2.880567217377542,-0.06875778198447913,0.10301160666454312,0.0007706045324873691
3,0.3333,1,3,2.5,4.2,0,42,29.7,Sales,Female,2.363680192353857,2.4459764575541767,-0.08229626520031985,-0.146634935602681,0.034015987680881314
4,0.3333,1,3,2.3,2.1,0,28,10.4,Finance,Female,2.67827804276854,2.6740437641179473,0.004234278650592671,-0.1513058422538742,-0.07232708307560037
1,0.3333,1,4,2.0,3.5,1,30,16.4,Sales,Female,1.6351056591826783,1.6183094709202268,0.01679618826245144,-0.1450817761789186,0.0035230755682242394
2,1.0,2,4,4.2,3.4,0,2,13.2,Legal,Female,2.2438960966453663,1.9516148231657902,0.2922812734795761,-0.15420181043578587,-0.0004900453046171866
4,0.4444,2,4,3.6,4.9,0,18,8.5,Engineering,Male,2.968361076757859,3.015047266511152,-0.04668618975329286,0.0989649086378024,0.0478877608020956
2,0.6667,3,3,3.7,3.5,1,51,18.9,Product,Female,1.8180767775454285,1.8812383043848322,-0.06316152683940368,-0.15766164794803345,0.010404496914795733
1,0.3333,2,3,4.7,2.4,0,52,14.8,Product,Male,1.9712993830601329,2.0464427253394737,-0.07514334227934083,0.10965480651179411,-0.029090142364947415
3,0.25,1,3,5.0,4.1,0,16,13.7,Product,Female,2.8570447537800976,2.752541753077498,0.10450300070259955,-0.1439713961333773,0.04020205710903655
2,0.4,1,3,3.1,3.1,0,24,33.3,Sales,Male,2.3997118037247684,2.2487730706197677,0.15093873310500072,0.09983859448031375,-0.015850127320897328
2,0.4,3,3,5.0,4.2,0,5,18.5,Sales,Female,2.1983350716202463,2.077305134400941,0.12102993721930533,-0.13845371372348003,0.042653460570765724
2,0.2857,2,3,3.7,3.7,0,5,14.8,Data Science,Female,2.2192034840549946,2.2452558236788067,-0.02605233962381215,-0.1424430853861186,0.021236959127200302
3,0.375,3,2,4.3,3.5,1,16,9.5,Operations,Female,2.5771819258971713,2.3895375874236215,0.18764433847354978,-0.14163904255451432,-0.000700039956585624
2,0.4,3,3,2.2,4.0,0,14,7.2,HR,Male,2.1162555148025524,2.1096141728319977,0.0066413419705546595,0.10582344878938803,0.022611077255509596
2,0.4,1,2,2.4,3.3,0,2,12.6,Engineering,Male,2.299580583973747,2.369563918057462,-0.06998333408371504,0.09610124950163228,-0.00938537024019426
1,0.3333,1,4,3.6,3.3,0,1,28.8,Sales,Male,1.8702625307159986,1.9864041151651972,-0.11614158444919864,0.10553326285439123,-0.009677181203419817
1,0.3333,1,3,4.5,3.8,0,16,17.8,Sales,Female,1.7509374747078,1.812558428356275,-0.061620953648475085,-0.14548761064967716,0.0075296815567776915
1,1.0,3,3,3.9,4.0,0,10,5.9,Operations,Female,1.6074359097634274,1.4694424281850196,0.13799348157840785,-0.14861173369567962,0.010446177244152815
2,0.3333,1,1,3.7,4.8,0,7,9.4,Legal,Female,1.9416152247724325,2.29654524938686,-0.3549300246144276,-0.15141025664712224,0.041134031938899515
2,1.0,1,3,3.1,3.4,0,4,11.2,Engineering,Male,2.1412419425852827,2.2523163855136863,-0.11107444292840363,0.09859010779399952,0.0021630211774827713
6,0.2222,3,3,2.6,4.0,0,2,7.5,HR,Female,3.7864597824528,3.753622485043602,0.03283729740919794,-0.10177100861760718,0.01928280521433587
1,0.1667,1,3,2.3,4.0,0,16,11.2,Engineering,Male,2.234306252240751,2.2571263031758266,-0.022820050935075553,0.10060163429330737,0.0307882810555537
1,0.3333,3,3,4.4,4.1,0,8,5.6,Customer Support,Female,1.5173226235262947,1.6666344694732627,-0.149311845946968,-0.13905170363227723,0.03249546245237751
3,0.375,2,4,3.9,2.8,0,7,10.9,HR,Male,2.4475508632442313,2.5371936828425756,-0.0896428195983443,0.09850219822670357,-0.02497827717890434
1,0.5,1,3,2.6,3.6,0,31,8.1,Legal,Female,1.5085119938441398,1.6906492411568037,-0.1821372473126639,-0.14269825107365558,0.011771913151409677
2,0.4,1,3,3.5,2.5,0,10,6.5,Customer Support,Male,2.2905125117597764,2.2214612457257346,0.06905126603404188,0.10823172833804295,-0.036642990238130065
3,0.4286,1,4,3.2,3.5,1,11,10.5,Finance,Male,2.5680215564985067,2.587438085389218,-0.019416528890711326,0.10432159355115812,0.0016383191231116787
1,1.0,1,3,4.4,3.7,0,25,30.9,Sales,Female,2.0135687975291283,1.660793672341597,0.3527751251875313,-0.14791223344683027,0.014996852071985707
1,0.3333,3,3,2.8,3.0,0,48,5.6,Customer Support,Male,1.9315214116032138,1.776231074268098,0.15529033733511577,0.10163193975513396,-0.0057895005133581316
1,0.5,3,2,3.7,2.8,0,44,6.1,Customer Support,Male,1.4422019930581866,1.8412188751978082,-0.3990168821396216,0.10215201749774235,-0.024192943889105145
3,0.4286,1,2,3.6,4.3,0,96,13.1,Finance,Male,2.797281334830153,2.7340732553843927,0.06320807944576012,0.10153333373942669,0.03743067824990945
1,0.1667,2,3,4.4,4.1,0,13,9.2,Operations,Female,1.8484548129046001,1.8195111495102405,0.02894366339435961,-0.14630716918719844,0.03063812957394562
1,0.3333,1,2,2.0,3.5,0,9,17.3,Marketing,Male,1.7083778602890038,1.9860791106165587,-0.2777012503275549,0.10537304066535086,0.0060389427687482355
2,0.2,2,3,3.1,4.4,0,4,15.7,Finance,Male,2.8231630082027146,2.447924045476701,0.37523896272601354,0.09423161557144803,0.036469527367308414
1,0.3333,3,2,3.4,2.8,0,1,8.6,Customer Support,Male,1.7263316639055997,1.8658536580293614,-0.13952199412376176,0.10045083387493745,-0.02379243984562633
1,0.3333,2,3,4.0,3.8,0,8,10.4,Finance,Male,2.0215475632609334,1.947097204825598,0.07445035843533554,0.0968610464613353,0.002876735207449711
1,0.5,2,3,3.3,3.7,0,10,15.2,Finance,Male,1.8870696490323797,1.895397595011084,-0.008327945978704232,0.09642905092685405,0.01295492066428488
6,0.2857,1,3,3.6,1.5,0,5,5.8,Customer Support,Female,3.3755376348815775,3.4466477643590983,-0.07111012947752071,-0.1423797093076249,-0.0947361291904102
3,0.75,3,1,2.6,4.2,0,8,10.8,HR,Female,2.4907230351094403,2.157504192042102,0.3332188430673382,-0.15075434113063602,0.022566843444549477
2,0.3333,1,3,3.6,3.2,0,11,30.2,Sales,Male,2.262804222982201,2.3641603205649955,-0.10135609758279429,0.10799484906218303,-0.012779345812272669
2,0.4,1,3,2.4,4.5,0,12,13.4,Engineering,Female,2.163323025660538,2.128339319926954,0.034983705733584,-0.13477171601957413,0.0399499841947572
3,0.75,1,3,2.9,3.8,0,53,8.0,Customer Support,Male,2.47232786758114,2.4220341662691913,0.05029370131194888,0.10349315736862941,0.008335199552833029
1,0.5,2,3,3.4,3.4,0,36,18.0,Finance,Female,1.4279160358107101,1.699006764784922,-0.27109072897421194,-0.13298861520884234,-9.77395527520174e-06
2,0.4,1,2,3.5,3.2,0,23,8.6,HR,Male,2.531313022602156,2.3405087928628903,0.1908042297392658,0.1063877178888388,-0.008245533694180044
3,0.3333,1,1,3.3,2.9,0,7,7.5,HR,Male,2.854744580253014,2.7998930935041755,0.05485148674883833,0.11204013697343757,-0.013653899931148425
1,0.1667,2,3,2.9,3.5,0,65,7.0,Operations,Male,1.7351891177396608,1.9731092628330105,-0.2379201450933497,0.10445930951007652,0.004114059686518348
2,0.2857,1,3,3.8,4.0,0,10,21.9,Sales,Female,2.2648832258100344,2.2217467938487,0.04313643196133432,-0.14649977233651093,0.03536315195417232
3,0.3,3,3,4.0,3.3,0,16,5.7,HR,Female,2.354228326145884,2.3621365154803247,-0.007908189334440596,-0.14775752285475566,-0.011026589354475213
2,0.5,1,3,3.1,2.6,0,5,10.0,Product,Male,2.355177543113216,2.2503466421201193,0.10483090099309678,0.10403472193106124,-0.04556214613771537
4,0.3077,1,4,2.0,3.0,0,3,20.8,Sales,Female,2.4630018143999504,2.790833250337074,-0.3278314359371235,-0.14587066546075217,-0.007166805922958361
4,0.5,1,3,3.0,2.6,0,21,10.1,Legal,Female,2.5603232890727545,2.5806802617718265,-0.020356972699071996,-0.13826443235923194,-0.03524150885739263
2,0.5,1,2,3.2,2.9,0,33,23.6,Sales,Male,2.21046980408624,2.2911781747307565,-0.08070837064451641,0.10090725408490511,-0.015621094793400231
1,0.1667,2,2,3.6,3.9,0,12,15.8,Product,Female,1.715598108262491,1.9565880224195729,-0.24098991415708193,-0.14595004151647556,0.02065468019111552
5,0.3125,1,4,4.6,3.8,0,8,13.7,Engineering,Male,3.7591048990034333,3.593605946074437,0.16549895292899608,0.09455306586934978,0.006194294932778309
2,1.0,1,3,3.8,3.6,0,1,14.7,Engineering,Female,1.9600947840472698,2.0791028570562786,-0.11900807300900884,-0.14102721903633816,0.016495891389223572
1,0.25,1,2,3.9,2.9,0,1,15.8,Marketing,Male,2.1424163408412245,2.157416686551258,-0.015000345710033613,0.10215346926018347,-0.016969341542639935
1,0.3333,3,3,4.2,3.4,0,34,13.2,Legal,Male,1.916922612182061,1.951760413516456,-0.03483780133439485,0.10862395750233046,-0.0010079443579255516
2,0.25,1,4,2.7,3.2,0,13,6.7,Customer Support,Male,2.2975725511705014,2.308988762820593,-0.011416211650091768,0.10101051572129438,-0.01114257949743025
2,0.6667,1,3,3.0,3.6,0,1,9.0,Data Science,Female,1.8794650496471605,2.1309349346534043,-0.2514698850062438,-0.1391664426090564,0.016787021538214954
2,0.3333,2,2,2.5,4.0,0,7,7.3,Operations,Female,2.1400661634962708,1.9458137543156406,0.19425240918063014,-0.14920333911417274,0.021644989103214805
2,0.2,1,3,2.9,3.5,1,16,10.2,Product,Male,2.8587664184808337,2.4993876807260587,0.359378737754775,0.09661124222573424,0.0101082951262553
3,0.2143,1,2,3.9,2.5,0,5,5.3,HR,Female,2.565718292524414,2.663234690341953,-0.09751639781753907,-0.14737147971311224,-0.03505916372259956
2,0.4,2,3,3.4,1.8,0,28,7.5,HR,Male,2.2278615467981093,2.1364016101634227,0.09145993663468666,0.10913240674532469,-0.07176653700475856
6,0.2609,1,4,2.2,3.6,0,14,11.9,Finance,Male,3.9051997800800207,3.907709669205587,-0.002509889125566378,0.08509537267598005,0.005385469802722835
1,0.5,2,3,5.0,3.1,0,32,7.7,Operations,Male,2.1329823086078656,1.8797447981989688,0.25323751040889686,0.10400779026404701,-0.007545831821636997
2,0.6667,1,4,3.9,3.5,1,14,5.3,Operations,Female,2.017566137961748,1.8946092044454987,0.12295693351624948,-0.15849212368465745,0.0052058610240641
2,0.2857,1,3,3.5,4.1,0,14,11.0,Legal,Male,2.3896797998449792,2.484857155681586,-0.09517735583660691,0.10637372331528111,0.036778151016372274
3,0.375,1,4,2.6,3.7,0,31,10.0,Data Science,Female,2.695977619867941,2.545741368229647,0.15023625163829424,-0.1363292678620829,0.013044386815450722
2,0.4,2,2,3.2,3.9,0,1,5.3,Operations,Male,2.316487998163037,2.2642109148875877,0.05227708327544933,0.10256401645842259,0.014442127427591418
4,0.5,2,4,3.7,3.3,0,28,11.7,Finance,Female,2.716018370751387,2.524100984126733,0.19191738662465418,-0.1455025150643842,-0.00938399628160965
1,0.3333,1,3,2.7,2.6,0,28,31.6,Sales,Female,1.7173950539391927,1.6401243303303765,0.07727072360881615,-0.14227031816865573,-0.03479506858994384
2,0.3333,2,4,2.6,2.9,0,2,8.6,Customer Support,Male,1.8547342683894434,2.1127255261833753,-0.25799125779393184,0.10757441754401995,-0.019252336400281216
2,0.25,3,3,4.6,3.4,0,15,8.8,HR,Female,2.028148247292285,2.1434671465730224,-0.11531889928073724,-0.13497518539977818,-0.00029792370708704236
3,0.2727,2,4,2.1,3.3,0,27,6.2,Operations,Male,2.5392369943330477,2.629257399244505,-0.09002040491145724,0.11490050865596123,-0.00990468434113924
1,1.0,1,3,3.7,4.5,0,13,11.2,Data Science,Male,2.0268315914075385,2.0540338156259366,-0.02720222421839802,0.10370117191062508,0.020395672008809172
3,0.375,3,2,3.5,3.0,0,18,14.0,Finance,Male,2.6253929674212007,2.600200855827488,0.025192111593712596,0.10231043021505777,-0.006277752222454086
2,2.0,1,3,2.2,2.9,0,7,13.6,Data Science,Female,1.9050881545350582,1.9265002955925496,-0.02141214105749145,-0.14139495743414568,-0.02089136235233695
1,0.5,1,2,3.5,4.1,0,1,13.4,Legal,Female,1.9387416595767009,1.8759843044373246,0.0627573551393763,-0.14064788943389817,0.03635204786449782
2,0.2,2,3,3.4,3.5,0,23,10.8,Engineering,Female,2.191653532286764,2.298814574412233,-0.10716104212546895,-0.13310743949022644,0.008393615636701332
1,0.3333,2,3,3.0,2.6,0,35,13.7,Engineering,Female,1.7119945007591924,1.7423782143404938,-0.03038371358130143,-0.13539198612185355,-0.03370578405189335
3,0.375,1,3,3.1,4.3,0,16,7.7,Operations,Female,2.4414770918606643,2.4495368012543928,-0.008059709393728465,-0.14061994133719113,0.04067938698059034
3,0.4286,1,3,1.7,3.6,0,47,11.5,Legal,Female,2.252343876557299,2.316154223203814,-0.06381034664651519,-0.14797472244697157,0.00830644138070033
2,0.4,2,3,3.9,4.2,0,10,10.4,Engineering,Male,2.046401687601636,2.3907026136328726,-0.34430092603123663,0.09794317672345319,0.0366163325968691
2,0.6667,2,4,3.3,1.5,0,9,13.3,Data Science,Male,2.065596134857783,2.207333221686324,-0.14173708682854125,0.10849330485718538,-0.06862155132104195
3,0.2308,3,2,3.2,3.4,0,13,8.1,Legal,Male,2.691243082785829,2.8126241712406217,-0.12138108845479278,0.10434532350090694,-0.003330727298502626
6,0.2308,1,4,3.4,3.8,0,14,6.5,HR,Male,3.912023005428146,3.8858178617146995,0.02620514371344651,0.0760792428453768,0.003466550944495165
2,0.3333,2,3,3.0,3.6,0,15,7.2,Operations,Male,2.2428350885882717,2.226582926091311,0.01625216249696093,0.1081144154223962,0.011624666646950653
1,0.2,2,4,4.3,3.5,1,74,10.2,Product,Female,1.766441661243765,1.8497448264342076,-0.08330316519044256,-0.15032019845501132,0.001691675994614418
3,0.6,1,3,3.2,3.2,0,8,12.4,Finance,Female,2.4423470353692043,2.2682010417030956,0.17414599366610872,-0.14446576375570147,-0.009804698178049851
3,0.6,3,3,2.5,2.9,0,8,5.1,Customer Support,Male,2.150598735996164,2.2604098088057154,-0.10981107280955138,0.1078250858199745,-0.015695517983980445
6,0.3,1,4,3.1,3.5,1,13,12.3,Engineering,Male,3.8548175316573667,3.8544232872139443,0.00039424444342239795,0.08841488273778171,0.0030413899932456513
4,0.3077,1,3,4.8,3.3,0,26,23.0,Sales,Female,2.8535925063928684,2.900747451349041,-0.047154944956172784,-0.14455634056645,-0.007874271440584257
2,0.5,1,3,4.6,2.5,0,22,12.2,Data Science,Male,2.458733775483977,2.413117866100464,0.04561590938351312,0.10098619435569121,-0.03392386237845503
3,0.6,1,3,4.6,4.1,0,67,9.1,Customer Support,Female,2.5922651681085,2.2823241354623334,0.30994103264616646,-0.14331247937827152,0.026311411517666687
2,0.4,2,3,2.7,2.1,0,2,7.5,Operations,Male,1.7867469274045107,2.0784240610440463,-0.2916771336395356,0.10964316141741715,-0.0681688314716195
1,0.5,1,4,4.0,2.9,0,5,6.2,Operations,Female,1.6601310267496185,1.650981394279314,0.009149632470304647,-0.14552503704279116,-0.012422309242751844
2,0.3333,1,3,2.3,2.6,0,1,23.0,Marketing,Female,2.196112848483529,1.898681508976544,0.29743133950698497,-0.15201486021607946,-0.04937015870832926
1,0.5,3,3,2.8,2.9,0,23,11.4,Finance,Male,1.9487632180377197,1.8083771583175892,0.14038605972013052,0.09877595882934477,-0.014926393963860925
2,0.2857,1,4,3.4,3.8,0,6,16.1,Product,Male,2.2082744135228043,2.490028969373824,-0.2817545558510197,0.10854151909506682,0.013950207427698785
2,0.3333,3,4,4.0,3.5,0,1,13.3,Data Science,Female,2.2375130962503307,2.107891587033865,0.12962150921646565,-0.14296540867399457,0.005194132274440252
2,0.5,1,3,2.6,3.5,1,66,14.8,Data Science,Male,2.418588768750352,2.313800989649117,0.10478777910123505,0.0971571694111012,0.012030213246211115
1,0.3333,2,4,3.9,3.7,0,29,8.6,Operations,Female,1.6789639750827108,1.6423497728068157,0.03661420227589507,-0.1400081908694505,0.010626326072663329
3,0.2727,1,3,3.7,3.3,0,63,17.6,Marketing,Female,2.558002204858551,2.5464975257797815,0.01150467907876962,-0.1518002956724141,-0.01246467158328601
3,0.375,1,4,2.8,4.3,0,7,10.4,HR,Female,2.329227023940467,2.3947200543745013,-0.06549303043403443,-0.13863321773567586,0.03566555415440669
2,0.4,1,2,4.3,3.6,0,3,11.1,Legal,Male,2.7232671669070703,2.500585338261918,0.22268182864515218,0.10299309134609692,0.013227546471288003
2,0.25,3,3,2.7,2.5,0,21,12.2,Engineering,Male,2.4344901638739844,2.2487162895011914,0.18577387437279302,0.09012649633826474,-0.04174610746702069
6,0.3,2,1,3.0,3.8,0,9,23.9,Marketing,Female,3.7653774250866614,3.6545824220616705,0.1107950030249909,-0.12834746080683684,0.008786832415527345
3,0.5,1,3,3.8,3.0,0,28,11.3,HR,Female,2.0068708488450007,2.2970915797037845,-0.29022073085878386,-0.14262789053959554,-0.006645940004790787
1,0.1429,1,3,3.9,2.6,0,79,9.9,Operations,Female,1.9139771019523042,1.8390855005306517,0.07489160142165252,-0.15325546164847936,-0.02504589864863169
3,0.5,2,3,3.9,3.5,1,36,8.0,Legal,Male,2.4096441652874536,2.509734681152341,-0.10009051586488749,0.10310879461466187,0.004979163229584636
3,0.5,1,1,2.4,3.9,0,12,11.4,Product,Male,2.883682769745368,2.716212427914314,0.16747034183105436,0.10955875065365515,0.012311834295688124
2,0.4,3,3,2.9,2.3,0,4,6.6,Customer Support,Female,1.8082887711792655,1.7195659270676034,0.08872284411166209,-0.14885278104169783,-0.08390661767809704
1,1.0,2,3,3.5,2.3,0,6,7.5,HR,Female,1.6193882432872684,1.5032456384718815,0.11614260481538685,-0.1476446132712835,-0.05437374473173083
4,0.4444,2,3,3.8,4.5,0,1,28.5,Sales,Female,2.73696154459663,2.716303371518567,0.020658173078063058,-0.1374250303491006,0.029728941126983714
3,0.3333,2,3,3.7,3.0,0,76,13.9,Product,Male,2.6651427000909336,2.701329060491231,-0.036186360400297435,0.10874230165100168,-0.010964412742267183
1,1.0,1,3,3.1,3.1,0,2,9.6,Data Science,Male,1.9600947840472698,2.009614172287064,-0.049519388239794404,0.1036992475426037,-0.011842941163626558
2,0.4,3,4,4.0,3.2,0,71,8.3,Data Science,Female,2.2679936482244267,2.020681666820531,0.24731198140389576,-0.1389754927002604,-0.017742605702686317
2,0.3333,2,3,1.9,4.0,0,2,7.3,HR,Female,2.1114245875328868,1.8989066745725904,0.21251791296029632,-0.14820670883545622,0.030748202858800963
1,0.3333,3,2,3.7,4.3,0,12,9.2,Legal,Male,1.9906103279732201,2.038751547854334,-0.04814121988111375,0.10463985764032231,0.029316985343506238
1,0.2,1,3,2.2,3.4,0,1,13.9,Finance,Male,1.80005827204275,2.0662515254095166,-0.2661932533667666,0.10338509930938057,-0.0013688251393102072
2,0.3333,2,1,2.7,3.1,0,24,11.3,Engineering,Male,2.5900171341906173,2.465395199622195,0.12462193456842208,0.10094716887257482,-0.013729221538607941
6,0.3,1,4,4.4,2.6,0,3,24.5,Marketing,Female,3.795938526407344,3.716934252573529,0.07900427383381503,-0.12282467398972312,-0.022819671719487723
3,0.3333,3,4,3.8,4.0,0,3,13.2,Product,Male,2.757475084429733,2.6777177136767216,0.07975737075301126,0.10913114508559035,0.03824690955885355
3,0.25,2,4,3.7,2.9,0,12,14.8,Product,Female,2.6181254935742233,2.485659610595511,0.1324658829787122,-0.14601443716017157,-0.02454086283602123
6,0.375,1,4,4.4,3.2,0,1,10.0,HR,Male,3.6378492830011573,3.7161560949476624,-0.07830681194650513,0.08720284139957353,-0.0075048603160301685
1,0.1429,3,3,3.4,3.8,0,43,11.4,Legal,Male,2.0769384114617173,2.0570047873233572,0.019933624138360084,0.10688932527363615,0.006104111757470573
2,0.6667,2,4,3.1,3.5,0,13,14.9,Legal,Male,2.163323025660538,2.158064078142637,0.005258947517901014,0.10354966432026784,0.009933000337471869
1,0.3333,1,3,3.8,4.9,0,4,8.4,HR,Female,1.8562979903656263,1.8211805764268383,0.03511741393878798,-0.14325005580175132,0.06400278503553797
2,0.1818,2,4,3.3,2.7,0,9,10.1,Engineering,Female,2.1983350716202463,2.2900580898217737,-0.0917230182015274,-0.1287344818155245,-0.03342265717781237
1,0.5,1,3,3.3,3.6,0,12,14.0,Data Science,Male,1.9501867058225735,2.0717306151183172,-0.12154390929574377,0.10159699355756792,0.01257501346445655
1,0.3333,2,3,3.1,1.7,0,7,12.0,Engineering,Female,1.6845453849209058,1.6819811402520413,0.0025642446688645126,-0.14156664813837225,-0.08328796087656913
1,0.2,1,3,3.0,3.0,0,18,15.9,Product,Male,2.2071749081893874,2.1707441424250304,0.036430765764357,0.10902092337640117,-0.007462112974356514
1,0.5,1,3,1.8,2.9,0,11,17.3,Sales,Female,1.4327007339340465,1.6004359915597512,-0.16773525762570474,-0.14568609484255157,-0.013705495415259082
2,0.2857,2,2,3.1,3.8,0,4,8.8,Data Science,Male,2.5680215564985067,2.5216913036877724,0.04633025281073433,0.09823659916867354,0.012071171327520416
1,0.3333,1,4,4.6,3.1,0,4,8.9,Data Science,Male,2.0731719286662407,2.18996464186597,-0.11679271319972928,0.10755577637097849,-0.016201419103832507
1,0.25,2,3,3.3,4.4,0,3,10.2,Data Science,Male,1.918392120161421,2.1314633182425937,-0.2130711980811728,0.09546668576632539,0.035347129250536714
3,0.5,1,2,2.7,3.8,0,1,13.3,Engineering,Male,2.6693093727857793,2.687238013519789,-0.017928640734009793,0.10059735614798335,0.009057996910106586
2,0.3333,1,3,4.1,3.8,0,7,5.1,HR,Male,2.337952236831337,2.356194934065156,-0.018242697233818994,0.10922598139400011,0.012921511414555782
1,0.3333,1,3,3.3,3.4,0,21,17.8,Marketing,Female,1.922787731634459,1.733793675549238,0.18899405608522102,-0.14822791069590752,-0.002198403730435558
6,0.2,3,4,2.2,3.3,0,1,19.4,Product,Female,3.7954891891721947,3.758795798856053,0.036693390316141716,-0.10342816074930418,-0.0073502101944117725
1,0.3333,2,2,4.2,4.0,0,14,7.6,HR,Female,1.7263316639055997,1.8159096394103877,-0.08957797550478808,-0.13516367762255221,0.021180895220195645
3,0.3333,2,3,2.6,2.5,0,27,8.3,Data Science,Female,2.4672517145492794,2.393148259816103,0.07410345473317648,-0.14432923652809881,-0.03262291322483904
4,0.3333,3,2,5.0,4.6,0,2,8.3,HR,Male,3.128951117340214,3.0357040462196165,0.09324707112059727,0.10217839343649311,0.028317723542966317
1,0.2,1,3,2.0,4.0,0,4,8.5,Operations,Male,1.9080599249242156,2.02786145467198,-0.11980152974776459,0.10855679227439301,0.030178888606038855
2,0.3333,3,3,4.1,3.5,0,47,13.8,Finance,Male,2.4475508632442313,2.287389173044284,0.16016169019994742,0.10265413218463754,0.00546361246375606
4,0.2222,3,3,4.0,3.9,0,18,9.3,Engineering,Female,3.1424266527047946,3.0920512599335064,0.05037539277128822,-0.12814531066323495,0.02037194541498948
2,0.4,1,3,5.0,4.1,0,34,7.2,Operations,Male,2.4553061800117097,2.3461049756002863,0.10920120441142345,0.10592125323601935,0.02714836326698548
1,0.25,2,2,4.2,3.0,0,11,13.5,Product,Male,1.9401794743463283,2.138862244636726,-0.19868277029039771,0.10122598255571556,-0.012104118759572036
2,0.5,3,2,3.6,2.7,0,28,17.1,Finance,Male,2.1150499691472033,2.1849587630758966,-0.06990879392869331,0.10186545639226806,-0.03142186638936591
2,1.0,1,2,4.4,3.6,0,8,14.9,Data Science,Male,2.542389085201363,2.4558303503145766,0.08655873488678623,0.10136007118130787,0.017429088415698117
1,0.3333,1,2,3.8,4.1,0,2,13.9,Data Science,Male,2.3504224224082058,2.2583906738261295,0.0920317485820763,0.10035541754983962,0.035369157370523464
1,0.3333,2,2,3.4,3.3,0,8,15.5,Finance,Male,1.9080599249242156,1.9918495137726449,-0.08378958884842924,0.09600127523172872,-0.010471321028466323
2,0.2222,1,2,2.7,4.1,0,25,19.2,Sales,Male,2.5265283244788197,2.492875134963859,0.03365318951496077,0.092694272799425,0.02661620139766007
2,0.5,3,2,3.3,3.6,0,14,18.1,Marketing,Male,2.128231705849268,2.1567933463177855,-0.028561640468517613,0.10886320795491947,0.01436912300863262
1,0.3333,3,2,3.8,4.3,0,1,11.5,HR,Female,1.536867219599265,1.7526164501157078,-0.2157492305164428,-0.1350337197148813,0.029560601340432893
5,0.2778,1,2,4.9,3.9,0,8,10.9,Finance,Male,3.912023005428146,3.6722162104328167,0.2398067949953293,0.09724726233954588,0.010214590424461507
1,0.3333,2,3,4.7,2.5,0,70,8.4,Customer Support,Male,1.8748743759385615,1.8743052436897252,0.0005691322488363681,0.1022665868528973,-0.020148074059904653
1,0.5,2,4,3.9,2.5,0,4,10.1,Product,Female,1.5623463049002497,1.6653328775934435,-0.10298657269319378,-0.14586754751404607,-0.025090667960379103
4,0.3636,1,4,3.3,3.5,1,13,8.5,Operations,Female,2.5360749363624,2.713792933202397,-0.17771799683999712,-0.14848421254086053,-0.0008565214407250273
2,0.3333,1,3,3.4,3.5,1,12,18.9,Product,Male,2.3739750890807185,2.456298608305692,-0.08232351922497338,0.11149655945218238,0.009561557638383632
1,1.0,1,4,2.8,2.6,0,2,9.9,Legal,Female,1.5644405465033646,1.622319712581134,-0.05787916607776933,-0.14792964672174383,-0.031415703908447
1,0.5,2,3,4.3,2.9,0,36,12.2,Legal,Female,1.7334238922150915,1.6941854849233438,0.03923840729174777,-0.1449532798676465,-0.0121401898664218
1,0.5,2,3,3.1,2.4,0,37,11.4,Data Science,Male,1.8562979903656263,1.9512105835804083,-0.09491259321478207,0.10042899640845687,-0.03553308065749619
2,0.2857,1,3,3.8,3.5,1,4,12.5,Engineering,Male,2.5756610130564646,2.560582452248214,0.01507856080825043,0.10213429095322417,0.006836514374156073
3,0.375,1,4,3.1,3.8,0,11,10.7,Legal,Male,2.6803363625346943,2.6968309078058943,-0.01649454527119998,0.10287851373302503,0.00739861843581878
1,0.5,1,3,4.1,2.5,0,23,8.2,Legal,Female,1.6882490928583902,1.7838276490160923,-0.09557855615770205,-0.14876067285332634,-0.021836487747586866
1,0.5,2,4,3.4,3.6,0,1,9.1,HR,Male,1.780024213009634,1.8305333848246301,-0.050509171814996145,0.09929730433958553,0.009997266014350224
4,0.3333,3,4,1.8,4.1,0,17,13.2,Data Science,Female,2.6411978941143697,2.705533443684219,-0.06433554956984944,-0.14385802197717715,0.039610319170228725
2,0.5,1,4,4.3,4.6,0,2,6.5,Customer Support,Male,2.2407096892759584,2.2837277016611526,-0.043018012385194204,0.10801170386842,0.03192005648903608
1,0.5,2,4,3.0,2.5,0,9,10.1,Data Science,Female,1.5706970841176697,1.6931729763704046,-0.12247589225273492,-0.1355247218454484,-0.02912647540399712
2,0.2857,1,2,4.7,3.9,0,28,10.8,Finance,Female,2.4907230351094403,2.3879043640212148,0.10281867108822551,-0.1357088583593816,0.01841972283629114
1,0.5,3,4,3.6,3.2,0,13,9.2,HR,Male,1.665818245870208,1.7955034713605411,-0.12968522549033312,0.10382174101070694,-0.00757970482465805
1,0.2,2,3,1.9,4.3,0,96,8.2,HR,Male,2.1077860146889784,1.9184243357106472,0.18936167897833123,0.10632743461093397,0.014018564143108541
2,1.0,2,3,4.0,3.7,0,61,16.2,Product,Male,2.0241930674493576,2.3213216455323096,-0.297128578082952,0.10986101632050804,0.02064315502239025
6,0.3,2,3,3.6,4.4,0,51,14.0,Engineering,Male,3.912023005428146,3.872800275538712,0.03922272988943387,0.08968775256854168,0.03474576805138621
1,1.0,1,4,3.7,3.0,0,3,14.4,Finance,Female,1.7351891177396608,1.663866308219464,0.07132280952019676,-0.14129379800669972,-0.008344725692308529
1,1.0,2,3,3.1,3.1,0,29,6.0,Customer Support,Female,1.6582280766035324,1.5165125795548198,0.14171549704871267,-0.1412698467167272,-0.005814629650746355
3,0.6,2,3,3.2,2.8,0,17,8.3,HR,Female,2.102913897864978,2.151948070702238,-0.04903417283725986,-0.1411790171099954,-0.029563902716486318
3,0.5,1,2,4.0,3.0,0,28,9.0,Legal,Male,2.485739636091892,2.6725934909660247,-0.18685385487413253,0.10273893817703134,-0.006421493773697158
2,0.4,2,1,3.3,3.5,1,28,7.1,HR,Male,2.378619779270043,2.3532208990558057,0.02539888021423753,0.1074713596529145,0.003226434871884132
2,0.5,1,2,3.5,3.2,0,28,15.5,Finance,Male,2.8320361808832013,2.3632467974568954,0.46878938342630594,0.09954626507306279,-0.008555857617901482
2,0.25,1,2,3.0,3.3,0,54,15.4,Product,Male,2.612273245708441,2.497125960248998,0.11514728545944308,0.09612090610182168,-0.00973093982130009
1,0.3333,2,2,2.9,3.5,1,40,14.5,Finance,Male,1.9947003132247452,1.9965689847594763,-0.0018686715347311367,0.09683004897728474,0.0038589266958843987
4,0.3333,2,4,2.1,2.5,0,46,8.2,Operations,Female,2.4501426573516603,2.5305461130109235,-0.08040345565926321,-0.15639193369076107,-0.028235909844260755
1,0.5,3,3,4.1,2.7,0,15,10.2,Engineering,Female,1.7387102481382397,1.7034866434495994,0.035223604688640275,-0.13965654957045825,-0.020941771055504182
1,0.2,1,3,3.6,4.0,0,6,6.4,Operations,Female,2.1016921506146558,1.831883881257328,0.2698082693573278,-0.1509645088077033,0.03010218390243395
1,0.3333,2,3,5.0,2.7,0,16,11.8,Engineering,Male,2.0347056478384444,2.105588572158471,-0.07088292432002641,0.10165705280258014,-0.02848586380271622
3,0.75,2,4,2.4,3.4,0,4,5.1,Operations,Female,1.8625285401162623,2.0566481973860102,-0.1941196572697479,-0.15419265484997974,-0.0012820049857689955
3,0.375,2,2,3.6,3.1,0,3,5.1,Customer Support,Female,2.2267833795777636,2.3721394140069383,-0.14535603442917466,-0.1409304446875927,-0.015334746957023563
2,0.2857,2,1,2.9,4.3,0,10,8.1,Operations,Male,2.4292177439274116,2.4524562928324904,-0.023238548905078815,0.1079166472268233,0.021876003673400223
4,0.2857,1,3,3.1,4.2,0,13,19.2,Sales,Female,3.2398542312533927,2.9212762573160913,0.31857797393730136,-0.14353218633137577,0.04155893680905181
1,0.3333,1,4,4.1,3.5,1,15,18.2,Product,Female,1.5810384379124025,1.8323739023195564,-0.25133546440715393,-0.1564453881436367,0.0011475197723343712
3,0.2143,2,4,4.7,3.3,0,11,13.4,Engineering,Female,3.0170044088295307,2.712379058686556,0.30462535014297476,-0.13298700726957796,-0.014500153642881597
1,0.3333,3,1,3.9,3.1,0,9,12.4,Finance,Female,1.5602476682433286,1.8413877597523503,-0.28114009150902164,-0.13427227639773226,-0.011021763585542821
4,0.4,2,4,2.4,3.0,0,8,9.4,Data Science,Female,2.7954503913830435,2.7312262712971878,0.06422412008585576,-0.13879452830965128,-0.007032985252986753
2,0.3333,3,3,3.5,4.8,0,15,9.8,HR,Male,2.349468678892896,2.2231271983564653,0.12634148053643068,0.10782206711694987,0.03600288516084826
4,0.2667,1,4,3.9,4.1,0,21,9.2,Operations,Male,3.1372318358276905,3.227874668031351,-0.09064283220366054,0.10647087637185058,0.03252321081174491
2,1.0,2,2,4.2,3.9,0,4,8.6,Engineering,Female,2.0592388343623163,2.1413689071792414,-0.08213007281692519,-0.14043497818121795,0.014883834446156692
2,0.4,1,4,3.8,3.5,1,2,34.7,Sales,Male,2.528125768907977,2.279623263366813,0.24850250554116382,0.1027495954755069,0.0032262288174438195
1,0.5,1,4,3.4,4.2,0,63,17.6,Finance,Male,1.9080599249242156,1.9659450277210753,-0.057885102796859655,0.09749990989473446,0.028662585044882626
2,0.4,1,3,3.9,3.1,0,30,10.7,Data Science,Female,2.0592388343623163,2.184353389604623,-0.12511455524230675,-0.14004858630234865,-0.018512277651010354
3,0.3333,1,3,3.1,3.2,0,3,8.3,HR,Female,2.4379897300002487,2.387170166691714,0.050819563308534654,-0.14914947956638228,-0.01268696528467177
2,0.3333,1,1,4.3,3.5,0,19,18.4,Sales,Male,2.658859956911438,2.5719787696621443,0.08688118724929383,0.10630693758240352,0.002931131149607071
3,0.25,1,4,2.6,2.8,0,16,14.0,Marketing,Female,2.298577071596507,2.4759644289046236,-0.17738735730811683,-0.14650468931999316,-0.03066092263539095
1,1.0,1,3,3.7,4.3,0,32,5.3,Customer Support,Female,1.5496879080283263,1.6138410862774484,-0.06415317824912203,-0.14767654444078085,0.020102527292686127
3,0.3333,1,4,4.0,3.5,0,7,12.7,Data Science,Female,2.3832429960115,2.61255695248812,-0.22931395647662,-0.145506347972791,0.0027089122043833466
1,0.1429,3,4,3.8,3.5,1,7,5.9,HR,Female,1.7681496035889213,1.7323278787125127,0.035821724876408556,-0.14411185051165526,0.0019834236498444294
2,0.4,3,1,4.0,3.5,1,1,11.5,Engineering,Female,2.1004689088719113,2.2085185916653667,-0.10804968279345539,-0.13719699216210238,0.0034875002871840623
1,0.1667,2,4,4.3,3.9,0,14,7.0,Operations,Male,2.3646204839134985,2.037263196047026,0.32735728786647256,0.10853192213469506,0.01117585577088707
2,0.5,1,3,3.8,3.5,0,11,7.2,Operations,Female,2.061786606441115,1.9505314616187064,0.11125514482240884,-0.15212899366090657,0.006775431376695577
1,1.0,1,4,3.4,5.0,0,6,16.0,Product,Female,1.922787731634459,1.7453154551362622,0.17747227649819686,-0.1545768202564268,0.05273375475486076
1,0.3333,2,2,2.7,3.6,0,9,8.5,Legal,Male,2.0014800002101243,1.9856581625696088,0.01582183764051548,0.10331247822259272,0.009908579964429206
1,0.5,1,1,3.3,3.1,0,3,17.1,Marketing,Female,1.843719208158766,1.8629278260316475,-0.019208617872881417,-0.14293158562271313,-0.009229219030865925
2,1.0,1,3,4.6,3.6,0,11,5.9,HR,Male,2.1713368063840917,2.266046541990455,-0.09470973560636331,0.1103226194564018,0.017240655572494972
2,0.4,3,2,4.1,2.1,0,1,9.6,HR,Female,1.5602476682433286,1.9197249761709287,-0.35947730792760013,-0.14951452704061766,-0.0650492479210039
3,0.2727,1,2,3.4,3.6,0,9,10.1,HR,Female,2.631888840136646,2.602527332068262,0.029361508068384,-0.15476262526407072,0.010350095497850676
3,0.3,1,3,3.4,4.3,0,21,30.7,Sales,Male,2.695977619867941,2.8249827593770767,-0.1290051395091356,0.10644126472424642,0.037803632420815664
1,0.3333,2,4,2.6,3.8,0,8,16.6,Product,Female,1.6467336971777973,1.6603931216840118,-0.01365942450621449,-0.1454106225456707,0.00934636490786882
4,0.4444,2,2,3.0,2.1,0,6,6.3,Customer Support,Female,2.512035317176253,2.552844888005431,-0.04080957082917802,-0.14229604964165693,-0.07430684411944861
4,0.2667,1,2,2.1,3.5,1,4,10.3,Finance,Male,3.202746442938317,3.2051438408504933,-0.0023973979121763023,0.10487034808817941,0.0013814031732364202
3,0.3333,1,4,4.2,4.4,0,37,27.3,Sales,Male,2.8160073426073025,2.825492816382141,-0.00948547377483866,0.10527323405843224,0.03366741030432246
1,0.1429,3,3,3.7,3.8,0,9,9.5,HR,Male,1.9095425048844386,1.9974064817416461,-0.08786397685720759,0.10479147245473662,0.005810544569470625
1,0.5,3,2,3.8,3.9,0,5,9.6,Legal,Male,2.0412203288596382,1.9498018212060488,0.09141850765358939,0.10325679893484671,0.004746393756122976
2,0.4,2,3,5.0,4.1,0,11,5.8,Operations,Female,1.979621206397625,2.01480420830476,-0.03518300190713486,-0.14331104781203036,0.03505653755009374
2,0.5,1,2,3.3,3.5,1,12,5.3,Customer Support,Male,2.3589654264301534,2.2497354364941797,0.10922998993597366,0.10757318223212842,0.0074124795622335085
2,0.4,3,2,2.6,3.7,0,2,17.3,Product,Male,2.373043556642607,2.2371351021992596,0.13590845444334754,0.10080185722308185,0.018325839972515655
2,0.5,1,3,2.8,3.1,0,23,10.9,HR,Female,1.9213246735826988,1.8970769671521284,0.024247706430570393,-0.14678205772100933,-0.011781551675666326
1,0.3333,1,1,2.8,3.2,0,20,17.9,Product,Male,2.206074192613202,2.1826018457743404,0.02347234683886157,0.10919160239350686,-0.003773613844927306
4,0.3077,1,3,3.4,3.0,0,10,14.1,Engineering,Male,3.3138223021771545,3.2123653974068227,0.10145690477033176,0.1023346779776191,-0.005066072583250169
1,0.5,2,3,3.0,3.0,0,3,10.4,Legal,Male,1.724550719534605,1.874480085839359,-0.14992936630475406,0.10008525862501785,-0.00981283056585832
3,0.75,2,4,3.8,3.2,0,3,22.4,Marketing,Male,2.286455711064162,2.4218009918657257,-0.13534528080156383,0.10330341158051734,-0.010375913900339014
5,0.4167,3,4,3.3,2.7,0,11,5.8,Customer Support,Female,2.6616571615324998,2.8023870208483355,-0.1407298593158357,-0.12786005122332075,-0.019397675820975138
3,0.375,1,3,2.9,4.0,0,5,9.7,Customer Support,Male,2.5817308344235403,2.635061779898327,-0.053330945474786784,0.09887406405948408,0.02712457503102068
3,0.3333,1,3,4.3,3.2,0,11,7.5,Operations,Male,2.907447358686419,2.728427534685816,0.17901982400060312,0.11047456819773856,-0.01087032812034074
2,0.4,1,4,2.9,2.4,0,13,13.6,Data Science,Female,2.075684492802124,2.0746917582197897,0.000992734582334176,-0.13852773472075197,-0.04987053412000569
3,0.6,1,4,3.2,3.5,1,10,24.5,Marketing,Male,2.5847519847577165,2.4918238265109487,0.09292815824676781,0.1048017783780338,0.008093083414029908
1,0.25,2,2,4.2,2.3,0,15,16.7,Sales,Male,1.9387416595767009,2.0992276074669673,-0.1604859478902665,0.0995941509236203,-0.038364764389061334
3,0.375,1,1,1.7,4.8,0,2,7.3,HR,Male,2.4915511925066687,2.711015428146133,-0.21946423563946427,0.10587633271351964,0.03392003323666663
2,0.4,1,4,3.7,3.3,0,64,11.6,HR,Female,2.3350522831315472,1.9693591541817488,0.36569312894979844,-0.14628097746373456,-0.013738432675609872
3,0.6,2,4,3.1,4.8,0,49,20.0,Sales,Male,2.5249283241374862,2.4206683059599223,0.10426001817756392,0.1017699658894579,0.03504357312697587
1,0.1429,2,3,3.9,2.7,0,5,29.2,Sales,Female,1.814824742159051,1.809493291692888,0.0053314504661630124,-0.13989350062638717,-0.026519350787320938
4,0.3077,2,3,4.4,5.0,0,16,21.7,Sales,Male,3.0459499897146083,3.137037476314445,-0.09108748659983679,0.10370934600283895,0.0394872273028356
2,0.3333,2,3,4.9,4.0,0,1,8.1,Operations,Female,1.891604804197771,2.0755963841906273,-0.1839915799928562,-0.14868666521030838,0.03703023369303826
1,0.5,3,2,3.7,3.8,0,37,13.0,Marketing,Female,1.6695918352538475,1.6661244637144037,0.0034673715394437643,-0.1399812813529258,0.0061531216419601405
1,0.1667,1,3,4.0,3.8,0,1,10.1,HR,Male,2.194999882314108,2.1261393384632603,0.06886054385084783,0.10756926823808385,0.0043917132364020475
1,0.1429,3,4,4.6,4.9,0,4,33.9,Sales,Male,2.1598687907924505,2.092838713986205,0.06703007680624573,0.0983142626009091,0.04819146185612062
3,0.4286,3,1,4.7,3.3,0,12,14.1,Legal,Female,2.4790562361098245,2.4253505062903686,0.05370572981945587,-0.15074520253511609,-0.01152090583569809
1,0.3333,3,4,2.8,4.5,0,14,16.0,Finance,Male,1.8421356765531218,1.8606710846501713,-0.018535408097049455,0.09797882773566244,0.029426131140527546
3,0.4286,2,4,4.5,3.8,0,2,8.0,Operations,Female,2.280339484046726,2.294945840036576,-0.014606355989850162,-0.139387657726399,0.008093225926874979
6,0.2857,2,3,3.6,3.3,0,3,19.3,Product,Male,3.912023005428146,3.840631451646258,0.0713915537818881,0.09844545868715866,-0.009414239287456157
3,0.2727,1,3,2.7,4.1,0,26,13.5,Legal,Male,2.8553201198372458,2.8629749049545414,-0.0076547851172956705,0.10825607214847535,0.04048496756262806
2,0.2857,1,3,3.5,3.9,0,18,9.4,Operations,Female,2.307572634505085,2.1320363701696032,0.17553626433548164,-0.15403895355472125,0.018720320176583635
3,0.375,3,3,3.2,3.3,0,16,9.6,Legal,Female,2.0881534822818573,2.2775283029745355,-0.1893748206926782,-0.14260450290807652,-0.013090892698014776
1,0.25,2,3,3.7,3.8,0,21,22.0,Sales,Female,1.7119945007591924,1.7891676617101564,-0.07717316095096405,-0.13209797166754503,0.008456015921148035
4,0.3333,2,2,3.6,4.3,0,37,10.9,HR,Male,2.9407479652212314,3.048046202809518,-0.1072982375882865,0.10424948023328726,0.030380553806737744
3,0.3,3,3,2.5,3.3,0,4,7.2,Operations,Male,2.4997952622817508,2.5641832654229515,-0.06438800314120074,0.11193505373875082,-0.011646284901404683
2,0.3333,1,2,3.9,3.4,0,2,14.3,Data Science,Male,2.5249283241374862,2.546589355423788,-0.021661031286301924,0.10236976321513462,-0.005977617770131961
3,0.375,3,2,3.4,4.8,0,7,12.5,Product,Female,2.403334996094189,2.4791425252732604,-0.07580752917907141,-0.14423388011670374,0.04495824954824906
3,0.3,2,2,3.1,4.7,0,9,12.3,Legal,Female,2.613006652415316,2.4943948155042177,0.11861183691109822,-0.14792397346595748,0.03953835394075665
2,0.5,3,3,3.6,4.4,0,2,13.4,Data Science,Male,2.3617969526258915,2.25058259897147,0.11121435365442167,0.10202366595297824,0.038788920191561445
2,0.3333,3,4,3.9,2.1,0,26,16.6,Product,Female,1.8389610707123492,1.890320343385092,-0.05135927267274276,-0.1558152401425675,-0.07969132143020649
1,0.2,2,3,2.8,2.9,0,61,11.7,Legal,Female,1.7387102481382397,1.7464408733956545,-0.007730625257414747,-0.14336024889806095,-0.018090720416071897
2,0.3333,1,4,3.0,3.5,0,9,20.5,Marketing,Female,2.017566137961748,2.0381591874389535,-0.020593049477205305,-0.14951131536748746,0.009971758423289444
1,0.5,1,2,3.4,2.9,0,36,9.0,Legal,Male,2.2213750375685026,2.0658744297322116,0.15550060783629105,0.10272702261760752,-0.011499685617145722
1,0.3333,1,3,3.6,4.6,0,4,16.5,Sales,Male,1.9125010869241836,2.0520240959937985,-0.1395230090696149,0.10313041239128978,0.03457924711680905
1,0.3333,2,3,4.3,2.4,0,50,22.0,Marketing,Male,1.9021075263969205,1.9253760346978905,-0.023268508300970048,0.10547027199573075,-0.025872391758048462
2,0.2857,2,4,3.8,4.0,0,12,16.6,Finance,Female,2.2428350885882717,2.1834891592318324,0.05934592935643934,-0.1418685139927178,0.03404400170224571
3,0.375,2,1,3.4,4.7,0,17,11.0,Engineering,Male,2.997730276216664,2.896684144869757,0.10104613134690688,0.09847367275963748,0.03932349071173388
1,1.0,2,3,4.1,3.4,0,19,6.8,Customer Support,Female,1.4883995840570443,1.5488896606540512,-0.06049007659700689,-0.15070079457882343,0.0005476344510496733
1,0.2,2,2,4.0,2.0,0,2,13.4,Data Science,Male,2.028148247292285,2.1850701756499373,-0.15692192835765217,0.10494905701654135,-0.0565677416939148
3,0.375,1,2,4.5,4.8,0,24,13.6,Product,Male,3.2932409068235073,2.947598800628745,0.34564210619476254,0.10389128456811761,0.03985221727432484
6,0.2,2,4,3.4,2.9,0,28,8.7,Operations,Female,3.912023005428146,3.776990714119304,0.13503229130884176,-0.10682089551207395,-0.008837078389871349
3,0.75,1,2,4.5,4.3,0,13,9.0,Customer Support,Male,2.767576180416237,2.5847203399875704,0.18285584042866665,0.10485579357354693,0.016959127624108675
2,0.4,1,4,3.1,3.8,0,13,11.5,Engineering,Female,2.0719132752590443,2.1568346491552632,-0.0849213738962189,-0.13578998143226892,0.01252729087172762
2,0.3333,1,3,3.9,5.0,0,17,7.5,Customer Support,Male,2.5392369943330477,2.3600939198053434,0.17914307452770428,0.11175949158465749,0.04065988142952495
3,0.75,1,2,3.3,4.2,0,7,7.4,Operations,Male,2.5922651681085,2.582027207234433,0.010237960874067031,0.10642405259506534,0.025979150153305947
1,0.3333,1,3,2.4,3.5,1,6,22.7,Sales,Male,1.9600947840472698,1.943702656942549,0.01639212710472071,0.10415275529916139,0.006322000345557801
2,0.3333,1,3,4.4,3.5,1,47,6.8,HR,Male,2.344686269012681,2.3869172919230524,-0.04223102291037151,0.10975020607145587,0.005646640287616001
3,0.2308,1,3,3.4,2.9,0,36,9.0,Legal,Male,2.8633430855082453,2.8705067895533087,-0.00716370404506339,0.10381414363172434,-0.018775355450293223
1,1.0,1,2,4.5,3.0,0,47,17.0,Finance,Male,2.1294214739848565,2.075334840542152,0.05408663344270437,0.10108409327312282,-0.003413874133017438
1,0.3333,1,3,3.3,3.5,1,12,9.3,Engineering,Male,2.2213750375685026,2.149809889059904,0.07156514850859885,0.10417643960122348,0.00530722850733492
1,0.3333,2,4,4.9,3.9,0,61,8.9,Data Science,Male,2.004179057179289,2.110690721565491,-0.10651166438620185,0.1016390840478706,0.01149836332291733
1,0.5,1,3,1.7,4.4,0,3,14.5,Finance,Male,1.9823798288367047,1.9187099029265726,0.0636699259101321,0.10233058592332153,0.02834007973760733
5,0.1667,1,3,2.9,2.9,0,12,8.2,Customer Support,Male,3.912023005428146,3.8094329742801563,0.1025900311479897,0.09121473531223416,-0.008859348955582592
3,0.6,2,4,3.5,3.7,0,38,13.1,Engineering,Female,2.4344901638739844,2.2958932283566793,0.13859693551730512,-0.13881865202125937,0.01641394885294856
1,1.0,3,3,2.6,4.3,0,5,17.5,Product,Male,1.7578579175523736,1.7843506603618864,-0.026492742809512748,0.10718925299413537,0.021286878915216814
1,1.0,2,4,5.0,3.5,1,20,18.7,Product,Male,2.0412203288596382,2.0226458132412013,0.018574515618436926,0.11646965155354366,0.006777811243087162
2,0.3333,1,2,4.9,4.4,0,3,16.7,Product,Male,2.837908188360424,2.6286145747111225,0.20929361364930132,0.10468120249676292,0.03311083051404348
2,1.0,2,3,3.5,2.8,0,9,5.7,Operations,Female,1.7867469274045107,1.7430171441154851,0.04372978328902555,-0.15676754995511552,-0.032631905206812126
1,0.1429,3,3,2.9,3.3,0,47,9.1,Legal,Male,2.231089091288976,2.041412077927789,0.18967701336118692,0.10514596682441767,-0.008532757321809187
4,0.5,1,1,4.6,3.5,1,36,10.9,Engineering,Male,2.942331496826876,3.1015759851453515,-0.1592444883184756,0.09888609626026877,0.002693615207190522
1,0.25,3,3,4.4,3.7,0,1,6.1,HR,Male,1.7698546338400052,2.008093288972428,-0.2382386551324227,0.09610406745757386,0.01669811481183031
4,0.4444,3,2,4.4,4.3,0,1,19.5,Product,Male,3.080532875246456,3.0746965618683495,0.005836313378106528,0.09922553742912964,0.03223177719443208
3,0.3333,3,2,3.6,1.8,0,26,8.5,HR,Male,2.5930133911138515,2.508897153519276,0.08411623759457543,0.1112999101124054,-0.08636936557408675
1,0.1667,1,3,4.2,3.7,0,57,11.8,Product,Male,2.178155014615869,2.317473601161773,-0.13931858654590412,0.11090907162992801,0.01362297011847366
6,0.2857,1,3,2.5,2.7,0,1,9.1,HR,Male,3.912023005428146,3.7966170104855803,0.11540599494256565,0.09695010226908436,-0.02250977875951904
1,0.5,2,2,2.5,3.3,0,20,9.5,Customer Support,Male,1.6370530794670737,1.862088585681264,-0.22503550621419022,0.09759628495990176,-0.0035366440047636346
4,0.2105,1,4,3.4,4.7,0,31,9.9,Customer Support,Female,3.0740812399649675,3.053432884768004,0.020648355196963397,-0.13789048554284367,0.028878627612267664
5,0.2941,1,3,3.2,4.1,0,3,9.8,Engineering,Male,3.8188106237059674,3.6279666868373037,0.19084393686866363,0.09547398739517711,0.04127068359287924
2,0.3333,1,3,3.4,3.5,1,21,8.8,Legal,Male,2.378619779270043,2.4064765064747764,-0.0278567272047332,0.11068583398551858,0.008847729550911088
1,0.2,1,3,3.6,3.2,0,13,12.3,Finance,Female,1.925707441737794,1.8868108416667495,0.03889660007104445,-0.14391125269412963,-0.011879736143636842
3,0.5,1,3,3.2,3.4,0,2,33.6,Sales,Male,2.63834278867739,2.5562628025436274,0.08207998613376244,0.10046183710401838,0.00043705410470858385
3,0.375,2,3,4.0,2.6,0,6,23.4,Sales,Male,2.6181254935742233,2.5888454984306875,0.029279995143535853,0.09710996473154752,-0.03009689020097699
2,0.5,3,3,3.3,3.5,0,5,6.1,Operations,Female,1.7715567619105355,1.7978135826071842,-0.026256820696648697,-0.15325194255383173,0.009135857505981069
5,0.3846,2,3,4.9,3.6,0,4,18.8,Sales,Male,3.481240089335692,3.2982554953218886,0.1829845940138033,0.0912358959566877,0.0035334658721730985
1,0.3333,1,2,2.6,3.7,0,18,16.9,Marketing,Female,1.9906103279732201,1.7683874819316465,0.2222228460415736,-0.14117918255137124,0.012543347149770609
2,0.3333,1,3,3.1,4.3,0,1,11.7,Data Science,Male,2.4706386779902956,2.487767568978182,-0.017128890987886614,0.1011732091105866,0.038172559972617245
2,0.4,3,2,3.4,3.0,0,1,9.5,Legal,Female,2.0215475632609334,1.949427234259071,0.07212032900186238,-0.14799457291277174,-0.013927990574958969
1,0.1667,1,2,2.9,3.7,0,2,16.7,Sales,Male,2.0769384114617173,2.2303962387723653,-0.15345782731064794,0.10104850741201253,0.009828397403144968
3,0.3,3,3,3.6,2.7,0,1,6.6,Operations,Female,2.1400661634962708,2.3206656644810115,-0.18059950098474076,-0.1530510472994592,-0.03328219552518223
1,0.3333,1,3,3.7,2.7,0,12,5.6,HR,Male,1.864080130807681,1.969913927560849,-0.10583379675316795,0.10699392417134529,-0.0292656073985078
3,0.75,1,3,4.0,2.6,0,38,15.3,Finance,Male,2.613739521630969,2.5474350755468183,0.06630444608415065,0.10440675686714046,-0.030238621395859817
1,0.5,2,3,2.9,2.1,0,25,11.1,Product,Female,1.5933085305042167,1.624996682973676,-0.03168815246945922,-0.14833552633170888,-0.06679656963576638
3,0.75,3,2,2.2,3.6,0,13,10.0,Customer Support,Male,2.203869120054888,2.328504343345901,-0.12463522329101329,0.11216121178241072,0.009142845598713943
4,0.4444,3,2,4.4,3.2,0,35,27.5,Sales,Female,2.624668592163159,2.7452959208453223,-0.12062732868216308,-0.1374139316470111,-0.0012002392713938515
3,0.2727,2,3,2.9,3.5,0,6,14.6,Engineering,Female,2.8975680247667595,2.5390248568916665,0.358543167875093,-0.1427675532680662,0.007397719369866435
3,0.3,1,4,2.8,2.6,0,1,14.2,Engineering,Male,2.9096295745005794,2.77931261676592,0.13031695773465923,0.10461111428922361,-0.04875312009512244
3,0.6,1,4,3.4,3.5,1,17,10.5,Legal,Female,1.860974538249528,2.2788620069118486,-0.4178874686623206,-0.14601925836242835,0.0064866100063826
1,0.1429,2,2,3.7,5.0,0,2,6.4,Customer Support,Male,2.3504224224082058,2.178834600568616,0.17158782183958987,0.10732437002168863,0.04291912593037482
2,0.2857,2,3,1.7,3.2,0,3,8.9,Customer Support,Female,1.827769906751088,1.9070766078038686,-0.07930670105278059,-0.1509399165194609,-0.010787728295446537
2,0.5,1,3,3.6,3.0,0,19,14.6,Product,Male,2.190535589185423,2.3175956926526817,-0.12706010346725893,0.10745922495131555,-0.012620793588913975
2,2.0,3,3,2.9,3.8,0,10,11.0,Engineering,Female,2.1041341542702074,1.856925013763184,0.24720914050702336,-0.1351432926714838,0.018541165433762948
4,0.2857,2,3,4.7,3.8,0,4,10.2,Data Science,Male,3.3513066120486905,3.2377085363495164,0.11359807569917413,0.10333280211260754,0.009368057025760287
2,0.3333,2,4,3.9,3.0,0,27,11.5,Engineering,Female,2.238579763018133,2.1051053673063196,0.13347439571181363,-0.14173263892461524,-0.016982104486562306
1,0.5,1,4,2.6,3.5,1,7,11.0,Legal,Female,1.7369512327330598,1.666640077135842,0.07031115559721779,-0.1429213011640833,0.006614618399466937
5,0.3846,2,3,1.8,3.4,0,14,14.4,Engineering,Female,2.8495497633759097,3.075001103887775,-0.22545134051186544,-0.12508743879539733,0.0010031554330796545
1,1.0,1,1,3.3,3.2,0,29,15.3,Marketing,Male,2.0320878452963655,2.06754762823739,-0.035459782941024365,0.10467432915595816,-0.0023577209403060928
2,0.4,1,3,3.5,4.4,0,7,6.3,Customer Support,Male,2.3135250330323798,2.3011803250591663,0.01234470797321352,0.1062474190067231,0.035709179500134365
2,0.3333,1,3,3.8,4.1,0,24,9.8,Engineering,Male,2.295560478057081,2.520893351993508,-0.2253328739364271,0.10240903084696282,0.03321761530022992
1,0.3333,1,3,3.0,3.2,0,50,17.9,Finance,Male,1.965712776351493,2.0206913764708707,-0.05497860011937772,0.10133411371583444,-0.008562398829942565
3,0.6,2,1,3.9,4.6,0,3,17.6,Finance,Male,2.6078614738467776,2.670076663254369,-0.06221518940759152,0.10478299905133358,0.028108852632163246
1,0.25,3,4,3.8,4.2,0,2,23.5,Marketing,Female,1.4586150226995167,1.7459563842009174,-0.28734136150140066,-0.13191253594795635,0.03930895291740036
2,0.1818,1,4,2.8,3.8,0,9,14.0,Product,Male,2.510411940196362,2.527673079065479,-0.017261138869117065,0.09430321702245117,0.01518118940025447
6,0.2222,2,4,4.3,3.1,0,9,6.8,HR,Male,3.912023005428146,3.890413147209968,0.02160985821817807,0.07480324865660719,-0.00845333086104289
2,2.0,2,3,2.4,2.7,0,12,9.8,Data Science,Male,2.172476407647025,2.115122478771718,0.05735392887530688,0.10352410035101599,-0.03238278587624612
1,0.1667,3,2,3.8,2.0,0,5,9.1,Engineering,Female,1.864080130807681,1.90332505647625,-0.039244925668568964,-0.14131726713231774,-0.0738611402922174
6,0.375,2,3,2.9,1.7,0,48,15.5,Marketing,Female,3.3877743613300146,3.361294855464698,0.026479505865316444,-0.12400822900218825,-0.07736199974877137
1,0.5,2,3,4.1,4.9,0,37,10.1,HR,Male,2.1770218700187,1.9334363205841687,0.24358554943453137,0.09952817705168975,0.05682136598756408
1,0.25,1,4,4.0,2.6,0,52,12.5,Finance,Female,1.5851452198650557,1.8544788912013601,-0.26933367133630437,-0.13312098237653247,-0.030416944664169426
2,0.4,1,3,3.5,2.9,0,25,25.3,Sales,Female,1.951608170169951,2.041859208967266,-0.09025103879731478,-0.14463226478703375,-0.02090696961285573
4,0.3333,2,4,2.3,2.5,0,43,11.4,Data Science,Female,2.837322536806349,2.728511300158501,0.1088112366478482,-0.14775690107356731,-0.03382849089366398
1,1.0,3,3,3.8,3.3,0,45,10.1,Engineering,Male,2.0162354657760435,1.8516649215098502,0.16457054426619333,0.1005972763775791,-0.005746697860800298
4,0.4,2,2,3.6,3.7,0,3,32.3,Sales,Female,2.8142103969306005,2.7774997285355294,0.03671066839507109,-0.13379989155275082,0.012305093471437942
1,1.0,3,3,3.8,4.0,0,59,14.4,Data Science,Female,1.6956156086751528,1.6438989231349137,0.051716685540239116,-0.14254489607716445,0.011854595632279492
3,0.2308,3,1,3.1,3.5,0,35,9.1,Engineering,Male,3.0544727685765913,2.930691904040888,0.12378086453570347,0.09947178114806386,0.004907169270872011
3,0.375,2,1,3.0,2.8,0,2,6.3,Customer Support,Female,2.4790562361098245,2.3771340543134554,0.10192218179636914,-0.14104636884949717,-0.026229245086547493
2,0.25,1,3,4.6,3.4,0,12,14.4,Legal,Male,2.4176979000945504,2.5380961412256946,-0.12039824113114417,0.09715192036218387,-0.0032368728821601067
2,0.6667,3,3,3.6,3.7,0,32,12.4,Engineering,Male,2.1849270495258133,2.1994822527481155,-0.014555203222302193,0.1036134091003177,0.018015523893005404
2,0.2,1,4,3.1,3.1,0,46,13.3,Data Science,Female,2.4423470353692043,2.307565633625395,0.13478140174380915,-0.12979713762752415,-0.017133800228115628
3,0.4286,2,3,3.2,3.5,1,11,8.4,Customer Support,Female,2.4265710727750367,2.222231790608232,0.20433928216680464,-0.1394453184748123,0.002919320559916334
1,0.1667,1,2,3.2,4.3,0,59,11.4,Data Science,Male,2.387844936944869,2.3924051630959617,-0.004560226151092639,0.101836059758172,0.027841581599797823
2,0.3333,3,2,4.3,3.1,0,2,8.0,Operations,Female,2.0541237336955462,1.9873451122199923,0.06677862147555391,-0.1489221801012432,-0.013959696215197714
3,0.3,1,4,3.6,3.8,0,17,8.5,HR,Male,2.6483001966964363,2.7690761515899682,-0.12077595489353188,0.10857342896773496,0.007106971918436046
3,0.375,2,2,4.6,3.4,0,15,9.0,Operations,Male,2.558776498354456,2.662162501518257,-0.1033860031638012,0.10091214793177193,-0.0056972297833184655
6,0.2308,3,1,2.7,3.8,0,35,5.1,Customer Support,Male,3.912023005428146,3.899400027177714,0.012622978250432126,0.07957349621143378,0.008429619437480244
2,0.5,1,2,4.0,3.3,0,10,10.6,HR,Male,2.4150205223238337,2.3188484189291603,0.09617210339467341,0.10436734016684335,-0.008443405875904092
1,0.25,1,3,5.0,3.7,0,11,9.9,Engineering,Female,2.0438143640366846,2.075317460431825,-0.031503096395140595,-0.1364732343544873,0.01567721747376113
1,0.25,3,4,3.4,4.0,0,8,11.9,Data Science,Female,1.6639260977181702,1.8485668268481006,-0.18464072912993035,-0.13138909099976984,0.03489525307765009
1,0.3333,1,4,3.8,3.5,0,17,15.7,Marketing,Male,1.8809906029559975,2.005638276334415,-0.12464767337841764,0.10766906317761733,0.0012370822695361593
3,0.4286,2,3,3.4,2.5,0,1,17.3,Marketing,Male,2.298577071596507,2.4889857605919596,-0.19040868899545282,0.10349786005736604,-0.04416942992109431
2,0.2857,1,4,4.7,3.7,0,14,19.5,Product,Female,1.9947003132247452,2.324455255630841,-0.3297549424060957,-0.14686303849166915,0.021398649587910958
1,0.5,1,2,4.8,3.4,0,8,16.5,Product,Male,1.951608170169951,2.1686999086089433,-0.21709173843899232,0.10868639692386285,-0.003052289397090238
2,0.5,1,3,3.3,3.5,0,1,12.4,Data Science,Female,2.1412419425852827,2.141817252027569,-0.0005753094422864535,-0.14084002751722077,0.0119432473790983
1,0.5,3,2,3.3,2.9,0,3,19.8,Product,Male,2.0162354657760435,1.9070967284489895,0.10913873732705404,0.10537727761807289,-0.019582873752760136
3,0.3,1,3,4.1,2.5,0,25,9.6,Engineering,Male,2.8808824318750488,2.920600385523237,-0.03971795364818842,0.10395776929561557,-0.03610753982332551
1,0.5,2,4,4.5,3.2,0,15,9.5,Customer Support,Male,1.6253112615903906,1.8608371579202232,-0.23552589632983256,0.10325226890674256,-0.008094471013682245
4,0.2857,2,3,4.0,4.8,0,8,13.7,Product,Male,3.122364924487357,3.182548992928079,-0.060184068440721994,0.10852990564769986,0.032911993480712186
6,0.3,3,3,3.4,3.6,0,1,34.9,Sales,Male,3.912023005428146,3.7325821331124676,0.1794408723156784,0.09243431867821161,0.00795557127793104
6,0.2069,3,3,3.3,4.3,0,1,12.8,Product,Male,3.912023005428146,3.9241368649858357,-0.012113859557689732,0.07081996132966084,0.03048489367241318
1,0.3333,2,3,3.0,3.5,0,15,15.0,Product,Male,1.6882490928583902,1.9864719001361544,-0.2982228072777642,0.10657488703954834,0.006340830941321805
6,0.3,2,4,2.7,3.5,0,1,23.9,Marketing,Female,3.6219380483600547,3.6120385864461086,0.009899461913946084,-0.13027534189215786,0.004114534412379526
1,0.1667,1,3,1.0,4.2,0,3,8.8,Engineering,Male,2.3194422100604686,2.238225705950679,0.08121650410978942,0.10350708065967017,0.04037119689105634
2,2.0,1,4,4.2,3.3,0,44,5.1,HR,Male,2.203869120054888,2.0933264119178596,0.11054270813702827,0.11143454503770989,-0.013035626962137501
3,0.4286,2,4,3.7,3.8,0,10,11.8,Engineering,Female,2.4309783077624445,2.38803827326927,0.042940034493174295,-0.1357889349043448,0.010193721001687424
2,0.5,1,3,2.9,3.5,0,3,13.5,Finance,Female,1.80005827204275,2.046649017268659,-0.24659074522590885,-0.1374875479811926,0.009380972626041302
1,0.5,1,3,4.7,3.5,1,3,10.6,Legal,Female,1.890095369948917,1.8037007569918084,0.08639461295710849,-0.14897131572515815,0.004591236278715273
6,0.2222,1,4,5.0,3.5,1,1,14.1,Product,Female,3.912023005428146,3.9174924683596037,-0.00546946293145778,-0.1008276974592935,0.0008506401018749978
3,0.6,3,3,4.9,3.7,0,19,17.7,Sales,Female,2.178155014615869,2.1908157190987443,-0.012660704482875484,-0.14565176271899608,0.02136856151615669
5,0.2632,1,3,4.5,3.4,0,3,11.2,Engineering,Male,3.8686978806897723,3.7249821998250088,0.1437156808647635,0.09749058811583756,-0.004148047480677993
1,2.0,3,1,4.6,3.4,0,24,28.7,Sales,Male,1.8547342683894434,1.9006319768190316,-0.04589770842958818,0.10244392940617188,-0.00250170734629937
4,0.4444,3,4,3.8,3.4,0,56,10.2,Finance,Male,3.0017143452315387,2.829598843590043,0.1721155016414957,0.10034766634172876,-0.005509071672928849
2,0.3333,1,3,2.4,3.5,0,44,9.2,Legal,Female,2.1770218700187,2.050166834930557,0.126855035088143,-0.14798822843849804,0.010432312438669617
1,0.2,3,4,5.0,2.2,0,17,6.4,Customer Support,Male,2.0149030205422647,1.9809490208992389,0.03395399964302581,0.11094255563510344,-0.0546485746388112
3,0.6,3,4,2.9,3.2,0,48,11.2,Engineering,Male,2.331172549845958,2.376781471876379,-0.045608922030420995,0.10132003174226291,-0.00897248633313645
3,0.2727,1,3,2.8,3.5,1,4,11.0,Finance,Male,2.6796507265805123,2.8032047887758984,-0.12355406219538612,0.11053634120443942,0.0026556765117884476
2,0.3333,2,4,3.8,3.9,0,10,5.0,Operations,Male,2.2202898502672155,2.254798415016986,-0.03450856474977071,0.1101093816040111,0.014828965292743536
4,0.4444,1,3,2.5,3.5,1,33,18.6,Product,Female,2.663052835171474,2.76300010854658,-0.0999472733751059,-0.14179011686004864,0.003432635478798169
6,0.3,1,4,3.3,3.4,0,1,8.9,Customer Support,Female,3.912023005428146,3.5497656628567804,0.36225734257136555,-0.13165748017886725,-0.0031629442680941055
3,0.2308,2,2,3.3,2.9,0,12,6.2,HR,Female,2.716018370751387,2.579310021592115,0.13670834915927177,-0.144072315009093,-0.014398088216355858
1,1.0,2,3,3.1,3.4,0,14,13.1,Marketing,Female,1.5040773967762742,1.5654819737390455,-0.06140457696277135,-0.14154235700255385,0.002453212552156566
1,0.5,1,3,4.1,3.5,1,25,8.5,Operations,Male,2.089391872533004,1.9541823432853034,0.1352095292477007,0.10744290273349932,0.002807965517033121
2,0.2857,1,2,3.9,2.6,0,8,11.8,Data Science,Male,2.753023566744941,2.579533633887337,0.17348993285760406,0.10132281420818938,-0.03798422997429197
2,0.2857,2,3,2.7,3.0,0,9,9.0,Data Science,Female,2.1983350716202463,2.144527017020848,0.053808054599398414,-0.1406835071466831,-0.011188162062568853
2,1.0,2,3,2.1,4.4,0,27,14.4,Engineering,Male,2.2159372862683733,2.134991358957935,0.08094592731043848,0.10154627684579674,0.02747743518032926
1,1.0,1,4,2.8,4.3,0,7,13.3,Data Science,Female,1.7967470107390942,1.7078220714006533,0.08892493933844081,-0.14352237966536135,0.020928790625436844
2,0.3333,1,1,5.0,2.9,0,6,5.3,Operations,Male,2.363680192353857,2.4587769360588716,-0.09509674370501475,0.11259107149378271,-0.009802084864868419
1,0.3333,1,2,3.2,2.7,0,13,9.7,Data Science,Male,2.2126603854660587,2.1976288717661046,0.015031513699954147,0.10147329191026726,-0.029587259702760802
2,0.2857,2,1,3.7,3.0,0,22,13.6,Engineering,Female,2.386006701133118,2.4017052160818735,-0.015698514948755626,-0.14230754999953713,-0.007936784684581501
3,0.3333,1,3,3.5,4.9,0,9,11.3,Finance,Male,2.8390784635086144,2.7810817983367895,0.05799666517182489,0.10854992346944643,0.052892337005398166
5,0.2941,1,4,3.2,3.6,0,3,9.3,Operations,Male,3.3120018028576843,3.4734676115944474,-0.16146580873676308,0.10177048793178199,0.004081801946850545
3,0.6,3,4,4.2,2.7,0,10,6.6,Operations,Female,2.0438143640366846,2.0612442927411685,-0.0174299287044839,-0.15109277466551288,-0.023146632249903015
1,0.25,3,2,4.3,3.0,0,57,13.3,Engineering,Male,1.8946168546677629,2.138962390906576,-0.24434553623881294,0.0921443819763991,-0.009624514823289774
3,0.2308,1,4,3.0,2.3,0,1,14.3,Legal,Male,2.8859174075467844,2.8009724464812455,0.08494496106553884,0.10564129528175518,-0.05952657869773499
2,0.6667,2,3,2.6,4.1,0,1,7.1,Operations,Male,2.0541237336955462,2.1282844062614186,-0.07416067256587233,0.1073643834624793,0.028968939824526068
3,0.3,1,3,2.2,4.2,0,20,16.6,Marketing,Male,2.882563575448353,2.7439168110292322,0.13864676441912094,0.10969659597539358,0.03754509432476613
2,0.2857,2,3,4.1,2.2,0,7,15.2,Marketing,Male,2.3174737054877963,2.370965268541027,-0.053491563053230884,0.11298773761003587,-0.0445149284362657
5,0.3846,1,2,3.3,3.5,1,65,11.3,Legal,Male,3.3109079103146946,3.3459307957204825,-0.03502288540578791,0.09330865604798358,0.004451649787596253
1,0.3333,2,4,5.0,2.9,0,71,12.2,Finance,Male,1.8764069432883397,1.9972588400846223,-0.12085189679628261,0.09977803168302285,-0.013164092850358253
1,0.3333,3,3,3.3,2.8,0,1,7.4,Customer Support,Female,1.5390154481375546,1.5737494247170427,-0.03473397657948807,-0.1390739032378956,-0.025937275089312706
1,1.0,2,4,2.0,2.8,0,18,11.4,Finance,Male,1.776645831418007,1.7070511368155743,0.06959469460243262,0.1027186362704705,-0.020496335671934752
5,0.3571,2,1,3.7,4.3,0,1,23.0,Marketing,Male,3.091951131294534,3.4954629116242284,-0.4035117803296946,0.09821797691870118,0.029471085731836835
2,0.4,1,2,2.3,2.2,0,24,9.9,HR,Female,1.9139771019523042,1.9480983467265682,-0.03412124477426404,-0.1477055696131084,-0.05475704116193582
4,0.3077,1,2,3.7,3.5,1,1,13.8,Finance,Female,3.1523085805960878,2.933536760864363,0.21877181973172455,-0.14493768759400594,-2.8156364258041332e-05
3,0.6,1,3,2.7,3.7,0,1,12.1,Finance,Female,2.4406063908914204,2.2735021395520105,0.16710425133940987,-0.14581908542813043,0.017196715523649996
1,0.1667,1,2,2.4,4.1,0,38,16.3,Finance,Male,2.336986519711378,2.2693177601661456,0.06766875954523233,0.09982328050749709,0.028422905634662234
2,0.5,2,4,1.8,3.5,0,96,8.7,Operations,Male,2.0731719286662407,2.0433504007224235,0.029821527943817205,0.10671474819389086,0.007580706010205182
3,0.375,1,1,3.6,3.3,0,44,5.4,Customer Support,Male,2.750470916986162,2.7754720101633543,-0.025001093177192235,0.1077998964833167,-0.007647935540415022
3,0.6,1,3,3.3,3.3,0,5,27.0,Sales,Female,2.3617969526258915,2.2566220494330667,0.10517490319282485,-0.14426176354006184,-0.00798373039411671
2,2.0,2,1,3.9,5.0,0,13,8.3,Operations,Male,2.272125885509337,2.2643473233326508,0.007778562176686155,0.11266396400726034,0.0519667372177344
1,0.1429,1,3,4.6,3.4,0,8,12.4,Engineering,Male,2.4414770918606643,2.338594019039475,0.10288307282118936,0.10625695927638798,-0.0035943504570508603
1,1.0,2,3,3.6,4.9,0,16,5.8,Operations,Female,1.888583653863595,1.6169016524266253,0.27168200143696963,-0.14804429608795158,0.06633008477864555
2,0.5,1,3,3.1,3.5,1,12,34.7,Sales,Male,2.373043556642607,2.203917823054426,0.16912573358818106,0.10110749805971864,0.010906321200626406
1,0.25,2,3,3.0,3.7,0,2,10.6,Finance,Female,1.951608170169951,1.8012403350138844,0.15036783515606666,-0.13035603140955326,0.014442737206129666
2,1.0,1,2,3.2,3.4,0,35,24.9,Marketing,Female,1.890095369948917,1.9332184369448235,-0.04312306699590662,-0.14446270038511158,-0.0023738535883818888
3,0.2727,1,4,3.8,2.1,0,65,5.0,Operations,Male,2.6217658325051976,2.714446386532018,-0.09268055402682052,0.11770517648422185,-0.07010921509436975
4,0.2857,1,3,5.0,3.8,0,20,11.0,HR,Female,3.335413641116152,2.93923876630155,0.39617487481460234,-0.14373206612035858,0.011434970737401415
4,0.4,2,4,3.8,3.5,1,3,8.4,Legal,Male,2.972463646614637,2.959704733534408,0.012758913080228584,0.10244328864265637,-0.0001373951854931324
2,0.5,1,2,2.7,2.8,0,13,9.9,Engineering,Male,2.2438960966453663,2.321597581880478,-0.07770148523511189,0.0967250893192079,-0.030462271961009712
2,0.3333,1,4,3.3,3.1,0,10,14.3,Engineering,Female,1.9401794743463283,2.1423328136569135,-0.2021533393105852,-0.1451387904887214,-0.01855510311812123
3,0.3333,1,3,4.2,3.7,0,12,12.5,Marketing,Male,2.8408313123360287,2.7898829626949926,0.05094834964103612,0.10838773066901122,0.013426513923314098
1,2.0,2,4,3.5,3.3,0,11,18.6,Product,Female,1.3812818192963463,1.5289593905651284,-0.14767757126878212,-0.15169558702425512,-0.012814272464889313
3,0.2727,2,3,3.1,2.7,0,8,13.8,Finance,Female,2.503073953743449,2.4074715521754326,0.09560240156801658,-0.1512753028582755,-0.03565192189751877
1,2.0,1,3,3.2,4.2,0,26,8.6,Engineering,Male,1.9823798288367047,1.9508770425092308,0.03150278632747394,0.10055132381076205,0.027755875514736284
2,0.4,1,1,2.9,3.5,0,8,7.9,Customer Support,Female,2.238579763018133,2.083321773994409,0.155257989023724,-0.1444410158164212,0.004814025211157614
2,0.2857,1,2,4.8,3.9,0,63,9.8,Operations,Male,2.4379897300002487,2.4806069960620594,-0.04261726606181071,0.10547536263348099,0.013784367121115484
4,0.4444,1,3,3.8,4.0,0,29,17.9,Finance,Male,3.027715319407042,3.001699264647955,0.02601605475908686,0.09666952274416302,0.023241051850490028
4,0.2857,2,2,2.7,4.3,0,18,10.6,Legal,Male,3.185939324621936,3.131117561870125,0.054821762751811054,0.10573537680024801,0.030691260688997492
3,0.375,1,3,3.8,3.1,0,83,16.1,Finance,Male,2.658159431488745,2.6943339253292784,-0.036174493840533284,0.10086031194974322,-0.013645600920063602
1,0.5,1,4,4.3,4.5,0,21,10.6,Engineering,Male,2.05668455455722,2.124771186396535,-0.06808663183931518,0.10253711011629775,0.02750416404062382
2,0.2857,1,3,2.7,3.1,0,5,10.6,Finance,Male,2.186051276738094,2.362581950866875,-0.17653067412878087,0.10211570249203812,-0.0162047012133152
1,0.25,2,4,4.4,3.2,0,5,10.9,Finance,Male,2.179286876649552,2.015580204545664,0.163706672103888,0.09561453727890772,-0.013882887609102888
3,0.3,1,3,4.0,3.5,1,44,10.0,Data Science,Female,2.6078614738467776,2.689950966116588,-0.08208949226981055,-0.14321807967166755,0.0038938265091510342
4,0.3333,2,2,5.0,2.0,0,1,20.2,Marketing,Female,2.9486406660201405,2.767413879973819,0.18122678604632148,-0.15349498481877658,-0.06777319485447691
2,0.3333,1,1,4.5,2.0,0,23,15.9,Finance,Female,2.2428350885882717,2.3200057492247232,-0.0771706606364515,-0.1457078967758161,-0.06509775081689284
3,0.2143,2,4,2.3,4.3,0,12,9.4,Operations,Male,2.75429745226753,2.8122223534673894,-0.05792490119985949,0.1068862452605843,0.028246805994732827
3,0.2727,1,3,4.1,2.9,0,1,13.7,Engineering,Male,2.7893229212309465,2.958360100111587,-0.1690371788806404,0.10510159002954732,-0.022361997979711386
3,0.4286,3,3,2.3,3.6,0,13,7.7,Operations,Male,2.3850863145057892,2.421130898207165,-0.03604458370137564,0.10943917647194576,0.006237775103894091
1,0.3333,2,2,3.2,4.1,0,53,10.9,Legal,Male,2.3683728335320486,2.0387756437814155,0.3295971897506331,0.10187386989208562,0.029579592367091005
1,0.5,2,4,3.2,2.4,0,26,7.9,Operations,Female,1.5748464676644813,1.5517932137022867,0.023053253962194598,-0.13976344407574076,-0.026517858602237467
3,0.375,1,4,3.6,3.5,1,21,11.5,Data Science,Male,2.7954503913830435,2.7855987717576256,0.009851619625417918,0.10045236788452201,0.0030251078510130573
2,0.5,3,2,4.3,3.7,0,15,15.2,Finance,Male,2.2965670206684825,2.2883068175355175,0.00826020313296505,0.09898863443618207,0.018961909674385536
3,0.75,2,4,2.3,3.9,0,1,5.6,Operations,Female,2.0744289998562917,2.03545509112079,0.03897390873550188,-0.15230004848796055,0.012300575058413627
3,0.75,2,4,3.8,2.1,0,13,17.3,Finance,Female,2.1701959049483,2.154698995495565,0.015496909452735075,-0.14859579651416618,-0.05849317358407212
3,0.75,2,3,4.2,3.6,0,17,7.0,HR,Male,2.301584592660462,2.4390649706595604,-0.1374803779990983,0.10316337858294027,0.011517885110723464
1,1.0,3,3,4.3,3.7,0,4,8.4,Data Science,Male,2.0028304393079956,1.9995609008523765,0.0032695384556191698,0.10765535692692743,0.01570020850411794
1,0.3333,3,1,2.3,4.9,0,5,10.1,Engineering,Male,2.336986519711378,2.0812126399980575,0.25577387971332044,0.09651055849870857,0.055409724366439775
6,0.2143,1,2,3.5,3.2,0,15,6.8,Operations,Female,3.912023005428146,3.845880536793674,0.06614246863447182,-0.10418318544857569,-0.0038559829371414087
2,1.0,3,2,3.4,2.6,0,39,18.3,Sales,Male,1.9878743481543455,2.0730940574161703,-0.08521970926182476,0.10501702029373743,-0.03203673841109549
3,0.75,2,3,4.1,3.5,1,34,13.3,Product,Male,2.4849066497880004,2.5477718211128013,-0.06286517132480096,0.10945129291432615,0.005235874369683799
2,0.4,3,2,3.0,4.8,0,5,11.6,Finance,Female,2.048982334195127,2.032465142144825,0.01651719205030222,-0.13393506518522522,0.03925299932970749
3,0.6,1,3,3.7,3.7,0,44,11.3,Data Science,Male,2.559550192783766,2.644732014939167,-0.08518182215540104,0.10089212231549459,0.01632552730684583
1,0.1667,1,3,5.0,3.6,0,21,7.0,Customer Support,Male,2.3933394562625097,2.182366958431401,0.21097249783110872,0.11151857787448866,0.013097469701966107
2,2.0,2,2,3.3,4.7,0,28,8.4,Legal,Male,2.1838015570040787,2.1107506702483527,0.07305088675572602,0.10376335857344682,0.03566493968650594
1,0.25,3,3,2.5,4.5,0,30,13.9,Engineering,Male,1.8931119634883424,1.989359751201373,-0.09624778771303055,0.09100176834990575,0.03265789321334314
3,0.5,2,3,3.2,3.9,0,55,11.3,Data Science,Male,2.60638654732571,2.5948139717318397,0.011572575593870482,0.0979199029017932,0.011582361716689114
6,0.2857,2,3,3.7,2.5,0,25,7.2,Customer Support,Male,3.6516966629862204,3.740241770128939,-0.08854510714271857,0.10042624835041611,-0.01727344148827954
3,0.375,2,4,4.5,4.3,0,4,11.8,Finance,Male,2.67000213346468,2.6628980806185982,0.007104052846081732,0.09785478722314282,0.03937191401238421
2,0.2857,1,3,3.5,3.6,0,2,8.1,Customer Support,Female,2.2679936482244267,2.100800460750178,0.16719318747424872,-0.15517273768306078,0.01407367309140219
2,0.5,1,3,4.1,4.5,0,2,5.3,Customer Support,Male,2.4423470353692043,2.2537378052637513,0.18860923010545294,0.1071972627911321,0.0303329423973389
6,0.3333,3,2,3.4,2.5,0,6,16.9,Sales,Female,3.5183876490735586,3.3816942251848534,0.1366934238887052,-0.12922290113189117,-0.029799907526442085
2,0.5,3,1,4.6,4.1,0,28,16.9,Sales,Male,2.2364452904895007,2.378164618576506,-0.14171932808700527,0.10413737204917425,0.022903983438321424
4,0.25,1,3,3.3,3.5,1,22,8.5,Customer Support,Female,2.8273136219290276,2.8457106960254595,-0.018397074096431876,-0.1423019851979027,0.0017127094302039898
2,0.3333,3,3,3.8,2.1,0,6,8.6,Customer Support,Female,1.7011051009599243,1.7674984305373325,-0.06639332957740818,-0.15626739615245053,-0.08150227144150689
2,0.25,3,2,4.5,3.7,0,17,31.8,Sales,Male,2.6311691567662523,2.4235225159641023,0.20764664080215,0.09030951988918663,0.015202583022681383
1,0.5,2,2,4.9,2.8,0,24,9.3,Data Science,Female,1.9685099809725544,1.91710185885168,0.05140812212087442,-0.13689196535141715,-0.02328110976155859
1,0.3333,1,3,2.4,3.5,0,7,9.2,Operations,Female,1.803358605071407,1.6413435323117744,0.16201507275963256,-0.14743287655423953,0.005061769642402734
2,0.6667,2,3,3.6,3.5,1,1,24.9,Marketing,Male,2.3427668826268775,2.2194613042100424,0.1233055784168351,0.11063352327737316,0.010042529156694124
4,0.2667,1,3,3.7,3.0,0,1,13.2,Product,Female,2.8243506567983707,2.9980528082838003,-0.17370215148542956,-0.1509300543940181,-0.010252498387889927
3,0.3333,3,3,3.1,3.7,0,96,15.5,Marketing,Male,2.5779415157551897,2.5643847347340696,0.013556781021120123,0.1046539431616401,0.01832553948961125
1,0.1429,3,2,3.9,3.5,1,51,9.1,Data Science,Female,1.9344157696295783,2.0730414739023115,-0.13862570427273324,-0.14024100354973312,0.0038061812943928795
2,0.5,2,3,3.4,3.1,0,60,9.1,Customer Support,Male,1.9473377010464987,2.100702072875152,-0.15336437182865348,0.10653412455248294,-0.016073813000360142
3,0.3333,1,1,4.2,2.9,0,13,8.3,HR,Female,2.7232671669070703,2.595169642231066,0.12809752467600433,-0.1510194255384916,-0.010722822909100945
1,0.1667,1,1,3.3,3.7,0,1,8.9,Legal,Male,2.285438934159075,2.3027180376592224,-0.017279103500147386,0.1078029808998518,0.011149411625948832
1,1.0,2,4,3.7,3.5,0,11,6.7,Customer Support,Female,1.3001916620664788,1.5163139745800238,-0.21612231251354497,-0.1454089071358555,0.005582662541842442
1,0.3333,3,4,3.2,3.9,0,10,12.6,Marketing,Female,1.7850704810772584,1.5967215730642972,0.18834890801296122,-0.1377635032813945,0.013748817933864076
2,0.2857,3,3,1.8,3.5,1,1,16.3,Finance,Male,2.3580197998821464,2.1797843206257164,0.17823547925643002,0.10327763304539717,0.009441652974101662
4,0.3333,1,3,3.4,2.8,0,25,12.8,Engineering,Male,3.1135153092103742,3.1047892314701917,0.008726077740182525,0.10400738576602468,-0.030549065736915782
1,0.5,1,1,3.5,3.4,0,3,8.4,Legal,Male,2.2375130962503307,2.127391902327461,0.11012119392286968,0.10445636545717243,-0.003854454144751952
4,0.3636,1,1,5.0,3.5,1,43,9.9,Customer Support,Female,3.0392705755684744,2.8623480295040054,0.176922546064469,-0.14640691103726572,0.0002199840254990568
2,0.3333,1,4,3.9,4.4,0,2,21.5,Marketing,Female,2.1424163408412245,2.112192723901605,0.03022361693961928,-0.15278014697987857,0.04061877381731958
3,0.375,3,1,3.8,3.6,0,30,12.4,Engineering,Female,2.596000697293587,2.5600682543071063,0.035932442986480684,-0.13755861369794148,0.006997891252545952
4,0.3636,1,2,3.3,3.3,0,3,9.9,HR,Female,2.8656235882069705,2.8380028992592865,0.02762068894768399,-0.1424032516994012,-0.00896688004795062
4,0.2857,1,2,3.5,3.5,0,8,19.7,Product,Male,3.405189402931693,3.2542797024807997,0.15090970045089325,0.1070553007389194,0.004099153538173531
2,0.3333,1,4,4.1,4.5,0,12,9.0,HR,Female,2.179286876649552,2.1374931930002448,0.041793683649307134,-0.14941388057218713,0.032634196853684745
3,0.5,3,3,2.8,3.6,0,26,8.1,HR,Female,2.1540850846756014,2.095601327251997,0.058483757423604565,-0.14501729142387984,0.010784331806414835
1,0.5,1,4,3.9,1.8,0,5,11.6,Product,Female,1.9315214116032138,1.6928147298924878,0.23870668171072595,-0.1553974020265141,-0.05649262819769646
3,0.6,2,4,3.1,3.5,1,10,7.6,Customer Support,Male,2.3978952727983707,2.351854956141759,0.04604031665661168,0.10308315989013037,0.005610158515293291
1,0.5,2,4,3.0,3.7,0,3,16.0,Sales,Female,1.3887912413184778,1.6121078847043102,-0.22331664338583246,-0.13286708770729044,0.01350600656934653
1,0.1429,2,3,3.6,2.1,0,2,8.8,Legal,Male,2.127040520479115,2.0633826935175037,0.06365782696161126,0.11233314036751546,-0.05625052360092402
6,0.2857,2,3,3.2,2.9,0,15,11.6,Legal,Female,3.576829950305313,3.5822348321467468,-0.0054048818414336175,-0.13040421368717106,-0.01418398260253678
1,0.2,1,4,1.8,5.0,0,3,24.0,Marketing,Male,2.033397603178429,2.042588000504149,-0.009190397325720134,0.10955766975520462,0.040008633254353484
1,0.2,3,4,4.1,3.5,0,46,22.1,Sales,Male,1.979621206397625,1.9479254945449478,0.03169571185267728,0.10047649136287243,0.00017043130845014617
2,0.2857,1,3,2.7,4.2,0,20,9.9,Operations,Male,2.5733752977756086,2.3519510257647815,0.22142427201082704,0.1070464914445604,0.029888209911829017
1,0.25,2,2,2.1,4.7,0,42,10.8,HR,Male,2.211565694606877,1.9510407674771806,0.26052492712969655,0.09687615364418148,0.018916322197060825
1,0.3333,3,3,3.4,4.4,0,26,11.2,Data Science,Male,1.9139771019523042,2.022997026331975,-0.10901992437967079,0.09953852495915971,0.0315368546587857
1,0.5,1,3,3.0,2.9,0,72,8.8,Data Science,Male,1.890095369948917,2.0362707348350066,-0.14617536488608973,0.0985396132660065,-0.013904315850468233
4,0.4444,1,4,3.8,4.4,0,7,14.6,Data Science,Male,2.7073833121145063,3.116446960597481,-0.4090636484829746,0.09586206162883089,0.034663637711984684
6,0.2609,1,2,4.2,3.0,0,14,13.2,Legal,Male,3.7999735016195233,4.004914092226003,-0.20494059060647984,0.08280831382079379,-0.004935906849727806
1,0.3333,1,3,2.4,4.1,0,19,6.7,HR,Male,2.2267833795777636,1.9051822713789557,0.32160110819880794,0.10480439288685255,0.01943180736882134
4,0.2667,3,3,3.0,3.7,0,25,5.0,Customer Support,Female,2.4997952622817508,2.780917822852272,-0.28112256057052143,-0.14403021956043785,0.020520802423656604
4,0.3333,2,4,2.5,2.6,0,15,27.9,Sales,Female,2.7206373166076814,2.6111495323488505,0.10948778425883088,-0.15044615329832556,-0.027875038891636467
1,0.3333,1,3,4.5,1.7,0,28,9.0,HR,Female,1.673351238177753,1.7054078771058643,-0.03205663892811117,-0.15343268957332015,-0.06378032216010292
1,0.25,1,3,3.3,4.3,0,17,18.7,Product,Male,2.285438934159075,2.1767146565090387,0.10872427765003634,0.10538250380215534,0.032021750792855457
1,0.2,3,2,4.2,3.0,0,1,15.2,Finance,Female,2.0906287310704004,1.8853969108317856,0.20523182023861475,-0.1365126362381099,-0.009567276141871996
1,0.3333,1,3,2.8,4.4,0,19,7.1,Customer Support,Male,1.884034745337226,1.9462910531487756,-0.06225630781154967,0.10406330548563397,0.02226528993791303
1,0.1429,2,1,4.0,3.1,0,19,22.5,Marketing,Male,2.501435951739211,2.2485712571914585,0.2528646945477524,0.10556253168257194,-0.00982684031457553
3,0.6,2,2,2.7,3.5,0,1,11.2,HR,Male,2.494031557565001,2.4865260047042756,0.007505552860725295,0.10487815912716693,0.006674285683468301
4,0.3636,1,3,4.2,3.5,1,49,20.0,Marketing,Female,2.73696154459663,2.835461179845761,-0.09849963524913097,-0.14575232400740365,0.0014942136354135134
2,1.0,1,3,4.8,4.8,0,19,22.5,Sales,Male,2.1938856760707046,2.294197827019591,-0.10031215094888646,0.10484455582436086,0.028230102828192993
2,0.3333,2,3,3.4,3.9,0,9,7.4,Operations,Male,2.2925347571405443,2.2556187873110667,0.036915969829477646,0.10969840021873406,0.01463417163406481
2,1.0,1,3,5.0,2.6,0,12,5.5,HR,Female,2.136530508663963,1.922891778112792,0.21363873055117089,-0.15445034931259927,-0.033539705653068304
2,0.3333,2,3,2.4,4.6,0,5,11.0,Data Science,Female,2.0228711901914416,2.1018189024804315,-0.07894771228898989,-0.14155070066520858,0.03530828903660116
1,0.5,2,3,3.2,4.1,0,6,34.0,Sales,Male,1.9050881545350582,1.8740336187555946,0.0310545357794636,0.09366702858348724,0.02578774147090799
2,0.5,2,3,3.2,4.3,0,42,5.3,HR,Male,2.0360119837525,2.161052718391397,-0.12504073463889664,0.10239184720811498,0.027921644228088585
3,0.3333,1,4,3.5,3.5,1,22,13.3,Data Science,Female,2.4458192610799534,2.5584198335402597,-0.1126005724603063,-0.14732901140853794,0.004009559853958043
2,0.2857,3,2,3.2,3.6,0,5,13.4,Engineering,Female,2.2375130962503307,2.2035288662210224,0.03398423002930828,-0.13634547128240612,0.014744528931791711
3,0.75,2,3,2.7,3.5,1,25,10.5,HR,Male,2.405141681319138,2.371830574240472,0.0333111070786658,0.10527488663353254,0.007088781453060631
3,0.4286,1,3,2.2,3.7,0,2,14.5,Legal,Female,2.1770218700187,2.334925518242318,-0.15790364822361802,-0.1480413494506205,0.016057651332280286
1,0.5,3,4,1.7,4.4,0,36,17.7,Finance,Female,1.3787660946990992,1.455131138501307,-0.07636504380220788,-0.13825802529817635,0.030096251086037324
2,0.2222,1,4,4.3,2.6,0,1,17.2,Marketing,Female,2.3135250330323798,2.262236983074117,0.05128804995826286,-0.13960497802850055,-0.033200176141421664
4,0.5,3,3,4.5,2.5,0,56,14.8,Finance,Female,2.5733752977756086,2.4835680410891183,0.08980725668649026,-0.1429029485217963,-0.030695507067883328
1,0.5,2,2,2.3,3.7,0,3,5.4,Customer Support,Female,1.4701758451005926,1.6241287823306105,-0.1539529372300179,-0.13504926221122082,0.01516968110111443
1,0.3333,3,4,4.0,4.9,0,13,7.2,HR,Male,1.9892432737616872,1.9271119296337889,0.062131344127898336,0.09933622407694825,0.061548825542271014
1,0.3333,1,3,2.6,2.0,0,20,10.9,Product,Male,2.0906287310704004,1.9636301180951097,0.1269986129752907,0.11273684819708081,-0.06887947310635252
2,0.3333,3,3,3.0,3.2,0,1,32.9,Sales,Male,2.2512917986064953,2.1542902181051162,0.09700158050137908,0.09994784485920617,-0.013768979244097779
4,0.3077,1,4,3.5,3.6,0,3,5.4,HR,Male,2.9816333491744893,3.0960311828922458,-0.11439783371775647,0.10537064045697149,0.010526671892669946
1,0.3333,1,3,3.3,3.5,0,26,12.8,Legal,Male,2.0095554142156695,2.07316335348258,-0.06360793926691066,0.11046450497961804,0.004832973853582712
3,0.75,3,2,3.4,3.8,0,17,8.9,Operations,Female,2.162172939277301,2.1062898105736707,0.0558831287036301,-0.15353461759825268,0.006553637613790089
4,0.3077,3,4,3.8,3.6,0,3,5.3,Customer Support,Male,2.9069010598473755,2.954533283996716,-0.04763222414934054,0.10661360730404304,0.005919705317522086
1,0.3333,2,4,4.2,3.5,0,6,28.9,Sales,Male,2.0541237336955462,1.918579086024626,0.13554464767092034,0.10002161402942061,0.0005885633724936139
2,0.3333,2,4,3.2,3.5,0,14,11.5,Legal,Male,2.211565694606877,2.2599231102675574,-0.0483574156606803,0.10627076862318366,0.007922174053519
6,0.2727,3,2,4.5,2.9,0,19,10.4,Legal,Female,3.5658640032173894,3.6932307575389727,-0.1273667543215833,-0.12780085220514886,-0.008282652614913335
2,0.2857,1,3,1.8,3.8,0,1,13.0,Product,Male,2.7813006628418027,2.4069841989478085,0.3743164638939942,0.10621559797201072,0.015819932146926414
2,0.6667,2,3,2.4,5.0,0,8,19.8,Product,Male,2.2278615467981093,2.216948022296994,0.01091352450111538,0.11016069760513286,0.03781365834291967
1,0.3333,2,4,4.9,2.4,0,80,14.1,Marketing,Female,1.7047480922384253,1.7210533531437944,-0.0163052609053691,-0.143425624485934,-0.0270855583725282
1,0.3333,1,3,3.3,3.8,0,76,32.6,Sales,Male,2.0781907597781832,1.9681111567755576,0.11007960300262565,0.10149114398675113,0.004387717340554431
4,0.4444,1,3,3.5,3.7,0,21,9.2,Operations,Female,2.3813962734183356,2.6992675747584096,-0.317871301340074,-0.13991303564422436,0.011290129747124499
1,0.3333,2,3,2.9,4.2,0,6,16.0,Sales,Male,2.004179057179289,1.903386073702937,0.1007929834763519,0.09667003503748943,0.027407888285213722
1,0.3333,1,3,2.8,2.7,0,15,14.1,Legal,Male,1.864080130807681,1.9878023874146236,-0.12372225660694247,0.10824225441618057,-0.03305894124850286
1,0.1667,1,3,4.8,3.1,0,19,15.8,Marketing,Female,1.8531680973566984,1.8684468044748153,-0.015278707118116852,-0.15144633030837099,-0.012708677465107194
2,0.6667,2,2,3.6,3.5,1,12,6.7,Customer Support,Male,2.180417459019838,2.2127506986783336,-0.03233323965849566,0.10977133469803295,0.005537254763664731
2,0.4,3,3,4.1,3.9,0,9,19.0,Sales,Male,2.2438960966453663,2.2499419027137226,-0.006045806068356363,0.10077171232931832,0.018180962058260565
1,0.5,1,1,5.0,5.0,0,9,9.7,Engineering,Male,2.349468678892896,2.3261138981416356,0.023354780751260407,0.10043250880303418,0.03606908573152318
1,0.25,2,1,4.1,4.9,0,13,29.9,Sales,Male,2.211565694606877,2.2700135004113147,-0.058447805804437536,0.09420107930943943,0.05140248969421755
2,0.4,1,3,2.6,3.5,1,27,14.4,Legal,Male,2.3194422100604686,2.267285290926801,0.05215691913366749,0.1022830696527842,0.00980724659103967
4,0.5,2,3,3.2,2.6,0,40,8.9,HR,Male,2.6275629501895237,2.7102454748986915,-0.08268252470916782,0.10202947890625448,-0.030346017962167706
2,0.2857,3,2,3.3,3.0,0,17,26.6,Sales,Female,1.9430489167742813,2.033696712235495,-0.09064779546121371,-0.14496773502121738,-0.008549494721441585
2,0.3333,1,2,3.1,3.9,0,2,34.0,Sales,Male,2.4840729690394228,2.457456500725784,0.02661646831363873,0.10039256715301262,0.0154378783487615
3,0.75,2,3,2.8,4.2,0,2,8.2,Data Science,Male,2.71336936257981,2.548846426892993,0.16452293568681675,0.10068249367857562,0.03238620708701225
4,0.2222,1,2,2.8,3.7,0,1,15.4,Finance,Female,3.2623183827110376,3.0900012682198885,0.17231711449114906,-0.13054962624956262,0.012235906265659454
2,0.5,2,2,3.3,3.5,1,13,8.5,Operations,Male,2.2617630984737906,2.2159859732168528,0.04577712525693789,0.10698401684675299,0.005058396564096723
2,0.3333,1,3,3.1,4.7,0,12,23.4,Sales,Male,2.258633205464863,2.386692102619385,-0.128058897154522,0.10402370514454684,0.03461724335171783
2,0.5,3,4,3.2,3.1,0,6,10.5,Finance,Male,2.0918640616783932,2.060605919082072,0.0312581425963212,0.10106830081205417,-0.017750553271087346
1,0.3333,3,4,4.7,3.5,1,45,11.3,Legal,Male,1.916922612182061,1.9617757983208561,-0.044853186138795076,0.10950544814075917,0.002767490926514639
2,0.4,1,3,3.5,3.5,1,6,5.1,Customer Support,Male,2.167910189667444,2.2500733934914203,-0.08216320382397635,0.1090305343972026,0.008790127012231044
3,0.6,1,3,4.3,3.4,0,5,17.2,Product,Female,2.378619779270043,2.4041245217276477,-0.02550474245760448,-0.1509328665560339,-0.0005191015033889193
4,0.3333,1,4,2.7,3.5,1,6,14.4,Engineering,Female,2.8243506567983707,2.8314726861412813,-0.0071220293429106185,-0.14338120751546227,0.004285919542122014
1,0.1667,3,3,3.0,4.4,0,4,14.8,Product,Male,2.0135687975291283,2.1033150809371133,-0.08974628340798496,0.10361555159738671,0.03857875634435793
1,0.5,2,4,3.0,2.8,0,3,6.1,Customer Support,Female,1.3937663759585917,1.5496918500777332,-0.1559254741191416,-0.13558080607282563,-0.024093544800762964
1,1.0,2,3,4.2,3.6,0,4,6.8,Operations,Male,1.7209792871670078,1.8362267868445104,-0.11524749967750259,0.1105452295521962,0.010335729552122645
2,0.4,1,3,4.4,3.4,0,32,20.9,Marketing,Male,2.355177543113216,2.357921095392837,-0.0027435522796208645,0.10608744495997856,-0.0021948535756228923
1,0.25,1,4,3.5,3.8,0,6,16.9,Finance,Male,2.080690761080268,2.0702941296169324,0.01039663146333547,0.09789443362887061,0.004544791192093308
4,0.5,2,2,4.6,3.3,0,76,8.4,Operations,Male,2.9652730660692823,2.826002694102502,0.13927037196678027,0.10311279291007848,-0.004081568652830735
2,0.5,1,3,4.2,4.1,0,17,7.6,Operations,Male,2.172476407647025,2.282090317267828,-0.10961390962080308,0.10658729592908439,0.020922921513645693
3,0.3333,2,1,4.4,3.5,1,3,15.9,Product,Female,2.425687290128029,2.5831689587518576,-0.1574816686238285,-0.15251278437861812,-0.0001240320339497289
1,0.3333,3,4,2.6,3.4,0,2,5.3,Operations,Male,1.3887912413184778,1.7734575726351622,-0.3846663313166845,0.10274402512909629,-0.0012746807082423086
2,0.5,1,4,4.8,4.1,0,1,19.1,Marketing,Male,2.306577114263583,2.3526532942450693,-0.04607617998148639,0.10656020498135188,0.030424594978164406
2,0.1818,1,3,3.4,3.3,0,63,14.4,Legal,Male,2.4501426573516603,2.543093352595575,-0.09295069524391453,0.0961560108015709,-0.013051862127935226
3,0.3,1,3,4.2,2.7,0,89,13.6,Finance,Female,2.545531271604435,2.5277566304794017,0.01777464112503324,-0.14601284243743592,-0.03521200296620465
2,0.4,3,3,3.2,3.0,0,1,22.1,Sales,Female,1.951608170169951,1.8692241456102145,0.08238402455973648,-0.1389183131248818,-0.018562229112891068
3,0.3333,1,2,4.5,2.7,0,1,10.8,Finance,Female,2.6727683869575705,2.5404193401811184,0.1323490467764521,-0.14845543542873985,-0.030596570789346397
2,0.4,3,2,3.8,4.4,0,30,12.5,Data Science,Male,2.422144328051685,2.3982826370202615,0.023861691031423327,0.09807543837478777,0.03863363239500989
2,0.2222,1,3,4.6,2.8,0,35,7.8,Customer Support,Male,2.503891949699081,2.446046398340778,0.05784555135830294,0.10222048558254024,-0.023874508561619164
3,0.375,1,3,2.9,3.3,0,2,16.5,Product,Male,2.578700529074361,2.7331200173149472,-0.15441948824058604,0.10317125866905749,-0.012589781849291954
3,0.375,3,3,5.0,2.8,0,24,6.5,Customer Support,Female,2.030776369698555,2.255985811893492,-0.2252094421949371,-0.13739719914468274,-0.02911195581088811
2,0.4,1,4,2.8,3.5,1,12,13.0,Data Science,Male,2.2049722641270453,2.342310485434227,-0.13733822130718165,0.09859708259179756,0.009450281348485785
1,0.5,3,2,4.2,4.0,0,7,11.4,Product,Male,2.0980179272527715,2.010484556909139,0.08753337034363229,0.10572897036945257,0.01804903647219107
5,0.3846,3,4,2.4,2.2,0,2,11.9,HR,Female,2.8273136219290276,2.878848738541485,-0.051535116612457355,-0.1308212129126306,-0.059025110285886535
1,0.3333,1,3,4.0,3.5,1,1,10.7,Engineering,Male,2.285438934159075,2.1694400573775448,0.11599887678153031,0.10319863603949248,0.0023940658345595893
2,0.5,1,3,3.9,3.1,0,2,6.5,Operations,Male,2.1713368063840917,2.212896243403949,-0.04155943701985754,0.10978319056384925,-0.014275385658140122
3,0.375,1,4,3.3,2.5,0,3,14.1,Legal,Male,2.5974910105351463,2.6431956976826316,-0.04570468714748532,0.10513992045771196,-0.04720010224797944
4,0.3077,2,3,1.9,3.5,0,36,14.0,Marketing,Male,2.952302715626655,2.9959267978920527,-0.043624082265397934,0.10978131926634631,0.003894855672925779
3,0.375,3,3,3.5,3.0,0,30,10.9,Finance,Male,2.509599262378372,2.5217823485261155,-0.012183086147743438,0.10174525056274084,-0.009300917452407628
3,0.3,3,3,1.8,5.0,0,3,8.3,Operations,Male,2.410542234499138,2.553730009845158,-0.14318777534602,0.11314118556836603,0.03633782376877278
2,0.4,2,3,4.6,4.0,0,21,9.2,Legal,Male,2.379546134130174,2.3578491358799742,0.021696998250199773,0.1027136499422943,0.026194995496787936
6,0.2143,1,3,4.5,3.2,0,31,9.2,Operations,Female,3.86702563949741,3.8487351489088955,0.01829049058851462,-0.10155263883939335,-0.006471804819215119
2,0.25,2,3,3.6,3.5,1,44,23.1,Marketing,Female,2.428336298299606,2.1295426297801603,0.2987936685194459,-0.14390726005748394,0.006625724071223138
4,0.4,1,3,3.3,5.0,0,5,9.8,Engineering,Female,2.8142103969306005,2.9032037829309574,-0.08899338600035689,-0.1343702128898738,0.04469455466973148
1,0.3333,2,4,4.2,3.7,0,2,11.8,Product,Male,1.979621206397625,2.0466534369097156,-0.06703223051209051,0.10750828702856591,0.013663800990418758
5,0.3571,2,4,3.7,2.2,0,5,6.3,HR,Male,3.164630810015805,3.244826495163235,-0.08019568514743014,0.10291638245077335,-0.044282902063324484
2,0.2857,1,3,1.8,3.0,0,11,7.9,HR,Female,2.0906287310704004,1.9983705303242663,0.09225820074613411,-0.15106431960232183,-0.005227761996623043
6,0.2308,1,4,2.4,3.5,1,30,10.9,Data Science,Male,3.912023005428146,3.925673451326363,-0.013650445898217178,0.06909064387508389,0.0031989900625839767
2,0.3333,1,3,3.0,4.1,0,24,13.2,Data Science,Male,2.2925347571405443,2.4508298712587626,-0.15829511411821828,0.09950834702060728,0.03111737853459644
3,0.75,3,4,3.0,2.2,0,23,7.8,HR,Female,1.7083778602890038,1.9320632166393035,-0.22368535635029962,-0.15106075757663012,-0.06839936253983517
4,0.4,3,3,3.8,2.9,0,10,17.5,Product,Female,2.740840023925201,2.6661435708946617,0.07469645303053918,-0.14444802643453591,-0.020464695905109475
1,0.5,3,2,3.0,3.6,0,10,24.2,Sales,Male,1.6845453849209058,1.8825800313956536,-0.19803464647474778,0.09820255221644211,0.011412455500708208
1,1.0,1,3,2.9,4.5,0,34,21.9,Marketing,Male,1.8293763327993617,1.8861647490337226,-0.05678841623436082,0.10410374303376414,0.013715369583762292
2,0.5,3,3,3.3,5.0,0,1,8.4,Operations,Male,2.0001277349601105,2.127264884473137,-0.12713714951302668,0.11091976231484374,0.045502291735170695
3,0.75,2,2,4.9,4.2,0,2,12.2,Marketing,Male,2.528125768907977,2.5860150120375525,-0.05788924312957544,0.10305846385332962,0.028983818941552286
2,0.3333,2,3,3.0,4.1,0,48,17.0,Product,Male,2.6304489550786583,2.356459360329856,0.27398959474880247,0.10399322276941388,0.03552165003842087
1,0.3333,3,3,3.6,3.2,0,2,12.1,Data Science,Female,1.6974487897568136,1.742586854205473,-0.04513806444865942,-0.13957500059040434,-0.012535199139547698
3,0.75,1,2,3.1,3.3,0,11,19.4,Product,Male,2.7298116928837226,2.6361232046885874,0.0936884881951352,0.10750311918406749,-0.0038184090335100433
2,0.3333,2,1,3.1,4.3,0,7,9.6,HR,Male,2.340843805111136,2.3839620675652586,-0.04311826245412265,0.10399995831762658,0.023477200638408982
4,0.5,1,4,3.1,3.6,0,16,14.2,Data Science,Female,2.8148097376737438,2.705789847056897,0.10901989061684692,-0.13709059392742737,0.010461267698746713
2,0.2857,1,3,3.4,3.5,1,1,9.6,HR,Female,1.9933388426264242,2.1126543785674707,-0.11931553594104649,-0.1544328960334051,0.005452214232924832
3,0.6,1,4,3.4,3.9,0,4,12.6,Legal,Male,2.517696472610991,2.536685257136923,-0.018988784525932,0.10395464280428371,0.008729942658620019
2,0.5,2,3,4.6,3.5,1,60,13.8,Product,Male,2.739548868161581,2.3749301227996757,0.3646187453619052,0.10778094074931185,0.008240709654730519
1,0.1667,2,3,4.0,5.0,0,3,15.5,Product,Female,1.8870696490323797,1.9437215717238325,-0.056651922691452805,-0.14574465616261262,0.050108102947453076
1,0.3333,1,3,4.0,3.1,0,25,8.4,Legal,Male,2.1174596088673567,2.094381522108468,0.023078086758888894,0.10998831065837632,-0.011966770586219113
2,0.5,2,4,4.5,2.8,0,13,11.9,Legal,Female,2.005525858729668,2.01097829553936,-0.005452436809691985,-0.14404487308883004,-0.03053218086742144
4,0.2857,1,2,2.1,3.5,1,12,11.5,Finance,Male,3.0846584827483925,3.1460863646998267,-0.06142788195143423,0.10506594708131668,0.003064495187633427
2,0.5,3,3,2.8,1.6,0,11,8.4,Engineering,Male,2.3263016196113617,1.9951665216133483,0.33113509799801344,0.10351419626105964,-0.09902343927828287
3,0.3333,1,3,4.3,3.2,0,19,8.7,Engineering,Male,2.7555697170701863,2.903900627326455,-0.14833091025626866,0.10585876144382819,-0.011207569482640024
3,0.3333,1,2,3.6,2.7,0,17,10.3,Data Science,Male,2.847812143477369,2.8651596101273324,-0.01734746664996356,0.1067295437471316,-0.03621405470669767
1,0.2,3,1,3.6,4.3,0,7,5.8,Customer Support,Male,1.9154509415706047,2.112718825093869,-0.1972678835232642,0.10352662684990853,0.020909915296747544
2,0.3333,1,2,4.7,3.6,0,9,11.9,Legal,Female,2.474856313934499,2.298909995121927,0.1759463188125716,-0.14811841905712597,0.015257726264339272
3,0.75,3,4,4.0,2.9,0,4,13.3,Data Science,Male,2.495681722955959,2.4081943039427216,0.08748741901323731,0.10269942302639949,-0.01840901944799159
3,0.6,3,4,2.9,3.2,0,26,16.9,Product,Male,2.354228326145884,2.386952484239238,-0.03272415809335394,0.10918720019247087,-0.007865020771372815
2,0.25,2,3,3.1,4.5,0,14,20.1,Marketing,Male,2.344686269012681,2.37788661391673,-0.03320034490404922,0.09946631739745178,0.0331623045611538
6,0.2727,1,2,3.5,4.4,0,5,8.6,Data Science,Male,3.912023005428146,4.0035772716264875,-0.0915542661983415,0.0925680858112511,0.03210199169418317
1,0.1429,3,2,2.8,3.2,0,27,7.1,Operations,Female,1.55814461804655,1.7798282216587917,-0.22168360361224182,-0.14508296441027096,-0.003211382397706728
2,0.5,1,4,3.1,4.0,0,3,7.5,Operations,Male,2.2617630984737906,2.1971486704013374,0.06461442807245321,0.10510964714590088,0.02642312571385376
2,1.0,1,4,3.4,3.5,0,1,13.0,Engineering,Female,1.7715567619105355,2.039174861269332,-0.26761809935879644,-0.14214414751140358,0.010575535910519398
4,0.3333,3,3,3.2,3.1,0,14,8.7,Customer Support,Male,3.0483247236731614,2.806725564955903,0.24159915871725834,0.10602431674124412,-0.012609563553202469
3,0.6,1,3,2.8,4.1,0,16,7.9,Operations,Male,2.4069451083182885,2.4664735839029035,-0.05952847558461505,0.10611393539198102,0.02309477828842178
5,0.2941,3,3,4.1,3.5,1,4,12.9,Data Science,Female,3.321793358874887,3.301317552730117,0.020475806144770292,-0.13101252678048994,0.001911709691647482
1,1.0,3,3,3.2,3.8,0,37,18.7,Marketing,Male,1.55814461804655,1.7337784548818922,-0.17563383683534228,0.10198643180669588,0.0034331143092418744
1,1.0,2,3,2.7,3.5,1,1,13.3,Data Science,Male,1.9021075263969205,1.9413487776886584,-0.039241251291737944,0.10453259708953977,0.010668384896767929
3,0.375,1,4,4.2,3.6,0,1,9.3,Customer Support,Male,2.4612967841488667,2.678680084395231,-0.21738330024636454,0.10225079341537997,0.006358898581621687
1,0.2,2,2,3.0,3.4,0,11,26.6,Sales,Male,2.004179057179289,2.0932080656889394,-0.08902900850965034,0.09977205525243725,0.00022653221179586098
1,0.3333,3,3,2.7,2.7,0,11,5.8,Operations,Male,1.62924053973028,1.7742308560968167,-0.1449903163665367,0.10207786005664064,-0.029067067477116938
4,0.25,3,3,1.7,4.7,0,1,8.8,Legal,Male,3.0252910757955354,3.0190719366716787,0.006219139123856632,0.10104735421980109,0.038026283194133634
1,0.3333,1,2,3.9,3.8,0,61,7.3,Operations,Male,2.0781907597781832,2.059293180594411,0.01889757918377244,0.10390229039464075,0.002974874343868843
2,0.3333,1,3,4.1,5.0,0,25,5.8,Operations,Female,2.3233676321765744,2.1214883939910703,0.20187923818550413,-0.15496005950785496,0.041736013325585415
2,0.2,2,1,3.7,3.5,0,19,33.5,Sales,Male,2.540814281726296,2.6254675966963332,-0.08465331497003703,0.0988849405367909,0.0019370447813405532
3,0.3333,1,3,3.1,3.9,0,71,14.1,Engineering,Male,2.7862450486872667,2.824061340230163,-0.03781629154289634,0.10216873700682322,0.017368874824047146
2,0.4,3,4,3.5,2.6,0,13,10.1,Engineering,Male,2.1938856760707046,2.20185664291435,-0.0079709668436454,0.10066294427568011,-0.03774397456562284
4,0.25,2,3,2.8,3.6,0,62,26.5,Sales,Male,3.159550358783386,3.0420974299482086,0.11745292883517733,0.10121961124369058,0.007942765121717786
2,0.3333,2,2,3.6,2.9,0,4,10.8,Engineering,Female,2.130609828254235,2.1931457804199317,-0.06253595216569652,-0.13972315037727667,-0.01942541165738486
3,0.3333,2,3,2.9,3.1,0,23,11.4,Data Science,Male,2.8273136219290276,2.676694465861332,0.1506191560676955,0.10293337908428711,-0.017109613356371803
2,1.0,3,3,2.8,1.7,0,18,17.8,Marketing,Female,1.6544112780768316,1.5933564997807224,0.06105477829610928,-0.15430470674964467,-0.09261762164054123
1,0.5,2,3,4.1,2.1,0,23,17.0,Marketing,Male,1.8066480817218056,1.8716037740068574,-0.06495569228505182,0.10635493773696024,-0.04665564791312323
2,2.0,1,3,2.8,2.8,0,81,8.2,HR,Male,2.028148247292285,1.9861554580162444,0.041992789276040776,0.10443165885297553,-0.029614852125046116
4,0.25,3,4,3.2,2.8,0,62,14.2,Engineering,Male,3.3568971227655755,3.007929992819943,0.3489671299456325,0.09434088997658238,-0.033777175267906384
6,0.3,3,4,3.1,2.6,0,10,14.6,Engineering,Male,3.816612820623488,3.7038929659620377,0.11271985466145029,0.09100366756128932,-0.03297175740148743
1,0.3333,1,4,2.8,1.8,0,9,15.5,Finance,Female,1.5282278570085572,1.6684729570615664,-0.14024510005300916,-0.14558021908242236,-0.06346983570110012
2,0.3333,2,4,2.8,3.1,0,9,11.3,Data Science,Male,2.2375130962503307,2.2738922856469928,-0.03637918939666207,0.10206619659502968,-0.01989759467842718
1,0.5,1,3,3.9,3.3,0,11,8.7,Data Science,Male,1.965712776351493,2.073930279577795,-0.10821750322630197,0.1021048168437701,-0.007113493155425482
1,1.0,3,3,3.1,3.3,0,18,17.0,Finance,Male,1.6582280766035324,1.7727672037738684,-0.11453912717033599,0.09858002254856331,-0.0033669300348024246
1,0.1667,2,2,2.8,3.1,0,3,6.9,Operations,Female,1.918392120161421,1.7797020870051683,0.1386900331562526,-0.1456152837650816,-0.009101187410358095
2,0.4,1,4,1.2,4.3,0,52,33.7,Sales,Female,1.7698546338400052,1.9576101039214988,-0.18775547008149363,-0.13831741125804306,0.036215407786301085
6,0.2143,1,4,3.0,3.5,1,34,16.4,Product,Male,3.912023005428146,3.9389022802194695,-0.02687927479132357,0.06952577814498123,0.0023367324898413613
3,0.3333,1,3,3.0,3.5,1,13,6.3,HR,Female,2.286455711064162,2.405413525674412,-0.1189578146102499,-0.14768163224976263,0.00667827578837154
2,0.3333,3,2,3.1,3.7,0,1,6.8,Customer Support,Male,2.2267833795777636,2.171773751155467,0.05500962842229651,0.10452348466331046,0.016370763522965053
1,1.0,2,3,3.0,3.7,0,12,12.2,Legal,Male,1.6752256529721035,1.8499633831861695,-0.17473773021406602,0.1047273811344874,0.012862231935737305
1,0.3333,3,3,4.0,3.5,0,9,8.5,Data Science,Female,1.7316555451583497,1.7815693602292164,-0.049913815070866674,-0.13896219328644696,0.0036751774666184548
5,0.4167,2,1,3.0,3.4,0,5,28.3,Sales,Male,3.671478939433769,3.2776747259245025,0.39380421350926653,0.09106164921367872,-2.75349508433816e-05
2,0.5,3,4,2.3,3.5,1,17,7.2,Operations,Female,1.780024213009634,1.7160037394717236,0.0640204735379104,-0.15365071911609676,0.006835892374452027
2,0.5,1,4,2.2,2.8,0,13,12.1,Marketing,Female,1.8180767775454285,1.8295404430305913,-0.011463665485162755,-0.14913205125311663,-0.03345290759189103
5,0.4167,2,3,4.1,3.7,0,44,33.9,Sales,Male,3.1144038032714896,3.229421479289621,-0.11501767601813162,0.08685129948175895,0.008288578779382376
3,0.3333,2,3,3.9,3.4,0,5,8.9,Data Science,Female,2.340843805111136,2.4929435617459834,-0.15209975663484743,-0.14266880674747157,-0.0026317835081959636
1,1.0,1,4,4.5,4.4,0,28,21.0,Marketing,Male,1.9095425048844386,1.9715022431588625,-0.061959738274423914,0.10973394591823266,0.01389374160600658
4,0.3077,3,3,4.7,3.2,0,16,8.8,Customer Support,Male,2.9481164196123277,2.988846689410903,-0.040730269798575414,0.10388688867800254,-0.008577013214897506
4,0.3333,3,3,3.9,3.5,1,18,15.8,Marketing,Female,2.794839331174601,2.6299135524988824,0.16492577867571878,-0.15130261118338376,0.000701142743900118
1,1.0,3,3,4.7,3.7,0,1,14.4,Marketing,Male,2.005525858729668,1.8666133947343422,0.13891246399532564,0.10781518786182788,0.016877813432461284
2,0.2,2,4,2.4,3.3,0,1,16.7,Finance,Female,2.0918640616783932,2.1053454328329972,-0.013481371154604016,-0.13509447463891763,-0.015524374571820189
2,0.6667,3,3,3.1,2.4,0,4,7.0,HR,Male,1.7439688053917064,2.047901612337728,-0.30393280694602165,0.1098013400024204,-0.034991807581545395
2,1.0,2,3,1.9,4.3,0,28,15.0,Finance,Female,1.843719208158766,1.8364663395760645,0.007252868582701577,-0.14339185253708922,0.027133206518244267
1,1.0,3,3,2.5,2.9,0,26,15.6,Finance,Male,1.6094379124341003,1.714479387365399,-0.10504147493129867,0.09943368488591035,-0.011747077335749572
1,0.3333,2,3,4.6,4.0,0,19,17.3,Finance,Female,2.0228711901914416,1.798538468220943,0.22433272197049847,-0.13619588444989025,0.026892239221433918
4,0.5,3,2,3.2,4.8,0,1,12.4,Data Science,Male,2.987700101856727,2.892102206756598,0.09559789510012884,0.09902190653106911,0.03850180716353923
3,0.375,1,3,2.4,4.8,0,20,11.3,Engineering,Female,2.457877977400081,2.554466852102924,-0.09658887470284272,-0.1369639385511876,0.04626715374386798
2,0.3333,2,3,2.0,2.8,0,4,29.8,Sales,Female,1.8293763327993617,1.8897238389738864,-0.06034750617452467,-0.14285135715581618,-0.03096480210896252
2,0.6667,1,3,4.5,3.5,1,17,13.4,Data Science,Male,2.390595970316759,2.4339497937304277,-0.04335382341366856,0.10309259532084665,0.00941449857194535
2,0.4,1,2,4.0,4.1,0,17,12.2,Legal,Male,2.7040421797046714,2.488910395973549,0.21513178373112263,0.1010968742410161,0.0316230148367546
1,0.25,2,2,1.8,5.0,0,28,11.0,Data Science,Male,2.0881534822818573,2.1437706255206512,-0.055617143238793965,0.09609835391140917,0.05131240810461119
5,0.3846,1,4,4.7,2.9,0,28,10.4,Engineering,Male,3.546163151912341,3.446264119380635,0.09989903253170596,0.09102966545066321,-0.011472507354713914
1,0.25,1,3,3.7,3.3,0,1,15.1,Finance,Male,2.0906287310704004,2.0941969548592834,-0.003568223788882996,0.09868405694794953,-0.013195746084739727
1,0.3333,1,4,4.8,2.4,0,17,10.7,Legal,Female,1.8946168546677629,1.8219260329646514,0.07269082170311147,-0.1584101197062881,-0.03197557784729203
3,0.5,2,2,3.1,2.2,0,13,11.9,Product,Female,2.395164274287139,2.279768089680075,0.11539618460706391,-0.14922168278629852,-0.06285436548104918
2,0.5,3,3,4.5,3.6,0,18,22.4,Marketing,Male,2.1186622548331173,2.1628485764654757,-0.04418632163235836,0.10676849480304068,0.015562918756245294
2,0.5,2,3,5.0,3.9,0,13,11.7,HR,Male,2.1471001901536506,2.2437388703073937,-0.0966386801537431,0.10376608524746066,0.0101775311590871
1,0.5,3,4,2.0,2.6,0,4,5.6,HR,Male,1.7119945007591924,1.6180890083269324,0.09390549243225998,0.10411667089175661,-0.032832859461443466
1,0.5,3,4,3.0,3.0,0,34,13.3,Legal,Female,1.6034198401085373,1.556260514124455,0.047159325984082345,-0.1432359963635251,-0.005868789735578527
2,0.2222,1,1,4.0,4.2,0,31,5.3,HR,Male,2.511223958105374,2.588626620830248,-0.07740266272487428,0.10164152522593876,0.023392762161576562
1,1.0,1,4,3.8,3.3,0,22,5.5,Customer Support,Male,1.7850704810772584,1.8671620719686621,-0.08209159089140372,0.10956630315038189,-0.002801863924849156
2,0.4,2,3,5.0,4.1,0,15,6.4,HR,Male,2.4042387467205457,2.294232222445959,0.11000652427458668,0.10243074581501223,0.024607052073892875
1,0.3333,1,3,3.0,4.2,0,20,9.0,Engineering,Male,2.188295946591918,2.1319595356068084,0.05633641098510944,0.10067880133601291,0.0284357684464865
5,0.1852,1,4,3.1,4.6,0,12,11.3,Legal,Male,3.912023005428146,3.9168195080213524,-0.004796502593206409,0.08385535420572604,0.03242222682790401
4,0.3333,2,3,4.3,3.2,0,43,15.6,Finance,Male,3.279782759771722,3.0175540184017566,0.2622287413699653,0.10718297854854471,-0.008859223189204193
5,0.1923,1,2,2.7,3.9,0,22,16.2,Finance,Male,3.856510295497887,3.8699415187898376,-0.013431223291950456,0.0825811311778379,0.013763977605019802
3,0.5,1,3,3.7,3.3,0,22,13.4,Product,Male,2.5824869781268642,2.6361607601134005,-0.05367378198653627,0.10655190321520157,-0.008797560951348283
1,0.25,3,3,1.0,4.4,0,15,17.2,Marketing,Female,1.7083778602890038,1.6003492899032834,0.10802857038572045,-0.13376008291780125,0.03128703909540685
3,0.5,3,3,3.9,3.4,0,4,7.3,Customer Support,Male,2.0992441689760155,2.3518133351120216,-0.2525691661360061,0.10405046485345691,-0.0028984879636091447
3,0.4286,2,3,4.3,3.8,0,40,13.4,Finance,Female,2.306577114263583,2.3763112145416057,-0.06973410027802274,-0.13739888875425435,0.010642601147303471
2,0.4,1,3,1.9,3.4,0,3,9.6,Operations,Male,2.1329823086078656,2.19049643140429,-0.05751412279642443,0.1070401501903702,-0.0015015988557364138
1,1.0,3,3,3.5,3.5,0,6,8.9,Operations,Male,1.9065751436566365,1.7268187019231231,0.17975644173351335,0.10635594474203149,0.007103447727054155
3,0.3333,1,2,3.7,3.5,0,3,11.7,Data Science,Female,2.768204123921957,2.6563387231448994,0.11186540077705764,-0.14636596053936587,0.0027285103317215577
2,0.5,1,4,3.0,2.6,0,8,10.8,Data Science,Female,2.0769384114617173,2.0333086724503526,0.04362973901136469,-0.13645351017111199,-0.03811778375166411
2,0.3333,1,3,4.5,3.5,1,5,6.1,HR,Male,2.211565694606877,2.3851412145484696,-0.17357551994159248,0.1101218786682365,0.006082815314560756
5,0.3846,1,1,2.7,3.2,0,1,9.1,Customer Support,Male,3.5607619513334936,3.305791333953106,0.2549706173803874,0.09592880762727883,-0.004252934678421621
4,0.3077,3,3,3.9,3.5,0,3,6.4,Customer Support,Female,2.7053799725463312,2.6982734552952157,0.007106517251115552,-0.1479183399955298,0.0003680864259763529
2,4.0,2,2,3.1,1.9,0,7,9.2,Operations,Female,1.8196988379172965,1.7193823872012755,0.10031645071602102,-0.1487304410874854,-0.0638725401772128
3,0.3333,3,4,3.5,3.5,1,3,12.9,Finance,Male,2.6093342281630525,2.5080470911782107,0.10128713698484182,0.10852411528562257,0.0005883064300195748
3,0.375,3,3,4.4,4.4,0,12,9.7,Data Science,Female,2.510411940196362,2.5269613535099285,-0.016549413313566408,-0.13267336235122926,0.04007714310668983
2,0.1818,2,3,2.4,2.6,0,1,29.3,Sales,Female,2.175887439948088,2.1557074289385914,0.020180011009496734,-0.12791367668525563,-0.03954126794824641
2,0.5,3,3,2.1,3.5,1,26,32.5,Sales,Male,1.979621206397625,2.0392955275800326,-0.059674321182407564,0.10429587943417133,0.010705766032882771
3,0.75,2,4,3.3,3.0,0,4,12.5,Data Science,Female,2.1077860146889784,2.270896238818863,-0.16311022412988452,-0.1396694129225314,-0.010862880910741703
1,0.3333,1,3,3.7,3.4,0,1,11.3,Engineering,Male,2.395164274287139,2.1366091269798804,0.2585551473072587,0.10328161174630932,-0.0026845787225660725
4,0.4444,2,4,2.4,4.6,0,1,14.3,Marketing,Male,2.7887081041196646,2.8795478605528175,-0.0908397564331529,0.1026731375509989,0.03411320666014937
5,0.2941,3,3,2.9,2.8,0,30,14.9,Marketing,Female,3.017493765335504,3.1284079398010287,-0.11091417446552487,-0.1364844451409869,-0.02980250343307643
2,0.3333,3,4,3.3,2.3,0,9,10.6,HR,Female,1.8050046959780757,1.7883427913114307,0.016661904666644967,-0.15501170671995565,-0.06955933900621268
1,0.25,1,4,3.4,3.7,0,1,13.4,Engineering,Male,2.0135687975291283,2.1490981268011877,-0.1355293292720594,0.0986345753640817,0.010048859074652524
6,0.2,3,3,4.1,2.3,0,10,10.9,HR,Male,3.912023005428146,3.8750861405006916,0.036936864927454405,0.0751260872638197,-0.02980174762661598
2,0.3333,3,1,2.7,3.7,0,5,9.0,Operations,Male,2.3739750890807185,2.2466263053538738,0.12734878372684477,0.10777778405915053,0.013331789303293104
4,0.3077,1,3,5.0,3.0,0,10,14.6,Data Science,Male,3.299902663510574,3.305817618816786,-0.005914955306212111,0.10240647628212766,-0.00522203673199515
4,0.4444,2,3,4.4,2.6,0,20,10.1,Finance,Male,2.826721730819709,2.94200069829497,-0.11527896747526123,0.09903729853409203,-0.02064873353184173
1,0.3333,1,2,4.4,3.9,0,1,16.2,Finance,Female,1.9315214116032138,1.9685972327342878,-0.037075821131073994,-0.13649524391141446,0.013623271913831026
1,0.5,3,3,3.7,3.5,1,18,12.7,Engineering,Male,2.0215475632609334,1.9135875057915055,0.10796005746942794,0.09992626216622377,0.005550263670875126
3,0.375,1,2,2.4,2.8,0,2,17.6,Product,Female,2.4150205223238337,2.457115273822074,-0.04209475149824016,-0.147391201134948,-0.03466048574368693
3,0.3333,1,3,2.7,4.1,0,41,13.6,Data Science,Female,2.558776498354456,2.5890060395179844,-0.030229541163528495,-0.14427084238154703,0.03933065506775669
1,1.0,1,4,4.3,3.0,0,1,6.9,Operations,Male,2.0162354657760435,1.9261025982716287,0.09013286750441485,0.1149655977107301,-0.007277845708889061
2,0.3333,2,3,2.8,3.8,0,5,16.5,Sales,Female,2.081938421878423,1.9828989081040918,0.09903951377433118,-0.1418870457661366,0.016480644282759332
4,0.3077,3,4,4.2,3.6,0,21,13.9,Engineering,Male,2.9719517448885875,3.150251153614177,-0.17829940872558936,0.10117757747086263,0.008424502201790356
1,0.1429,3,3,3.8,2.9,0,61,16.1,Finance,Male,1.8870696490323797,2.0584227208455035,-0.17135307181312376,0.0998128481584405,-0.01915107937450435
2,0.4,3,3,3.9,4.1,0,5,6.1,HR,Female,1.7369512327330598,1.9203896239843565,-0.18343839125129668,-0.1458102052975976,0.03459639907262052
3,0.25,1,4,5.0,3.2,0,8,17.1,Sales,Male,2.8201877010390604,2.8760559407377957,-0.055868239698735334,0.10189332334938317,-0.011445192489432815
1,1.0,2,2,4.5,2.8,0,7,7.7,Customer Support,Female,1.776645831418007,1.6476895047490976,0.12895632666890933,-0.1444389967011795,-0.01974103305027971
2,0.4,2,3,4.0,2.5,0,9,7.7,Customer Support,Female,1.840549633397487,1.95748712002776,-0.11693748663027304,-0.14218707617330548,-0.02460315491658291
1,0.5,1,3,3.7,3.4,0,12,8.5,Operations,Female,1.5238800240724537,1.6837886740485266,-0.1599086499760729,-0.14532202511443457,-0.0005263519147868628
1,0.3333,2,3,3.8,3.3,0,2,16.9,Marketing,Male,2.0731719286662407,1.9015144052958413,0.1716575233703994,0.10213058875827397,-0.013254360198614968
5,0.2941,3,3,3.6,4.1,0,31,8.9,Data Science,Female,3.2418107961506966,3.2934072851327545,-0.05159648898205793,-0.1337210355611614,0.03627280057670588
3,0.4286,2,2,4.6,4.0,0,14,14.8,Marketing,Female,2.6511270537025893,2.4591946322667413,0.191932421435848,-0.1385805487815256,0.031420900602673836
6,0.2,1,1,3.6,3.5,1,17,21.6,Marketing,Male,3.912023005428146,4.001271513240525,-0.08924850781237881,0.07423571546305942,0.0009239866598142777
3,0.375,1,3,3.2,4.5,0,8,6.1,HR,Male,2.747270914255491,2.667454365093671,0.07981654916182013,0.09998281756603054,0.037011427613637994
2,0.5,2,4,3.4,3.5,1,32,11.9,Engineering,Male,2.511223958105374,2.2818710603937196,0.22935289771165435,0.1019160414623808,0.008043915395754586
2,0.4,1,1,3.9,3.4,0,15,9.3,Customer Support,Female,2.248128907197987,2.137909936203386,0.11021897099460087,-0.149564204041533,-0.006271390717483835
1,0.5,1,3,2.0,3.5,1,3,7.5,Customer Support,Female,1.4060969884160703,1.583227272743845,-0.17713028432777467,-0.14539150716332763,0.007861574846778248
1,1.0,1,4,1.9,3.6,0,6,5.8,Operations,Female,1.4747630091074988,1.4682442282826647,0.006518780824834147,-0.15364888241014582,0.011705805352483238
2,0.2857,1,4,3.4,3.8,0,7,9.2,Operations,Male,2.3580197998821464,2.3895785624537154,-0.03155876257156898,0.11166622322802298,0.007138249810652876
5,0.3846,1,3,4.4,4.4,0,46,6.0,HR,Female,3.0281994636914926,3.108571783473927,-0.08037231978243442,-0.1255453810259935,0.02604234432142988
2,0.5,3,1,2.8,4.0,0,32,13.1,Data Science,Male,2.4397349311412793,2.337338194721283,0.10239673641999625,0.09987531395542647,0.01637944721046654
3,0.375,2,3,4.2,3.5,1,31,15.5,Marketing,Male,2.5392369943330477,2.6287717179257264,-0.08953472359267867,0.10103125420126374,0.002011907047480015
4,0.2222,1,4,4.6,4.1,0,20,11.4,Data Science,Male,3.6694417602214613,3.4205033683212323,0.24893839190022904,0.09263059210638326,0.03201223469501303
3,0.4286,2,3,3.4,2.9,0,3,10.9,Finance,Male,2.2834022735772717,2.522036379784127,-0.23863410620685555,0.10218696148017672,-0.019485220266685675
5,0.2778,3,3,3.8,4.3,0,9,8.1,Engineering,Male,3.627801604605346,3.5627352675835953,0.0650663370217508,0.09693001177400026,0.03157428424578004
1,0.5,1,4,2.3,3.0,0,88,9.0,Legal,Male,1.8453002361560848,1.905853369506563,-0.06055313335047807,0.10238516485167282,-0.0003999963703754839
3,0.5,1,3,3.6,2.7,0,13,11.3,Product,Female,2.340843805111136,2.3312900244870285,0.0095537806241075,-0.14693984853155212,-0.03905528565384715
6,0.2,1,3,3.3,3.5,1,1,25.7,Sales,Male,3.912023005428146,3.9487423955198344,-0.03671939009168845,0.0703521274205149,0.002670330480824338
3,0.75,1,3,4.5,4.8,0,17,11.5,Legal,Female,2.552565298261815,2.360954907831035,0.19161039043078043,-0.14626227399483757,0.03333848617056527
2,0.3333,3,3,4.0,3.3,0,4,12.6,Finance,Female,2.0918640616783932,1.995640547433587,0.09622351424480624,-0.14141758062648388,-0.018017383872038842
2,0.5,2,4,2.3,3.6,0,80,22.9,Sales,Female,2.0028304393079956,1.8524472741077405,0.1503831652002552,-0.14131991270166538,0.010685952808338357
3,0.75,3,3,3.9,4.8,0,14,12.9,Marketing,Female,2.2844211223663744,2.1124561369013937,0.17196498546498074,-0.15111173610873407,0.031607413853581505
1,1.0,1,1,4.3,4.5,0,23,20.4,Marketing,Male,2.1329823086078656,2.1367669278160384,-0.003784619208172746,0.10757995597100713,0.008937310682737652
1,0.3333,1,3,4.2,5.0,0,1,14.4,Product,Male,2.004179057179289,2.237511778614891,-0.2333327214356018,0.11210290226464881,0.04731188224983125
2,0.4,1,4,4.2,2.8,0,20,11.0,HR,Female,2.1114245875328868,2.0427916806823094,0.06863290685057732,-0.14570441016112554,-0.02781934559774657
2,0.5,1,2,4.0,4.1,0,58,14.2,Data Science,Male,2.4849066497880004,2.5036089401022834,-0.018702290314283054,0.09680013081701455,0.027629163924885212
3,0.375,1,1,3.6,3.7,0,18,6.5,Operations,Male,2.9156062290747062,2.8095613939951356,0.10604483507957063,0.10675265134299626,0.010303309565943806
2,0.4,2,3,5.0,4.6,0,89,8.6,Legal,Male,2.194999882314108,2.3509475301068807,-0.1559476477927726,0.10186144256093309,0.02860394152929113
1,0.3333,3,2,3.9,3.7,0,43,12.0,Finance,Male,1.9154509415706047,1.9772412557243464,-0.0617903141537417,0.09519560001073783,0.010641839677022891
1,0.5,1,3,3.9,3.6,0,3,9.5,Engineering,Female,1.6714733033535532,1.8467208121934062,-0.17524750883985307,-0.13787598992021757,0.012312025489034867
1,0.5,1,4,3.4,3.5,0,1,17.0,Product,Male,2.1090003439213802,2.016238444766578,0.09276189915480204,0.10951819511862107,0.005593655318674749
1,0.1667,1,4,3.0,3.5,1,13,13.8,Finance,Male,1.998773638612381,2.131552200451361,-0.13277856183897985,0.10108214514594452,0.002392183057784465
3,0.375,3,4,3.9,3.8,0,1,30.5,Sales,Male,2.327277705584417,2.532085414025686,-0.20480770844126894,0.09785802423342349,0.008723078018816468
2,2.0,2,1,3.8,3.3,0,61,8.1,Data Science,Male,2.503891949699081,2.344446900053119,0.15944504964596184,0.1039242714205682,-0.014412224063587673
1,0.5,1,4,3.4,3.7,0,10,22.8,Marketing,Female,1.4562867329399256,1.6875176988240561,-0.2312309658841305,-0.14294722070777294,0.015529676563354872
3,0.3333,2,3,2.8,3.0,0,1,16.1,Product,Male,2.725235025856311,2.636048192400238,0.08918683345607281,0.11064087940253924,-0.01511682331103356
3,0.3,1,3,4.1,2.7,0,10,15.2,Product,Female,2.667922410011431,2.5921322281599815,0.07579018185144948,-0.15192796376625115,-0.03801056035780389
2,0.3333,2,3,2.1,3.5,1,21,10.6,Data Science,Female,2.1736147116970854,2.0695801226517823,0.10403458904530316,-0.14256843286441942,0.00995247703729544
3,0.4286,2,2,3.3,3.9,0,4,9.1,Data Science,Female,2.401525040848949,2.5086059005297616,-0.1070808596808126,-0.13700246729829807,0.01674894893002672
2,0.5,1,3,4.0,2.7,0,9,16.3,Product,Male,2.060513531794317,2.3371234813521378,-0.2766099495578209,0.10537128526366772,-0.03637056152775738
3,0.375,1,3,3.0,3.5,1,3,13.7,Marketing,Male,2.50715725872282,2.659334439982273,-0.15217718125945323,0.10150251943386046,0.005847804090103713
4,0.5,1,3,4.1,3.5,1,1,17.2,Finance,Female,2.844327819394758,2.6535167036919503,0.19081111570280784,-0.14218540903907773,0.0011199676037835754
2,0.2857,1,2,3.7,2.3,0,65,8.2,Data Science,Female,2.253394848803274,2.2905680148098386,-0.03717316600656462,-0.14655951086154612,-0.06709906660037003
6,0.3,3,1,3.7,3.7,0,21,8.2,Customer Support,Female,3.841171264456195,3.470712594115248,0.3704586703409469,-0.13787321499873492,0.009055323296813775
2,0.2857,1,3,3.6,3.7,0,4,22.8,Sales,Male,2.377692565480851,2.4425674390032186,-0.06487487352236743,0.10649697562939633,0.01608768160061685
1,0.3333,2,3,2.7,4.2,0,35,13.1,Legal,Male,2.096790180014449,1.9315521303941388,0.1652380496203103,0.10506674463802038,0.02932272624886842
1,0.5,1,4,4.4,2.8,0,27,6.0,HR,Female,1.5810384379124025,1.6650122117385915,-0.08397377382618898,-0.14679272840451033,-0.022680104365520176
2,1.0,2,2,3.1,3.5,1,5,13.9,Product,Male,2.25758772706331,2.2292034691729996,0.028384257890310405,0.1052099887361572,0.01058300435714929
1,0.3333,1,4,2.6,2.6,0,15,15.0,Legal,Female,1.4951487660319727,1.6738724239086078,-0.17872365787663513,-0.14880194007312247,-0.035760840249182586
2,0.2222,2,4,3.1,3.5,1,28,14.6,Finance,Female,2.2321626286975,2.1833963225439623,0.04876630615353772,-0.13127355853146722,0.006080096774270769
3,0.6,2,4,4.3,3.5,0,1,13.7,Product,Male,2.5817308344235403,2.5762498792372877,0.0054809551862526895,0.1085207072843561,0.003992111718056963
1,1.0,3,4,2.7,4.5,0,4,10.3,HR,Male,1.6956156086751528,1.692289389382438,0.003326219292714816,0.10110144011245954,0.015579438787975405
3,0.3,2,4,1.0,2.0,0,4,15.4,Product,Female,2.134166441369082,2.2479407498696036,-0.11377430850052139,-0.15895876026765798,-0.07651600399620016
1,0.2,3,3,4.4,3.1,0,92,9.4,Customer Support,Female,1.6074359097634274,1.7313238566146922,-0.12388794685126481,-0.1443734927426615,-0.009791658357390553
1,0.3333,2,3,3.5,4.2,0,2,31.0,Sales,Male,2.0095554142156695,1.9030272762353049,0.10652813798036465,0.09730683741404572,0.03501649663869288
2,0.3333,1,3,3.4,4.3,0,3,15.0,Finance,Male,2.4518667957098,2.4464278349161233,0.005438960793676895,0.10308564690695114,0.03887663961937498
2,0.25,1,4,3.5,3.8,0,7,7.0,HR,Female,2.1065702090680887,2.145145570598091,-0.038575361530002183,-0.14256018428826864,0.01090495363116218
2,0.2,1,3,4.1,3.5,1,22,5.6,Operations,Male,2.558776498354456,2.4908608853143215,0.06791561304013438,0.1047938045388306,0.005212255527033507
4,0.3077,3,3,4.9,3.5,0,4,6.3,Customer Support,Female,2.8678989020441064,2.7384884182800957,0.12941048376401065,-0.14549522381132726,0.0021961783796130853
1,0.3333,1,2,4.8,2.5,0,8,9.6,Customer Support,Female,1.9387416595767009,1.8358879688474734,0.10285369072922745,-0.1461635775483726,-0.025021632443634728
2,0.6667,3,4,3.5,3.5,1,9,5.1,Customer Support,Male,1.9139771019523042,2.0491542877579487,-0.13517718580564453,0.11417896954411304,0.007575227977877682
2,0.3333,1,4,3.0,3.5,1,6,8.9,Legal,Female,1.9740810260220096,2.0789908496856717,-0.10490982366366208,-0.1459992325379461,0.010097564766836683
3,0.375,1,3,2.6,2.4,0,6,11.1,HR,Female,2.3617969526258915,2.317619143680346,0.04417780894554557,-0.14140314170954413,-0.03715262561254513
2,2.0,2,4,4.1,3.4,0,1,13.4,Engineering,Female,2.0294631718735947,1.983077845977495,0.04638532589609978,-0.146616674030036,-0.006820223751855335
1,0.1429,3,4,3.2,3.6,0,1,11.6,Data Science,Female,1.9080599249242156,1.8480642772252762,0.05999564769893939,-0.14100987221273248,0.011296287883609113
1,0.1667,2,3,4.6,3.7,0,6,24.4,Marketing,Female,2.1174596088673567,1.8107812330030686,0.30667837586428814,-0.14515143816286896,0.014957132152848624
4,0.3077,1,3,4.6,4.6,0,28,6.1,Operations,Male,3.222469360378331,3.153655033363264,0.06881432701506718,0.10560960666983778,0.033376631979080224
1,0.25,3,4,4.8,3.3,0,5,17.0,Finance,Male,1.9198594718553708,1.968796752999303,-0.04893728114393214,0.09351274251784034,-0.009948430330169797
3,0.3,2,3,3.9,3.0,0,17,7.8,Operations,Female,2.1065702090680887,2.4160680860170016,-0.30949787694891295,-0.1526357851844398,-0.013298377506138244
3,0.3333,1,3,4.2,4.3,0,8,9.4,Operations,Male,2.5209170873110334,2.783131742567242,-0.2622146552562086,0.10768544246723338,0.033220669657413215
3,0.2308,3,4,3.8,3.0,0,2,11.6,Finance,Female,2.4630018143999504,2.47122584086237,-0.008224026462419598,-0.1411883741233593,-0.015867101017348208
2,0.2222,1,1,4.2,3.8,0,31,14.6,Legal,Male,2.60859812213055,2.688681697437409,-0.08008357530685917,0.09600485793388053,0.011081313579791557
2,0.3333,2,4,3.0,3.2,0,3,13.5,Data Science,Female,2.4756977107026903,2.0627032513976036,0.4129944593050867,-0.14026928735724042,-0.0190616345232373
3,0.6,1,3,2.1,3.4,0,4,10.1,HR,Male,2.3194422100604686,2.4515475435077434,-0.13210533344727482,0.10734111624099954,0.001980660119998683
4,0.4444,3,2,1.8,3.5,0,18,9.3,Customer Support,Female,2.3389170222414357,2.535562965232698,-0.19664594299126215,-0.1414838214173455,-0.00015193473466281856
1,0.3333,1,2,3.6,3.3,0,14,6.8,Customer Support,Male,2.0068708488450007,2.069303330359701,-0.06243248151470038,0.10716353525969322,-0.0067334759949307845
3,0.375,1,3,3.1,3.6,0,6,14.9,Engineering,Male,2.542389085201363,2.7653470198028427,-0.22295793460147983,0.09832463408975876,0.01143265338960216
1,0.5,2,2,4.2,3.6,0,49,15.1,Marketing,Female,1.541159071680806,1.7589983952210393,-0.2178393235402334,-0.1386170082338423,0.012417002927618843
2,0.4,1,3,4.2,3.4,0,6,9.6,Data Science,Female,2.3145136638593193,2.27609748390193,0.03841617995738922,-0.13924465116589047,-0.001820620675810379
3,0.6,1,3,2.9,3.0,0,16,5.7,Customer Support,Male,2.554899021608035,2.4081855256276503,0.14671349598038486,0.10509134557222156,-0.0061806540778679125
1,0.5,3,2,3.1,3.7,0,26,9.2,Customer Support,Male,1.809926773183504,1.8298764569361137,-0.019949683752609637,0.0984222242934962,0.01292619081347545
4,0.3333,1,3,3.4,2.6,0,15,8.7,Data Science,Male,3.1480240838962494,3.108513838048258,0.03951024584799123,0.10499556074135752,-0.04011725266185438
3,0.75,1,4,4.0,3.0,0,17,9.6,Legal,Male,2.489064659936664,2.554002848749081,-0.06493818881241697,0.10470117857460472,-0.006658603955701464
3,0.2,2,2,3.1,4.3,0,10,11.0,Legal,Female,2.6390573296152584,2.680308658086177,-0.04125132847091839,-0.1438956352355886,0.03571262409984944
2,0.25,2,4,3.5,3.1,0,15,11.9,Data Science,Female,2.303584593327129,2.2078916958591184,0.09569289746801068,-0.13308391838507436,-0.02205470610033139
2,0.5,1,4,3.5,2.9,0,9,15.3,Sales,Male,2.281361456542419,2.2062399827398322,0.07512147380258671,0.10576905019117319,-0.02007280950032332
2,0.6667,1,4,3.8,4.2,0,12,6.8,HR,Male,2.175887439948088,2.23011802779087,-0.05423058784278201,0.10877395729919322,0.020014152723061708
5,0.25,1,2,3.4,3.9,0,26,12.2,Data Science,Male,3.912023005428146,3.707596881526393,0.20442612390175308,0.09311529887060821,0.013240071760855635
2,0.4,1,4,3.1,4.4,0,2,10.3,Data Science,Male,2.2617630984737906,2.4357868763877883,-0.1740237779139977,0.09746268584779245,0.04387625445838482
3,0.3,2,3,3.3,2.6,0,29,25.7,Sales,Female,2.3711778844596574,2.348027226231912,0.023150658227745424,-0.14747511586700668,-0.03973377181430575
2,0.4,1,4,3.4,4.5,0,15,7.4,Operations,Male,2.2289385528257473,2.2984051180377785,-0.0694665652120312,0.1084740432561931,0.03657064459459333
1,0.5,1,4,3.1,3.6,0,32,10.7,Engineering,Male,1.824549292051046,2.018277004271854,-0.19372771222080787,0.10033340571150641,0.011003979846480896
1,0.3333,1,4,5.0,3.4,0,9,14.8,Product,Female,2.0831845279586703,1.9187912374646494,0.16439329049402085,-0.15665288263919064,-0.0015567581952838343
5,0.3571,1,3,4.1,2.3,0,37,12.9,Legal,Male,3.286908235260028,3.4541488254351034,-0.16724059017507553,0.10361000063411883,-0.04354398325327007
4,0.3077,2,2,4.5,3.6,0,1,12.5,Data Science,Male,3.3631493140246254,3.2849330267309926,0.07821628729363272,0.10195857891731376,0.010910440477107644
2,0.5,1,4,3.0,4.3,0,1,9.5,HR,Female,2.0014800002101243,1.9515975030315234,0.04988249717860094,-0.14292733536164962,0.03192018625966882
3,0.3,3,3,3.7,3.5,1,42,5.0,Customer Support,Male,2.554899021608035,2.621465139569194,-0.06656611796115897,0.1107097377258195,0.004363657314464519
3,0.375,1,3,3.5,3.6,0,1,15.3,Marketing,Male,2.5610957881455465,2.701610412882564,-0.1405146247370177,0.10444346204127943,0.011478243894243765
2,0.4,1,4,4.9,3.5,1,60,10.0,Finance,Female,2.192770226986839,2.1881092594131886,0.004660967573650421,-0.13797860184302563,0.003637196424845727
2,0.4,2,2,3.0,3.7,0,44,21.9,Marketing,Female,2.1329823086078656,1.9939629746833745,0.13901933392449117,-0.1392512356766631,0.018068185588693702
4,0.2667,1,3,3.7,3.6,0,1,11.7,Legal,Female,2.9069010598473755,3.0117833053698004,-0.10488224552242498,-0.14645268101004838,0.011967347834607654
5,0.4167,3,2,4.3,3.0,0,12,10.8,Product,Male,3.3145495749364833,3.2964824951731226,0.01806707976336064,0.09169054983466068,-0.0040913568905383635
2,0.3333,1,3,2.8,2.4,0,1,13.9,Marketing,Female,1.860974538249528,1.9432985808339645,-0.08232404258443649,-0.15157002542648848,-0.0476596784972059
3,0.5,3,4,3.7,3.5,0,3,9.1,Customer Support,Female,2.3813962734183356,2.0738906201500953,0.3075056532682403,-0.1447313798642231,0.0006366402875728178
3,0.4286,1,2,4.0,3.5,0,10,12.1,Legal,Male,2.6152036507358583,2.7797336454439496,-0.16452999470809138,0.1055602694386221,0.0020939414427558313
1,0.3333,2,2,4.0,4.5,0,1,8.3,Operations,Male,1.9315214116032138,2.0118229293466876,-0.08030151774347383,0.09683132173051658,0.030879775935728465
3,0.75,2,4,3.7,2.7,0,1,11.2,Engineering,Male,2.551786178627545,2.481145151667958,0.07064102695958718,0.1004281534765114,-0.03642831574516344
3,0.75,3,2,3.6,4.1,0,8,11.6,Engineering,Female,2.5572273113676265,2.277400771434809,0.2798265399328175,-0.1435368801156574,0.03407126259370217
1,0.5,3,4,3.9,3.5,1,8,13.3,Legal,Female,1.5748464676644813,1.5712604808483495,0.0035859868161318698,-0.1466856539437924,0.0048768864200031715
1,0.5,1,2,3.2,3.5,0,1,7.7,Operations,Male,1.9459101490553132,2.0002946023893053,-0.05438445333399211,0.10234540041788212,0.004768953292190061
2,0.6667,1,4,3.6,3.6,0,8,12.8,Engineering,Male,2.5556757206762075,2.333135216360309,0.22254050431589834,0.10271221823434896,0.013489704949507983
2,0.2857,2,2,4.6,3.0,0,3,7.9,Customer Support,Female,2.2375130962503307,2.141773932637337,0.09573916361299384,-0.14706481253454787,-0.012477886263258403
2,0.6667,3,4,3.0,4.5,0,1,10.8,Finance,Female,1.8164520818184267,1.877449265188165,-0.06099718336973825,-0.1430334791696589,0.037022877774307766
2,0.4,2,3,3.2,2.6,0,4,20.4,Sales,Male,2.21046980408624,2.151681679723606,0.05878812436263425,0.09912551455564587,-0.04156205724947364
4,0.3333,3,3,2.8,3.2,0,35,20.1,Marketing,Female,2.644044871126298,2.6005946780716096,0.043450193054688224,-0.15042903112659206,-0.006455619872826027
2,0.5,3,2,4.0,2.9,0,4,5.2,Customer Support,Male,2.1294214739848565,2.112565814709876,0.01685565927498045,0.10840301031878574,-0.016580740381697143
1,0.2,2,4,5.0,3.5,0,96,15.2,Marketing,Male,1.9300710850255671,2.1294968945553348,-0.19942580952976763,0.10746195636118128,0.0038541993196871288
4,0.4,2,2,2.7,4.4,0,18,8.8,Operations,Male,2.8361502037295256,2.9467122907188235,-0.11056208698929781,0.1000629948013254,0.02951552337450531
3,0.2727,2,3,4.4,3.8,0,10,13.6,Finance,Male,2.67827804276854,2.8017846171586243,-0.12350657439008428,0.10553617598273009,0.009184364188681175
4,0.3333,3,3,4.5,2.4,0,5,11.2,Legal,Male,2.8684669225081145,2.95376195800323,-0.08529503549511563,0.11114586625952398,-0.03519272544618369
2,0.3333,3,4,2.7,3.3,0,4,9.0,Legal,Female,1.7647307968401356,1.8685264582571468,-0.10379566141701124,-0.14697058232086496,-0.016670411301583733
2,0.2,1,4,3.3,4.0,0,23,31.5,Sales,Female,2.3813962734183356,2.2296650725102864,0.15173120090804915,-0.1368041964095099,0.033861166692129185
6,0.24,3,4,4.2,2.0,0,13,13.4,Data Science,Female,3.8360055190042304,3.7147205739574463,0.12128494504678411,-0.1100332402810142,-0.07296302583716659
2,0.4,2,4,4.2,4.6,0,4,11.4,Legal,Female,2.437115985951652,2.1364433401294263,0.3006726458222255,-0.1424738210370073,0.04434582934375082
1,0.5,2,3,4.4,3.5,0,3,13.1,Finance,Male,1.9740810260220096,1.94790352049444,0.0261775055275697,0.09890667494549774,0.0029172323817863235
1,0.3333,2,3,1.8,2.7,0,1,14.2,Engineering,Male,1.8562979903656263,1.8646992759617003,-0.008401285596074004,0.10233037393636467,-0.03314090044972012
6,0.3158,1,1,3.8,2.9,0,8,27.0,Sales,Female,3.8630428232064276,3.7598056178787846,0.10323720532764291,-0.1261548535250554,-0.007030264136298855
1,0.1667,2,3,2.6,4.7,0,24,9.8,Customer Support,Male,1.884034745337226,1.9593826061278792,-0.07534786079065325,0.10460518083811995,0.018124675576804104
2,0.3333,1,3,2.9,2.3,0,33,12.8,Legal,Female,1.9906103279732201,1.984948771035517,0.005661556937703205,-0.15161606864443095,-0.07244595681644722
4,0.3333,3,3,4.5,3.1,0,2,7.4,Operations,Female,2.6304489550786583,2.635181891614909,-0.004732936536250509,-0.1500268695749132,-0.01289885072803406
2,0.5,3,4,4.5,3.9,0,7,27.9,Sales,Female,2.052840859882657,1.9437473511332914,0.10909350874936541,-0.14462305732465283,0.017882173190349605
3,0.5,3,4,3.6,3.6,0,6,6.2,Operations,Female,2.1447610078004784,2.101187446779814,0.04357356102066445,-0.14807214035726732,0.007562604522956989
3,0.75,3,3,1.8,3.7,0,11,6.3,Operations,Male,2.1540850846756014,2.2306230263994005,-0.07653794172379902,0.11097862023244236,0.015554451018093798
2,0.2222,1,4,2.8,3.8,0,9,8.9,Legal,Male,2.574137783515943,2.444894010264608,0.12924377325133518,0.09228104750421934,0.01332242071023285
2,0.5,1,2,2.7,4.1,0,3,18.4,Product,Female,2.038619547159581,2.1313849016684574,-0.09276535450887646,-0.14203004299881294,0.036638678485246684
5,0.3846,1,4,4.7,4.0,0,1,8.8,Operations,Male,3.265759410767051,3.3582707744398284,-0.09251136367277724,0.09550102669483747,0.02800625799016535
3,0.3,3,4,3.0,4.1,0,13,14.5,Engineering,Male,2.5937610547000824,2.7526701709015415,-0.1589091162014591,0.1023125237384995,0.042504916682103586
1,0.5,1,3,3.4,5.0,0,27,11.5,Data Science,Female,1.6714733033535532,1.9079887018578783,-0.23651539850432513,-0.13926126612479678,0.060391855258463446
1,0.3333,3,4,2.5,3.3,0,23,10.0,Engineering,Female,1.7334238922150915,1.665676280963081,0.06774761125201056,-0.13582870028657779,-0.009105961119757911
2,0.5,1,3,4.0,3.5,0,7,14.6,Finance,Female,2.0930978681273213,2.127447191015885,-0.03434932288856363,-0.13919222656088884,0.0072926688660773014
1,0.5,1,2,2.4,3.1,0,16,15.6,Sales,Female,1.7334238922150915,1.7641613643949787,-0.030737472179887204,-0.1382481163536864,-0.003785911190294011
2,0.2857,2,4,4.2,2.5,0,90,6.6,HR,Male,2.3045830956567186,2.3671888973979556,-0.06260580174123698,0.10592305024162674,-0.025349083911652213
2,0.4,2,1,2.2,4.1,0,39,27.8,Sales,Male,2.39698576841553,2.323957295251236,0.07302847316429384,0.10005156435462147,0.019828271878746643
5,0.25,2,4,2.7,2.5,0,28,9.0,Customer Support,Female,3.076851324838783,3.224048431445381,-0.14719710660659802,-0.13448734807729743,-0.017207755529544077
6,0.25,1,4,3.9,3.6,0,1,8.7,Data Science,Male,3.912023005428146,3.9556769002531578,-0.04365389482501181,0.08121225835703769,0.005658744144584234
4,0.2353,2,1,3.9,2.5,0,44,9.2,Operations,Female,2.865053949911875,3.0510154552182187,-0.1859615053063437,-0.14709793805935503,-0.021688177475060983
3,0.2143,1,3,3.4,4.1,0,15,6.7,Customer Support,Male,2.930126516455997,2.898834051515283,0.031292464940714027,0.1036803778533946,0.029788496509729267
2,0.2857,2,3,3.1,2.0,0,5,13.2,Finance,Female,1.8976198599275322,2.020164032466235,-0.12254417253870264,-0.14643354550018628,-0.08255327115118513
3,0.3333,1,2,3.5,2.5,0,17,14.6,Product,Male,2.853015971352396,2.815234907030853,0.037781064321543045,0.11212565445874739,-0.04720811000022125
3,0.2727,3,3,3.6,3.5,0,35,24.0,Sales,Male,2.749192144433385,2.7001703446583494,0.049021799775035735,0.10775998123591674,0.003531312314401401
2,0.2857,3,2,3.8,3.9,0,15,21.1,Marketing,Female,2.0930978681273213,2.0497988619809853,0.04329900614633608,-0.1500112088721117,0.021542005312634054
3,0.2143,1,3,3.5,3.4,0,31,6.4,Customer Support,Male,2.831447079246135,2.878083793137937,-0.04663671389180202,0.1054216770773805,-0.00053811529784617
3,0.5,2,4,4.1,3.6,0,15,5.1,Customer Support,Male,2.377692565480851,2.415323992798577,-0.03763142731772584,0.1039117529383297,0.00874816179748979
4,0.3636,1,3,5.0,4.3,0,24,5.6,Operations,Male,2.884241897520628,3.057376684825151,-0.17313478730452303,0.10427365069248092,0.029490424099347504
1,1.0,1,3,3.3,3.0,0,81,8.4,Operations,Male,1.747459210331475,1.8870414860810663,-0.13958227574959126,0.10644109321505331,0.000285080169723647
1,0.1429,3,2,3.9,4.5,0,2,21.0,Marketing,Female,1.8961194845522977,1.884150859774094,0.011968624778203818,-0.1425526423500648,0.03161980328147771
3,0.2308,2,4,4.4,3.5,1,6,20.2,Marketing,Male,2.9036169846461855,2.835809507656078,0.06780747699010758,0.10295594207069735,0.0018034911591250792
1,0.1429,3,2,2.5,3.1,0,2,14.8,Engineering,Female,1.9754689512968577,1.91596090812016,0.05950804317669767,-0.13480901099079268,-0.007114124528964572
3,0.3333,2,2,3.3,2.9,0,5,5.8,Customer Support,Male,2.4731713935695794,2.600845151476485,-0.12767375790690583,0.10755697483691606,-0.01637891725084516
1,0.1667,3,3,3.9,2.4,0,22,7.3,HR,Female,1.7173950539391927,1.713084942126067,0.004310111813125683,-0.1450380974824877,-0.024415709078614116
2,0.2857,1,2,4.1,3.6,0,21,6.3,Operations,Male,2.3841650799864684,2.4984296242457953,-0.11426454425932686,0.10900745561247895,0.01166875913151176
3,0.6,2,3,3.8,3.5,1,8,8.4,Customer Support,Male,2.605648267484129,2.4019764262614802,0.2036718412226488,0.10438546280549692,0.004282183775030938
1,0.3333,1,4,4.3,2.8,0,40,10.3,Engineering,Male,1.925707441737794,2.166364190168231,-0.24065674843043716,0.10601436135641489,-0.021716800262881548
1,0.3333,2,3,3.9,3.5,1,28,5.6,Operations,Male,1.8794650496471605,1.8812951712380177,-0.0018301215908571589,0.10428780215186256,0.0021631591541363114
4,0.3077,1,3,3.5,5.0,0,24,20.1,Marketing,Male,3.219275744889528,3.15445130198431,0.06482444290521805,0.10745823969324951,0.03645281275956265
2,0.2,2,4,4.1,3.3,0,15,11.9,Data Science,Female,2.435366204227864,2.2998822016588423,0.13548400256902182,-0.1328971959457702,-0.019197124979733252
1,0.5,3,4,2.2,3.6,0,15,9.3,Legal,Male,1.864080130807681,1.7634482084617868,0.10063192234589424,0.10469431880260231,0.008105402529828472
3,0.6,3,2,3.6,2.6,0,7,13.7,Engineering,Female,2.3233676321765744,2.2141868419161432,0.10918079026043115,-0.14351394715465943,-0.04142445336724465
1,0.5,2,3,3.7,2.6,0,3,8.6,Customer Support,Male,1.4609379041156563,1.8051810952102398,-0.34424319109458357,0.1000226111256501,-0.02372288704413398
6,0.2609,3,4,2.1,3.7,0,11,6.3,Customer Support,Male,3.912023005428146,3.707774735338281,0.2042482700898649,0.08991245958993077,0.008777155054055083
1,0.5,1,3,4.2,3.5,1,29,16.8,Marketing,Female,1.944480556245719,1.7170408377767632,0.22743971846895583,-0.1476794452318264,0.004050563936546393
1,1.0,1,3,4.3,3.6,0,8,33.8,Sales,Male,2.0515563381903004,1.9931900341053956,0.05836630408490473,0.10839438332441763,0.011687028717433304
2,0.2857,2,1,3.6,3.3,0,40,8.5,Engineering,Male,2.5494451709255714,2.6434603408558943,-0.09401516993032288,0.10437895713864777,-0.012649653171660447
2,0.4,3,4,2.8,3.0,0,22,17.3,Finance,Female,1.8702625307159986,1.8767654614848253,-0.006502930768826687,-0.13801625219972807,-0.014331580143532436
2,0.25,3,3,2.4,4.1,0,37,6.0,Operations,Male,2.531313022602156,2.229952647290162,0.3013603753119942,0.09857160700999926,0.03231121209630316
3,0.375,1,3,3.9,3.6,0,12,14.1,Data Science,Male,2.703372611551099,2.8287438554592055,-0.1253712439081065,0.0993508708562668,0.008813986008246844
1,0.3333,1,2,2.7,2.5,0,19,12.7,Product,Male,1.7715567619105355,2.0561257168629967,-0.28456895495246126,0.1069773559122269,-0.042483741847120615
2,0.2,1,2,4.7,2.7,0,2,17.3,Marketing,Female,2.367436065313662,2.2735704436628623,0.09386562165079981,-0.14182352656146627,-0.031060446238780164
2,0.5,3,3,2.7,4.4,0,5,9.7,Customer Support,Male,1.9878743481543455,2.050082998347863,-0.06220865019351729,0.10450013145238424,0.02966809365676639
2,0.3333,2,3,2.6,2.2,0,9,9.7,Engineering,Female,2.075684492802124,1.9798924687590238,0.09579202404310005,-0.14504588456240008,-0.06555305734535087
6,0.2,1,3,4.2,3.5,1,26,25.6,Sales,Female,3.912023005428146,3.9438393066509487,-0.03181630122280277,-0.09454204558600132,0.0014315392099449385
1,0.3333,1,3,3.7,3.5,1,11,9.3,Engineering,Female,1.7850704810772584,1.9036336312163453,-0.11856315013908691,-0.14200859177597397,0.005535124732024646
1,1.0,1,2,2.9,3.4,0,22,33.7,Sales,Female,1.864080130807681,1.7279841489113914,0.13609598189628969,-0.1334245656842283,0.0030349204088700897
3,0.2727,1,4,3.8,5.0,0,9,12.5,Marketing,Male,3.054001181677967,2.9113623129646298,0.14263886871333709,0.11072447985368998,0.039733893710927316
3,0.4286,1,3,5.0,3.0,0,5,10.3,Legal,Male,2.6979998652487085,2.7487911769629076,-0.05079131171419915,0.1062919414062007,-0.008974018502819864
2,0.5,3,3,4.3,3.0,0,28,18.0,Marketing,Male,2.0769384114617173,2.1512794658671837,-0.07434105440546634,0.10894091690436608,-0.013014103545497315
3,0.75,1,4,3.1,3.3,0,7,9.8,HR,Male,2.4042387467205457,2.44402560565526,-0.03978685893471434,0.10371934046078081,-0.006653362940572965
4,0.3077,2,2,3.7,3.4,0,6,11.5,Legal,Male,3.3101779832749867,3.136510389372951,0.17366759390203557,0.10773407727839254,-0.00517029445338965
2,0.2857,3,2,4.5,2.1,0,10,6.8,Customer Support,Male,2.6210388241125804,2.2711305035303964,0.349908320582184,0.11084374681631907,-0.07016754762076033
1,0.5,2,1,3.3,4.5,0,16,9.5,Customer Support,Female,1.7900914121273581,1.8474085348580334,-0.05731712273067524,-0.13430893511742148,0.020917409466924542
3,0.4286,1,3,3.5,2.4,0,8,12.0,Engineering,Male,2.924236271848921,2.6657293177257593,0.25850695412316194,0.10375410823809281,-0.05062061265454338
2,0.4,1,3,3.6,3.9,0,15,8.0,HR,Male,2.349468678892896,2.2809011843082185,0.06856749458467748,0.10593101101469518,0.013559424483824405
1,0.3333,1,4,2.7,3.4,0,5,14.6,Finance,Male,1.6900958154515549,1.961620823313807,-0.2715250078622522,0.10281144792910311,-0.0006758218256059667
3,0.5,1,4,3.9,3.5,1,17,34.0,Sales,Female,2.474856313934499,2.3510071261207486,0.1238491878137502,-0.14140548681023205,0.0019102947271158392
2,0.6667,2,4,2.8,3.5,1,38,28.2,Sales,Male,2.0693912058263346,2.1043581867296433,-0.03496698090330863,0.10567202428660369,0.009843206088681052
3,0.6,3,4,3.2,4.2,0,14,10.7,Data Science,Female,2.3045830956567186,2.245865587792744,0.05871750786397456,-0.13969305551700575,0.03911080308591949
1,0.3333,2,4,4.9,3.7,0,3,14.8,Product,Female,1.8293763327993617,1.8192300965049943,0.010146236294367394,-0.14836906716639411,0.017080129021983664
5,0.1852,2,3,2.9,3.2,0,13,13.3,Product,Female,3.6831128592195994,3.6850975038054097,-0.001984644585810269,-0.11906419343631225,-0.006950296394080316
1,0.2,1,3,4.9,3.4,0,4,21.5,Sales,Male,2.1482677326096886,2.19920781228436,-0.05094007967467151,0.10794927807921881,-0.002290202509729536
2,0.5,3,2,4.1,3.6,0,31,12.0,Data Science,Female,1.81319474994812,2.0989832401553286,-0.28578849020720853,-0.14104039947431496,0.014405251685971933
1,0.1667,2,2,2.8,4.0,0,15,10.6,Data Science,Female,2.222459048514761,2.027530807150452,0.19492824136430897,-0.138303484116311,0.024464917642511113
4,0.3333,1,2,2.8,2.5,0,43,19.4,Product,Male,3.1376657694426577,3.085353692064437,0.052312077378220856,0.10647196391901656,-0.04349615370840737
3,0.375,2,3,3.7,4.5,0,1,13.0,Legal,Male,2.6504210882655737,2.6854573232075194,-0.03503623494194574,0.10235333705975222,0.04518816151622419
3,0.6,1,3,2.7,4.0,0,5,31.2,Sales,Female,2.1849270495258133,2.2402510262215394,-0.055323976695726085,-0.14319435270138217,0.021966711592747618
2,0.5,3,4,2.8,3.1,0,8,6.6,Customer Support,Male,2.0135687975291283,1.9984927009072968,0.015076096621831514,0.10685460549651292,-0.01196635344920568
1,0.3333,3,2,4.7,4.0,0,19,13.0,Legal,Male,2.1077860146889784,2.089398123862212,0.018387890826766284,0.10557166128940973,0.024275933206446332
1,0.3333,3,3,2.6,2.7,0,1,9.6,Customer Support,Male,1.5623463049002497,1.7512926200822696,-0.18894631518201987,0.1005655562776733,-0.025268539331478265
2,0.3333,2,2,3.4,3.7,0,40,17.4,Marketing,Male,2.3045830956567186,2.3192513342339134,-0.014668238577194792,0.10790287233272967,0.015135489771320081
2,0.5,1,2,3.2,4.1,0,21,17.3,Finance,Male,2.3617969526258915,2.3784735058969098,-0.016676553271018246,0.09567865968437371,0.028820225056229123
1,0.2,2,2,3.8,4.6,0,1,10.0,HR,Male,2.180417459019838,2.139579042326607,0.04083841669323096,0.10284187620217268,0.023510593636719465
3,0.375,1,2,1.0,2.4,0,7,10.3,Finance,Male,2.75429745226753,2.6203666671141272,0.13393078515340262,0.10562669397677568,-0.03959373809159327
1,0.3333,2,3,4.2,3.5,1,3,8.1,Engineering,Female,1.7047480922384253,1.8365927415519598,-0.13184464931353457,-0.13938958850448058,0.002583840350950878
1,0.5,3,3,2.3,3.5,0,7,13.2,Data Science,Male,1.8050046959780757,1.875688397440264,-0.07068370146218839,0.09987531438913956,0.008468525317325153
2,0.1818,2,3,3.6,3.5,1,1,7.2,Customer Support,Female,2.388762789235098,2.2182375799781733,0.17052520925692471,-0.14037309195505712,0.006444801040079765
2,2.0,3,1,3.3,4.2,0,30,8.6,Data Science,Male,2.4915511925066687,2.262628686370977,0.22892250613569187,0.10157756986879053,0.027483109266668155
2,0.5,1,3,3.8,4.4,0,17,12.9,Legal,Male,2.4501426573516603,2.3149661644432182,0.13517649290844203,0.10287742397761193,0.02979688389693736
1,1.0,1,3,3.3,3.1,0,15,6.4,Operations,Female,1.425515074273172,1.6295381119707424,-0.20402303769757046,-0.14905113022017596,-0.004999750936274323
2,0.5,3,1,2.7,3.9,0,54,23.8,Marketing,Male,2.174751721484161,2.23630808120425,-0.061556359720089215,0.1069959624034051,0.015695808615112054
2,0.2857,1,2,3.2,3.0,0,19,9.7,Engineering,Female,2.4379897300002487,2.3616026993479844,0.07638703065226427,-0.13631362932997187,-0.007636126252056972
6,0.2,2,3,2.3,3.5,1,13,24.7,Marketing,Female,3.912023005428146,3.829366095361352,0.08265691006679399,-0.10109364719123373,0.003662592131946921
4,0.3333,3,3,4.4,2.7,0,2,11.1,Finance,Male,3.019448800171307,2.9202923624941723,0.09915643767713478,0.10510244673008551,-0.027231764537510847
2,2.0,3,2,3.2,2.5,0,2,30.8,Sales,Female,1.8656293177945105,1.7238109415005327,0.14181837629397775,-0.13629082973347656,-0.03669946422867726
1,0.3333,2,3,3.5,3.8,0,4,24.5,Sales,Male,2.194999882314108,1.9046084553782074,0.2903914269359007,0.09869853723157124,0.005404092027081846
1,0.3333,2,3,3.0,2.7,0,17,18.0,Product,Male,1.7439688053917064,1.9477276257522724,-0.20375882036056603,0.1054246747582588,-0.02991942017547782
3,0.2727,1,3,2.5,3.5,1,16,7.8,Operations,Male,2.924773184613497,2.7558142602292586,0.16895892438423843,0.1134042680248105,0.003079679441348852
2,0.3333,1,2,3.2,4.9,0,10,19.8,Product,Male,2.821973947420524,2.5117958393781805,0.3101781080423436,0.1061302183044688,0.04533696544222879
2,0.25,2,1,3.2,3.2,0,30,26.4,Sales,Male,2.3389170222414357,2.509883121292257,-0.17096609905082127,0.09717095950786951,-0.009695766306892513
1,0.5,2,3,4.1,3.6,0,3,13.6,Finance,Male,2.0068708488450007,1.9432809859828613,0.06358986286213941,0.09870188205255306,0.011013741444271844
2,0.25,2,2,4.9,3.1,0,16,13.4,Data Science,Male,2.4414770918606643,2.5728212056133826,-0.13134411375271826,0.09149517706542326,-0.01644587140350336
2,0.3333,1,2,2.3,3.7,0,22,8.8,Operations,Male,2.492378664626701,2.2928860612769264,0.1994926033497748,0.10822617171946917,0.011196328169805295
4,0.3636,3,3,3.1,4.0,0,7,8.9,Operations,Female,2.5447466501440172,2.635673771281927,-0.09092712113790968,-0.14437025773024348,0.031095235657348855
3,0.4286,3,3,3.1,3.4,0,2,5.8,Operations,Female,2.155244505095337,2.187375920351419,-0.032131415256082096,-0.1451170359028786,-0.0019156526104833183
2,0.6667,3,2,3.8,3.0,0,1,6.8,HR,Male,2.075684492802124,2.172317369494694,-0.09663287669257015,0.1133221277664486,-0.009422661930384322
2,0.5,1,3,3.6,3.5,1,5,11.4,Product,Male,2.4655539212721855,2.352705065581549,0.11284885569063663,0.10773266390410347,0.010965560663630074
1,0.2,3,3,3.6,3.5,1,1,12.8,Data Science,Male,2.3204250111223765,2.1040522210859414,0.21637279003643517,0.10132020979456895,0.004027067407992352
1,0.2,1,4,3.4,5.0,0,5,16.6,Product,Male,2.4997952622817508,2.2179708053511495,0.2818244569306012,0.11151133097205616,0.04889583060011069
2,0.3333,3,3,3.1,3.2,0,19,13.5,Data Science,Male,2.295560478057081,2.2492395939756435,0.04632088408143753,0.10116077588711915,-0.015076559287424966
2,0.5,2,4,4.6,4.2,0,1,17.2,Product,Female,1.9726911717329554,2.133098188121237,-0.1604070163882818,-0.14667636850457325,0.04134426859266514
1,0.25,3,3,2.4,4.3,0,6,5.1,Operations,Female,1.6213664832993742,1.6712786768548198,-0.04991219355544563,-0.1336346335775408,0.03231569412611093
1,0.3333,3,4,4.2,2.7,0,17,9.5,Operations,Female,1.5851452198650557,1.6056816813548016,-0.02053646148974586,-0.14196598819306908,-0.023978444172396723
6,0.2727,3,4,4.5,3.4,0,1,11.1,HR,Male,3.68987895444702,3.852097917889556,-0.16221896344253617,0.09162774134810434,-0.0010346826197688318
6,0.2609,2,4,4.5,4.0,0,29,17.4,Product,Male,3.912023005428146,3.946695311940894,-0.03467230651274811,0.08458963313581455,0.023220279984462005
1,0.3333,2,2,3.0,4.4,0,1,12.8,Product,Male,1.9242486522741338,2.0506338691199533,-0.1263852168458195,0.09993254207782701,0.034362322056087725
1,0.5,3,4,2.5,3.5,1,39,8.0,Data Science,Male,1.860974538249528,1.8554306794535123,0.00554385879601571,0.10053924753714542,0.006355100246951734
1,0.3333,1,2,4.1,3.9,0,1,10.2,Product,Male,2.2502386126218363,2.250553758321877,-0.0003151457000405422,0.10872380880786346,0.011026930672965679
2,0.6667,1,3,3.1,3.2,0,1,10.8,Data Science,Male,2.262804222982201,2.337511572388905,-0.07470734940670365,0.10089978486321521,-0.011576351261665735
2,0.5,2,2,1.7,3.2,0,1,10.2,Data Science,Male,2.321406847234633,2.2835126312072562,0.03789421602737697,0.0990061459332004,-0.007488238792730906
2,0.3333,1,3,3.2,3.2,0,14,16.9,Finance,Male,2.182674796321488,2.369792569947434,-0.18711777362594617,0.1034364791027242,-0.015305549308983073
2,0.3333,1,1,2.5,3.5,0,16,13.9,Product,Male,2.4706386779902956,2.488129057558104,-0.0174903795678083,0.1082864890515638,0.00724192702732983
2,0.5,1,4,2.0,3.0,0,37,15.7,Sales,Male,2.3739750890807185,2.143064898643649,0.2309101904370694,0.10438036055915649,-0.00755504835393461
3,0.4286,2,3,4.4,3.9,0,24,16.0,Product,Female,2.6361960973342264,2.4541443109819547,0.1820517863522717,-0.14022368476618696,0.019598463163478644
2,0.5,3,4,3.6,4.4,0,17,13.3,Marketing,Male,2.2512917986064953,2.1437820758682538,0.10750972273824155,0.10897136772272335,0.03685279250099824
1,0.3333,1,3,2.6,3.5,1,8,13.4,Finance,Male,1.937301774518713,1.9637027279190207,-0.02640095340030757,0.10207385428981812,0.005653306221963201
1,0.1429,1,2,3.3,3.5,0,42,10.4,Product,Female,1.925707441737794,2.0538420896657335,-0.1281346479279395,-0.15217486816056086,0.003962303234404055
2,0.5,2,2,3.3,2.9,0,11,13.7,Marketing,Male,2.201659174404085,2.201732852076185,-7.367767209975895e-05,0.10535158703070242,-0.016311068598916952
3,0.6,1,3,4.8,1.8,0,1,24.4,Marketing,Male,2.688527534613346,2.527773073285504,0.160754461327842,0.10954062353910005,-0.057315369094777656
3,0.75,1,2,2.4,2.7,0,15,13.7,Data Science,Male,2.519308076505333,2.6042548577468607,-0.08494678124152788,0.10414897866965792,-0.03510587573671819
2,0.3333,1,3,3.6,2.6,0,21,6.2,Operations,Male,2.2502386126218363,2.2825038909646818,-0.03226527834284543,0.11329783184596569,-0.03917617569534186
2,0.4,3,4,2.1,3.2,0,10,7.2,Customer Support,Female,1.6695918352538475,1.7281421287635073,-0.05855029350965979,-0.1466637715933752,-0.012167527229408606
3,0.375,2,3,3.3,4.0,0,1,7.9,Operations,Male,2.3869262414277967,2.5914833562063118,-0.20455711477851501,0.10017309815291908,0.03776522831791498
2,0.3333,2,3,2.2,4.1,0,5,9.6,Engineering,Male,2.2126603854660587,2.311521210625796,-0.09886082515973715,0.10081300036173349,0.03589964972855644
2,0.5,1,4,4.3,3.5,1,82,6.1,Operations,Male,1.9919755158985601,2.2683175468200454,-0.27634203092148524,0.10923310104181304,0.006954066085629919
2,1.0,3,3,4.8,2.2,0,46,10.8,HR,Female,1.7783364488959144,1.7718999280141374,0.00643652088177693,-0.15759174032134127,-0.055152532832796246
3,0.5,1,3,1.7,3.5,1,19,9.1,Engineering,Female,2.1656192379208883,2.361446357531648,-0.19582711961075994,-0.14046179227820024,0.0070702432333453824
2,0.4,2,3,4.5,3.8,0,36,14.9,Product,Male,2.255493485460195,2.403807019446283,-0.1483135339860877,0.10342739633144166,0.014404707027586948
1,1.0,1,4,3.7,2.8,0,10,13.7,Legal,Male,1.7209792871670078,1.9413232563385077,-0.2203439691714999,0.10936409583717742,-0.024661669716119113
2,0.2857,1,4,3.2,2.7,0,1,10.6,Product,Female,2.0980179272527715,2.1383079655463963,-0.040290038293624875,-0.14813509990152857,-0.042427150484594195
3,0.3,2,4,3.1,2.9,0,2,6.5,Customer Support,Male,2.5974910105351463,2.6143492150053804,-0.016858204470234117,0.10750214484618224,-0.02180334590694973
6,0.24,2,4,3.5,3.8,0,22,9.5,Operations,Male,3.912023005428146,3.8136221074990853,0.0984008979290607,0.0836956707079343,0.0010374187229703466
2,0.3333,1,3,3.3,4.0,0,1,10.5,Data Science,Male,2.3204250111223765,2.519768099241749,-0.1993430881193725,0.10463184584285869,0.03622121706808311
6,0.2,2,4,2.5,4.4,0,11,20.3,Marketing,Male,3.912023005428146,3.933047174687231,-0.021024169259085124,0.07243412246289058,0.018408398493548774
5,0.3125,1,2,4.0,4.2,0,31,8.6,Customer Support,Male,3.420673158162812,3.4668154136821814,-0.046142255519369346,0.09816968290628303,0.028254135837369288
3,0.5,2,4,2.5,4.3,0,8,16.5,Marketing,Male,2.7800607370784824,2.4340358942497864,0.34602484282869606,0.10242190825697804,0.02792313274918115
2,0.4,2,3,3.2,2.9,0,20,10.6,Finance,Male,2.1938856760707046,2.236303531920808,-0.0424178558501036,0.09834197047293951,-0.020022133144787065
4,0.2667,2,3,3.2,3.5,0,4,8.1,Operations,Male,2.9841656371825254,3.1097225400961435,-0.1255569029136181,0.10938776506138975,0.001121841324179346
3,0.375,1,4,3.5,3.2,0,8,10.2,HR,Female,2.2975725511705014,2.3806790300511596,-0.08310647888065814,-0.14135059912692868,-0.012849026846239273
6,0.2,2,3,3.5,3.5,0,24,14.7,Data Science,Female,3.912023005428146,3.8783473284764027,0.03367567695174323,-0.0973942228769241,0.00302917165583716
2,0.25,1,4,3.3,4.4,0,96,10.6,Data Science,Male,2.3617969526258915,2.541502639604912,-0.17970568697902056,0.09337033665271217,0.038157960859346696
3,0.3,2,3,3.8,3.5,1,6,14.8,Finance,Male,2.9590682891823996,2.7242766261259797,0.23479166305641996,0.10909266561642166,0.0014473617213053922
1,0.5,1,3,3.9,3.2,0,3,31.7,Sales,Female,1.6956156086751528,1.6912766823010836,0.004338926374069185,-0.14136570003322488,-0.008678212129334074
1,1.0,1,2,2.4,3.1,0,68,12.4,Legal,Male,1.891604804197771,1.9434609119213482,-0.05185610772357707,0.10105850583461602,-0.004334346747935701
6,0.3,2,3,4.1,2.3,0,49,17.5,Sales,Male,3.716980884224811,3.7974017462063583,-0.08042086198154719,0.09231728458697823,-0.036368940981786134
3,0.3333,2,3,3.5,3.5,0,2,13.7,Engineering,Male,2.714694743820879,2.691770728423985,0.022924015396893704,0.10352828291144535,0.0032636225705507237
2,0.4,1,3,2.2,2.9,0,29,10.2,HR,Male,2.1150499691472033,2.1794893050275093,-0.06443933588030593,0.1055314493800236,-0.013743214768496905
3,0.4286,1,3,2.1,2.8,0,4,17.8,Product,Male,2.39698576841553,2.6113386004511985,-0.21435283203566868,0.10790226738876774,-0.038999284432126524
4,0.2353,1,2,3.9,3.4,0,18,11.8,Engineering,Female,3.264995760481754,3.2006410143316875,0.06435474615006642,-0.12824497362385498,-0.004492067486274207
2,0.3333,2,2,3.3,3.3,0,35,29.6,Sales,Female,2.0255131996542803,2.074795921654667,-0.04928272200038686,-0.14160609409895314,-0.011763059206111382
1,0.3333,1,3,3.5,2.3,0,22,15.9,Finance,Female,1.8991179875485542,1.7600360956030592,0.13908189194549503,-0.1443564924758721,-0.05860448019141365
3,0.4286,1,4,3.8,3.7,0,5,20.1,Sales,Male,2.60859812213055,2.638501823926297,-0.029903701795747306,0.10150417101743643,0.009699536605521048
1,0.5,1,3,4.6,3.9,0,11,31.0,Sales,Male,1.7526720805200082,1.9971847352200476,-0.24451265470003936,0.10418083312575642,0.007922070356273535
6,0.2857,3,2,1.8,3.9,0,5,12.0,HR,Female,3.4368862240706624,3.4955387268306013,-0.05865250275993894,-0.1335581269182849,0.01260585091627772
1,0.3333,1,3,1.8,2.5,0,54,9.9,Customer Support,Female,1.601405740736836,1.5629043358039545,0.03850140493288157,-0.15029246752657652,-0.031631064030586575
3,0.4286,3,3,3.2,3.0,0,1,17.1,Marketing,Male,2.6340447877917144,2.4409192164583287,0.1931255713333857,0.10476043749200387,-0.016204154830335177
1,0.5,3,4,4.1,3.2,0,8,5.8,HR,Female,1.6094379124341003,1.548264906043687,0.06117300639041323,-0.14521797635460976,-0.007515990820225462
2,0.2857,1,4,4.4,4.4,0,4,5.7,HR,Female,2.2126603854660587,2.2073391776368254,0.005321207829233288,-0.14719230442674483,0.03658625281959764
1,0.5,3,2,4.8,2.8,0,10,12.2,Product,Male,1.9110228900548727,1.9674756877764419,-0.05645279772156919,0.10709053190539986,-0.03233459214730215
1,0.1667,1,3,1.9,3.3,0,14,8.6,Customer Support,Female,1.7227665977411035,1.7417639072613589,-0.018997309520255357,-0.15156353463790714,-0.004139081676063646
6,0.2,3,3,5.0,3.7,0,8,13.7,Finance,Female,3.912023005428146,3.8615049720117116,0.05051803341643435,-0.09653500505017877,0.011817497219197217
3,0.2727,1,3,4.4,3.5,1,11,28.2,Sales,Male,2.761906873892921,2.8920227847968825,-0.13011591090396157,0.10691231631845952,0.0015621316530147812
2,0.4,2,2,3.7,4.1,0,15,18.9,Product,Male,2.4849066497880004,2.4242216613577705,0.06068498843022985,0.10062277719311295,0.03339615293910681
5,0.3125,1,3,4.3,3.5,1,1,12.0,Finance,Male,3.4058531931983493,3.518778415068307,-0.11292522186995768,0.09694114065564799,0.0005499059238122748
3,0.5,3,3,3.6,3.5,1,26,20.3,Marketing,Male,2.485739636091892,2.4030633615871353,0.0826762745047569,0.10712645892914274,0.006661756695636211
6,0.24,2,2,4.6,3.5,0,68,7.4,HR,Male,3.912023005428146,3.8652814458529385,0.046741559575207425,0.08020691137224718,0.002701790767925752
1,1.0,2,2,4.0,3.3,0,10,9.8,Operations,Female,1.6505798557652755,1.6478952556186353,0.0026846001466402925,-0.14198016570447572,-0.005480529191536812
